supplier_key,amount,currency,days_apart,decision,evidence,supplier_a,public_body_a,award_date_a,contract_no_a,description_a,term_a,source_file_a,source_url_a,page_a,row_a,award_on_page_a,supplier_b,public_body_b,award_date_b,contract_no_b,description_b,term_b,source_file_b,source_url_b,page_b,row_b,award_on_page_b
10162 newfoundland,12943.0,CAD,0,keep both,Different full contract/PO numbers; equal amounts and nearby dates do not establish a repeat.,10162 NFLD Limited o/a Marsh Motorsports,"Fisheries, Forestry and Agriculture",2025-01-22,224025710,Snowmobile- 2024 Ski Doo Expedition Sport 600 ACE,N/A,ppa/Contract-Award-Report-2025-01-16-To-2025-01-31-KD-Edits.pdf,https://www.gov.nl.ca/ppa/files/Contract-Award-Report-2025-01-16-To-2025-01-31-KD-Edits.pdf,1,t1r17,13,10162 NFLD Limited o/a Marsh Motorsports,"Fisheries, Forestry and Agriculture",2025-01-22,224025744,Snowmobile- 2024 Ski Doo Expedition Sport 600 ACE,N/A,ppa/Contract-Award-Report-2025-01-16-To-2025-01-31-KD-Edits.pdf,https://www.gov.nl.ca/ppa/files/Contract-Award-Report-2025-01-16-To-2025-01-31-KD-Edits.pdf,1,t1r18,14
acrow,28481.0,CAD,1,count once,"The full identifier 221018927 matches with a PO label added; both describe the same 10-foot bridge expansion. PPA reports the departmental purchase again, with a one-day date difference.",Acrow,Department of Fisheries Forestry and Agriculture,2021-11-02,221018927,Supply and deliver 10 foot expansion section with end posts to existing bridge,N/A,ppa/Contract-and-Exception-Awards-November-1st-15th-2021-1.pdf,https://www.gov.nl.ca/ppa/files/Contract-and-Exception-Awards-November-1st-15th-2021-1.pdf,4,t1r6,3,Acrow Limited,Public Procurement Agency,2021-11-03,PO221018927,Supply and Deliver (10 foot expansion section with end posts assemblies),N/A,ppa/December-1st-15th-2021-Contract-Awards-and-Exceptions.pdf,https://www.gov.nl.ca/ppa/files/December-1st-15th-2021-Contract-Awards-and-Exceptions.pdf,1,t1r4,1
ancora technologies,23000.0,CAD,0,count once,Matching full identifiers and award details; both source printings remain on the counted record.,ANCORA TECHNOLOGIES INC,Justice and Public Safety,2024-12-18,224023495,Photo-Video Equipment,NA,ppa/Contract-Award-Report-2024-12-16-To-2024-12-31-KD-Edits.pdf,https://www.gov.nl.ca/ppa/files/Contract-Award-Report-2024-12-16-To-2024-12-31-KD-Edits.pdf,1,t1r19,15,ANCORA TECHNOLOGIES INC,Justice and Public Safety,2024-12-18,224023495,Photo-Video Equipment,N/A,ppa/Contract-Award-Report-2025-01-16-To-2025-01-31-KD-Edits.pdf,https://www.gov.nl.ca/ppa/files/Contract-Award-Report-2025-01-16-To-2025-01-31-KD-Edits.pdf,1,t1r13,9
aquastore canada east,38374.0,CAD,0,count once,Matching full identifiers and award details; both source printings remain on the counted record.,Aquastore Canada East,City of St. John's,2026-03-03,PUR00178988,Reservoir panels for Galway Water Tank,N/A,ppa/2026-Mar-16-31-Contract-Awards-Report.pdf,https://www.gov.nl.ca/ppa/files/2026-Mar-16-31-Contract-Awards-Report.pdf,2,t1r23,19,Aquastore Canada East,City of St. John's,2026-03-03,PUR00178988,Reservoir Panels for Galway Water Tank,N/A,ppa/2026-Apr-1-15-Contract-Awards-Report.pdf,https://www.gov.nl.ca/ppa/files/2026-Apr-1-15-Contract-Awards-Report.pdf,1,t1r21,17
arctic west,28000.0,CAD,12,keep both,Different full contract/PO numbers; equal amounts and nearby dates do not establish a repeat.,ARCTIC WEST LIMITED,"Department of Fisheries, Forestry and Agriculture",2025-03-14,224030102,ATV,N/A,ppa/Contract-Award-Report-2025-03-01-To-2025-03-15.pdf,https://www.gov.nl.ca/ppa/files/Contract-Award-Report-2025-03-01-To-2025-03-15.pdf,2,t1r20,16,ARCTIC WEST LIMITED,"Department of Fisheries, Forestry and Agriculture",2025-03-26,224030858,ATV,N/A,ppa/Contract-Award-Report-2025-03-16-To-2025-03-31.pdf,https://www.gov.nl.ca/ppa/files/Contract-Award-Report-2025-03-16-To-2025-03-31.pdf,2,t1r18,14
arctic west,28698.0,CAD,10,keep both,Different full contract/PO numbers; equal amounts and nearby dates do not establish a repeat.,Arctic West Limited,"Department of Forestry, Agriculture and Lands",2026-03-20,225029995,2026 700 Grizzly EPS ATV,N/A,ppa/2026-Mar-16-31-Contract-Awards-Report.pdf,https://www.gov.nl.ca/ppa/files/2026-Mar-16-31-Contract-Awards-Report.pdf,1,t1r9,5,Arctic West Limited,"Department of Forestry, Agriculture and Lands",2026-03-10,225029057,2026 700 Grizzly EPS ATV,N/A,ppa/2026-Mar-16-31-Contract-Awards-Report.pdf,https://www.gov.nl.ca/ppa/files/2026-Mar-16-31-Contract-Awards-Report.pdf,1,t1r12,8
arxium,139351.24,CAD,0,count once,Matching full identifiers and award details; both source printings remain on the counted record.,Arxium,Central Regional Health Authority,2021-03-15,2021-1497,Automatic Dispensing Units,One Time Purchase,ppa/March-16th-31st-2021-Exceptions-.pdf,https://www.gov.nl.ca/ppa/files/March-16th-31st-2021-Exceptions-.pdf,1,t1r6,3,Arxium,Central Regional Health Authority,2021-03-15,2021-1497,Automatic Dispensing Units,One Time Purchase,ppa/Exceptions-April-1st-15th-2021.pdf,https://www.gov.nl.ca/ppa/files/Exceptions-April-1st-15th-2021.pdf,1,t1r12,9
atlantic restaurant supplies,15998.9,CAD,0,count once,"The same full PO 1621991, buyer, date and price are reprinted with the same two description words in reverse order.",Atlantic Restaurant Supplies,NL Health Services,2025-06-17,PO 1621991,Conventional Oven,One-Time,ppa/Contract-Award-Report-2025-07-16-To-2025-07-31.pdf,https://www.gov.nl.ca/ppa/files/Contract-Award-Report-2025-07-16-To-2025-07-31.pdf,2,t1r11,7,Atlantic Restaurant Supplies,NL Health Services,2025-06-17,PO 1621991,Oven Conventional,N/A,ppa/Contract-Award-Report-2025-09-16-To-2025-09-30.pdf,https://www.gov.nl.ca/ppa/files/Contract-Award-Report-2025-09-16-To-2025-09-30.pdf,3,t1r18,14
audmet canada,115849.0,CAD,0,count once,The same numbered microphone purchase appears in the award and exception reports; Education is the end buyer and PPA the purchasing agency. The exception description adds the charger.,Audmet Canada Ltd. o/a Frontrow,Public Procurement Agency,2021-02-09,220027008,FRJN-BT-PKG with Bluetooth Audio Receiver Handheld Microphone.,N/A,ppa/February-1st-15th-2021-Contract-Awards.pdf,https://www.gov.nl.ca/ppa/files/February-1st-15th-2021-Contract-Awards.pdf,1,t1r7,4,AUDMET CANADA LTD o/a Frontrow,Department of Education,2021-02-09,220027008,"FRJN-BT-PKG with Bluetooth Audio Receiver handheld microphone, Universal Drop-in Microphone Charger Lit (MC-01)",N/A,ppa/Execptions-February-1st-15th-2021.pdf,https://www.gov.nl.ca/ppa/files/Execptions-February-1st-15th-2021.pdf,1,t1r13,10
babb lock and safe,16245.0,CAD,7,keep both,Different full contract/PO numbers; equal amounts and nearby dates do not establish a repeat.,Babb Lock & Safe Company,Justice & Public Safety,2023-01-27,222026044,Millennium Ultra Software,N/A,ppa/Contract-and-Exception-Awards-January-16th-January-31st-2023.pdf,https://www.gov.nl.ca/ppa/files/Contract-and-Exception-Awards-January-16th-January-31st-2023.pdf,3,t1r23,19,Babb Lock & Safe Company Limited,Justice & Public Safety,2023-02-03,222026532,Millennium Ultra Software,N/A,ppa/Contract-and-Exception-Awards-February-1st-15th-2023.pdf,https://www.gov.nl.ca/ppa/files/Contract-and-Exception-Awards-February-1st-15th-2023.pdf,1,t1r16,12
bell canada,97020.0,CAD,0,keep both,Different full contract/PO numbers; equal amounts and nearby dates do not establish a repeat.,Bell Canada,Office of the Chief Information Officer,2025-04-01,225000373,"IT Services engaged through Managed Service Provider (Flextrack), RQ00080 (Programmer/Analyst (IT/GIS) - Level 2 )",6 Months,ppa/Contract-Award-Report-2025-05-16-To-2025-05-31.pdf,https://www.gov.nl.ca/ppa/files/Contract-Award-Report-2025-05-16-To-2025-05-31.pdf,1,t1r9,5,Bell Canada,Office of the Chief Information Officer,2025-04-01,225000493,"IT Services engaged through Managed Service Provider (Flextrack), RQ00078 (Business Analyst Level 2 )",6 Months,ppa/Contract-Award-Report-2025-05-16-To-2025-05-31.pdf,https://www.gov.nl.ca/ppa/files/Contract-Award-Report-2025-05-16-To-2025-05-31.pdf,1,t1r11,7
breakwater books,47741.2,CAD,0,count once,"The same textbook contract, date and description are printed under Education and Education & Early Childhood Development.",Breakwater Books,Department of Education,2021-03-23,220029565,Sole Source Resources/Textbooks,N/A,ppa/March-16th-31st-2021-Exceptions-.pdf,https://www.gov.nl.ca/ppa/files/March-16th-31st-2021-Exceptions-.pdf,2,t1r4,1,Breakwater Books,Education & Early Childhood Development,2021-03-23,220029565,Sole Source Resources/Textbooks,N/A,ppa/Exceptions-April-1st-15th-2021.pdf,https://www.gov.nl.ca/ppa/files/Exceptions-April-1st-15th-2021.pdf,1,t1r18,15
brenntag canada,19728.0,CAD,0,keep both,"The same report prints Chlorine Tonners and Soda Ash as two adjacent lines, with different terms. A shared number and price do not establish a repeated purchase.",Brenntag Canada Inc.,Town of Gander,2023-05-18,PO2023-0423,Chlorine Tonners,"June 30th, 2023",ppa/Contract-and-Exception-Awards-May-16-31-2023.pdf,https://www.gov.nl.ca/ppa/files/Contract-and-Exception-Awards-May-16-31-2023.pdf,2,t1r21,17,Brenntag Canada Inc.,Town of Gander,2023-05-18,PO2023-0423,Soda Ash,N/A,ppa/Contract-and-Exception-Awards-May-16-31-2023.pdf,https://www.gov.nl.ca/ppa/files/Contract-and-Exception-Awards-May-16-31-2023.pdf,2,t1r22,18
brenntag canada,19728.0,CAD,1,keep both,Different full contract/PO numbers; equal amounts and nearby dates do not establish a repeat.,Brenntag Canada Inc.,Town of Gander,2024-05-07,PO 2024-0453,Soda Ash,"Pricing until June 30, 2024",ppa/Contract-Award-Report-2024-05-01-To-2024-05-15-KD-Edits.pdf,https://www.gov.nl.ca/ppa/files/Contract-Award-Report-2024-05-01-To-2024-05-15-KD-Edits.pdf,3,t1r10,6,Brenntag Canada Inc.,Town of Gander,2024-05-08,PO 2024-0458,Soda Ash,"Pricing until June 30, 2024",ppa/Contract-Award-Report-2024-05-01-To-2024-05-15-KD-Edits.pdf,https://www.gov.nl.ca/ppa/files/Contract-Award-Report-2024-05-01-To-2024-05-15-KD-Edits.pdf,3,t1r14,10
camp connect services,33300.0,CAD,31,keep both,Different full contract/PO numbers; equal amounts and nearby dates do not establish a repeat.,CAMP CONNECT SERVICES LTD,"Department of Fisheries, Forestry and Agriculture",2025-05-16,225006362,300 gallon skid unit / pump + custom cabinets,N/A,ppa/Contract-Award-Report-2025-05-16-To-2025-05-31.pdf,https://www.gov.nl.ca/ppa/files/Contract-Award-Report-2025-05-16-To-2025-05-31.pdf,1,t1r5,1,Camp Connect Services Ltd o/a Flash Wildlife Services,"Department of Fisheries, Forestry and Agriculture",2025-06-16,225009398,Flat Deck Fire Truck Outfit/Skid Unit/Cabinet,N/A,ppa/Contract-Award-Report-2025-06-16-To-2025-06-30.pdf,https://www.gov.nl.ca/ppa/files/Contract-Award-Report-2025-06-16-To-2025-06-30.pdf,1,t1r15,11
capital economics n a,64252.0,CAD,0,keep both,Different full contract/PO numbers; equal amounts and nearby dates do not establish a repeat.,CAPITAL ECONOMICS (NA) LTD,Department of Finance,2025-05-05,225004285,CE Essential Subscription (contract PO),1 Year,ppa/Contract-Award-Report-2025-05-01-To-2025-05-15-REVISED.pdf,https://www.gov.nl.ca/ppa/files/Contract-Award-Report-2025-05-01-To-2025-05-15-REVISED.pdf,1,t1r8,4,CAPITAL ECONOMICS (NA) LTD,Department of Finance,2025-05-05,225004286,CE Essential Subscriptions (PO),1 Year,ppa/Contract-Award-Report-2025-05-01-To-2025-05-15-REVISED.pdf,https://www.gov.nl.ca/ppa/files/Contract-Award-Report-2025-05-01-To-2025-05-15-REVISED.pdf,1,t1r9,5
centrilogic 2011,432730.0,CAD,0,keep both,Different full contract/PO numbers; equal amounts and nearby dates do not establish a repeat.,Centrilogic (2011) Inc DBA ObjectSharp Corporation,Office of the Chief Information Officer,2026-04-01,226000228,"IT Services Engaged Through Managed Service Provider (Flextrack), RQ00112 (Fixed Price)",3 Months,ppa/2026-May-1-15-Contract-Awards-Report.pdf,https://www.gov.nl.ca/ppa/files/2026-May-1-15-Contract-Awards-Report.pdf,3,t1r8,4,Centrilogic (2011) Inc DBA ObjectSharp Corporation,Office of the Chief Information Officer,2026-04-01,226001338,"IT Services Engaged Through Managed Service Provider (Flextrack), RQ00117 (Fixed Price)",6 Months,ppa/2026-May-1-15-Contract-Awards-Report.pdf,https://www.gov.nl.ca/ppa/files/2026-May-1-15-Contract-Awards-Report.pdf,3,t1r10,6
clarion medical technologies,440000.0,CAD,0,keep both,"Two adjacent lines explicitly specify Western Zone and Central Zone. Both purchases remain despite the shared contract number, date and price.",Clarion Medical Technologies,NL Health Services,2026-06-19,2026-1170,Clarion Magneto Laser - Western Zone,5 Years,ppa/2026-June-16-30-Contract-Awards-Report.REVISED.pdf,https://www.gov.nl.ca/ppa/files/2026-June-16-30-Contract-Awards-Report.REVISED.pdf,3,t1r16,10,Clarion Medical Technologies,NL Health Services,2026-06-19,2026-1170,Clarion Magneto Laser - Central Zone,5 Years,ppa/2026-June-16-30-Contract-Awards-Report.REVISED.pdf,https://www.gov.nl.ca/ppa/files/2026-June-16-30-Contract-Awards-Report.REVISED.pdf,3,t1r17,11
coishs trucking and excavating,75000.0,CAD,0,keep both,Different full contract/PO numbers; equal amounts and nearby dates do not establish a repeat.,Coish's Trucking & Excavating,Newfoundland and Labrador English School District,2020-09-01,COV-807,Student Transportation - School Bus Services,1 Year,ppa/Execptions-January-1st-15th-2021.pdf,https://www.gov.nl.ca/ppa/files/Execptions-January-1st-15th-2021.pdf,2,t1r5,2,Coish's Trucking & Excavating,Newfoundland and Labrador English School District,2020-09-01,COV-20-808,Student Transportation - School Bus Services,1 Year,ppa/Execptions-January-1st-15th-2021.pdf,https://www.gov.nl.ca/ppa/files/Execptions-January-1st-15th-2021.pdf,2,t1r6,3
concord paving,13000.0,CAD,0,keep both,Different full contract/PO numbers; equal amounts and nearby dates do not establish a repeat.,Concord Paving Limited,Transportation & Infrastructure,2023-05-09,223005619,500 Tonne of Class B Delivered and Stockpiled to Lower Island Cove Depot,N/A,ppa/Contract-and-Exception-Awards-May-1-15-2023.pdf,https://www.gov.nl.ca/ppa/files/Contract-and-Exception-Awards-May-1-15-2023.pdf,2,t1r11,7,Concord Paving Limited,Transportation & Infrastructure,2023-05-09,223005709,500 Tonne of Class B Delivered and Stockpiled to Hearts Content Depot,N/A,ppa/Contract-and-Exception-Awards-May-1-15-2023.pdf,https://www.gov.nl.ca/ppa/files/Contract-and-Exception-Awards-May-1-15-2023.pdf,2,t1r13,9
consolidated continental,28558.38,CAD,20,keep both,Different full contract/PO numbers; equal amounts and nearby dates do not establish a repeat.,Consolidated Continental Co Ltd.,NL Hydro,2026-01-13,201899,Water Treatment Chemicals - Holyrood,N/A,ppa/2026-Feb-01-15-Contract-Awards-Report.pdf,https://www.gov.nl.ca/ppa/files/2026-Feb-01-15-Contract-Awards-Report.pdf,5,t1r11,7,Consolidated Continental Co Ltd.,NL Hydro,2026-02-02,202210,"Supply of KLAR-AID,1C 1179",N/A,ppa/2026-June-16-30-Contract-Awards-Report.REVISED.pdf,https://www.gov.nl.ca/ppa/files/2026-June-16-30-Contract-Awards-Report.REVISED.pdf,3,t1r22,16
cooper industries electrical,16512.54,CAD,18,keep both,Different full contract/PO numbers; equal amounts and nearby dates do not establish a repeat.,Cooper Industries (Electrical) Inc,Newfoundland & Labrador Hydro,2024-09-20,194586,Recloser for Happy Valley Inventory.,Commodity,ppa/Contract-Award-Report-2024-10-16-To-2024-10-31-KD-Edits.pdf,https://www.gov.nl.ca/ppa/files/Contract-Award-Report-2024-10-16-To-2024-10-31-KD-Edits.pdf,4,t1r15,11,Cooper Industries (Electrical) Inc,Newfoundland & Labrador Hydro,2024-10-08,194802,Recloser for Bishop’s Falls Inventory,Commodity,ppa/Contract-Award-Report-2024-11-16-To-2024-11-30-KD-Edits.pdf,https://www.gov.nl.ca/ppa/files/Contract-Award-Report-2024-11-16-To-2024-11-30-KD-Edits.pdf,2,t1r19,15
cooper industries electrical,17223.19,CAD,0,keep both,Different full contract/PO numbers; equal amounts and nearby dates do not establish a repeat.,Cooper Industries (Electrical) Inc,NL Hydro,2026-04-17,203388,"Recloser, Single Phase Electron (Cooper Spear, 27KV)",N/A,ppa/2026-May-1-15-Contract-Awards-Report.pdf,https://www.gov.nl.ca/ppa/files/2026-May-1-15-Contract-Awards-Report.pdf,4,t1r20,16,Cooper Industries (Electrical) Inc,NL Hydro,2026-04-17,203387,"Recloser, Single Phase Electron (Cooper Spear, 27KV)",N/A,ppa/2026-May-1-15-Contract-Awards-Report.pdf,https://www.gov.nl.ca/ppa/files/2026-May-1-15-Contract-Awards-Report.pdf,4,t1r22,18
cooper power systems,16886.0,CAD,0,keep both,Different full contract/PO numbers; equal amounts and nearby dates do not establish a repeat.,Cooper Power Systems,Newfoundland & Labrador Hydro,2024-06-12,193215,Recloser for Bishop’s Falls Inventory.,Commodity,ppa/Contract-Award-Report-2024-07-16-To-2024-07-31-KD-Edits.pdf,https://www.gov.nl.ca/ppa/files/Contract-Award-Report-2024-07-16-To-2024-07-31-KD-Edits.pdf,3,t1r17,13,Cooper Power Systems,Newfoundland & Labrador Hydro,2024-06-12,193216,Recloser for Bishop’s Falls Inventory.,Commodity,ppa/Contract-Award-Report-2024-07-16-To-2024-07-31-KD-Edits.pdf,https://www.gov.nl.ca/ppa/files/Contract-Award-Report-2024-07-16-To-2024-07-31-KD-Edits.pdf,3,t1r18,14
cyclomedica canada,37245.0,CAD,1,keep both,Different full contract/PO numbers; equal amounts and nearby dates do not establish a repeat.,Cyclomedica Canada,Central Regional Health Authority,2020-11-10,2020-1038/ PO 393825,Technegas generator.,N/A,ppa/January-16th-31st-2021-Contract-Awards-for-posting.pdf,https://www.gov.nl.ca/ppa/files/January-16th-31st-2021-Contract-Awards-for-posting.pdf,1,t1r10,7,Cyclomedica Canada,Western Regional Health Authority,2020-11-11,2020-1038/PO 0450943,Technegas generator.,N/A,ppa/January-16th-31st-2021-Contract-Awards-for-posting.pdf,https://www.gov.nl.ca/ppa/files/January-16th-31st-2021-Contract-Awards-for-posting.pdf,1,t1r11,8
dave gulliver cabs,100000.0,CAD,0,keep both,Different full contract/PO numbers; equal amounts and nearby dates do not establish a repeat.,Dave Gulliver Cabs LTD,Newfoundland and Labrador English School District,2020-09-01,COV-20-818,Student Transportation - School Bus Services,1 Year,ppa/Execptions-January-1st-15th-2021.pdf,https://www.gov.nl.ca/ppa/files/Execptions-January-1st-15th-2021.pdf,3,t1r6,3,Dave Gulliver Cabs LTD,Newfoundland and Labrador English School District,2020-09-01,COV-20-819,Student Transportation - School Bus Services,1 Year,ppa/Execptions-January-1st-15th-2021.pdf,https://www.gov.nl.ca/ppa/files/Execptions-January-1st-15th-2021.pdf,3,t1r7,4
dave gulliver cabs,100000.0,CAD,0,keep both,Different full contract/PO numbers; equal amounts and nearby dates do not establish a repeat.,Dave Gulliver Cabs LTD,Newfoundland and Labrador English School District,2020-09-01,COV-20-818,Student Transportation - School Bus Services,1 Year,ppa/Execptions-January-1st-15th-2021.pdf,https://www.gov.nl.ca/ppa/files/Execptions-January-1st-15th-2021.pdf,3,t1r6,3,Dave Gulliver Cabs LTD,Newfoundland and Labrador English School District,2020-09-01,COV-20-820,Student Transportation - School Bus Services,1 Year,ppa/Execptions-January-1st-15th-2021.pdf,https://www.gov.nl.ca/ppa/files/Execptions-January-1st-15th-2021.pdf,3,t1r8,5
dave gulliver cabs,100000.0,CAD,0,keep both,Different full contract/PO numbers; equal amounts and nearby dates do not establish a repeat.,Dave Gulliver Cabs LTD,Newfoundland and Labrador English School District,2020-09-01,COV-20-818,Student Transportation - School Bus Services,1 Year,ppa/Execptions-January-1st-15th-2021.pdf,https://www.gov.nl.ca/ppa/files/Execptions-January-1st-15th-2021.pdf,3,t1r6,3,Dave Gulliver Cabs LTD,Newfoundland and Labrador English School District,2020-09-01,COV-20-823,Student Transportation - School Bus Services,1 Year,ppa/Execptions-January-1st-15th-2021.pdf,https://www.gov.nl.ca/ppa/files/Execptions-January-1st-15th-2021.pdf,4,t1r11,8
dave gulliver cabs,100000.0,CAD,0,keep both,Different full contract/PO numbers; equal amounts and nearby dates do not establish a repeat.,Dave Gulliver Cabs LTD,Newfoundland and Labrador English School District,2020-09-01,COV-20-818,Student Transportation - School Bus Services,1 Year,ppa/Execptions-January-1st-15th-2021.pdf,https://www.gov.nl.ca/ppa/files/Execptions-January-1st-15th-2021.pdf,3,t1r6,3,Dave Gulliver Cabs LTD,Newfoundland and Labrador English School District,2020-09-01,COV-20-856,Student Transportation - School Bus Services,1 Year,ppa/Execptions-January-1st-15th-2021.pdf,https://www.gov.nl.ca/ppa/files/Execptions-January-1st-15th-2021.pdf,6,t1r12,9
dave gulliver cabs,100000.0,CAD,0,keep both,Different full contract/PO numbers; equal amounts and nearby dates do not establish a repeat.,Dave Gulliver Cabs LTD,Newfoundland and Labrador English School District,2020-09-01,COV-20-818,Student Transportation - School Bus Services,1 Year,ppa/Execptions-January-1st-15th-2021.pdf,https://www.gov.nl.ca/ppa/files/Execptions-January-1st-15th-2021.pdf,3,t1r6,3,Dave Gulliver Cabs LTD,Newfoundland and Labrador English School District,2020-09-01,COV-20-857,Student Transportation - School Bus Services,1 Year,ppa/Execptions-January-1st-15th-2021.pdf,https://www.gov.nl.ca/ppa/files/Execptions-January-1st-15th-2021.pdf,6,t1r13,10
dave gulliver cabs,100000.0,CAD,0,keep both,Different full contract/PO numbers; equal amounts and nearby dates do not establish a repeat.,Dave Gulliver Cabs LTD,Newfoundland and Labrador English School District,2020-09-01,COV-20-818,Student Transportation - School Bus Services,1 Year,ppa/Execptions-January-1st-15th-2021.pdf,https://www.gov.nl.ca/ppa/files/Execptions-January-1st-15th-2021.pdf,3,t1r6,3,Dave Gulliver Cabs LTD,Newfoundland and Labrador English School District,2020-09-01,COV-20-858,Student Transportation - School Bus Services,1 Year,ppa/Execptions-January-1st-15th-2021.pdf,https://www.gov.nl.ca/ppa/files/Execptions-January-1st-15th-2021.pdf,7,t1r4,1
dave gulliver cabs,100000.0,CAD,0,keep both,Different full contract/PO numbers; equal amounts and nearby dates do not establish a repeat.,Dave Gulliver Cabs LTD,Newfoundland and Labrador English School District,2020-09-01,COV-20-818,Student Transportation - School Bus Services,1 Year,ppa/Execptions-January-1st-15th-2021.pdf,https://www.gov.nl.ca/ppa/files/Execptions-January-1st-15th-2021.pdf,3,t1r6,3,Dave Gulliver Cabs LTD,Newfoundland and Labrador English School District,2020-09-01,COV-20-862,Student Transportation - School Bus Services,1 Year,ppa/Execptions-January-1st-15th-2021.pdf,https://www.gov.nl.ca/ppa/files/Execptions-January-1st-15th-2021.pdf,7,t1r8,5
dave gulliver cabs,100000.0,CAD,0,keep both,Different full contract/PO numbers; equal amounts and nearby dates do not establish a repeat.,Dave Gulliver Cabs LTD,Newfoundland and Labrador English School District,2020-09-01,COV-20-818,Student Transportation - School Bus Services,1 Year,ppa/Execptions-January-1st-15th-2021.pdf,https://www.gov.nl.ca/ppa/files/Execptions-January-1st-15th-2021.pdf,3,t1r6,3,Dave Gulliver Cabs LTD,Newfoundland and Labrador English School District,2020-09-01,COV-20-870,Student Transportation - School Bus Services,1 Year,ppa/Execptions-January-1st-15th-2021.pdf,https://www.gov.nl.ca/ppa/files/Execptions-January-1st-15th-2021.pdf,7,t1r9,6
dave gulliver cabs,100000.0,CAD,0,keep both,Different full contract/PO numbers; equal amounts and nearby dates do not establish a repeat.,Dave Gulliver Cabs LTD,Newfoundland and Labrador English School District,2020-09-01,COV-20-818,Student Transportation - School Bus Services,1 Year,ppa/Execptions-January-1st-15th-2021.pdf,https://www.gov.nl.ca/ppa/files/Execptions-January-1st-15th-2021.pdf,3,t1r6,3,Dave Gulliver Cabs LTD,Newfoundland and Labrador English School District,2020-09-01,COV-20-871,Student Transportation - School Bus Services,1 Year,ppa/Execptions-January-1st-15th-2021.pdf,https://www.gov.nl.ca/ppa/files/Execptions-January-1st-15th-2021.pdf,7,t1r10,7
dave gulliver cabs,100000.0,CAD,0,keep both,Different full contract/PO numbers; equal amounts and nearby dates do not establish a repeat.,Dave Gulliver Cabs LTD,Newfoundland and Labrador English School District,2020-09-01,COV-20-818,Student Transportation - School Bus Services,1 Year,ppa/Execptions-January-1st-15th-2021.pdf,https://www.gov.nl.ca/ppa/files/Execptions-January-1st-15th-2021.pdf,3,t1r6,3,Dave Gulliver Cabs LTD,Newfoundland and Labrador English School District,2020-09-01,COV-20-872,Student Transportation - School Bus Services,1 Year,ppa/Execptions-January-1st-15th-2021.pdf,https://www.gov.nl.ca/ppa/files/Execptions-January-1st-15th-2021.pdf,7,t1r11,8
dave gulliver cabs,100000.0,CAD,0,keep both,Different full contract/PO numbers; equal amounts and nearby dates do not establish a repeat.,Dave Gulliver Cabs LTD,Newfoundland and Labrador English School District,2020-09-01,COV-20-818,Student Transportation - School Bus Services,1 Year,ppa/Execptions-January-1st-15th-2021.pdf,https://www.gov.nl.ca/ppa/files/Execptions-January-1st-15th-2021.pdf,3,t1r6,3,Dave Gulliver Cabs LTD,Newfoundland and Labrador English School District,2020-09-01,COV-20-873,Student Transportation - School Bus Services,1 Year,ppa/Execptions-January-1st-15th-2021.pdf,https://www.gov.nl.ca/ppa/files/Execptions-January-1st-15th-2021.pdf,7,t1r12,9
dave gulliver cabs,100000.0,CAD,0,keep both,Different full contract/PO numbers; equal amounts and nearby dates do not establish a repeat.,Dave Gulliver Cabs LTD,Newfoundland and Labrador English School District,2020-09-01,COV-20-818,Student Transportation - School Bus Services,1 Year,ppa/Execptions-January-1st-15th-2021.pdf,https://www.gov.nl.ca/ppa/files/Execptions-January-1st-15th-2021.pdf,3,t1r6,3,Dave Gulliver Cabs LTD,Newfoundland and Labrador English School District,2020-09-01,COV-20-874,Student Transportation - School Bus Services,1 Year,ppa/Execptions-January-1st-15th-2021.pdf,https://www.gov.nl.ca/ppa/files/Execptions-January-1st-15th-2021.pdf,7,t1r13,10
dave gulliver cabs,100000.0,CAD,0,keep both,Different full contract/PO numbers; equal amounts and nearby dates do not establish a repeat.,Dave Gulliver Cabs LTD,Newfoundland and Labrador English School District,2020-09-01,COV-20-818,Student Transportation - School Bus Services,1 Year,ppa/Execptions-January-1st-15th-2021.pdf,https://www.gov.nl.ca/ppa/files/Execptions-January-1st-15th-2021.pdf,3,t1r6,3,Dave Gulliver Cabs LTD,Newfoundland and Labrador English School District,2020-09-01,COV-20-875,Student Transportation - School Bus Services,1 Year,ppa/Execptions-January-1st-15th-2021.pdf,https://www.gov.nl.ca/ppa/files/Execptions-January-1st-15th-2021.pdf,8,t1r4,1
dave gulliver cabs,100000.0,CAD,0,keep both,Different full contract/PO numbers; equal amounts and nearby dates do not establish a repeat.,Dave Gulliver Cabs LTD,Newfoundland and Labrador English School District,2020-09-01,COV-20-818,Student Transportation - School Bus Services,1 Year,ppa/Execptions-January-1st-15th-2021.pdf,https://www.gov.nl.ca/ppa/files/Execptions-January-1st-15th-2021.pdf,3,t1r6,3,Dave Gulliver Cabs LTD,Newfoundland and Labrador English School District,2020-09-01,COV-20-876,Student Transportation - School Bus Services,1 Year,ppa/Execptions-January-1st-15th-2021.pdf,https://www.gov.nl.ca/ppa/files/Execptions-January-1st-15th-2021.pdf,8,t1r5,2
dave gulliver cabs,100000.0,CAD,0,keep both,Different full contract/PO numbers; equal amounts and nearby dates do not establish a repeat.,Dave Gulliver Cabs LTD,Newfoundland and Labrador English School District,2020-09-01,COV-20-818,Student Transportation - School Bus Services,1 Year,ppa/Execptions-January-1st-15th-2021.pdf,https://www.gov.nl.ca/ppa/files/Execptions-January-1st-15th-2021.pdf,3,t1r6,3,Dave Gulliver Cabs LTD,Newfoundland and Labrador English School District,2020-09-01,COV-20-877,Student Transportation - School Bus Services,1 Year,ppa/Execptions-January-1st-15th-2021.pdf,https://www.gov.nl.ca/ppa/files/Execptions-January-1st-15th-2021.pdf,8,t1r6,3
dave gulliver cabs,100000.0,CAD,0,keep both,Different full contract/PO numbers; equal amounts and nearby dates do not establish a repeat.,Dave Gulliver Cabs LTD,Newfoundland and Labrador English School District,2020-09-01,COV-20-818,Student Transportation - School Bus Services,1 Year,ppa/Execptions-January-1st-15th-2021.pdf,https://www.gov.nl.ca/ppa/files/Execptions-January-1st-15th-2021.pdf,3,t1r6,3,Dave Gulliver Cabs LTD,Newfoundland and Labrador English School District,2020-09-01,COV-20-878,Student Transportation - School Bus Services,1 Year,ppa/Execptions-January-1st-15th-2021.pdf,https://www.gov.nl.ca/ppa/files/Execptions-January-1st-15th-2021.pdf,8,t1r7,4
dave gulliver cabs,100000.0,CAD,0,keep both,Different full contract/PO numbers; equal amounts and nearby dates do not establish a repeat.,Dave Gulliver Cabs LTD,Newfoundland and Labrador English School District,2020-09-01,COV-20-818,Student Transportation - School Bus Services,1 Year,ppa/Execptions-January-1st-15th-2021.pdf,https://www.gov.nl.ca/ppa/files/Execptions-January-1st-15th-2021.pdf,3,t1r6,3,Dave Gulliver Cabs LTD,Newfoundland and Labrador English School District,2020-09-01,COV-20-880,Student Transportation - School Bus Services,1 Year,ppa/Execptions-January-1st-15th-2021.pdf,https://www.gov.nl.ca/ppa/files/Execptions-January-1st-15th-2021.pdf,8,t1r8,5
dave gulliver cabs,100000.0,CAD,0,keep both,Different full contract/PO numbers; equal amounts and nearby dates do not establish a repeat.,Dave Gulliver Cabs LTD,Newfoundland and Labrador English School District,2020-09-01,COV-20-818,Student Transportation - School Bus Services,1 Year,ppa/Execptions-January-1st-15th-2021.pdf,https://www.gov.nl.ca/ppa/files/Execptions-January-1st-15th-2021.pdf,3,t1r6,3,Dave Gulliver Cabs LTD,Newfoundland and Labrador English School District,2020-09-01,COV-20-881,Student Transportation - School Bus Services,1 Year,ppa/Execptions-January-1st-15th-2021.pdf,https://www.gov.nl.ca/ppa/files/Execptions-January-1st-15th-2021.pdf,8,t1r9,6
dave gulliver cabs,100000.0,CAD,0,keep both,Different full contract/PO numbers; equal amounts and nearby dates do not establish a repeat.,Dave Gulliver Cabs LTD,Newfoundland and Labrador English School District,2020-09-01,COV-20-818,Student Transportation - School Bus Services,1 Year,ppa/Execptions-January-1st-15th-2021.pdf,https://www.gov.nl.ca/ppa/files/Execptions-January-1st-15th-2021.pdf,3,t1r6,3,Dave Gulliver Cabs LTD,Newfoundland and Labrador English School District,2020-09-01,COV-20-882,Student Transportation - School Bus Services,1 Year,ppa/Execptions-January-1st-15th-2021.pdf,https://www.gov.nl.ca/ppa/files/Execptions-January-1st-15th-2021.pdf,8,t1r10,7
dave gulliver cabs,100000.0,CAD,0,keep both,Different full contract/PO numbers; equal amounts and nearby dates do not establish a repeat.,Dave Gulliver Cabs LTD,Newfoundland and Labrador English School District,2020-09-01,COV-20-819,Student Transportation - School Bus Services,1 Year,ppa/Execptions-January-1st-15th-2021.pdf,https://www.gov.nl.ca/ppa/files/Execptions-January-1st-15th-2021.pdf,3,t1r7,4,Dave Gulliver Cabs LTD,Newfoundland and Labrador English School District,2020-09-01,COV-20-820,Student Transportation - School Bus Services,1 Year,ppa/Execptions-January-1st-15th-2021.pdf,https://www.gov.nl.ca/ppa/files/Execptions-January-1st-15th-2021.pdf,3,t1r8,5
dave gulliver cabs,100000.0,CAD,0,keep both,Different full contract/PO numbers; equal amounts and nearby dates do not establish a repeat.,Dave Gulliver Cabs LTD,Newfoundland and Labrador English School District,2020-09-01,COV-20-819,Student Transportation - School Bus Services,1 Year,ppa/Execptions-January-1st-15th-2021.pdf,https://www.gov.nl.ca/ppa/files/Execptions-January-1st-15th-2021.pdf,3,t1r7,4,Dave Gulliver Cabs LTD,Newfoundland and Labrador English School District,2020-09-01,COV-20-823,Student Transportation - School Bus Services,1 Year,ppa/Execptions-January-1st-15th-2021.pdf,https://www.gov.nl.ca/ppa/files/Execptions-January-1st-15th-2021.pdf,4,t1r11,8
dave gulliver cabs,100000.0,CAD,0,keep both,Different full contract/PO numbers; equal amounts and nearby dates do not establish a repeat.,Dave Gulliver Cabs LTD,Newfoundland and Labrador English School District,2020-09-01,COV-20-819,Student Transportation - School Bus Services,1 Year,ppa/Execptions-January-1st-15th-2021.pdf,https://www.gov.nl.ca/ppa/files/Execptions-January-1st-15th-2021.pdf,3,t1r7,4,Dave Gulliver Cabs LTD,Newfoundland and Labrador English School District,2020-09-01,COV-20-856,Student Transportation - School Bus Services,1 Year,ppa/Execptions-January-1st-15th-2021.pdf,https://www.gov.nl.ca/ppa/files/Execptions-January-1st-15th-2021.pdf,6,t1r12,9
dave gulliver cabs,100000.0,CAD,0,keep both,Different full contract/PO numbers; equal amounts and nearby dates do not establish a repeat.,Dave Gulliver Cabs LTD,Newfoundland and Labrador English School District,2020-09-01,COV-20-819,Student Transportation - School Bus Services,1 Year,ppa/Execptions-January-1st-15th-2021.pdf,https://www.gov.nl.ca/ppa/files/Execptions-January-1st-15th-2021.pdf,3,t1r7,4,Dave Gulliver Cabs LTD,Newfoundland and Labrador English School District,2020-09-01,COV-20-857,Student Transportation - School Bus Services,1 Year,ppa/Execptions-January-1st-15th-2021.pdf,https://www.gov.nl.ca/ppa/files/Execptions-January-1st-15th-2021.pdf,6,t1r13,10
dave gulliver cabs,100000.0,CAD,0,keep both,Different full contract/PO numbers; equal amounts and nearby dates do not establish a repeat.,Dave Gulliver Cabs LTD,Newfoundland and Labrador English School District,2020-09-01,COV-20-819,Student Transportation - School Bus Services,1 Year,ppa/Execptions-January-1st-15th-2021.pdf,https://www.gov.nl.ca/ppa/files/Execptions-January-1st-15th-2021.pdf,3,t1r7,4,Dave Gulliver Cabs LTD,Newfoundland and Labrador English School District,2020-09-01,COV-20-858,Student Transportation - School Bus Services,1 Year,ppa/Execptions-January-1st-15th-2021.pdf,https://www.gov.nl.ca/ppa/files/Execptions-January-1st-15th-2021.pdf,7,t1r4,1
dave gulliver cabs,100000.0,CAD,0,keep both,Different full contract/PO numbers; equal amounts and nearby dates do not establish a repeat.,Dave Gulliver Cabs LTD,Newfoundland and Labrador English School District,2020-09-01,COV-20-819,Student Transportation - School Bus Services,1 Year,ppa/Execptions-January-1st-15th-2021.pdf,https://www.gov.nl.ca/ppa/files/Execptions-January-1st-15th-2021.pdf,3,t1r7,4,Dave Gulliver Cabs LTD,Newfoundland and Labrador English School District,2020-09-01,COV-20-862,Student Transportation - School Bus Services,1 Year,ppa/Execptions-January-1st-15th-2021.pdf,https://www.gov.nl.ca/ppa/files/Execptions-January-1st-15th-2021.pdf,7,t1r8,5
dave gulliver cabs,100000.0,CAD,0,keep both,Different full contract/PO numbers; equal amounts and nearby dates do not establish a repeat.,Dave Gulliver Cabs LTD,Newfoundland and Labrador English School District,2020-09-01,COV-20-819,Student Transportation - School Bus Services,1 Year,ppa/Execptions-January-1st-15th-2021.pdf,https://www.gov.nl.ca/ppa/files/Execptions-January-1st-15th-2021.pdf,3,t1r7,4,Dave Gulliver Cabs LTD,Newfoundland and Labrador English School District,2020-09-01,COV-20-870,Student Transportation - School Bus Services,1 Year,ppa/Execptions-January-1st-15th-2021.pdf,https://www.gov.nl.ca/ppa/files/Execptions-January-1st-15th-2021.pdf,7,t1r9,6
dave gulliver cabs,100000.0,CAD,0,keep both,Different full contract/PO numbers; equal amounts and nearby dates do not establish a repeat.,Dave Gulliver Cabs LTD,Newfoundland and Labrador English School District,2020-09-01,COV-20-819,Student Transportation - School Bus Services,1 Year,ppa/Execptions-January-1st-15th-2021.pdf,https://www.gov.nl.ca/ppa/files/Execptions-January-1st-15th-2021.pdf,3,t1r7,4,Dave Gulliver Cabs LTD,Newfoundland and Labrador English School District,2020-09-01,COV-20-871,Student Transportation - School Bus Services,1 Year,ppa/Execptions-January-1st-15th-2021.pdf,https://www.gov.nl.ca/ppa/files/Execptions-January-1st-15th-2021.pdf,7,t1r10,7
dave gulliver cabs,100000.0,CAD,0,keep both,Different full contract/PO numbers; equal amounts and nearby dates do not establish a repeat.,Dave Gulliver Cabs LTD,Newfoundland and Labrador English School District,2020-09-01,COV-20-819,Student Transportation - School Bus Services,1 Year,ppa/Execptions-January-1st-15th-2021.pdf,https://www.gov.nl.ca/ppa/files/Execptions-January-1st-15th-2021.pdf,3,t1r7,4,Dave Gulliver Cabs LTD,Newfoundland and Labrador English School District,2020-09-01,COV-20-872,Student Transportation - School Bus Services,1 Year,ppa/Execptions-January-1st-15th-2021.pdf,https://www.gov.nl.ca/ppa/files/Execptions-January-1st-15th-2021.pdf,7,t1r11,8
dave gulliver cabs,100000.0,CAD,0,keep both,Different full contract/PO numbers; equal amounts and nearby dates do not establish a repeat.,Dave Gulliver Cabs LTD,Newfoundland and Labrador English School District,2020-09-01,COV-20-819,Student Transportation - School Bus Services,1 Year,ppa/Execptions-January-1st-15th-2021.pdf,https://www.gov.nl.ca/ppa/files/Execptions-January-1st-15th-2021.pdf,3,t1r7,4,Dave Gulliver Cabs LTD,Newfoundland and Labrador English School District,2020-09-01,COV-20-873,Student Transportation - School Bus Services,1 Year,ppa/Execptions-January-1st-15th-2021.pdf,https://www.gov.nl.ca/ppa/files/Execptions-January-1st-15th-2021.pdf,7,t1r12,9
dave gulliver cabs,100000.0,CAD,0,keep both,Different full contract/PO numbers; equal amounts and nearby dates do not establish a repeat.,Dave Gulliver Cabs LTD,Newfoundland and Labrador English School District,2020-09-01,COV-20-819,Student Transportation - School Bus Services,1 Year,ppa/Execptions-January-1st-15th-2021.pdf,https://www.gov.nl.ca/ppa/files/Execptions-January-1st-15th-2021.pdf,3,t1r7,4,Dave Gulliver Cabs LTD,Newfoundland and Labrador English School District,2020-09-01,COV-20-874,Student Transportation - School Bus Services,1 Year,ppa/Execptions-January-1st-15th-2021.pdf,https://www.gov.nl.ca/ppa/files/Execptions-January-1st-15th-2021.pdf,7,t1r13,10
dave gulliver cabs,100000.0,CAD,0,keep both,Different full contract/PO numbers; equal amounts and nearby dates do not establish a repeat.,Dave Gulliver Cabs LTD,Newfoundland and Labrador English School District,2020-09-01,COV-20-819,Student Transportation - School Bus Services,1 Year,ppa/Execptions-January-1st-15th-2021.pdf,https://www.gov.nl.ca/ppa/files/Execptions-January-1st-15th-2021.pdf,3,t1r7,4,Dave Gulliver Cabs LTD,Newfoundland and Labrador English School District,2020-09-01,COV-20-875,Student Transportation - School Bus Services,1 Year,ppa/Execptions-January-1st-15th-2021.pdf,https://www.gov.nl.ca/ppa/files/Execptions-January-1st-15th-2021.pdf,8,t1r4,1
dave gulliver cabs,100000.0,CAD,0,keep both,Different full contract/PO numbers; equal amounts and nearby dates do not establish a repeat.,Dave Gulliver Cabs LTD,Newfoundland and Labrador English School District,2020-09-01,COV-20-819,Student Transportation - School Bus Services,1 Year,ppa/Execptions-January-1st-15th-2021.pdf,https://www.gov.nl.ca/ppa/files/Execptions-January-1st-15th-2021.pdf,3,t1r7,4,Dave Gulliver Cabs LTD,Newfoundland and Labrador English School District,2020-09-01,COV-20-876,Student Transportation - School Bus Services,1 Year,ppa/Execptions-January-1st-15th-2021.pdf,https://www.gov.nl.ca/ppa/files/Execptions-January-1st-15th-2021.pdf,8,t1r5,2
dave gulliver cabs,100000.0,CAD,0,keep both,Different full contract/PO numbers; equal amounts and nearby dates do not establish a repeat.,Dave Gulliver Cabs LTD,Newfoundland and Labrador English School District,2020-09-01,COV-20-819,Student Transportation - School Bus Services,1 Year,ppa/Execptions-January-1st-15th-2021.pdf,https://www.gov.nl.ca/ppa/files/Execptions-January-1st-15th-2021.pdf,3,t1r7,4,Dave Gulliver Cabs LTD,Newfoundland and Labrador English School District,2020-09-01,COV-20-877,Student Transportation - School Bus Services,1 Year,ppa/Execptions-January-1st-15th-2021.pdf,https://www.gov.nl.ca/ppa/files/Execptions-January-1st-15th-2021.pdf,8,t1r6,3
dave gulliver cabs,100000.0,CAD,0,keep both,Different full contract/PO numbers; equal amounts and nearby dates do not establish a repeat.,Dave Gulliver Cabs LTD,Newfoundland and Labrador English School District,2020-09-01,COV-20-819,Student Transportation - School Bus Services,1 Year,ppa/Execptions-January-1st-15th-2021.pdf,https://www.gov.nl.ca/ppa/files/Execptions-January-1st-15th-2021.pdf,3,t1r7,4,Dave Gulliver Cabs LTD,Newfoundland and Labrador English School District,2020-09-01,COV-20-878,Student Transportation - School Bus Services,1 Year,ppa/Execptions-January-1st-15th-2021.pdf,https://www.gov.nl.ca/ppa/files/Execptions-January-1st-15th-2021.pdf,8,t1r7,4
dave gulliver cabs,100000.0,CAD,0,keep both,Different full contract/PO numbers; equal amounts and nearby dates do not establish a repeat.,Dave Gulliver Cabs LTD,Newfoundland and Labrador English School District,2020-09-01,COV-20-819,Student Transportation - School Bus Services,1 Year,ppa/Execptions-January-1st-15th-2021.pdf,https://www.gov.nl.ca/ppa/files/Execptions-January-1st-15th-2021.pdf,3,t1r7,4,Dave Gulliver Cabs LTD,Newfoundland and Labrador English School District,2020-09-01,COV-20-880,Student Transportation - School Bus Services,1 Year,ppa/Execptions-January-1st-15th-2021.pdf,https://www.gov.nl.ca/ppa/files/Execptions-January-1st-15th-2021.pdf,8,t1r8,5
dave gulliver cabs,100000.0,CAD,0,keep both,Different full contract/PO numbers; equal amounts and nearby dates do not establish a repeat.,Dave Gulliver Cabs LTD,Newfoundland and Labrador English School District,2020-09-01,COV-20-819,Student Transportation - School Bus Services,1 Year,ppa/Execptions-January-1st-15th-2021.pdf,https://www.gov.nl.ca/ppa/files/Execptions-January-1st-15th-2021.pdf,3,t1r7,4,Dave Gulliver Cabs LTD,Newfoundland and Labrador English School District,2020-09-01,COV-20-881,Student Transportation - School Bus Services,1 Year,ppa/Execptions-January-1st-15th-2021.pdf,https://www.gov.nl.ca/ppa/files/Execptions-January-1st-15th-2021.pdf,8,t1r9,6
dave gulliver cabs,100000.0,CAD,0,keep both,Different full contract/PO numbers; equal amounts and nearby dates do not establish a repeat.,Dave Gulliver Cabs LTD,Newfoundland and Labrador English School District,2020-09-01,COV-20-819,Student Transportation - School Bus Services,1 Year,ppa/Execptions-January-1st-15th-2021.pdf,https://www.gov.nl.ca/ppa/files/Execptions-January-1st-15th-2021.pdf,3,t1r7,4,Dave Gulliver Cabs LTD,Newfoundland and Labrador English School District,2020-09-01,COV-20-882,Student Transportation - School Bus Services,1 Year,ppa/Execptions-January-1st-15th-2021.pdf,https://www.gov.nl.ca/ppa/files/Execptions-January-1st-15th-2021.pdf,8,t1r10,7
dave gulliver cabs,100000.0,CAD,0,keep both,Different full contract/PO numbers; equal amounts and nearby dates do not establish a repeat.,Dave Gulliver Cabs LTD,Newfoundland and Labrador English School District,2020-09-01,COV-20-820,Student Transportation - School Bus Services,1 Year,ppa/Execptions-January-1st-15th-2021.pdf,https://www.gov.nl.ca/ppa/files/Execptions-January-1st-15th-2021.pdf,3,t1r8,5,Dave Gulliver Cabs LTD,Newfoundland and Labrador English School District,2020-09-01,COV-20-823,Student Transportation - School Bus Services,1 Year,ppa/Execptions-January-1st-15th-2021.pdf,https://www.gov.nl.ca/ppa/files/Execptions-January-1st-15th-2021.pdf,4,t1r11,8
dave gulliver cabs,100000.0,CAD,0,keep both,Different full contract/PO numbers; equal amounts and nearby dates do not establish a repeat.,Dave Gulliver Cabs LTD,Newfoundland and Labrador English School District,2020-09-01,COV-20-820,Student Transportation - School Bus Services,1 Year,ppa/Execptions-January-1st-15th-2021.pdf,https://www.gov.nl.ca/ppa/files/Execptions-January-1st-15th-2021.pdf,3,t1r8,5,Dave Gulliver Cabs LTD,Newfoundland and Labrador English School District,2020-09-01,COV-20-856,Student Transportation - School Bus Services,1 Year,ppa/Execptions-January-1st-15th-2021.pdf,https://www.gov.nl.ca/ppa/files/Execptions-January-1st-15th-2021.pdf,6,t1r12,9
dave gulliver cabs,100000.0,CAD,0,keep both,Different full contract/PO numbers; equal amounts and nearby dates do not establish a repeat.,Dave Gulliver Cabs LTD,Newfoundland and Labrador English School District,2020-09-01,COV-20-820,Student Transportation - School Bus Services,1 Year,ppa/Execptions-January-1st-15th-2021.pdf,https://www.gov.nl.ca/ppa/files/Execptions-January-1st-15th-2021.pdf,3,t1r8,5,Dave Gulliver Cabs LTD,Newfoundland and Labrador English School District,2020-09-01,COV-20-857,Student Transportation - School Bus Services,1 Year,ppa/Execptions-January-1st-15th-2021.pdf,https://www.gov.nl.ca/ppa/files/Execptions-January-1st-15th-2021.pdf,6,t1r13,10
dave gulliver cabs,100000.0,CAD,0,keep both,Different full contract/PO numbers; equal amounts and nearby dates do not establish a repeat.,Dave Gulliver Cabs LTD,Newfoundland and Labrador English School District,2020-09-01,COV-20-820,Student Transportation - School Bus Services,1 Year,ppa/Execptions-January-1st-15th-2021.pdf,https://www.gov.nl.ca/ppa/files/Execptions-January-1st-15th-2021.pdf,3,t1r8,5,Dave Gulliver Cabs LTD,Newfoundland and Labrador English School District,2020-09-01,COV-20-858,Student Transportation - School Bus Services,1 Year,ppa/Execptions-January-1st-15th-2021.pdf,https://www.gov.nl.ca/ppa/files/Execptions-January-1st-15th-2021.pdf,7,t1r4,1
dave gulliver cabs,100000.0,CAD,0,keep both,Different full contract/PO numbers; equal amounts and nearby dates do not establish a repeat.,Dave Gulliver Cabs LTD,Newfoundland and Labrador English School District,2020-09-01,COV-20-820,Student Transportation - School Bus Services,1 Year,ppa/Execptions-January-1st-15th-2021.pdf,https://www.gov.nl.ca/ppa/files/Execptions-January-1st-15th-2021.pdf,3,t1r8,5,Dave Gulliver Cabs LTD,Newfoundland and Labrador English School District,2020-09-01,COV-20-862,Student Transportation - School Bus Services,1 Year,ppa/Execptions-January-1st-15th-2021.pdf,https://www.gov.nl.ca/ppa/files/Execptions-January-1st-15th-2021.pdf,7,t1r8,5
dave gulliver cabs,100000.0,CAD,0,keep both,Different full contract/PO numbers; equal amounts and nearby dates do not establish a repeat.,Dave Gulliver Cabs LTD,Newfoundland and Labrador English School District,2020-09-01,COV-20-820,Student Transportation - School Bus Services,1 Year,ppa/Execptions-January-1st-15th-2021.pdf,https://www.gov.nl.ca/ppa/files/Execptions-January-1st-15th-2021.pdf,3,t1r8,5,Dave Gulliver Cabs LTD,Newfoundland and Labrador English School District,2020-09-01,COV-20-870,Student Transportation - School Bus Services,1 Year,ppa/Execptions-January-1st-15th-2021.pdf,https://www.gov.nl.ca/ppa/files/Execptions-January-1st-15th-2021.pdf,7,t1r9,6
dave gulliver cabs,100000.0,CAD,0,keep both,Different full contract/PO numbers; equal amounts and nearby dates do not establish a repeat.,Dave Gulliver Cabs LTD,Newfoundland and Labrador English School District,2020-09-01,COV-20-820,Student Transportation - School Bus Services,1 Year,ppa/Execptions-January-1st-15th-2021.pdf,https://www.gov.nl.ca/ppa/files/Execptions-January-1st-15th-2021.pdf,3,t1r8,5,Dave Gulliver Cabs LTD,Newfoundland and Labrador English School District,2020-09-01,COV-20-871,Student Transportation - School Bus Services,1 Year,ppa/Execptions-January-1st-15th-2021.pdf,https://www.gov.nl.ca/ppa/files/Execptions-January-1st-15th-2021.pdf,7,t1r10,7
dave gulliver cabs,100000.0,CAD,0,keep both,Different full contract/PO numbers; equal amounts and nearby dates do not establish a repeat.,Dave Gulliver Cabs LTD,Newfoundland and Labrador English School District,2020-09-01,COV-20-820,Student Transportation - School Bus Services,1 Year,ppa/Execptions-January-1st-15th-2021.pdf,https://www.gov.nl.ca/ppa/files/Execptions-January-1st-15th-2021.pdf,3,t1r8,5,Dave Gulliver Cabs LTD,Newfoundland and Labrador English School District,2020-09-01,COV-20-872,Student Transportation - School Bus Services,1 Year,ppa/Execptions-January-1st-15th-2021.pdf,https://www.gov.nl.ca/ppa/files/Execptions-January-1st-15th-2021.pdf,7,t1r11,8
dave gulliver cabs,100000.0,CAD,0,keep both,Different full contract/PO numbers; equal amounts and nearby dates do not establish a repeat.,Dave Gulliver Cabs LTD,Newfoundland and Labrador English School District,2020-09-01,COV-20-820,Student Transportation - School Bus Services,1 Year,ppa/Execptions-January-1st-15th-2021.pdf,https://www.gov.nl.ca/ppa/files/Execptions-January-1st-15th-2021.pdf,3,t1r8,5,Dave Gulliver Cabs LTD,Newfoundland and Labrador English School District,2020-09-01,COV-20-873,Student Transportation - School Bus Services,1 Year,ppa/Execptions-January-1st-15th-2021.pdf,https://www.gov.nl.ca/ppa/files/Execptions-January-1st-15th-2021.pdf,7,t1r12,9
dave gulliver cabs,100000.0,CAD,0,keep both,Different full contract/PO numbers; equal amounts and nearby dates do not establish a repeat.,Dave Gulliver Cabs LTD,Newfoundland and Labrador English School District,2020-09-01,COV-20-820,Student Transportation - School Bus Services,1 Year,ppa/Execptions-January-1st-15th-2021.pdf,https://www.gov.nl.ca/ppa/files/Execptions-January-1st-15th-2021.pdf,3,t1r8,5,Dave Gulliver Cabs LTD,Newfoundland and Labrador English School District,2020-09-01,COV-20-874,Student Transportation - School Bus Services,1 Year,ppa/Execptions-January-1st-15th-2021.pdf,https://www.gov.nl.ca/ppa/files/Execptions-January-1st-15th-2021.pdf,7,t1r13,10
dave gulliver cabs,100000.0,CAD,0,keep both,Different full contract/PO numbers; equal amounts and nearby dates do not establish a repeat.,Dave Gulliver Cabs LTD,Newfoundland and Labrador English School District,2020-09-01,COV-20-820,Student Transportation - School Bus Services,1 Year,ppa/Execptions-January-1st-15th-2021.pdf,https://www.gov.nl.ca/ppa/files/Execptions-January-1st-15th-2021.pdf,3,t1r8,5,Dave Gulliver Cabs LTD,Newfoundland and Labrador English School District,2020-09-01,COV-20-875,Student Transportation - School Bus Services,1 Year,ppa/Execptions-January-1st-15th-2021.pdf,https://www.gov.nl.ca/ppa/files/Execptions-January-1st-15th-2021.pdf,8,t1r4,1
dave gulliver cabs,100000.0,CAD,0,keep both,Different full contract/PO numbers; equal amounts and nearby dates do not establish a repeat.,Dave Gulliver Cabs LTD,Newfoundland and Labrador English School District,2020-09-01,COV-20-820,Student Transportation - School Bus Services,1 Year,ppa/Execptions-January-1st-15th-2021.pdf,https://www.gov.nl.ca/ppa/files/Execptions-January-1st-15th-2021.pdf,3,t1r8,5,Dave Gulliver Cabs LTD,Newfoundland and Labrador English School District,2020-09-01,COV-20-876,Student Transportation - School Bus Services,1 Year,ppa/Execptions-January-1st-15th-2021.pdf,https://www.gov.nl.ca/ppa/files/Execptions-January-1st-15th-2021.pdf,8,t1r5,2
dave gulliver cabs,100000.0,CAD,0,keep both,Different full contract/PO numbers; equal amounts and nearby dates do not establish a repeat.,Dave Gulliver Cabs LTD,Newfoundland and Labrador English School District,2020-09-01,COV-20-820,Student Transportation - School Bus Services,1 Year,ppa/Execptions-January-1st-15th-2021.pdf,https://www.gov.nl.ca/ppa/files/Execptions-January-1st-15th-2021.pdf,3,t1r8,5,Dave Gulliver Cabs LTD,Newfoundland and Labrador English School District,2020-09-01,COV-20-877,Student Transportation - School Bus Services,1 Year,ppa/Execptions-January-1st-15th-2021.pdf,https://www.gov.nl.ca/ppa/files/Execptions-January-1st-15th-2021.pdf,8,t1r6,3
dave gulliver cabs,100000.0,CAD,0,keep both,Different full contract/PO numbers; equal amounts and nearby dates do not establish a repeat.,Dave Gulliver Cabs LTD,Newfoundland and Labrador English School District,2020-09-01,COV-20-820,Student Transportation - School Bus Services,1 Year,ppa/Execptions-January-1st-15th-2021.pdf,https://www.gov.nl.ca/ppa/files/Execptions-January-1st-15th-2021.pdf,3,t1r8,5,Dave Gulliver Cabs LTD,Newfoundland and Labrador English School District,2020-09-01,COV-20-878,Student Transportation - School Bus Services,1 Year,ppa/Execptions-January-1st-15th-2021.pdf,https://www.gov.nl.ca/ppa/files/Execptions-January-1st-15th-2021.pdf,8,t1r7,4
dave gulliver cabs,100000.0,CAD,0,keep both,Different full contract/PO numbers; equal amounts and nearby dates do not establish a repeat.,Dave Gulliver Cabs LTD,Newfoundland and Labrador English School District,2020-09-01,COV-20-820,Student Transportation - School Bus Services,1 Year,ppa/Execptions-January-1st-15th-2021.pdf,https://www.gov.nl.ca/ppa/files/Execptions-January-1st-15th-2021.pdf,3,t1r8,5,Dave Gulliver Cabs LTD,Newfoundland and Labrador English School District,2020-09-01,COV-20-880,Student Transportation - School Bus Services,1 Year,ppa/Execptions-January-1st-15th-2021.pdf,https://www.gov.nl.ca/ppa/files/Execptions-January-1st-15th-2021.pdf,8,t1r8,5
dave gulliver cabs,100000.0,CAD,0,keep both,Different full contract/PO numbers; equal amounts and nearby dates do not establish a repeat.,Dave Gulliver Cabs LTD,Newfoundland and Labrador English School District,2020-09-01,COV-20-820,Student Transportation - School Bus Services,1 Year,ppa/Execptions-January-1st-15th-2021.pdf,https://www.gov.nl.ca/ppa/files/Execptions-January-1st-15th-2021.pdf,3,t1r8,5,Dave Gulliver Cabs LTD,Newfoundland and Labrador English School District,2020-09-01,COV-20-881,Student Transportation - School Bus Services,1 Year,ppa/Execptions-January-1st-15th-2021.pdf,https://www.gov.nl.ca/ppa/files/Execptions-January-1st-15th-2021.pdf,8,t1r9,6
dave gulliver cabs,100000.0,CAD,0,keep both,Different full contract/PO numbers; equal amounts and nearby dates do not establish a repeat.,Dave Gulliver Cabs LTD,Newfoundland and Labrador English School District,2020-09-01,COV-20-820,Student Transportation - School Bus Services,1 Year,ppa/Execptions-January-1st-15th-2021.pdf,https://www.gov.nl.ca/ppa/files/Execptions-January-1st-15th-2021.pdf,3,t1r8,5,Dave Gulliver Cabs LTD,Newfoundland and Labrador English School District,2020-09-01,COV-20-882,Student Transportation - School Bus Services,1 Year,ppa/Execptions-January-1st-15th-2021.pdf,https://www.gov.nl.ca/ppa/files/Execptions-January-1st-15th-2021.pdf,8,t1r10,7
dave gulliver cabs,100000.0,CAD,0,keep both,Different full contract/PO numbers; equal amounts and nearby dates do not establish a repeat.,Dave Gulliver Cabs LTD,Newfoundland and Labrador English School District,2020-09-01,COV-20-823,Student Transportation - School Bus Services,1 Year,ppa/Execptions-January-1st-15th-2021.pdf,https://www.gov.nl.ca/ppa/files/Execptions-January-1st-15th-2021.pdf,4,t1r11,8,Dave Gulliver Cabs LTD,Newfoundland and Labrador English School District,2020-09-01,COV-20-856,Student Transportation - School Bus Services,1 Year,ppa/Execptions-January-1st-15th-2021.pdf,https://www.gov.nl.ca/ppa/files/Execptions-January-1st-15th-2021.pdf,6,t1r12,9
dave gulliver cabs,100000.0,CAD,0,keep both,Different full contract/PO numbers; equal amounts and nearby dates do not establish a repeat.,Dave Gulliver Cabs LTD,Newfoundland and Labrador English School District,2020-09-01,COV-20-823,Student Transportation - School Bus Services,1 Year,ppa/Execptions-January-1st-15th-2021.pdf,https://www.gov.nl.ca/ppa/files/Execptions-January-1st-15th-2021.pdf,4,t1r11,8,Dave Gulliver Cabs LTD,Newfoundland and Labrador English School District,2020-09-01,COV-20-857,Student Transportation - School Bus Services,1 Year,ppa/Execptions-January-1st-15th-2021.pdf,https://www.gov.nl.ca/ppa/files/Execptions-January-1st-15th-2021.pdf,6,t1r13,10
dave gulliver cabs,100000.0,CAD,0,keep both,Different full contract/PO numbers; equal amounts and nearby dates do not establish a repeat.,Dave Gulliver Cabs LTD,Newfoundland and Labrador English School District,2020-09-01,COV-20-823,Student Transportation - School Bus Services,1 Year,ppa/Execptions-January-1st-15th-2021.pdf,https://www.gov.nl.ca/ppa/files/Execptions-January-1st-15th-2021.pdf,4,t1r11,8,Dave Gulliver Cabs LTD,Newfoundland and Labrador English School District,2020-09-01,COV-20-858,Student Transportation - School Bus Services,1 Year,ppa/Execptions-January-1st-15th-2021.pdf,https://www.gov.nl.ca/ppa/files/Execptions-January-1st-15th-2021.pdf,7,t1r4,1
dave gulliver cabs,100000.0,CAD,0,keep both,Different full contract/PO numbers; equal amounts and nearby dates do not establish a repeat.,Dave Gulliver Cabs LTD,Newfoundland and Labrador English School District,2020-09-01,COV-20-823,Student Transportation - School Bus Services,1 Year,ppa/Execptions-January-1st-15th-2021.pdf,https://www.gov.nl.ca/ppa/files/Execptions-January-1st-15th-2021.pdf,4,t1r11,8,Dave Gulliver Cabs LTD,Newfoundland and Labrador English School District,2020-09-01,COV-20-862,Student Transportation - School Bus Services,1 Year,ppa/Execptions-January-1st-15th-2021.pdf,https://www.gov.nl.ca/ppa/files/Execptions-January-1st-15th-2021.pdf,7,t1r8,5
dave gulliver cabs,100000.0,CAD,0,keep both,Different full contract/PO numbers; equal amounts and nearby dates do not establish a repeat.,Dave Gulliver Cabs LTD,Newfoundland and Labrador English School District,2020-09-01,COV-20-823,Student Transportation - School Bus Services,1 Year,ppa/Execptions-January-1st-15th-2021.pdf,https://www.gov.nl.ca/ppa/files/Execptions-January-1st-15th-2021.pdf,4,t1r11,8,Dave Gulliver Cabs LTD,Newfoundland and Labrador English School District,2020-09-01,COV-20-870,Student Transportation - School Bus Services,1 Year,ppa/Execptions-January-1st-15th-2021.pdf,https://www.gov.nl.ca/ppa/files/Execptions-January-1st-15th-2021.pdf,7,t1r9,6
dave gulliver cabs,100000.0,CAD,0,keep both,Different full contract/PO numbers; equal amounts and nearby dates do not establish a repeat.,Dave Gulliver Cabs LTD,Newfoundland and Labrador English School District,2020-09-01,COV-20-823,Student Transportation - School Bus Services,1 Year,ppa/Execptions-January-1st-15th-2021.pdf,https://www.gov.nl.ca/ppa/files/Execptions-January-1st-15th-2021.pdf,4,t1r11,8,Dave Gulliver Cabs LTD,Newfoundland and Labrador English School District,2020-09-01,COV-20-871,Student Transportation - School Bus Services,1 Year,ppa/Execptions-January-1st-15th-2021.pdf,https://www.gov.nl.ca/ppa/files/Execptions-January-1st-15th-2021.pdf,7,t1r10,7
dave gulliver cabs,100000.0,CAD,0,keep both,Different full contract/PO numbers; equal amounts and nearby dates do not establish a repeat.,Dave Gulliver Cabs LTD,Newfoundland and Labrador English School District,2020-09-01,COV-20-823,Student Transportation - School Bus Services,1 Year,ppa/Execptions-January-1st-15th-2021.pdf,https://www.gov.nl.ca/ppa/files/Execptions-January-1st-15th-2021.pdf,4,t1r11,8,Dave Gulliver Cabs LTD,Newfoundland and Labrador English School District,2020-09-01,COV-20-872,Student Transportation - School Bus Services,1 Year,ppa/Execptions-January-1st-15th-2021.pdf,https://www.gov.nl.ca/ppa/files/Execptions-January-1st-15th-2021.pdf,7,t1r11,8
dave gulliver cabs,100000.0,CAD,0,keep both,Different full contract/PO numbers; equal amounts and nearby dates do not establish a repeat.,Dave Gulliver Cabs LTD,Newfoundland and Labrador English School District,2020-09-01,COV-20-823,Student Transportation - School Bus Services,1 Year,ppa/Execptions-January-1st-15th-2021.pdf,https://www.gov.nl.ca/ppa/files/Execptions-January-1st-15th-2021.pdf,4,t1r11,8,Dave Gulliver Cabs LTD,Newfoundland and Labrador English School District,2020-09-01,COV-20-873,Student Transportation - School Bus Services,1 Year,ppa/Execptions-January-1st-15th-2021.pdf,https://www.gov.nl.ca/ppa/files/Execptions-January-1st-15th-2021.pdf,7,t1r12,9
dave gulliver cabs,100000.0,CAD,0,keep both,Different full contract/PO numbers; equal amounts and nearby dates do not establish a repeat.,Dave Gulliver Cabs LTD,Newfoundland and Labrador English School District,2020-09-01,COV-20-823,Student Transportation - School Bus Services,1 Year,ppa/Execptions-January-1st-15th-2021.pdf,https://www.gov.nl.ca/ppa/files/Execptions-January-1st-15th-2021.pdf,4,t1r11,8,Dave Gulliver Cabs LTD,Newfoundland and Labrador English School District,2020-09-01,COV-20-874,Student Transportation - School Bus Services,1 Year,ppa/Execptions-January-1st-15th-2021.pdf,https://www.gov.nl.ca/ppa/files/Execptions-January-1st-15th-2021.pdf,7,t1r13,10
dave gulliver cabs,100000.0,CAD,0,keep both,Different full contract/PO numbers; equal amounts and nearby dates do not establish a repeat.,Dave Gulliver Cabs LTD,Newfoundland and Labrador English School District,2020-09-01,COV-20-823,Student Transportation - School Bus Services,1 Year,ppa/Execptions-January-1st-15th-2021.pdf,https://www.gov.nl.ca/ppa/files/Execptions-January-1st-15th-2021.pdf,4,t1r11,8,Dave Gulliver Cabs LTD,Newfoundland and Labrador English School District,2020-09-01,COV-20-875,Student Transportation - School Bus Services,1 Year,ppa/Execptions-January-1st-15th-2021.pdf,https://www.gov.nl.ca/ppa/files/Execptions-January-1st-15th-2021.pdf,8,t1r4,1
dave gulliver cabs,100000.0,CAD,0,keep both,Different full contract/PO numbers; equal amounts and nearby dates do not establish a repeat.,Dave Gulliver Cabs LTD,Newfoundland and Labrador English School District,2020-09-01,COV-20-823,Student Transportation - School Bus Services,1 Year,ppa/Execptions-January-1st-15th-2021.pdf,https://www.gov.nl.ca/ppa/files/Execptions-January-1st-15th-2021.pdf,4,t1r11,8,Dave Gulliver Cabs LTD,Newfoundland and Labrador English School District,2020-09-01,COV-20-876,Student Transportation - School Bus Services,1 Year,ppa/Execptions-January-1st-15th-2021.pdf,https://www.gov.nl.ca/ppa/files/Execptions-January-1st-15th-2021.pdf,8,t1r5,2
dave gulliver cabs,100000.0,CAD,0,keep both,Different full contract/PO numbers; equal amounts and nearby dates do not establish a repeat.,Dave Gulliver Cabs LTD,Newfoundland and Labrador English School District,2020-09-01,COV-20-823,Student Transportation - School Bus Services,1 Year,ppa/Execptions-January-1st-15th-2021.pdf,https://www.gov.nl.ca/ppa/files/Execptions-January-1st-15th-2021.pdf,4,t1r11,8,Dave Gulliver Cabs LTD,Newfoundland and Labrador English School District,2020-09-01,COV-20-877,Student Transportation - School Bus Services,1 Year,ppa/Execptions-January-1st-15th-2021.pdf,https://www.gov.nl.ca/ppa/files/Execptions-January-1st-15th-2021.pdf,8,t1r6,3
dave gulliver cabs,100000.0,CAD,0,keep both,Different full contract/PO numbers; equal amounts and nearby dates do not establish a repeat.,Dave Gulliver Cabs LTD,Newfoundland and Labrador English School District,2020-09-01,COV-20-823,Student Transportation - School Bus Services,1 Year,ppa/Execptions-January-1st-15th-2021.pdf,https://www.gov.nl.ca/ppa/files/Execptions-January-1st-15th-2021.pdf,4,t1r11,8,Dave Gulliver Cabs LTD,Newfoundland and Labrador English School District,2020-09-01,COV-20-878,Student Transportation - School Bus Services,1 Year,ppa/Execptions-January-1st-15th-2021.pdf,https://www.gov.nl.ca/ppa/files/Execptions-January-1st-15th-2021.pdf,8,t1r7,4
dave gulliver cabs,100000.0,CAD,0,keep both,Different full contract/PO numbers; equal amounts and nearby dates do not establish a repeat.,Dave Gulliver Cabs LTD,Newfoundland and Labrador English School District,2020-09-01,COV-20-823,Student Transportation - School Bus Services,1 Year,ppa/Execptions-January-1st-15th-2021.pdf,https://www.gov.nl.ca/ppa/files/Execptions-January-1st-15th-2021.pdf,4,t1r11,8,Dave Gulliver Cabs LTD,Newfoundland and Labrador English School District,2020-09-01,COV-20-880,Student Transportation - School Bus Services,1 Year,ppa/Execptions-January-1st-15th-2021.pdf,https://www.gov.nl.ca/ppa/files/Execptions-January-1st-15th-2021.pdf,8,t1r8,5
dave gulliver cabs,100000.0,CAD,0,keep both,Different full contract/PO numbers; equal amounts and nearby dates do not establish a repeat.,Dave Gulliver Cabs LTD,Newfoundland and Labrador English School District,2020-09-01,COV-20-823,Student Transportation - School Bus Services,1 Year,ppa/Execptions-January-1st-15th-2021.pdf,https://www.gov.nl.ca/ppa/files/Execptions-January-1st-15th-2021.pdf,4,t1r11,8,Dave Gulliver Cabs LTD,Newfoundland and Labrador English School District,2020-09-01,COV-20-881,Student Transportation - School Bus Services,1 Year,ppa/Execptions-January-1st-15th-2021.pdf,https://www.gov.nl.ca/ppa/files/Execptions-January-1st-15th-2021.pdf,8,t1r9,6
dave gulliver cabs,100000.0,CAD,0,keep both,Different full contract/PO numbers; equal amounts and nearby dates do not establish a repeat.,Dave Gulliver Cabs LTD,Newfoundland and Labrador English School District,2020-09-01,COV-20-823,Student Transportation - School Bus Services,1 Year,ppa/Execptions-January-1st-15th-2021.pdf,https://www.gov.nl.ca/ppa/files/Execptions-January-1st-15th-2021.pdf,4,t1r11,8,Dave Gulliver Cabs LTD,Newfoundland and Labrador English School District,2020-09-01,COV-20-882,Student Transportation - School Bus Services,1 Year,ppa/Execptions-January-1st-15th-2021.pdf,https://www.gov.nl.ca/ppa/files/Execptions-January-1st-15th-2021.pdf,8,t1r10,7
dave gulliver cabs,100000.0,CAD,0,keep both,Different full contract/PO numbers; equal amounts and nearby dates do not establish a repeat.,Dave Gulliver Cabs LTD,Newfoundland and Labrador English School District,2020-09-01,COV-20-856,Student Transportation - School Bus Services,1 Year,ppa/Execptions-January-1st-15th-2021.pdf,https://www.gov.nl.ca/ppa/files/Execptions-January-1st-15th-2021.pdf,6,t1r12,9,Dave Gulliver Cabs LTD,Newfoundland and Labrador English School District,2020-09-01,COV-20-857,Student Transportation - School Bus Services,1 Year,ppa/Execptions-January-1st-15th-2021.pdf,https://www.gov.nl.ca/ppa/files/Execptions-January-1st-15th-2021.pdf,6,t1r13,10
dave gulliver cabs,100000.0,CAD,0,keep both,Different full contract/PO numbers; equal amounts and nearby dates do not establish a repeat.,Dave Gulliver Cabs LTD,Newfoundland and Labrador English School District,2020-09-01,COV-20-856,Student Transportation - School Bus Services,1 Year,ppa/Execptions-January-1st-15th-2021.pdf,https://www.gov.nl.ca/ppa/files/Execptions-January-1st-15th-2021.pdf,6,t1r12,9,Dave Gulliver Cabs LTD,Newfoundland and Labrador English School District,2020-09-01,COV-20-858,Student Transportation - School Bus Services,1 Year,ppa/Execptions-January-1st-15th-2021.pdf,https://www.gov.nl.ca/ppa/files/Execptions-January-1st-15th-2021.pdf,7,t1r4,1
dave gulliver cabs,100000.0,CAD,0,keep both,Different full contract/PO numbers; equal amounts and nearby dates do not establish a repeat.,Dave Gulliver Cabs LTD,Newfoundland and Labrador English School District,2020-09-01,COV-20-856,Student Transportation - School Bus Services,1 Year,ppa/Execptions-January-1st-15th-2021.pdf,https://www.gov.nl.ca/ppa/files/Execptions-January-1st-15th-2021.pdf,6,t1r12,9,Dave Gulliver Cabs LTD,Newfoundland and Labrador English School District,2020-09-01,COV-20-862,Student Transportation - School Bus Services,1 Year,ppa/Execptions-January-1st-15th-2021.pdf,https://www.gov.nl.ca/ppa/files/Execptions-January-1st-15th-2021.pdf,7,t1r8,5
dave gulliver cabs,100000.0,CAD,0,keep both,Different full contract/PO numbers; equal amounts and nearby dates do not establish a repeat.,Dave Gulliver Cabs LTD,Newfoundland and Labrador English School District,2020-09-01,COV-20-856,Student Transportation - School Bus Services,1 Year,ppa/Execptions-January-1st-15th-2021.pdf,https://www.gov.nl.ca/ppa/files/Execptions-January-1st-15th-2021.pdf,6,t1r12,9,Dave Gulliver Cabs LTD,Newfoundland and Labrador English School District,2020-09-01,COV-20-870,Student Transportation - School Bus Services,1 Year,ppa/Execptions-January-1st-15th-2021.pdf,https://www.gov.nl.ca/ppa/files/Execptions-January-1st-15th-2021.pdf,7,t1r9,6
dave gulliver cabs,100000.0,CAD,0,keep both,Different full contract/PO numbers; equal amounts and nearby dates do not establish a repeat.,Dave Gulliver Cabs LTD,Newfoundland and Labrador English School District,2020-09-01,COV-20-856,Student Transportation - School Bus Services,1 Year,ppa/Execptions-January-1st-15th-2021.pdf,https://www.gov.nl.ca/ppa/files/Execptions-January-1st-15th-2021.pdf,6,t1r12,9,Dave Gulliver Cabs LTD,Newfoundland and Labrador English School District,2020-09-01,COV-20-871,Student Transportation - School Bus Services,1 Year,ppa/Execptions-January-1st-15th-2021.pdf,https://www.gov.nl.ca/ppa/files/Execptions-January-1st-15th-2021.pdf,7,t1r10,7
dave gulliver cabs,100000.0,CAD,0,keep both,Different full contract/PO numbers; equal amounts and nearby dates do not establish a repeat.,Dave Gulliver Cabs LTD,Newfoundland and Labrador English School District,2020-09-01,COV-20-856,Student Transportation - School Bus Services,1 Year,ppa/Execptions-January-1st-15th-2021.pdf,https://www.gov.nl.ca/ppa/files/Execptions-January-1st-15th-2021.pdf,6,t1r12,9,Dave Gulliver Cabs LTD,Newfoundland and Labrador English School District,2020-09-01,COV-20-872,Student Transportation - School Bus Services,1 Year,ppa/Execptions-January-1st-15th-2021.pdf,https://www.gov.nl.ca/ppa/files/Execptions-January-1st-15th-2021.pdf,7,t1r11,8
dave gulliver cabs,100000.0,CAD,0,keep both,Different full contract/PO numbers; equal amounts and nearby dates do not establish a repeat.,Dave Gulliver Cabs LTD,Newfoundland and Labrador English School District,2020-09-01,COV-20-856,Student Transportation - School Bus Services,1 Year,ppa/Execptions-January-1st-15th-2021.pdf,https://www.gov.nl.ca/ppa/files/Execptions-January-1st-15th-2021.pdf,6,t1r12,9,Dave Gulliver Cabs LTD,Newfoundland and Labrador English School District,2020-09-01,COV-20-873,Student Transportation - School Bus Services,1 Year,ppa/Execptions-January-1st-15th-2021.pdf,https://www.gov.nl.ca/ppa/files/Execptions-January-1st-15th-2021.pdf,7,t1r12,9
dave gulliver cabs,100000.0,CAD,0,keep both,Different full contract/PO numbers; equal amounts and nearby dates do not establish a repeat.,Dave Gulliver Cabs LTD,Newfoundland and Labrador English School District,2020-09-01,COV-20-856,Student Transportation - School Bus Services,1 Year,ppa/Execptions-January-1st-15th-2021.pdf,https://www.gov.nl.ca/ppa/files/Execptions-January-1st-15th-2021.pdf,6,t1r12,9,Dave Gulliver Cabs LTD,Newfoundland and Labrador English School District,2020-09-01,COV-20-874,Student Transportation - School Bus Services,1 Year,ppa/Execptions-January-1st-15th-2021.pdf,https://www.gov.nl.ca/ppa/files/Execptions-January-1st-15th-2021.pdf,7,t1r13,10
dave gulliver cabs,100000.0,CAD,0,keep both,Different full contract/PO numbers; equal amounts and nearby dates do not establish a repeat.,Dave Gulliver Cabs LTD,Newfoundland and Labrador English School District,2020-09-01,COV-20-856,Student Transportation - School Bus Services,1 Year,ppa/Execptions-January-1st-15th-2021.pdf,https://www.gov.nl.ca/ppa/files/Execptions-January-1st-15th-2021.pdf,6,t1r12,9,Dave Gulliver Cabs LTD,Newfoundland and Labrador English School District,2020-09-01,COV-20-875,Student Transportation - School Bus Services,1 Year,ppa/Execptions-January-1st-15th-2021.pdf,https://www.gov.nl.ca/ppa/files/Execptions-January-1st-15th-2021.pdf,8,t1r4,1
dave gulliver cabs,100000.0,CAD,0,keep both,Different full contract/PO numbers; equal amounts and nearby dates do not establish a repeat.,Dave Gulliver Cabs LTD,Newfoundland and Labrador English School District,2020-09-01,COV-20-856,Student Transportation - School Bus Services,1 Year,ppa/Execptions-January-1st-15th-2021.pdf,https://www.gov.nl.ca/ppa/files/Execptions-January-1st-15th-2021.pdf,6,t1r12,9,Dave Gulliver Cabs LTD,Newfoundland and Labrador English School District,2020-09-01,COV-20-876,Student Transportation - School Bus Services,1 Year,ppa/Execptions-January-1st-15th-2021.pdf,https://www.gov.nl.ca/ppa/files/Execptions-January-1st-15th-2021.pdf,8,t1r5,2
dave gulliver cabs,100000.0,CAD,0,keep both,Different full contract/PO numbers; equal amounts and nearby dates do not establish a repeat.,Dave Gulliver Cabs LTD,Newfoundland and Labrador English School District,2020-09-01,COV-20-856,Student Transportation - School Bus Services,1 Year,ppa/Execptions-January-1st-15th-2021.pdf,https://www.gov.nl.ca/ppa/files/Execptions-January-1st-15th-2021.pdf,6,t1r12,9,Dave Gulliver Cabs LTD,Newfoundland and Labrador English School District,2020-09-01,COV-20-877,Student Transportation - School Bus Services,1 Year,ppa/Execptions-January-1st-15th-2021.pdf,https://www.gov.nl.ca/ppa/files/Execptions-January-1st-15th-2021.pdf,8,t1r6,3
dave gulliver cabs,100000.0,CAD,0,keep both,Different full contract/PO numbers; equal amounts and nearby dates do not establish a repeat.,Dave Gulliver Cabs LTD,Newfoundland and Labrador English School District,2020-09-01,COV-20-856,Student Transportation - School Bus Services,1 Year,ppa/Execptions-January-1st-15th-2021.pdf,https://www.gov.nl.ca/ppa/files/Execptions-January-1st-15th-2021.pdf,6,t1r12,9,Dave Gulliver Cabs LTD,Newfoundland and Labrador English School District,2020-09-01,COV-20-878,Student Transportation - School Bus Services,1 Year,ppa/Execptions-January-1st-15th-2021.pdf,https://www.gov.nl.ca/ppa/files/Execptions-January-1st-15th-2021.pdf,8,t1r7,4
dave gulliver cabs,100000.0,CAD,0,keep both,Different full contract/PO numbers; equal amounts and nearby dates do not establish a repeat.,Dave Gulliver Cabs LTD,Newfoundland and Labrador English School District,2020-09-01,COV-20-856,Student Transportation - School Bus Services,1 Year,ppa/Execptions-January-1st-15th-2021.pdf,https://www.gov.nl.ca/ppa/files/Execptions-January-1st-15th-2021.pdf,6,t1r12,9,Dave Gulliver Cabs LTD,Newfoundland and Labrador English School District,2020-09-01,COV-20-880,Student Transportation - School Bus Services,1 Year,ppa/Execptions-January-1st-15th-2021.pdf,https://www.gov.nl.ca/ppa/files/Execptions-January-1st-15th-2021.pdf,8,t1r8,5
dave gulliver cabs,100000.0,CAD,0,keep both,Different full contract/PO numbers; equal amounts and nearby dates do not establish a repeat.,Dave Gulliver Cabs LTD,Newfoundland and Labrador English School District,2020-09-01,COV-20-856,Student Transportation - School Bus Services,1 Year,ppa/Execptions-January-1st-15th-2021.pdf,https://www.gov.nl.ca/ppa/files/Execptions-January-1st-15th-2021.pdf,6,t1r12,9,Dave Gulliver Cabs LTD,Newfoundland and Labrador English School District,2020-09-01,COV-20-881,Student Transportation - School Bus Services,1 Year,ppa/Execptions-January-1st-15th-2021.pdf,https://www.gov.nl.ca/ppa/files/Execptions-January-1st-15th-2021.pdf,8,t1r9,6
dave gulliver cabs,100000.0,CAD,0,keep both,Different full contract/PO numbers; equal amounts and nearby dates do not establish a repeat.,Dave Gulliver Cabs LTD,Newfoundland and Labrador English School District,2020-09-01,COV-20-856,Student Transportation - School Bus Services,1 Year,ppa/Execptions-January-1st-15th-2021.pdf,https://www.gov.nl.ca/ppa/files/Execptions-January-1st-15th-2021.pdf,6,t1r12,9,Dave Gulliver Cabs LTD,Newfoundland and Labrador English School District,2020-09-01,COV-20-882,Student Transportation - School Bus Services,1 Year,ppa/Execptions-January-1st-15th-2021.pdf,https://www.gov.nl.ca/ppa/files/Execptions-January-1st-15th-2021.pdf,8,t1r10,7
dave gulliver cabs,100000.0,CAD,0,keep both,Different full contract/PO numbers; equal amounts and nearby dates do not establish a repeat.,Dave Gulliver Cabs LTD,Newfoundland and Labrador English School District,2020-09-01,COV-20-857,Student Transportation - School Bus Services,1 Year,ppa/Execptions-January-1st-15th-2021.pdf,https://www.gov.nl.ca/ppa/files/Execptions-January-1st-15th-2021.pdf,6,t1r13,10,Dave Gulliver Cabs LTD,Newfoundland and Labrador English School District,2020-09-01,COV-20-858,Student Transportation - School Bus Services,1 Year,ppa/Execptions-January-1st-15th-2021.pdf,https://www.gov.nl.ca/ppa/files/Execptions-January-1st-15th-2021.pdf,7,t1r4,1
dave gulliver cabs,100000.0,CAD,0,keep both,Different full contract/PO numbers; equal amounts and nearby dates do not establish a repeat.,Dave Gulliver Cabs LTD,Newfoundland and Labrador English School District,2020-09-01,COV-20-857,Student Transportation - School Bus Services,1 Year,ppa/Execptions-January-1st-15th-2021.pdf,https://www.gov.nl.ca/ppa/files/Execptions-January-1st-15th-2021.pdf,6,t1r13,10,Dave Gulliver Cabs LTD,Newfoundland and Labrador English School District,2020-09-01,COV-20-862,Student Transportation - School Bus Services,1 Year,ppa/Execptions-January-1st-15th-2021.pdf,https://www.gov.nl.ca/ppa/files/Execptions-January-1st-15th-2021.pdf,7,t1r8,5
dave gulliver cabs,100000.0,CAD,0,keep both,Different full contract/PO numbers; equal amounts and nearby dates do not establish a repeat.,Dave Gulliver Cabs LTD,Newfoundland and Labrador English School District,2020-09-01,COV-20-857,Student Transportation - School Bus Services,1 Year,ppa/Execptions-January-1st-15th-2021.pdf,https://www.gov.nl.ca/ppa/files/Execptions-January-1st-15th-2021.pdf,6,t1r13,10,Dave Gulliver Cabs LTD,Newfoundland and Labrador English School District,2020-09-01,COV-20-870,Student Transportation - School Bus Services,1 Year,ppa/Execptions-January-1st-15th-2021.pdf,https://www.gov.nl.ca/ppa/files/Execptions-January-1st-15th-2021.pdf,7,t1r9,6
dave gulliver cabs,100000.0,CAD,0,keep both,Different full contract/PO numbers; equal amounts and nearby dates do not establish a repeat.,Dave Gulliver Cabs LTD,Newfoundland and Labrador English School District,2020-09-01,COV-20-857,Student Transportation - School Bus Services,1 Year,ppa/Execptions-January-1st-15th-2021.pdf,https://www.gov.nl.ca/ppa/files/Execptions-January-1st-15th-2021.pdf,6,t1r13,10,Dave Gulliver Cabs LTD,Newfoundland and Labrador English School District,2020-09-01,COV-20-871,Student Transportation - School Bus Services,1 Year,ppa/Execptions-January-1st-15th-2021.pdf,https://www.gov.nl.ca/ppa/files/Execptions-January-1st-15th-2021.pdf,7,t1r10,7
dave gulliver cabs,100000.0,CAD,0,keep both,Different full contract/PO numbers; equal amounts and nearby dates do not establish a repeat.,Dave Gulliver Cabs LTD,Newfoundland and Labrador English School District,2020-09-01,COV-20-857,Student Transportation - School Bus Services,1 Year,ppa/Execptions-January-1st-15th-2021.pdf,https://www.gov.nl.ca/ppa/files/Execptions-January-1st-15th-2021.pdf,6,t1r13,10,Dave Gulliver Cabs LTD,Newfoundland and Labrador English School District,2020-09-01,COV-20-872,Student Transportation - School Bus Services,1 Year,ppa/Execptions-January-1st-15th-2021.pdf,https://www.gov.nl.ca/ppa/files/Execptions-January-1st-15th-2021.pdf,7,t1r11,8
dave gulliver cabs,100000.0,CAD,0,keep both,Different full contract/PO numbers; equal amounts and nearby dates do not establish a repeat.,Dave Gulliver Cabs LTD,Newfoundland and Labrador English School District,2020-09-01,COV-20-857,Student Transportation - School Bus Services,1 Year,ppa/Execptions-January-1st-15th-2021.pdf,https://www.gov.nl.ca/ppa/files/Execptions-January-1st-15th-2021.pdf,6,t1r13,10,Dave Gulliver Cabs LTD,Newfoundland and Labrador English School District,2020-09-01,COV-20-873,Student Transportation - School Bus Services,1 Year,ppa/Execptions-January-1st-15th-2021.pdf,https://www.gov.nl.ca/ppa/files/Execptions-January-1st-15th-2021.pdf,7,t1r12,9
dave gulliver cabs,100000.0,CAD,0,keep both,Different full contract/PO numbers; equal amounts and nearby dates do not establish a repeat.,Dave Gulliver Cabs LTD,Newfoundland and Labrador English School District,2020-09-01,COV-20-857,Student Transportation - School Bus Services,1 Year,ppa/Execptions-January-1st-15th-2021.pdf,https://www.gov.nl.ca/ppa/files/Execptions-January-1st-15th-2021.pdf,6,t1r13,10,Dave Gulliver Cabs LTD,Newfoundland and Labrador English School District,2020-09-01,COV-20-874,Student Transportation - School Bus Services,1 Year,ppa/Execptions-January-1st-15th-2021.pdf,https://www.gov.nl.ca/ppa/files/Execptions-January-1st-15th-2021.pdf,7,t1r13,10
dave gulliver cabs,100000.0,CAD,0,keep both,Different full contract/PO numbers; equal amounts and nearby dates do not establish a repeat.,Dave Gulliver Cabs LTD,Newfoundland and Labrador English School District,2020-09-01,COV-20-857,Student Transportation - School Bus Services,1 Year,ppa/Execptions-January-1st-15th-2021.pdf,https://www.gov.nl.ca/ppa/files/Execptions-January-1st-15th-2021.pdf,6,t1r13,10,Dave Gulliver Cabs LTD,Newfoundland and Labrador English School District,2020-09-01,COV-20-875,Student Transportation - School Bus Services,1 Year,ppa/Execptions-January-1st-15th-2021.pdf,https://www.gov.nl.ca/ppa/files/Execptions-January-1st-15th-2021.pdf,8,t1r4,1
dave gulliver cabs,100000.0,CAD,0,keep both,Different full contract/PO numbers; equal amounts and nearby dates do not establish a repeat.,Dave Gulliver Cabs LTD,Newfoundland and Labrador English School District,2020-09-01,COV-20-857,Student Transportation - School Bus Services,1 Year,ppa/Execptions-January-1st-15th-2021.pdf,https://www.gov.nl.ca/ppa/files/Execptions-January-1st-15th-2021.pdf,6,t1r13,10,Dave Gulliver Cabs LTD,Newfoundland and Labrador English School District,2020-09-01,COV-20-876,Student Transportation - School Bus Services,1 Year,ppa/Execptions-January-1st-15th-2021.pdf,https://www.gov.nl.ca/ppa/files/Execptions-January-1st-15th-2021.pdf,8,t1r5,2
dave gulliver cabs,100000.0,CAD,0,keep both,Different full contract/PO numbers; equal amounts and nearby dates do not establish a repeat.,Dave Gulliver Cabs LTD,Newfoundland and Labrador English School District,2020-09-01,COV-20-857,Student Transportation - School Bus Services,1 Year,ppa/Execptions-January-1st-15th-2021.pdf,https://www.gov.nl.ca/ppa/files/Execptions-January-1st-15th-2021.pdf,6,t1r13,10,Dave Gulliver Cabs LTD,Newfoundland and Labrador English School District,2020-09-01,COV-20-877,Student Transportation - School Bus Services,1 Year,ppa/Execptions-January-1st-15th-2021.pdf,https://www.gov.nl.ca/ppa/files/Execptions-January-1st-15th-2021.pdf,8,t1r6,3
dave gulliver cabs,100000.0,CAD,0,keep both,Different full contract/PO numbers; equal amounts and nearby dates do not establish a repeat.,Dave Gulliver Cabs LTD,Newfoundland and Labrador English School District,2020-09-01,COV-20-857,Student Transportation - School Bus Services,1 Year,ppa/Execptions-January-1st-15th-2021.pdf,https://www.gov.nl.ca/ppa/files/Execptions-January-1st-15th-2021.pdf,6,t1r13,10,Dave Gulliver Cabs LTD,Newfoundland and Labrador English School District,2020-09-01,COV-20-878,Student Transportation - School Bus Services,1 Year,ppa/Execptions-January-1st-15th-2021.pdf,https://www.gov.nl.ca/ppa/files/Execptions-January-1st-15th-2021.pdf,8,t1r7,4
dave gulliver cabs,100000.0,CAD,0,keep both,Different full contract/PO numbers; equal amounts and nearby dates do not establish a repeat.,Dave Gulliver Cabs LTD,Newfoundland and Labrador English School District,2020-09-01,COV-20-857,Student Transportation - School Bus Services,1 Year,ppa/Execptions-January-1st-15th-2021.pdf,https://www.gov.nl.ca/ppa/files/Execptions-January-1st-15th-2021.pdf,6,t1r13,10,Dave Gulliver Cabs LTD,Newfoundland and Labrador English School District,2020-09-01,COV-20-880,Student Transportation - School Bus Services,1 Year,ppa/Execptions-January-1st-15th-2021.pdf,https://www.gov.nl.ca/ppa/files/Execptions-January-1st-15th-2021.pdf,8,t1r8,5
dave gulliver cabs,100000.0,CAD,0,keep both,Different full contract/PO numbers; equal amounts and nearby dates do not establish a repeat.,Dave Gulliver Cabs LTD,Newfoundland and Labrador English School District,2020-09-01,COV-20-857,Student Transportation - School Bus Services,1 Year,ppa/Execptions-January-1st-15th-2021.pdf,https://www.gov.nl.ca/ppa/files/Execptions-January-1st-15th-2021.pdf,6,t1r13,10,Dave Gulliver Cabs LTD,Newfoundland and Labrador English School District,2020-09-01,COV-20-881,Student Transportation - School Bus Services,1 Year,ppa/Execptions-January-1st-15th-2021.pdf,https://www.gov.nl.ca/ppa/files/Execptions-January-1st-15th-2021.pdf,8,t1r9,6
dave gulliver cabs,100000.0,CAD,0,keep both,Different full contract/PO numbers; equal amounts and nearby dates do not establish a repeat.,Dave Gulliver Cabs LTD,Newfoundland and Labrador English School District,2020-09-01,COV-20-857,Student Transportation - School Bus Services,1 Year,ppa/Execptions-January-1st-15th-2021.pdf,https://www.gov.nl.ca/ppa/files/Execptions-January-1st-15th-2021.pdf,6,t1r13,10,Dave Gulliver Cabs LTD,Newfoundland and Labrador English School District,2020-09-01,COV-20-882,Student Transportation - School Bus Services,1 Year,ppa/Execptions-January-1st-15th-2021.pdf,https://www.gov.nl.ca/ppa/files/Execptions-January-1st-15th-2021.pdf,8,t1r10,7
dave gulliver cabs,100000.0,CAD,0,keep both,Different full contract/PO numbers; equal amounts and nearby dates do not establish a repeat.,Dave Gulliver Cabs LTD,Newfoundland and Labrador English School District,2020-09-01,COV-20-858,Student Transportation - School Bus Services,1 Year,ppa/Execptions-January-1st-15th-2021.pdf,https://www.gov.nl.ca/ppa/files/Execptions-January-1st-15th-2021.pdf,7,t1r4,1,Dave Gulliver Cabs LTD,Newfoundland and Labrador English School District,2020-09-01,COV-20-862,Student Transportation - School Bus Services,1 Year,ppa/Execptions-January-1st-15th-2021.pdf,https://www.gov.nl.ca/ppa/files/Execptions-January-1st-15th-2021.pdf,7,t1r8,5
dave gulliver cabs,100000.0,CAD,0,keep both,Different full contract/PO numbers; equal amounts and nearby dates do not establish a repeat.,Dave Gulliver Cabs LTD,Newfoundland and Labrador English School District,2020-09-01,COV-20-858,Student Transportation - School Bus Services,1 Year,ppa/Execptions-January-1st-15th-2021.pdf,https://www.gov.nl.ca/ppa/files/Execptions-January-1st-15th-2021.pdf,7,t1r4,1,Dave Gulliver Cabs LTD,Newfoundland and Labrador English School District,2020-09-01,COV-20-870,Student Transportation - School Bus Services,1 Year,ppa/Execptions-January-1st-15th-2021.pdf,https://www.gov.nl.ca/ppa/files/Execptions-January-1st-15th-2021.pdf,7,t1r9,6
dave gulliver cabs,100000.0,CAD,0,keep both,Different full contract/PO numbers; equal amounts and nearby dates do not establish a repeat.,Dave Gulliver Cabs LTD,Newfoundland and Labrador English School District,2020-09-01,COV-20-858,Student Transportation - School Bus Services,1 Year,ppa/Execptions-January-1st-15th-2021.pdf,https://www.gov.nl.ca/ppa/files/Execptions-January-1st-15th-2021.pdf,7,t1r4,1,Dave Gulliver Cabs LTD,Newfoundland and Labrador English School District,2020-09-01,COV-20-871,Student Transportation - School Bus Services,1 Year,ppa/Execptions-January-1st-15th-2021.pdf,https://www.gov.nl.ca/ppa/files/Execptions-January-1st-15th-2021.pdf,7,t1r10,7
dave gulliver cabs,100000.0,CAD,0,keep both,Different full contract/PO numbers; equal amounts and nearby dates do not establish a repeat.,Dave Gulliver Cabs LTD,Newfoundland and Labrador English School District,2020-09-01,COV-20-858,Student Transportation - School Bus Services,1 Year,ppa/Execptions-January-1st-15th-2021.pdf,https://www.gov.nl.ca/ppa/files/Execptions-January-1st-15th-2021.pdf,7,t1r4,1,Dave Gulliver Cabs LTD,Newfoundland and Labrador English School District,2020-09-01,COV-20-872,Student Transportation - School Bus Services,1 Year,ppa/Execptions-January-1st-15th-2021.pdf,https://www.gov.nl.ca/ppa/files/Execptions-January-1st-15th-2021.pdf,7,t1r11,8
dave gulliver cabs,100000.0,CAD,0,keep both,Different full contract/PO numbers; equal amounts and nearby dates do not establish a repeat.,Dave Gulliver Cabs LTD,Newfoundland and Labrador English School District,2020-09-01,COV-20-858,Student Transportation - School Bus Services,1 Year,ppa/Execptions-January-1st-15th-2021.pdf,https://www.gov.nl.ca/ppa/files/Execptions-January-1st-15th-2021.pdf,7,t1r4,1,Dave Gulliver Cabs LTD,Newfoundland and Labrador English School District,2020-09-01,COV-20-873,Student Transportation - School Bus Services,1 Year,ppa/Execptions-January-1st-15th-2021.pdf,https://www.gov.nl.ca/ppa/files/Execptions-January-1st-15th-2021.pdf,7,t1r12,9
dave gulliver cabs,100000.0,CAD,0,keep both,Different full contract/PO numbers; equal amounts and nearby dates do not establish a repeat.,Dave Gulliver Cabs LTD,Newfoundland and Labrador English School District,2020-09-01,COV-20-858,Student Transportation - School Bus Services,1 Year,ppa/Execptions-January-1st-15th-2021.pdf,https://www.gov.nl.ca/ppa/files/Execptions-January-1st-15th-2021.pdf,7,t1r4,1,Dave Gulliver Cabs LTD,Newfoundland and Labrador English School District,2020-09-01,COV-20-874,Student Transportation - School Bus Services,1 Year,ppa/Execptions-January-1st-15th-2021.pdf,https://www.gov.nl.ca/ppa/files/Execptions-January-1st-15th-2021.pdf,7,t1r13,10
dave gulliver cabs,100000.0,CAD,0,keep both,Different full contract/PO numbers; equal amounts and nearby dates do not establish a repeat.,Dave Gulliver Cabs LTD,Newfoundland and Labrador English School District,2020-09-01,COV-20-858,Student Transportation - School Bus Services,1 Year,ppa/Execptions-January-1st-15th-2021.pdf,https://www.gov.nl.ca/ppa/files/Execptions-January-1st-15th-2021.pdf,7,t1r4,1,Dave Gulliver Cabs LTD,Newfoundland and Labrador English School District,2020-09-01,COV-20-875,Student Transportation - School Bus Services,1 Year,ppa/Execptions-January-1st-15th-2021.pdf,https://www.gov.nl.ca/ppa/files/Execptions-January-1st-15th-2021.pdf,8,t1r4,1
dave gulliver cabs,100000.0,CAD,0,keep both,Different full contract/PO numbers; equal amounts and nearby dates do not establish a repeat.,Dave Gulliver Cabs LTD,Newfoundland and Labrador English School District,2020-09-01,COV-20-858,Student Transportation - School Bus Services,1 Year,ppa/Execptions-January-1st-15th-2021.pdf,https://www.gov.nl.ca/ppa/files/Execptions-January-1st-15th-2021.pdf,7,t1r4,1,Dave Gulliver Cabs LTD,Newfoundland and Labrador English School District,2020-09-01,COV-20-876,Student Transportation - School Bus Services,1 Year,ppa/Execptions-January-1st-15th-2021.pdf,https://www.gov.nl.ca/ppa/files/Execptions-January-1st-15th-2021.pdf,8,t1r5,2
dave gulliver cabs,100000.0,CAD,0,keep both,Different full contract/PO numbers; equal amounts and nearby dates do not establish a repeat.,Dave Gulliver Cabs LTD,Newfoundland and Labrador English School District,2020-09-01,COV-20-858,Student Transportation - School Bus Services,1 Year,ppa/Execptions-January-1st-15th-2021.pdf,https://www.gov.nl.ca/ppa/files/Execptions-January-1st-15th-2021.pdf,7,t1r4,1,Dave Gulliver Cabs LTD,Newfoundland and Labrador English School District,2020-09-01,COV-20-877,Student Transportation - School Bus Services,1 Year,ppa/Execptions-January-1st-15th-2021.pdf,https://www.gov.nl.ca/ppa/files/Execptions-January-1st-15th-2021.pdf,8,t1r6,3
dave gulliver cabs,100000.0,CAD,0,keep both,Different full contract/PO numbers; equal amounts and nearby dates do not establish a repeat.,Dave Gulliver Cabs LTD,Newfoundland and Labrador English School District,2020-09-01,COV-20-858,Student Transportation - School Bus Services,1 Year,ppa/Execptions-January-1st-15th-2021.pdf,https://www.gov.nl.ca/ppa/files/Execptions-January-1st-15th-2021.pdf,7,t1r4,1,Dave Gulliver Cabs LTD,Newfoundland and Labrador English School District,2020-09-01,COV-20-878,Student Transportation - School Bus Services,1 Year,ppa/Execptions-January-1st-15th-2021.pdf,https://www.gov.nl.ca/ppa/files/Execptions-January-1st-15th-2021.pdf,8,t1r7,4
dave gulliver cabs,100000.0,CAD,0,keep both,Different full contract/PO numbers; equal amounts and nearby dates do not establish a repeat.,Dave Gulliver Cabs LTD,Newfoundland and Labrador English School District,2020-09-01,COV-20-858,Student Transportation - School Bus Services,1 Year,ppa/Execptions-January-1st-15th-2021.pdf,https://www.gov.nl.ca/ppa/files/Execptions-January-1st-15th-2021.pdf,7,t1r4,1,Dave Gulliver Cabs LTD,Newfoundland and Labrador English School District,2020-09-01,COV-20-880,Student Transportation - School Bus Services,1 Year,ppa/Execptions-January-1st-15th-2021.pdf,https://www.gov.nl.ca/ppa/files/Execptions-January-1st-15th-2021.pdf,8,t1r8,5
dave gulliver cabs,100000.0,CAD,0,keep both,Different full contract/PO numbers; equal amounts and nearby dates do not establish a repeat.,Dave Gulliver Cabs LTD,Newfoundland and Labrador English School District,2020-09-01,COV-20-858,Student Transportation - School Bus Services,1 Year,ppa/Execptions-January-1st-15th-2021.pdf,https://www.gov.nl.ca/ppa/files/Execptions-January-1st-15th-2021.pdf,7,t1r4,1,Dave Gulliver Cabs LTD,Newfoundland and Labrador English School District,2020-09-01,COV-20-881,Student Transportation - School Bus Services,1 Year,ppa/Execptions-January-1st-15th-2021.pdf,https://www.gov.nl.ca/ppa/files/Execptions-January-1st-15th-2021.pdf,8,t1r9,6
dave gulliver cabs,100000.0,CAD,0,keep both,Different full contract/PO numbers; equal amounts and nearby dates do not establish a repeat.,Dave Gulliver Cabs LTD,Newfoundland and Labrador English School District,2020-09-01,COV-20-858,Student Transportation - School Bus Services,1 Year,ppa/Execptions-January-1st-15th-2021.pdf,https://www.gov.nl.ca/ppa/files/Execptions-January-1st-15th-2021.pdf,7,t1r4,1,Dave Gulliver Cabs LTD,Newfoundland and Labrador English School District,2020-09-01,COV-20-882,Student Transportation - School Bus Services,1 Year,ppa/Execptions-January-1st-15th-2021.pdf,https://www.gov.nl.ca/ppa/files/Execptions-January-1st-15th-2021.pdf,8,t1r10,7
dave gulliver cabs,100000.0,CAD,0,keep both,Different full contract/PO numbers; equal amounts and nearby dates do not establish a repeat.,Dave Gulliver Cabs LTD,Newfoundland and Labrador English School District,2020-09-01,COV-20-862,Student Transportation - School Bus Services,1 Year,ppa/Execptions-January-1st-15th-2021.pdf,https://www.gov.nl.ca/ppa/files/Execptions-January-1st-15th-2021.pdf,7,t1r8,5,Dave Gulliver Cabs LTD,Newfoundland and Labrador English School District,2020-09-01,COV-20-870,Student Transportation - School Bus Services,1 Year,ppa/Execptions-January-1st-15th-2021.pdf,https://www.gov.nl.ca/ppa/files/Execptions-January-1st-15th-2021.pdf,7,t1r9,6
dave gulliver cabs,100000.0,CAD,0,keep both,Different full contract/PO numbers; equal amounts and nearby dates do not establish a repeat.,Dave Gulliver Cabs LTD,Newfoundland and Labrador English School District,2020-09-01,COV-20-862,Student Transportation - School Bus Services,1 Year,ppa/Execptions-January-1st-15th-2021.pdf,https://www.gov.nl.ca/ppa/files/Execptions-January-1st-15th-2021.pdf,7,t1r8,5,Dave Gulliver Cabs LTD,Newfoundland and Labrador English School District,2020-09-01,COV-20-871,Student Transportation - School Bus Services,1 Year,ppa/Execptions-January-1st-15th-2021.pdf,https://www.gov.nl.ca/ppa/files/Execptions-January-1st-15th-2021.pdf,7,t1r10,7
dave gulliver cabs,100000.0,CAD,0,keep both,Different full contract/PO numbers; equal amounts and nearby dates do not establish a repeat.,Dave Gulliver Cabs LTD,Newfoundland and Labrador English School District,2020-09-01,COV-20-862,Student Transportation - School Bus Services,1 Year,ppa/Execptions-January-1st-15th-2021.pdf,https://www.gov.nl.ca/ppa/files/Execptions-January-1st-15th-2021.pdf,7,t1r8,5,Dave Gulliver Cabs LTD,Newfoundland and Labrador English School District,2020-09-01,COV-20-872,Student Transportation - School Bus Services,1 Year,ppa/Execptions-January-1st-15th-2021.pdf,https://www.gov.nl.ca/ppa/files/Execptions-January-1st-15th-2021.pdf,7,t1r11,8
dave gulliver cabs,100000.0,CAD,0,keep both,Different full contract/PO numbers; equal amounts and nearby dates do not establish a repeat.,Dave Gulliver Cabs LTD,Newfoundland and Labrador English School District,2020-09-01,COV-20-862,Student Transportation - School Bus Services,1 Year,ppa/Execptions-January-1st-15th-2021.pdf,https://www.gov.nl.ca/ppa/files/Execptions-January-1st-15th-2021.pdf,7,t1r8,5,Dave Gulliver Cabs LTD,Newfoundland and Labrador English School District,2020-09-01,COV-20-873,Student Transportation - School Bus Services,1 Year,ppa/Execptions-January-1st-15th-2021.pdf,https://www.gov.nl.ca/ppa/files/Execptions-January-1st-15th-2021.pdf,7,t1r12,9
dave gulliver cabs,100000.0,CAD,0,keep both,Different full contract/PO numbers; equal amounts and nearby dates do not establish a repeat.,Dave Gulliver Cabs LTD,Newfoundland and Labrador English School District,2020-09-01,COV-20-862,Student Transportation - School Bus Services,1 Year,ppa/Execptions-January-1st-15th-2021.pdf,https://www.gov.nl.ca/ppa/files/Execptions-January-1st-15th-2021.pdf,7,t1r8,5,Dave Gulliver Cabs LTD,Newfoundland and Labrador English School District,2020-09-01,COV-20-874,Student Transportation - School Bus Services,1 Year,ppa/Execptions-January-1st-15th-2021.pdf,https://www.gov.nl.ca/ppa/files/Execptions-January-1st-15th-2021.pdf,7,t1r13,10
dave gulliver cabs,100000.0,CAD,0,keep both,Different full contract/PO numbers; equal amounts and nearby dates do not establish a repeat.,Dave Gulliver Cabs LTD,Newfoundland and Labrador English School District,2020-09-01,COV-20-862,Student Transportation - School Bus Services,1 Year,ppa/Execptions-January-1st-15th-2021.pdf,https://www.gov.nl.ca/ppa/files/Execptions-January-1st-15th-2021.pdf,7,t1r8,5,Dave Gulliver Cabs LTD,Newfoundland and Labrador English School District,2020-09-01,COV-20-875,Student Transportation - School Bus Services,1 Year,ppa/Execptions-January-1st-15th-2021.pdf,https://www.gov.nl.ca/ppa/files/Execptions-January-1st-15th-2021.pdf,8,t1r4,1
dave gulliver cabs,100000.0,CAD,0,keep both,Different full contract/PO numbers; equal amounts and nearby dates do not establish a repeat.,Dave Gulliver Cabs LTD,Newfoundland and Labrador English School District,2020-09-01,COV-20-862,Student Transportation - School Bus Services,1 Year,ppa/Execptions-January-1st-15th-2021.pdf,https://www.gov.nl.ca/ppa/files/Execptions-January-1st-15th-2021.pdf,7,t1r8,5,Dave Gulliver Cabs LTD,Newfoundland and Labrador English School District,2020-09-01,COV-20-876,Student Transportation - School Bus Services,1 Year,ppa/Execptions-January-1st-15th-2021.pdf,https://www.gov.nl.ca/ppa/files/Execptions-January-1st-15th-2021.pdf,8,t1r5,2
dave gulliver cabs,100000.0,CAD,0,keep both,Different full contract/PO numbers; equal amounts and nearby dates do not establish a repeat.,Dave Gulliver Cabs LTD,Newfoundland and Labrador English School District,2020-09-01,COV-20-862,Student Transportation - School Bus Services,1 Year,ppa/Execptions-January-1st-15th-2021.pdf,https://www.gov.nl.ca/ppa/files/Execptions-January-1st-15th-2021.pdf,7,t1r8,5,Dave Gulliver Cabs LTD,Newfoundland and Labrador English School District,2020-09-01,COV-20-877,Student Transportation - School Bus Services,1 Year,ppa/Execptions-January-1st-15th-2021.pdf,https://www.gov.nl.ca/ppa/files/Execptions-January-1st-15th-2021.pdf,8,t1r6,3
dave gulliver cabs,100000.0,CAD,0,keep both,Different full contract/PO numbers; equal amounts and nearby dates do not establish a repeat.,Dave Gulliver Cabs LTD,Newfoundland and Labrador English School District,2020-09-01,COV-20-862,Student Transportation - School Bus Services,1 Year,ppa/Execptions-January-1st-15th-2021.pdf,https://www.gov.nl.ca/ppa/files/Execptions-January-1st-15th-2021.pdf,7,t1r8,5,Dave Gulliver Cabs LTD,Newfoundland and Labrador English School District,2020-09-01,COV-20-878,Student Transportation - School Bus Services,1 Year,ppa/Execptions-January-1st-15th-2021.pdf,https://www.gov.nl.ca/ppa/files/Execptions-January-1st-15th-2021.pdf,8,t1r7,4
dave gulliver cabs,100000.0,CAD,0,keep both,Different full contract/PO numbers; equal amounts and nearby dates do not establish a repeat.,Dave Gulliver Cabs LTD,Newfoundland and Labrador English School District,2020-09-01,COV-20-862,Student Transportation - School Bus Services,1 Year,ppa/Execptions-January-1st-15th-2021.pdf,https://www.gov.nl.ca/ppa/files/Execptions-January-1st-15th-2021.pdf,7,t1r8,5,Dave Gulliver Cabs LTD,Newfoundland and Labrador English School District,2020-09-01,COV-20-880,Student Transportation - School Bus Services,1 Year,ppa/Execptions-January-1st-15th-2021.pdf,https://www.gov.nl.ca/ppa/files/Execptions-January-1st-15th-2021.pdf,8,t1r8,5
dave gulliver cabs,100000.0,CAD,0,keep both,Different full contract/PO numbers; equal amounts and nearby dates do not establish a repeat.,Dave Gulliver Cabs LTD,Newfoundland and Labrador English School District,2020-09-01,COV-20-862,Student Transportation - School Bus Services,1 Year,ppa/Execptions-January-1st-15th-2021.pdf,https://www.gov.nl.ca/ppa/files/Execptions-January-1st-15th-2021.pdf,7,t1r8,5,Dave Gulliver Cabs LTD,Newfoundland and Labrador English School District,2020-09-01,COV-20-881,Student Transportation - School Bus Services,1 Year,ppa/Execptions-January-1st-15th-2021.pdf,https://www.gov.nl.ca/ppa/files/Execptions-January-1st-15th-2021.pdf,8,t1r9,6
dave gulliver cabs,100000.0,CAD,0,keep both,Different full contract/PO numbers; equal amounts and nearby dates do not establish a repeat.,Dave Gulliver Cabs LTD,Newfoundland and Labrador English School District,2020-09-01,COV-20-862,Student Transportation - School Bus Services,1 Year,ppa/Execptions-January-1st-15th-2021.pdf,https://www.gov.nl.ca/ppa/files/Execptions-January-1st-15th-2021.pdf,7,t1r8,5,Dave Gulliver Cabs LTD,Newfoundland and Labrador English School District,2020-09-01,COV-20-882,Student Transportation - School Bus Services,1 Year,ppa/Execptions-January-1st-15th-2021.pdf,https://www.gov.nl.ca/ppa/files/Execptions-January-1st-15th-2021.pdf,8,t1r10,7
dave gulliver cabs,100000.0,CAD,0,keep both,Different full contract/PO numbers; equal amounts and nearby dates do not establish a repeat.,Dave Gulliver Cabs LTD,Newfoundland and Labrador English School District,2020-09-01,COV-20-870,Student Transportation - School Bus Services,1 Year,ppa/Execptions-January-1st-15th-2021.pdf,https://www.gov.nl.ca/ppa/files/Execptions-January-1st-15th-2021.pdf,7,t1r9,6,Dave Gulliver Cabs LTD,Newfoundland and Labrador English School District,2020-09-01,COV-20-871,Student Transportation - School Bus Services,1 Year,ppa/Execptions-January-1st-15th-2021.pdf,https://www.gov.nl.ca/ppa/files/Execptions-January-1st-15th-2021.pdf,7,t1r10,7
dave gulliver cabs,100000.0,CAD,0,keep both,Different full contract/PO numbers; equal amounts and nearby dates do not establish a repeat.,Dave Gulliver Cabs LTD,Newfoundland and Labrador English School District,2020-09-01,COV-20-870,Student Transportation - School Bus Services,1 Year,ppa/Execptions-January-1st-15th-2021.pdf,https://www.gov.nl.ca/ppa/files/Execptions-January-1st-15th-2021.pdf,7,t1r9,6,Dave Gulliver Cabs LTD,Newfoundland and Labrador English School District,2020-09-01,COV-20-872,Student Transportation - School Bus Services,1 Year,ppa/Execptions-January-1st-15th-2021.pdf,https://www.gov.nl.ca/ppa/files/Execptions-January-1st-15th-2021.pdf,7,t1r11,8
dave gulliver cabs,100000.0,CAD,0,keep both,Different full contract/PO numbers; equal amounts and nearby dates do not establish a repeat.,Dave Gulliver Cabs LTD,Newfoundland and Labrador English School District,2020-09-01,COV-20-870,Student Transportation - School Bus Services,1 Year,ppa/Execptions-January-1st-15th-2021.pdf,https://www.gov.nl.ca/ppa/files/Execptions-January-1st-15th-2021.pdf,7,t1r9,6,Dave Gulliver Cabs LTD,Newfoundland and Labrador English School District,2020-09-01,COV-20-873,Student Transportation - School Bus Services,1 Year,ppa/Execptions-January-1st-15th-2021.pdf,https://www.gov.nl.ca/ppa/files/Execptions-January-1st-15th-2021.pdf,7,t1r12,9
dave gulliver cabs,100000.0,CAD,0,keep both,Different full contract/PO numbers; equal amounts and nearby dates do not establish a repeat.,Dave Gulliver Cabs LTD,Newfoundland and Labrador English School District,2020-09-01,COV-20-870,Student Transportation - School Bus Services,1 Year,ppa/Execptions-January-1st-15th-2021.pdf,https://www.gov.nl.ca/ppa/files/Execptions-January-1st-15th-2021.pdf,7,t1r9,6,Dave Gulliver Cabs LTD,Newfoundland and Labrador English School District,2020-09-01,COV-20-874,Student Transportation - School Bus Services,1 Year,ppa/Execptions-January-1st-15th-2021.pdf,https://www.gov.nl.ca/ppa/files/Execptions-January-1st-15th-2021.pdf,7,t1r13,10
dave gulliver cabs,100000.0,CAD,0,keep both,Different full contract/PO numbers; equal amounts and nearby dates do not establish a repeat.,Dave Gulliver Cabs LTD,Newfoundland and Labrador English School District,2020-09-01,COV-20-870,Student Transportation - School Bus Services,1 Year,ppa/Execptions-January-1st-15th-2021.pdf,https://www.gov.nl.ca/ppa/files/Execptions-January-1st-15th-2021.pdf,7,t1r9,6,Dave Gulliver Cabs LTD,Newfoundland and Labrador English School District,2020-09-01,COV-20-875,Student Transportation - School Bus Services,1 Year,ppa/Execptions-January-1st-15th-2021.pdf,https://www.gov.nl.ca/ppa/files/Execptions-January-1st-15th-2021.pdf,8,t1r4,1
dave gulliver cabs,100000.0,CAD,0,keep both,Different full contract/PO numbers; equal amounts and nearby dates do not establish a repeat.,Dave Gulliver Cabs LTD,Newfoundland and Labrador English School District,2020-09-01,COV-20-870,Student Transportation - School Bus Services,1 Year,ppa/Execptions-January-1st-15th-2021.pdf,https://www.gov.nl.ca/ppa/files/Execptions-January-1st-15th-2021.pdf,7,t1r9,6,Dave Gulliver Cabs LTD,Newfoundland and Labrador English School District,2020-09-01,COV-20-876,Student Transportation - School Bus Services,1 Year,ppa/Execptions-January-1st-15th-2021.pdf,https://www.gov.nl.ca/ppa/files/Execptions-January-1st-15th-2021.pdf,8,t1r5,2
dave gulliver cabs,100000.0,CAD,0,keep both,Different full contract/PO numbers; equal amounts and nearby dates do not establish a repeat.,Dave Gulliver Cabs LTD,Newfoundland and Labrador English School District,2020-09-01,COV-20-870,Student Transportation - School Bus Services,1 Year,ppa/Execptions-January-1st-15th-2021.pdf,https://www.gov.nl.ca/ppa/files/Execptions-January-1st-15th-2021.pdf,7,t1r9,6,Dave Gulliver Cabs LTD,Newfoundland and Labrador English School District,2020-09-01,COV-20-877,Student Transportation - School Bus Services,1 Year,ppa/Execptions-January-1st-15th-2021.pdf,https://www.gov.nl.ca/ppa/files/Execptions-January-1st-15th-2021.pdf,8,t1r6,3
dave gulliver cabs,100000.0,CAD,0,keep both,Different full contract/PO numbers; equal amounts and nearby dates do not establish a repeat.,Dave Gulliver Cabs LTD,Newfoundland and Labrador English School District,2020-09-01,COV-20-870,Student Transportation - School Bus Services,1 Year,ppa/Execptions-January-1st-15th-2021.pdf,https://www.gov.nl.ca/ppa/files/Execptions-January-1st-15th-2021.pdf,7,t1r9,6,Dave Gulliver Cabs LTD,Newfoundland and Labrador English School District,2020-09-01,COV-20-878,Student Transportation - School Bus Services,1 Year,ppa/Execptions-January-1st-15th-2021.pdf,https://www.gov.nl.ca/ppa/files/Execptions-January-1st-15th-2021.pdf,8,t1r7,4
dave gulliver cabs,100000.0,CAD,0,keep both,Different full contract/PO numbers; equal amounts and nearby dates do not establish a repeat.,Dave Gulliver Cabs LTD,Newfoundland and Labrador English School District,2020-09-01,COV-20-870,Student Transportation - School Bus Services,1 Year,ppa/Execptions-January-1st-15th-2021.pdf,https://www.gov.nl.ca/ppa/files/Execptions-January-1st-15th-2021.pdf,7,t1r9,6,Dave Gulliver Cabs LTD,Newfoundland and Labrador English School District,2020-09-01,COV-20-880,Student Transportation - School Bus Services,1 Year,ppa/Execptions-January-1st-15th-2021.pdf,https://www.gov.nl.ca/ppa/files/Execptions-January-1st-15th-2021.pdf,8,t1r8,5
dave gulliver cabs,100000.0,CAD,0,keep both,Different full contract/PO numbers; equal amounts and nearby dates do not establish a repeat.,Dave Gulliver Cabs LTD,Newfoundland and Labrador English School District,2020-09-01,COV-20-870,Student Transportation - School Bus Services,1 Year,ppa/Execptions-January-1st-15th-2021.pdf,https://www.gov.nl.ca/ppa/files/Execptions-January-1st-15th-2021.pdf,7,t1r9,6,Dave Gulliver Cabs LTD,Newfoundland and Labrador English School District,2020-09-01,COV-20-881,Student Transportation - School Bus Services,1 Year,ppa/Execptions-January-1st-15th-2021.pdf,https://www.gov.nl.ca/ppa/files/Execptions-January-1st-15th-2021.pdf,8,t1r9,6
dave gulliver cabs,100000.0,CAD,0,keep both,Different full contract/PO numbers; equal amounts and nearby dates do not establish a repeat.,Dave Gulliver Cabs LTD,Newfoundland and Labrador English School District,2020-09-01,COV-20-870,Student Transportation - School Bus Services,1 Year,ppa/Execptions-January-1st-15th-2021.pdf,https://www.gov.nl.ca/ppa/files/Execptions-January-1st-15th-2021.pdf,7,t1r9,6,Dave Gulliver Cabs LTD,Newfoundland and Labrador English School District,2020-09-01,COV-20-882,Student Transportation - School Bus Services,1 Year,ppa/Execptions-January-1st-15th-2021.pdf,https://www.gov.nl.ca/ppa/files/Execptions-January-1st-15th-2021.pdf,8,t1r10,7
dave gulliver cabs,100000.0,CAD,0,keep both,Different full contract/PO numbers; equal amounts and nearby dates do not establish a repeat.,Dave Gulliver Cabs LTD,Newfoundland and Labrador English School District,2020-09-01,COV-20-871,Student Transportation - School Bus Services,1 Year,ppa/Execptions-January-1st-15th-2021.pdf,https://www.gov.nl.ca/ppa/files/Execptions-January-1st-15th-2021.pdf,7,t1r10,7,Dave Gulliver Cabs LTD,Newfoundland and Labrador English School District,2020-09-01,COV-20-872,Student Transportation - School Bus Services,1 Year,ppa/Execptions-January-1st-15th-2021.pdf,https://www.gov.nl.ca/ppa/files/Execptions-January-1st-15th-2021.pdf,7,t1r11,8
dave gulliver cabs,100000.0,CAD,0,keep both,Different full contract/PO numbers; equal amounts and nearby dates do not establish a repeat.,Dave Gulliver Cabs LTD,Newfoundland and Labrador English School District,2020-09-01,COV-20-871,Student Transportation - School Bus Services,1 Year,ppa/Execptions-January-1st-15th-2021.pdf,https://www.gov.nl.ca/ppa/files/Execptions-January-1st-15th-2021.pdf,7,t1r10,7,Dave Gulliver Cabs LTD,Newfoundland and Labrador English School District,2020-09-01,COV-20-873,Student Transportation - School Bus Services,1 Year,ppa/Execptions-January-1st-15th-2021.pdf,https://www.gov.nl.ca/ppa/files/Execptions-January-1st-15th-2021.pdf,7,t1r12,9
dave gulliver cabs,100000.0,CAD,0,keep both,Different full contract/PO numbers; equal amounts and nearby dates do not establish a repeat.,Dave Gulliver Cabs LTD,Newfoundland and Labrador English School District,2020-09-01,COV-20-871,Student Transportation - School Bus Services,1 Year,ppa/Execptions-January-1st-15th-2021.pdf,https://www.gov.nl.ca/ppa/files/Execptions-January-1st-15th-2021.pdf,7,t1r10,7,Dave Gulliver Cabs LTD,Newfoundland and Labrador English School District,2020-09-01,COV-20-874,Student Transportation - School Bus Services,1 Year,ppa/Execptions-January-1st-15th-2021.pdf,https://www.gov.nl.ca/ppa/files/Execptions-January-1st-15th-2021.pdf,7,t1r13,10
dave gulliver cabs,100000.0,CAD,0,keep both,Different full contract/PO numbers; equal amounts and nearby dates do not establish a repeat.,Dave Gulliver Cabs LTD,Newfoundland and Labrador English School District,2020-09-01,COV-20-871,Student Transportation - School Bus Services,1 Year,ppa/Execptions-January-1st-15th-2021.pdf,https://www.gov.nl.ca/ppa/files/Execptions-January-1st-15th-2021.pdf,7,t1r10,7,Dave Gulliver Cabs LTD,Newfoundland and Labrador English School District,2020-09-01,COV-20-875,Student Transportation - School Bus Services,1 Year,ppa/Execptions-January-1st-15th-2021.pdf,https://www.gov.nl.ca/ppa/files/Execptions-January-1st-15th-2021.pdf,8,t1r4,1
dave gulliver cabs,100000.0,CAD,0,keep both,Different full contract/PO numbers; equal amounts and nearby dates do not establish a repeat.,Dave Gulliver Cabs LTD,Newfoundland and Labrador English School District,2020-09-01,COV-20-871,Student Transportation - School Bus Services,1 Year,ppa/Execptions-January-1st-15th-2021.pdf,https://www.gov.nl.ca/ppa/files/Execptions-January-1st-15th-2021.pdf,7,t1r10,7,Dave Gulliver Cabs LTD,Newfoundland and Labrador English School District,2020-09-01,COV-20-876,Student Transportation - School Bus Services,1 Year,ppa/Execptions-January-1st-15th-2021.pdf,https://www.gov.nl.ca/ppa/files/Execptions-January-1st-15th-2021.pdf,8,t1r5,2
dave gulliver cabs,100000.0,CAD,0,keep both,Different full contract/PO numbers; equal amounts and nearby dates do not establish a repeat.,Dave Gulliver Cabs LTD,Newfoundland and Labrador English School District,2020-09-01,COV-20-871,Student Transportation - School Bus Services,1 Year,ppa/Execptions-January-1st-15th-2021.pdf,https://www.gov.nl.ca/ppa/files/Execptions-January-1st-15th-2021.pdf,7,t1r10,7,Dave Gulliver Cabs LTD,Newfoundland and Labrador English School District,2020-09-01,COV-20-877,Student Transportation - School Bus Services,1 Year,ppa/Execptions-January-1st-15th-2021.pdf,https://www.gov.nl.ca/ppa/files/Execptions-January-1st-15th-2021.pdf,8,t1r6,3
dave gulliver cabs,100000.0,CAD,0,keep both,Different full contract/PO numbers; equal amounts and nearby dates do not establish a repeat.,Dave Gulliver Cabs LTD,Newfoundland and Labrador English School District,2020-09-01,COV-20-871,Student Transportation - School Bus Services,1 Year,ppa/Execptions-January-1st-15th-2021.pdf,https://www.gov.nl.ca/ppa/files/Execptions-January-1st-15th-2021.pdf,7,t1r10,7,Dave Gulliver Cabs LTD,Newfoundland and Labrador English School District,2020-09-01,COV-20-878,Student Transportation - School Bus Services,1 Year,ppa/Execptions-January-1st-15th-2021.pdf,https://www.gov.nl.ca/ppa/files/Execptions-January-1st-15th-2021.pdf,8,t1r7,4
dave gulliver cabs,100000.0,CAD,0,keep both,Different full contract/PO numbers; equal amounts and nearby dates do not establish a repeat.,Dave Gulliver Cabs LTD,Newfoundland and Labrador English School District,2020-09-01,COV-20-871,Student Transportation - School Bus Services,1 Year,ppa/Execptions-January-1st-15th-2021.pdf,https://www.gov.nl.ca/ppa/files/Execptions-January-1st-15th-2021.pdf,7,t1r10,7,Dave Gulliver Cabs LTD,Newfoundland and Labrador English School District,2020-09-01,COV-20-880,Student Transportation - School Bus Services,1 Year,ppa/Execptions-January-1st-15th-2021.pdf,https://www.gov.nl.ca/ppa/files/Execptions-January-1st-15th-2021.pdf,8,t1r8,5
dave gulliver cabs,100000.0,CAD,0,keep both,Different full contract/PO numbers; equal amounts and nearby dates do not establish a repeat.,Dave Gulliver Cabs LTD,Newfoundland and Labrador English School District,2020-09-01,COV-20-871,Student Transportation - School Bus Services,1 Year,ppa/Execptions-January-1st-15th-2021.pdf,https://www.gov.nl.ca/ppa/files/Execptions-January-1st-15th-2021.pdf,7,t1r10,7,Dave Gulliver Cabs LTD,Newfoundland and Labrador English School District,2020-09-01,COV-20-881,Student Transportation - School Bus Services,1 Year,ppa/Execptions-January-1st-15th-2021.pdf,https://www.gov.nl.ca/ppa/files/Execptions-January-1st-15th-2021.pdf,8,t1r9,6
dave gulliver cabs,100000.0,CAD,0,keep both,Different full contract/PO numbers; equal amounts and nearby dates do not establish a repeat.,Dave Gulliver Cabs LTD,Newfoundland and Labrador English School District,2020-09-01,COV-20-871,Student Transportation - School Bus Services,1 Year,ppa/Execptions-January-1st-15th-2021.pdf,https://www.gov.nl.ca/ppa/files/Execptions-January-1st-15th-2021.pdf,7,t1r10,7,Dave Gulliver Cabs LTD,Newfoundland and Labrador English School District,2020-09-01,COV-20-882,Student Transportation - School Bus Services,1 Year,ppa/Execptions-January-1st-15th-2021.pdf,https://www.gov.nl.ca/ppa/files/Execptions-January-1st-15th-2021.pdf,8,t1r10,7
dave gulliver cabs,100000.0,CAD,0,keep both,Different full contract/PO numbers; equal amounts and nearby dates do not establish a repeat.,Dave Gulliver Cabs LTD,Newfoundland and Labrador English School District,2020-09-01,COV-20-872,Student Transportation - School Bus Services,1 Year,ppa/Execptions-January-1st-15th-2021.pdf,https://www.gov.nl.ca/ppa/files/Execptions-January-1st-15th-2021.pdf,7,t1r11,8,Dave Gulliver Cabs LTD,Newfoundland and Labrador English School District,2020-09-01,COV-20-873,Student Transportation - School Bus Services,1 Year,ppa/Execptions-January-1st-15th-2021.pdf,https://www.gov.nl.ca/ppa/files/Execptions-January-1st-15th-2021.pdf,7,t1r12,9
dave gulliver cabs,100000.0,CAD,0,keep both,Different full contract/PO numbers; equal amounts and nearby dates do not establish a repeat.,Dave Gulliver Cabs LTD,Newfoundland and Labrador English School District,2020-09-01,COV-20-872,Student Transportation - School Bus Services,1 Year,ppa/Execptions-January-1st-15th-2021.pdf,https://www.gov.nl.ca/ppa/files/Execptions-January-1st-15th-2021.pdf,7,t1r11,8,Dave Gulliver Cabs LTD,Newfoundland and Labrador English School District,2020-09-01,COV-20-874,Student Transportation - School Bus Services,1 Year,ppa/Execptions-January-1st-15th-2021.pdf,https://www.gov.nl.ca/ppa/files/Execptions-January-1st-15th-2021.pdf,7,t1r13,10
dave gulliver cabs,100000.0,CAD,0,keep both,Different full contract/PO numbers; equal amounts and nearby dates do not establish a repeat.,Dave Gulliver Cabs LTD,Newfoundland and Labrador English School District,2020-09-01,COV-20-872,Student Transportation - School Bus Services,1 Year,ppa/Execptions-January-1st-15th-2021.pdf,https://www.gov.nl.ca/ppa/files/Execptions-January-1st-15th-2021.pdf,7,t1r11,8,Dave Gulliver Cabs LTD,Newfoundland and Labrador English School District,2020-09-01,COV-20-875,Student Transportation - School Bus Services,1 Year,ppa/Execptions-January-1st-15th-2021.pdf,https://www.gov.nl.ca/ppa/files/Execptions-January-1st-15th-2021.pdf,8,t1r4,1
dave gulliver cabs,100000.0,CAD,0,keep both,Different full contract/PO numbers; equal amounts and nearby dates do not establish a repeat.,Dave Gulliver Cabs LTD,Newfoundland and Labrador English School District,2020-09-01,COV-20-872,Student Transportation - School Bus Services,1 Year,ppa/Execptions-January-1st-15th-2021.pdf,https://www.gov.nl.ca/ppa/files/Execptions-January-1st-15th-2021.pdf,7,t1r11,8,Dave Gulliver Cabs LTD,Newfoundland and Labrador English School District,2020-09-01,COV-20-876,Student Transportation - School Bus Services,1 Year,ppa/Execptions-January-1st-15th-2021.pdf,https://www.gov.nl.ca/ppa/files/Execptions-January-1st-15th-2021.pdf,8,t1r5,2
dave gulliver cabs,100000.0,CAD,0,keep both,Different full contract/PO numbers; equal amounts and nearby dates do not establish a repeat.,Dave Gulliver Cabs LTD,Newfoundland and Labrador English School District,2020-09-01,COV-20-872,Student Transportation - School Bus Services,1 Year,ppa/Execptions-January-1st-15th-2021.pdf,https://www.gov.nl.ca/ppa/files/Execptions-January-1st-15th-2021.pdf,7,t1r11,8,Dave Gulliver Cabs LTD,Newfoundland and Labrador English School District,2020-09-01,COV-20-877,Student Transportation - School Bus Services,1 Year,ppa/Execptions-January-1st-15th-2021.pdf,https://www.gov.nl.ca/ppa/files/Execptions-January-1st-15th-2021.pdf,8,t1r6,3
dave gulliver cabs,100000.0,CAD,0,keep both,Different full contract/PO numbers; equal amounts and nearby dates do not establish a repeat.,Dave Gulliver Cabs LTD,Newfoundland and Labrador English School District,2020-09-01,COV-20-872,Student Transportation - School Bus Services,1 Year,ppa/Execptions-January-1st-15th-2021.pdf,https://www.gov.nl.ca/ppa/files/Execptions-January-1st-15th-2021.pdf,7,t1r11,8,Dave Gulliver Cabs LTD,Newfoundland and Labrador English School District,2020-09-01,COV-20-878,Student Transportation - School Bus Services,1 Year,ppa/Execptions-January-1st-15th-2021.pdf,https://www.gov.nl.ca/ppa/files/Execptions-January-1st-15th-2021.pdf,8,t1r7,4
dave gulliver cabs,100000.0,CAD,0,keep both,Different full contract/PO numbers; equal amounts and nearby dates do not establish a repeat.,Dave Gulliver Cabs LTD,Newfoundland and Labrador English School District,2020-09-01,COV-20-872,Student Transportation - School Bus Services,1 Year,ppa/Execptions-January-1st-15th-2021.pdf,https://www.gov.nl.ca/ppa/files/Execptions-January-1st-15th-2021.pdf,7,t1r11,8,Dave Gulliver Cabs LTD,Newfoundland and Labrador English School District,2020-09-01,COV-20-880,Student Transportation - School Bus Services,1 Year,ppa/Execptions-January-1st-15th-2021.pdf,https://www.gov.nl.ca/ppa/files/Execptions-January-1st-15th-2021.pdf,8,t1r8,5
dave gulliver cabs,100000.0,CAD,0,keep both,Different full contract/PO numbers; equal amounts and nearby dates do not establish a repeat.,Dave Gulliver Cabs LTD,Newfoundland and Labrador English School District,2020-09-01,COV-20-872,Student Transportation - School Bus Services,1 Year,ppa/Execptions-January-1st-15th-2021.pdf,https://www.gov.nl.ca/ppa/files/Execptions-January-1st-15th-2021.pdf,7,t1r11,8,Dave Gulliver Cabs LTD,Newfoundland and Labrador English School District,2020-09-01,COV-20-881,Student Transportation - School Bus Services,1 Year,ppa/Execptions-January-1st-15th-2021.pdf,https://www.gov.nl.ca/ppa/files/Execptions-January-1st-15th-2021.pdf,8,t1r9,6
dave gulliver cabs,100000.0,CAD,0,keep both,Different full contract/PO numbers; equal amounts and nearby dates do not establish a repeat.,Dave Gulliver Cabs LTD,Newfoundland and Labrador English School District,2020-09-01,COV-20-872,Student Transportation - School Bus Services,1 Year,ppa/Execptions-January-1st-15th-2021.pdf,https://www.gov.nl.ca/ppa/files/Execptions-January-1st-15th-2021.pdf,7,t1r11,8,Dave Gulliver Cabs LTD,Newfoundland and Labrador English School District,2020-09-01,COV-20-882,Student Transportation - School Bus Services,1 Year,ppa/Execptions-January-1st-15th-2021.pdf,https://www.gov.nl.ca/ppa/files/Execptions-January-1st-15th-2021.pdf,8,t1r10,7
dave gulliver cabs,100000.0,CAD,0,keep both,Different full contract/PO numbers; equal amounts and nearby dates do not establish a repeat.,Dave Gulliver Cabs LTD,Newfoundland and Labrador English School District,2020-09-01,COV-20-873,Student Transportation - School Bus Services,1 Year,ppa/Execptions-January-1st-15th-2021.pdf,https://www.gov.nl.ca/ppa/files/Execptions-January-1st-15th-2021.pdf,7,t1r12,9,Dave Gulliver Cabs LTD,Newfoundland and Labrador English School District,2020-09-01,COV-20-874,Student Transportation - School Bus Services,1 Year,ppa/Execptions-January-1st-15th-2021.pdf,https://www.gov.nl.ca/ppa/files/Execptions-January-1st-15th-2021.pdf,7,t1r13,10
dave gulliver cabs,100000.0,CAD,0,keep both,Different full contract/PO numbers; equal amounts and nearby dates do not establish a repeat.,Dave Gulliver Cabs LTD,Newfoundland and Labrador English School District,2020-09-01,COV-20-873,Student Transportation - School Bus Services,1 Year,ppa/Execptions-January-1st-15th-2021.pdf,https://www.gov.nl.ca/ppa/files/Execptions-January-1st-15th-2021.pdf,7,t1r12,9,Dave Gulliver Cabs LTD,Newfoundland and Labrador English School District,2020-09-01,COV-20-875,Student Transportation - School Bus Services,1 Year,ppa/Execptions-January-1st-15th-2021.pdf,https://www.gov.nl.ca/ppa/files/Execptions-January-1st-15th-2021.pdf,8,t1r4,1
dave gulliver cabs,100000.0,CAD,0,keep both,Different full contract/PO numbers; equal amounts and nearby dates do not establish a repeat.,Dave Gulliver Cabs LTD,Newfoundland and Labrador English School District,2020-09-01,COV-20-873,Student Transportation - School Bus Services,1 Year,ppa/Execptions-January-1st-15th-2021.pdf,https://www.gov.nl.ca/ppa/files/Execptions-January-1st-15th-2021.pdf,7,t1r12,9,Dave Gulliver Cabs LTD,Newfoundland and Labrador English School District,2020-09-01,COV-20-876,Student Transportation - School Bus Services,1 Year,ppa/Execptions-January-1st-15th-2021.pdf,https://www.gov.nl.ca/ppa/files/Execptions-January-1st-15th-2021.pdf,8,t1r5,2
dave gulliver cabs,100000.0,CAD,0,keep both,Different full contract/PO numbers; equal amounts and nearby dates do not establish a repeat.,Dave Gulliver Cabs LTD,Newfoundland and Labrador English School District,2020-09-01,COV-20-873,Student Transportation - School Bus Services,1 Year,ppa/Execptions-January-1st-15th-2021.pdf,https://www.gov.nl.ca/ppa/files/Execptions-January-1st-15th-2021.pdf,7,t1r12,9,Dave Gulliver Cabs LTD,Newfoundland and Labrador English School District,2020-09-01,COV-20-877,Student Transportation - School Bus Services,1 Year,ppa/Execptions-January-1st-15th-2021.pdf,https://www.gov.nl.ca/ppa/files/Execptions-January-1st-15th-2021.pdf,8,t1r6,3
dave gulliver cabs,100000.0,CAD,0,keep both,Different full contract/PO numbers; equal amounts and nearby dates do not establish a repeat.,Dave Gulliver Cabs LTD,Newfoundland and Labrador English School District,2020-09-01,COV-20-873,Student Transportation - School Bus Services,1 Year,ppa/Execptions-January-1st-15th-2021.pdf,https://www.gov.nl.ca/ppa/files/Execptions-January-1st-15th-2021.pdf,7,t1r12,9,Dave Gulliver Cabs LTD,Newfoundland and Labrador English School District,2020-09-01,COV-20-878,Student Transportation - School Bus Services,1 Year,ppa/Execptions-January-1st-15th-2021.pdf,https://www.gov.nl.ca/ppa/files/Execptions-January-1st-15th-2021.pdf,8,t1r7,4
dave gulliver cabs,100000.0,CAD,0,keep both,Different full contract/PO numbers; equal amounts and nearby dates do not establish a repeat.,Dave Gulliver Cabs LTD,Newfoundland and Labrador English School District,2020-09-01,COV-20-873,Student Transportation - School Bus Services,1 Year,ppa/Execptions-January-1st-15th-2021.pdf,https://www.gov.nl.ca/ppa/files/Execptions-January-1st-15th-2021.pdf,7,t1r12,9,Dave Gulliver Cabs LTD,Newfoundland and Labrador English School District,2020-09-01,COV-20-880,Student Transportation - School Bus Services,1 Year,ppa/Execptions-January-1st-15th-2021.pdf,https://www.gov.nl.ca/ppa/files/Execptions-January-1st-15th-2021.pdf,8,t1r8,5
dave gulliver cabs,100000.0,CAD,0,keep both,Different full contract/PO numbers; equal amounts and nearby dates do not establish a repeat.,Dave Gulliver Cabs LTD,Newfoundland and Labrador English School District,2020-09-01,COV-20-873,Student Transportation - School Bus Services,1 Year,ppa/Execptions-January-1st-15th-2021.pdf,https://www.gov.nl.ca/ppa/files/Execptions-January-1st-15th-2021.pdf,7,t1r12,9,Dave Gulliver Cabs LTD,Newfoundland and Labrador English School District,2020-09-01,COV-20-881,Student Transportation - School Bus Services,1 Year,ppa/Execptions-January-1st-15th-2021.pdf,https://www.gov.nl.ca/ppa/files/Execptions-January-1st-15th-2021.pdf,8,t1r9,6
dave gulliver cabs,100000.0,CAD,0,keep both,Different full contract/PO numbers; equal amounts and nearby dates do not establish a repeat.,Dave Gulliver Cabs LTD,Newfoundland and Labrador English School District,2020-09-01,COV-20-873,Student Transportation - School Bus Services,1 Year,ppa/Execptions-January-1st-15th-2021.pdf,https://www.gov.nl.ca/ppa/files/Execptions-January-1st-15th-2021.pdf,7,t1r12,9,Dave Gulliver Cabs LTD,Newfoundland and Labrador English School District,2020-09-01,COV-20-882,Student Transportation - School Bus Services,1 Year,ppa/Execptions-January-1st-15th-2021.pdf,https://www.gov.nl.ca/ppa/files/Execptions-January-1st-15th-2021.pdf,8,t1r10,7
dave gulliver cabs,100000.0,CAD,0,keep both,Different full contract/PO numbers; equal amounts and nearby dates do not establish a repeat.,Dave Gulliver Cabs LTD,Newfoundland and Labrador English School District,2020-09-01,COV-20-874,Student Transportation - School Bus Services,1 Year,ppa/Execptions-January-1st-15th-2021.pdf,https://www.gov.nl.ca/ppa/files/Execptions-January-1st-15th-2021.pdf,7,t1r13,10,Dave Gulliver Cabs LTD,Newfoundland and Labrador English School District,2020-09-01,COV-20-875,Student Transportation - School Bus Services,1 Year,ppa/Execptions-January-1st-15th-2021.pdf,https://www.gov.nl.ca/ppa/files/Execptions-January-1st-15th-2021.pdf,8,t1r4,1
dave gulliver cabs,100000.0,CAD,0,keep both,Different full contract/PO numbers; equal amounts and nearby dates do not establish a repeat.,Dave Gulliver Cabs LTD,Newfoundland and Labrador English School District,2020-09-01,COV-20-874,Student Transportation - School Bus Services,1 Year,ppa/Execptions-January-1st-15th-2021.pdf,https://www.gov.nl.ca/ppa/files/Execptions-January-1st-15th-2021.pdf,7,t1r13,10,Dave Gulliver Cabs LTD,Newfoundland and Labrador English School District,2020-09-01,COV-20-876,Student Transportation - School Bus Services,1 Year,ppa/Execptions-January-1st-15th-2021.pdf,https://www.gov.nl.ca/ppa/files/Execptions-January-1st-15th-2021.pdf,8,t1r5,2
dave gulliver cabs,100000.0,CAD,0,keep both,Different full contract/PO numbers; equal amounts and nearby dates do not establish a repeat.,Dave Gulliver Cabs LTD,Newfoundland and Labrador English School District,2020-09-01,COV-20-874,Student Transportation - School Bus Services,1 Year,ppa/Execptions-January-1st-15th-2021.pdf,https://www.gov.nl.ca/ppa/files/Execptions-January-1st-15th-2021.pdf,7,t1r13,10,Dave Gulliver Cabs LTD,Newfoundland and Labrador English School District,2020-09-01,COV-20-877,Student Transportation - School Bus Services,1 Year,ppa/Execptions-January-1st-15th-2021.pdf,https://www.gov.nl.ca/ppa/files/Execptions-January-1st-15th-2021.pdf,8,t1r6,3
dave gulliver cabs,100000.0,CAD,0,keep both,Different full contract/PO numbers; equal amounts and nearby dates do not establish a repeat.,Dave Gulliver Cabs LTD,Newfoundland and Labrador English School District,2020-09-01,COV-20-874,Student Transportation - School Bus Services,1 Year,ppa/Execptions-January-1st-15th-2021.pdf,https://www.gov.nl.ca/ppa/files/Execptions-January-1st-15th-2021.pdf,7,t1r13,10,Dave Gulliver Cabs LTD,Newfoundland and Labrador English School District,2020-09-01,COV-20-878,Student Transportation - School Bus Services,1 Year,ppa/Execptions-January-1st-15th-2021.pdf,https://www.gov.nl.ca/ppa/files/Execptions-January-1st-15th-2021.pdf,8,t1r7,4
dave gulliver cabs,100000.0,CAD,0,keep both,Different full contract/PO numbers; equal amounts and nearby dates do not establish a repeat.,Dave Gulliver Cabs LTD,Newfoundland and Labrador English School District,2020-09-01,COV-20-874,Student Transportation - School Bus Services,1 Year,ppa/Execptions-January-1st-15th-2021.pdf,https://www.gov.nl.ca/ppa/files/Execptions-January-1st-15th-2021.pdf,7,t1r13,10,Dave Gulliver Cabs LTD,Newfoundland and Labrador English School District,2020-09-01,COV-20-880,Student Transportation - School Bus Services,1 Year,ppa/Execptions-January-1st-15th-2021.pdf,https://www.gov.nl.ca/ppa/files/Execptions-January-1st-15th-2021.pdf,8,t1r8,5
dave gulliver cabs,100000.0,CAD,0,keep both,Different full contract/PO numbers; equal amounts and nearby dates do not establish a repeat.,Dave Gulliver Cabs LTD,Newfoundland and Labrador English School District,2020-09-01,COV-20-874,Student Transportation - School Bus Services,1 Year,ppa/Execptions-January-1st-15th-2021.pdf,https://www.gov.nl.ca/ppa/files/Execptions-January-1st-15th-2021.pdf,7,t1r13,10,Dave Gulliver Cabs LTD,Newfoundland and Labrador English School District,2020-09-01,COV-20-881,Student Transportation - School Bus Services,1 Year,ppa/Execptions-January-1st-15th-2021.pdf,https://www.gov.nl.ca/ppa/files/Execptions-January-1st-15th-2021.pdf,8,t1r9,6
dave gulliver cabs,100000.0,CAD,0,keep both,Different full contract/PO numbers; equal amounts and nearby dates do not establish a repeat.,Dave Gulliver Cabs LTD,Newfoundland and Labrador English School District,2020-09-01,COV-20-874,Student Transportation - School Bus Services,1 Year,ppa/Execptions-January-1st-15th-2021.pdf,https://www.gov.nl.ca/ppa/files/Execptions-January-1st-15th-2021.pdf,7,t1r13,10,Dave Gulliver Cabs LTD,Newfoundland and Labrador English School District,2020-09-01,COV-20-882,Student Transportation - School Bus Services,1 Year,ppa/Execptions-January-1st-15th-2021.pdf,https://www.gov.nl.ca/ppa/files/Execptions-January-1st-15th-2021.pdf,8,t1r10,7
dave gulliver cabs,100000.0,CAD,0,keep both,Different full contract/PO numbers; equal amounts and nearby dates do not establish a repeat.,Dave Gulliver Cabs LTD,Newfoundland and Labrador English School District,2020-09-01,COV-20-875,Student Transportation - School Bus Services,1 Year,ppa/Execptions-January-1st-15th-2021.pdf,https://www.gov.nl.ca/ppa/files/Execptions-January-1st-15th-2021.pdf,8,t1r4,1,Dave Gulliver Cabs LTD,Newfoundland and Labrador English School District,2020-09-01,COV-20-876,Student Transportation - School Bus Services,1 Year,ppa/Execptions-January-1st-15th-2021.pdf,https://www.gov.nl.ca/ppa/files/Execptions-January-1st-15th-2021.pdf,8,t1r5,2
dave gulliver cabs,100000.0,CAD,0,keep both,Different full contract/PO numbers; equal amounts and nearby dates do not establish a repeat.,Dave Gulliver Cabs LTD,Newfoundland and Labrador English School District,2020-09-01,COV-20-875,Student Transportation - School Bus Services,1 Year,ppa/Execptions-January-1st-15th-2021.pdf,https://www.gov.nl.ca/ppa/files/Execptions-January-1st-15th-2021.pdf,8,t1r4,1,Dave Gulliver Cabs LTD,Newfoundland and Labrador English School District,2020-09-01,COV-20-877,Student Transportation - School Bus Services,1 Year,ppa/Execptions-January-1st-15th-2021.pdf,https://www.gov.nl.ca/ppa/files/Execptions-January-1st-15th-2021.pdf,8,t1r6,3
dave gulliver cabs,100000.0,CAD,0,keep both,Different full contract/PO numbers; equal amounts and nearby dates do not establish a repeat.,Dave Gulliver Cabs LTD,Newfoundland and Labrador English School District,2020-09-01,COV-20-875,Student Transportation - School Bus Services,1 Year,ppa/Execptions-January-1st-15th-2021.pdf,https://www.gov.nl.ca/ppa/files/Execptions-January-1st-15th-2021.pdf,8,t1r4,1,Dave Gulliver Cabs LTD,Newfoundland and Labrador English School District,2020-09-01,COV-20-878,Student Transportation - School Bus Services,1 Year,ppa/Execptions-January-1st-15th-2021.pdf,https://www.gov.nl.ca/ppa/files/Execptions-January-1st-15th-2021.pdf,8,t1r7,4
dave gulliver cabs,100000.0,CAD,0,keep both,Different full contract/PO numbers; equal amounts and nearby dates do not establish a repeat.,Dave Gulliver Cabs LTD,Newfoundland and Labrador English School District,2020-09-01,COV-20-875,Student Transportation - School Bus Services,1 Year,ppa/Execptions-January-1st-15th-2021.pdf,https://www.gov.nl.ca/ppa/files/Execptions-January-1st-15th-2021.pdf,8,t1r4,1,Dave Gulliver Cabs LTD,Newfoundland and Labrador English School District,2020-09-01,COV-20-880,Student Transportation - School Bus Services,1 Year,ppa/Execptions-January-1st-15th-2021.pdf,https://www.gov.nl.ca/ppa/files/Execptions-January-1st-15th-2021.pdf,8,t1r8,5
dave gulliver cabs,100000.0,CAD,0,keep both,Different full contract/PO numbers; equal amounts and nearby dates do not establish a repeat.,Dave Gulliver Cabs LTD,Newfoundland and Labrador English School District,2020-09-01,COV-20-875,Student Transportation - School Bus Services,1 Year,ppa/Execptions-January-1st-15th-2021.pdf,https://www.gov.nl.ca/ppa/files/Execptions-January-1st-15th-2021.pdf,8,t1r4,1,Dave Gulliver Cabs LTD,Newfoundland and Labrador English School District,2020-09-01,COV-20-881,Student Transportation - School Bus Services,1 Year,ppa/Execptions-January-1st-15th-2021.pdf,https://www.gov.nl.ca/ppa/files/Execptions-January-1st-15th-2021.pdf,8,t1r9,6
dave gulliver cabs,100000.0,CAD,0,keep both,Different full contract/PO numbers; equal amounts and nearby dates do not establish a repeat.,Dave Gulliver Cabs LTD,Newfoundland and Labrador English School District,2020-09-01,COV-20-875,Student Transportation - School Bus Services,1 Year,ppa/Execptions-January-1st-15th-2021.pdf,https://www.gov.nl.ca/ppa/files/Execptions-January-1st-15th-2021.pdf,8,t1r4,1,Dave Gulliver Cabs LTD,Newfoundland and Labrador English School District,2020-09-01,COV-20-882,Student Transportation - School Bus Services,1 Year,ppa/Execptions-January-1st-15th-2021.pdf,https://www.gov.nl.ca/ppa/files/Execptions-January-1st-15th-2021.pdf,8,t1r10,7
dave gulliver cabs,100000.0,CAD,0,keep both,Different full contract/PO numbers; equal amounts and nearby dates do not establish a repeat.,Dave Gulliver Cabs LTD,Newfoundland and Labrador English School District,2020-09-01,COV-20-876,Student Transportation - School Bus Services,1 Year,ppa/Execptions-January-1st-15th-2021.pdf,https://www.gov.nl.ca/ppa/files/Execptions-January-1st-15th-2021.pdf,8,t1r5,2,Dave Gulliver Cabs LTD,Newfoundland and Labrador English School District,2020-09-01,COV-20-877,Student Transportation - School Bus Services,1 Year,ppa/Execptions-January-1st-15th-2021.pdf,https://www.gov.nl.ca/ppa/files/Execptions-January-1st-15th-2021.pdf,8,t1r6,3
dave gulliver cabs,100000.0,CAD,0,keep both,Different full contract/PO numbers; equal amounts and nearby dates do not establish a repeat.,Dave Gulliver Cabs LTD,Newfoundland and Labrador English School District,2020-09-01,COV-20-876,Student Transportation - School Bus Services,1 Year,ppa/Execptions-January-1st-15th-2021.pdf,https://www.gov.nl.ca/ppa/files/Execptions-January-1st-15th-2021.pdf,8,t1r5,2,Dave Gulliver Cabs LTD,Newfoundland and Labrador English School District,2020-09-01,COV-20-878,Student Transportation - School Bus Services,1 Year,ppa/Execptions-January-1st-15th-2021.pdf,https://www.gov.nl.ca/ppa/files/Execptions-January-1st-15th-2021.pdf,8,t1r7,4
dave gulliver cabs,100000.0,CAD,0,keep both,Different full contract/PO numbers; equal amounts and nearby dates do not establish a repeat.,Dave Gulliver Cabs LTD,Newfoundland and Labrador English School District,2020-09-01,COV-20-876,Student Transportation - School Bus Services,1 Year,ppa/Execptions-January-1st-15th-2021.pdf,https://www.gov.nl.ca/ppa/files/Execptions-January-1st-15th-2021.pdf,8,t1r5,2,Dave Gulliver Cabs LTD,Newfoundland and Labrador English School District,2020-09-01,COV-20-880,Student Transportation - School Bus Services,1 Year,ppa/Execptions-January-1st-15th-2021.pdf,https://www.gov.nl.ca/ppa/files/Execptions-January-1st-15th-2021.pdf,8,t1r8,5
dave gulliver cabs,100000.0,CAD,0,keep both,Different full contract/PO numbers; equal amounts and nearby dates do not establish a repeat.,Dave Gulliver Cabs LTD,Newfoundland and Labrador English School District,2020-09-01,COV-20-876,Student Transportation - School Bus Services,1 Year,ppa/Execptions-January-1st-15th-2021.pdf,https://www.gov.nl.ca/ppa/files/Execptions-January-1st-15th-2021.pdf,8,t1r5,2,Dave Gulliver Cabs LTD,Newfoundland and Labrador English School District,2020-09-01,COV-20-881,Student Transportation - School Bus Services,1 Year,ppa/Execptions-January-1st-15th-2021.pdf,https://www.gov.nl.ca/ppa/files/Execptions-January-1st-15th-2021.pdf,8,t1r9,6
dave gulliver cabs,100000.0,CAD,0,keep both,Different full contract/PO numbers; equal amounts and nearby dates do not establish a repeat.,Dave Gulliver Cabs LTD,Newfoundland and Labrador English School District,2020-09-01,COV-20-876,Student Transportation - School Bus Services,1 Year,ppa/Execptions-January-1st-15th-2021.pdf,https://www.gov.nl.ca/ppa/files/Execptions-January-1st-15th-2021.pdf,8,t1r5,2,Dave Gulliver Cabs LTD,Newfoundland and Labrador English School District,2020-09-01,COV-20-882,Student Transportation - School Bus Services,1 Year,ppa/Execptions-January-1st-15th-2021.pdf,https://www.gov.nl.ca/ppa/files/Execptions-January-1st-15th-2021.pdf,8,t1r10,7
dave gulliver cabs,100000.0,CAD,0,keep both,Different full contract/PO numbers; equal amounts and nearby dates do not establish a repeat.,Dave Gulliver Cabs LTD,Newfoundland and Labrador English School District,2020-09-01,COV-20-877,Student Transportation - School Bus Services,1 Year,ppa/Execptions-January-1st-15th-2021.pdf,https://www.gov.nl.ca/ppa/files/Execptions-January-1st-15th-2021.pdf,8,t1r6,3,Dave Gulliver Cabs LTD,Newfoundland and Labrador English School District,2020-09-01,COV-20-878,Student Transportation - School Bus Services,1 Year,ppa/Execptions-January-1st-15th-2021.pdf,https://www.gov.nl.ca/ppa/files/Execptions-January-1st-15th-2021.pdf,8,t1r7,4
dave gulliver cabs,100000.0,CAD,0,keep both,Different full contract/PO numbers; equal amounts and nearby dates do not establish a repeat.,Dave Gulliver Cabs LTD,Newfoundland and Labrador English School District,2020-09-01,COV-20-877,Student Transportation - School Bus Services,1 Year,ppa/Execptions-January-1st-15th-2021.pdf,https://www.gov.nl.ca/ppa/files/Execptions-January-1st-15th-2021.pdf,8,t1r6,3,Dave Gulliver Cabs LTD,Newfoundland and Labrador English School District,2020-09-01,COV-20-880,Student Transportation - School Bus Services,1 Year,ppa/Execptions-January-1st-15th-2021.pdf,https://www.gov.nl.ca/ppa/files/Execptions-January-1st-15th-2021.pdf,8,t1r8,5
dave gulliver cabs,100000.0,CAD,0,keep both,Different full contract/PO numbers; equal amounts and nearby dates do not establish a repeat.,Dave Gulliver Cabs LTD,Newfoundland and Labrador English School District,2020-09-01,COV-20-877,Student Transportation - School Bus Services,1 Year,ppa/Execptions-January-1st-15th-2021.pdf,https://www.gov.nl.ca/ppa/files/Execptions-January-1st-15th-2021.pdf,8,t1r6,3,Dave Gulliver Cabs LTD,Newfoundland and Labrador English School District,2020-09-01,COV-20-881,Student Transportation - School Bus Services,1 Year,ppa/Execptions-January-1st-15th-2021.pdf,https://www.gov.nl.ca/ppa/files/Execptions-January-1st-15th-2021.pdf,8,t1r9,6
dave gulliver cabs,100000.0,CAD,0,keep both,Different full contract/PO numbers; equal amounts and nearby dates do not establish a repeat.,Dave Gulliver Cabs LTD,Newfoundland and Labrador English School District,2020-09-01,COV-20-877,Student Transportation - School Bus Services,1 Year,ppa/Execptions-January-1st-15th-2021.pdf,https://www.gov.nl.ca/ppa/files/Execptions-January-1st-15th-2021.pdf,8,t1r6,3,Dave Gulliver Cabs LTD,Newfoundland and Labrador English School District,2020-09-01,COV-20-882,Student Transportation - School Bus Services,1 Year,ppa/Execptions-January-1st-15th-2021.pdf,https://www.gov.nl.ca/ppa/files/Execptions-January-1st-15th-2021.pdf,8,t1r10,7
dave gulliver cabs,100000.0,CAD,0,keep both,Different full contract/PO numbers; equal amounts and nearby dates do not establish a repeat.,Dave Gulliver Cabs LTD,Newfoundland and Labrador English School District,2020-09-01,COV-20-878,Student Transportation - School Bus Services,1 Year,ppa/Execptions-January-1st-15th-2021.pdf,https://www.gov.nl.ca/ppa/files/Execptions-January-1st-15th-2021.pdf,8,t1r7,4,Dave Gulliver Cabs LTD,Newfoundland and Labrador English School District,2020-09-01,COV-20-880,Student Transportation - School Bus Services,1 Year,ppa/Execptions-January-1st-15th-2021.pdf,https://www.gov.nl.ca/ppa/files/Execptions-January-1st-15th-2021.pdf,8,t1r8,5
dave gulliver cabs,100000.0,CAD,0,keep both,Different full contract/PO numbers; equal amounts and nearby dates do not establish a repeat.,Dave Gulliver Cabs LTD,Newfoundland and Labrador English School District,2020-09-01,COV-20-878,Student Transportation - School Bus Services,1 Year,ppa/Execptions-January-1st-15th-2021.pdf,https://www.gov.nl.ca/ppa/files/Execptions-January-1st-15th-2021.pdf,8,t1r7,4,Dave Gulliver Cabs LTD,Newfoundland and Labrador English School District,2020-09-01,COV-20-881,Student Transportation - School Bus Services,1 Year,ppa/Execptions-January-1st-15th-2021.pdf,https://www.gov.nl.ca/ppa/files/Execptions-January-1st-15th-2021.pdf,8,t1r9,6
dave gulliver cabs,100000.0,CAD,0,keep both,Different full contract/PO numbers; equal amounts and nearby dates do not establish a repeat.,Dave Gulliver Cabs LTD,Newfoundland and Labrador English School District,2020-09-01,COV-20-878,Student Transportation - School Bus Services,1 Year,ppa/Execptions-January-1st-15th-2021.pdf,https://www.gov.nl.ca/ppa/files/Execptions-January-1st-15th-2021.pdf,8,t1r7,4,Dave Gulliver Cabs LTD,Newfoundland and Labrador English School District,2020-09-01,COV-20-882,Student Transportation - School Bus Services,1 Year,ppa/Execptions-January-1st-15th-2021.pdf,https://www.gov.nl.ca/ppa/files/Execptions-January-1st-15th-2021.pdf,8,t1r10,7
dave gulliver cabs,100000.0,CAD,0,keep both,Different full contract/PO numbers; equal amounts and nearby dates do not establish a repeat.,Dave Gulliver Cabs LTD,Newfoundland and Labrador English School District,2020-09-01,COV-20-880,Student Transportation - School Bus Services,1 Year,ppa/Execptions-January-1st-15th-2021.pdf,https://www.gov.nl.ca/ppa/files/Execptions-January-1st-15th-2021.pdf,8,t1r8,5,Dave Gulliver Cabs LTD,Newfoundland and Labrador English School District,2020-09-01,COV-20-881,Student Transportation - School Bus Services,1 Year,ppa/Execptions-January-1st-15th-2021.pdf,https://www.gov.nl.ca/ppa/files/Execptions-January-1st-15th-2021.pdf,8,t1r9,6
dave gulliver cabs,100000.0,CAD,0,keep both,Different full contract/PO numbers; equal amounts and nearby dates do not establish a repeat.,Dave Gulliver Cabs LTD,Newfoundland and Labrador English School District,2020-09-01,COV-20-880,Student Transportation - School Bus Services,1 Year,ppa/Execptions-January-1st-15th-2021.pdf,https://www.gov.nl.ca/ppa/files/Execptions-January-1st-15th-2021.pdf,8,t1r8,5,Dave Gulliver Cabs LTD,Newfoundland and Labrador English School District,2020-09-01,COV-20-882,Student Transportation - School Bus Services,1 Year,ppa/Execptions-January-1st-15th-2021.pdf,https://www.gov.nl.ca/ppa/files/Execptions-January-1st-15th-2021.pdf,8,t1r10,7
dave gulliver cabs,100000.0,CAD,0,keep both,Different full contract/PO numbers; equal amounts and nearby dates do not establish a repeat.,Dave Gulliver Cabs LTD,Newfoundland and Labrador English School District,2020-09-01,COV-20-881,Student Transportation - School Bus Services,1 Year,ppa/Execptions-January-1st-15th-2021.pdf,https://www.gov.nl.ca/ppa/files/Execptions-January-1st-15th-2021.pdf,8,t1r9,6,Dave Gulliver Cabs LTD,Newfoundland and Labrador English School District,2020-09-01,COV-20-882,Student Transportation - School Bus Services,1 Year,ppa/Execptions-January-1st-15th-2021.pdf,https://www.gov.nl.ca/ppa/files/Execptions-January-1st-15th-2021.pdf,8,t1r10,7
dave gulliver cabs,200000.0,CAD,0,keep both,Different full contract/PO numbers; equal amounts and nearby dates do not establish a repeat.,Dave Gulliver Cabs LTD,Newfoundland and Labrador English School District,2020-09-01,COV-20-822,Student Transportation - School Bus Services,1 Year,ppa/Execptions-January-1st-15th-2021.pdf,https://www.gov.nl.ca/ppa/files/Execptions-January-1st-15th-2021.pdf,3,t1r10,7,Dave Gulliver Cabs LTD,Newfoundland and Labrador English School District,2020-09-01,COV-20-823,Student Transportation - School Bus Services,1 Year,ppa/Execptions-January-1st-15th-2021.pdf,https://www.gov.nl.ca/ppa/files/Execptions-January-1st-15th-2021.pdf,3,t1r11,8
dave gulliver cabs,300000.0,CAD,0,keep both,Different full contract/PO numbers; equal amounts and nearby dates do not establish a repeat.,Dave Gulliver Cabs LTD,Newfoundland and Labrador English School District,2020-09-01,COV-20-825,Student Transportation - School Bus Services,1 Year,ppa/Execptions-January-1st-15th-2021.pdf,https://www.gov.nl.ca/ppa/files/Execptions-January-1st-15th-2021.pdf,3,t1r13,10,Dave Gulliver Cabs LTD,Newfoundland and Labrador English School District,2020-09-01,COV-20-826,Student Transportation - School Bus Services,1 Year,ppa/Execptions-January-1st-15th-2021.pdf,https://www.gov.nl.ca/ppa/files/Execptions-January-1st-15th-2021.pdf,4,t1r4,1
dave gulliver cabs,300000.0,CAD,0,keep both,Different full contract/PO numbers; equal amounts and nearby dates do not establish a repeat.,Dave Gulliver Cabs LTD,Newfoundland and Labrador English School District,2020-09-01,COV-20-825,Student Transportation - School Bus Services,1 Year,ppa/Execptions-January-1st-15th-2021.pdf,https://www.gov.nl.ca/ppa/files/Execptions-January-1st-15th-2021.pdf,3,t1r13,10,Dave Gulliver Cabs LTD,Newfoundland and Labrador English School District,2020-09-01,COV-20-828,Student Transportation - School Bus Services,1 Year,ppa/Execptions-January-1st-15th-2021.pdf,https://www.gov.nl.ca/ppa/files/Execptions-January-1st-15th-2021.pdf,4,t1r6,3
dave gulliver cabs,300000.0,CAD,0,keep both,Different full contract/PO numbers; equal amounts and nearby dates do not establish a repeat.,Dave Gulliver Cabs LTD,Newfoundland and Labrador English School District,2020-09-01,COV-20-825,Student Transportation - School Bus Services,1 Year,ppa/Execptions-January-1st-15th-2021.pdf,https://www.gov.nl.ca/ppa/files/Execptions-January-1st-15th-2021.pdf,3,t1r13,10,Dave Gulliver Cabs LTD,Newfoundland and Labrador English School District,2020-09-01,COV-20-829,Student Transportation - School Bus Services,1 Year,ppa/Execptions-January-1st-15th-2021.pdf,https://www.gov.nl.ca/ppa/files/Execptions-January-1st-15th-2021.pdf,4,t1r7,4
dave gulliver cabs,300000.0,CAD,0,keep both,Different full contract/PO numbers; equal amounts and nearby dates do not establish a repeat.,Dave Gulliver Cabs LTD,Newfoundland and Labrador English School District,2020-09-01,COV-20-826,Student Transportation - School Bus Services,1 Year,ppa/Execptions-January-1st-15th-2021.pdf,https://www.gov.nl.ca/ppa/files/Execptions-January-1st-15th-2021.pdf,4,t1r4,1,Dave Gulliver Cabs LTD,Newfoundland and Labrador English School District,2020-09-01,COV-20-828,Student Transportation - School Bus Services,1 Year,ppa/Execptions-January-1st-15th-2021.pdf,https://www.gov.nl.ca/ppa/files/Execptions-January-1st-15th-2021.pdf,4,t1r6,3
dave gulliver cabs,300000.0,CAD,0,keep both,Different full contract/PO numbers; equal amounts and nearby dates do not establish a repeat.,Dave Gulliver Cabs LTD,Newfoundland and Labrador English School District,2020-09-01,COV-20-826,Student Transportation - School Bus Services,1 Year,ppa/Execptions-January-1st-15th-2021.pdf,https://www.gov.nl.ca/ppa/files/Execptions-January-1st-15th-2021.pdf,4,t1r4,1,Dave Gulliver Cabs LTD,Newfoundland and Labrador English School District,2020-09-01,COV-20-829,Student Transportation - School Bus Services,1 Year,ppa/Execptions-January-1st-15th-2021.pdf,https://www.gov.nl.ca/ppa/files/Execptions-January-1st-15th-2021.pdf,4,t1r7,4
dave gulliver cabs,300000.0,CAD,0,keep both,Different full contract/PO numbers; equal amounts and nearby dates do not establish a repeat.,Dave Gulliver Cabs LTD,Newfoundland and Labrador English School District,2020-09-01,COV-20-828,Student Transportation - School Bus Services,1 Year,ppa/Execptions-January-1st-15th-2021.pdf,https://www.gov.nl.ca/ppa/files/Execptions-January-1st-15th-2021.pdf,4,t1r6,3,Dave Gulliver Cabs LTD,Newfoundland and Labrador English School District,2020-09-01,COV-20-829,Student Transportation - School Bus Services,1 Year,ppa/Execptions-January-1st-15th-2021.pdf,https://www.gov.nl.ca/ppa/files/Execptions-January-1st-15th-2021.pdf,4,t1r7,4
david d williams enterprises,84525.0,CAD,30,count once,"Both reports print contract 221007995, the same PPA buyer, Pumphouse Road bridge installation and price; the printed award date changes by one month.",David D Williams Enterprises Ltd.,Public Procurement Agency,2021-06-07,221007995,Bridge Install Pumphouse Road,N/A,ppa/June-16th-30th-2021-Contract-Awards.pdf,https://www.gov.nl.ca/ppa/files/June-16th-30th-2021-Contract-Awards.pdf,1,t1r11,8,David D Williams Enterprises Ltd.,Public Procurment Agency,2021-07-07,221007995,Bridge Install Pumphouse Road,N/A,ppa/July-1st-15th-2021-Contract-Awards.pdf,https://www.gov.nl.ca/ppa/files/July-1st-15th-2021-Contract-Awards.pdf,1,t1r20,17
deloitte llp,210000.0,CAD,0,keep both,"Both describe year-five Health Connect support, but contract 2024-4142 differs from 2024-4241 / PO 021351. Neither printing identifies the other as a correction or repeat.","Deloitte, LLP",NL Health Services - Digital,2024-04-10,2024-4142,"Support and service for Health Connect, year 5 of 5",1 Year,ppa/Contract-Award-Report-2024-04-16-To-2024-04-30-KD-Edits.pdf,https://www.gov.nl.ca/ppa/files/Contract-Award-Report-2024-04-16-To-2024-04-30-KD-Edits.pdf,2,t1r19,15,Deloitte LLP,NL Health Services - Digital,2024-04-10,2024-4241 / PO 021351,Year 5 support and maintenance for Health Connect,Year 5 of 5,ppa/Contract-Award-Report-2024-04-16-To-2024-04-30-KD-Edits.pdf,https://www.gov.nl.ca/ppa/files/Contract-Award-Report-2024-04-16-To-2024-04-30-KD-Edits.pdf,3,t1r20,16
e and g transportation,69000.0,CAD,0,keep both,Different full contract/PO numbers; equal amounts and nearby dates do not establish a repeat.,E&G Transportation,Newfoundland and Labrador English School District,2020-09-01,COV-20-805,Student Transportation - School Bus Services,1 Year,ppa/Execptions-January-1st-15th-2021.pdf,https://www.gov.nl.ca/ppa/files/Execptions-January-1st-15th-2021.pdf,1,t1r28,25,E&G Transportation,Newfoundland and Labrador English School District,2020-09-01,COV-20-809,Student Transportation - School Bus Services,1 Year,ppa/Execptions-January-1st-15th-2021.pdf,https://www.gov.nl.ca/ppa/files/Execptions-January-1st-15th-2021.pdf,2,t1r7,4
e and g transportation,69000.0,CAD,0,keep both,Different full contract/PO numbers; equal amounts and nearby dates do not establish a repeat.,E&G Transportation,Newfoundland and Labrador English School District,2020-09-01,COV-20-805,Student Transportation - School Bus Services,1 Year,ppa/Execptions-January-1st-15th-2021.pdf,https://www.gov.nl.ca/ppa/files/Execptions-January-1st-15th-2021.pdf,1,t1r28,25,E&G Transportation,Newfoundland and Labrador English School District,2020-09-01,COV-20-861,Student Transportation - School Bus Services,1 Year,ppa/Execptions-January-1st-15th-2021.pdf,https://www.gov.nl.ca/ppa/files/Execptions-January-1st-15th-2021.pdf,7,t1r7,4
e and g transportation,69000.0,CAD,0,keep both,Different full contract/PO numbers; equal amounts and nearby dates do not establish a repeat.,E&G Transportation,Newfoundland and Labrador English School District,2020-09-01,COV-20-805,Student Transportation - School Bus Services,1 Year,ppa/Execptions-January-1st-15th-2021.pdf,https://www.gov.nl.ca/ppa/files/Execptions-January-1st-15th-2021.pdf,1,t1r28,25,E&G Transportation,Newfoundland and Labrador English School District,2020-09-01,COV-20-889,Student Transportation - School Bus Services,1 Year,ppa/Execptions-January-1st-15th-2021.pdf,https://www.gov.nl.ca/ppa/files/Execptions-January-1st-15th-2021.pdf,9,t1r5,2
e and g transportation,69000.0,CAD,0,keep both,Different full contract/PO numbers; equal amounts and nearby dates do not establish a repeat.,E&G Transportation,Newfoundland and Labrador English School District,2020-09-01,COV-20-809,Student Transportation - School Bus Services,1 Year,ppa/Execptions-January-1st-15th-2021.pdf,https://www.gov.nl.ca/ppa/files/Execptions-January-1st-15th-2021.pdf,2,t1r7,4,E&G Transportation,Newfoundland and Labrador English School District,2020-09-01,COV-20-861,Student Transportation - School Bus Services,1 Year,ppa/Execptions-January-1st-15th-2021.pdf,https://www.gov.nl.ca/ppa/files/Execptions-January-1st-15th-2021.pdf,7,t1r7,4
e and g transportation,69000.0,CAD,0,keep both,Different full contract/PO numbers; equal amounts and nearby dates do not establish a repeat.,E&G Transportation,Newfoundland and Labrador English School District,2020-09-01,COV-20-809,Student Transportation - School Bus Services,1 Year,ppa/Execptions-January-1st-15th-2021.pdf,https://www.gov.nl.ca/ppa/files/Execptions-January-1st-15th-2021.pdf,2,t1r7,4,E&G Transportation,Newfoundland and Labrador English School District,2020-09-01,COV-20-889,Student Transportation - School Bus Services,1 Year,ppa/Execptions-January-1st-15th-2021.pdf,https://www.gov.nl.ca/ppa/files/Execptions-January-1st-15th-2021.pdf,9,t1r5,2
e and g transportation,69000.0,CAD,0,keep both,Different full contract/PO numbers; equal amounts and nearby dates do not establish a repeat.,E&G Transportation,Newfoundland and Labrador English School District,2020-09-01,COV-20-861,Student Transportation - School Bus Services,1 Year,ppa/Execptions-January-1st-15th-2021.pdf,https://www.gov.nl.ca/ppa/files/Execptions-January-1st-15th-2021.pdf,7,t1r7,4,E&G Transportation,Newfoundland and Labrador English School District,2020-09-01,COV-20-889,Student Transportation - School Bus Services,1 Year,ppa/Execptions-January-1st-15th-2021.pdf,https://www.gov.nl.ca/ppa/files/Execptions-January-1st-15th-2021.pdf,9,t1r5,2
e c boone,36489.3,CAD,0,count once,Matching full identifiers and award details; both source printings remain on the counted record.,E.C. Boone Ltd.,Town of Gander,2024-07-03,PO 2024-0713,Supply & Install Full Color digital LED Display to be installed on existing structure outside the Arts and Culture Centre Building.,N/A,ppa/Contract-Award-Report-2024-07-16-To-2024-07-31-KD-Edits.pdf,https://www.gov.nl.ca/ppa/files/Contract-Award-Report-2024-07-16-To-2024-07-31-KD-Edits.pdf,2,t1r10,6,E.C. Boone Ltd.,Town of Gander,2024-07-03,PO 2024-0713,Supply & Install Full Color digital LED Display to be installed on existing structure outside the Arts and Culture Centre Building,N/A,ppa/Contract-Award-Report-2024-08-01-To-2024-08-15-KD-Edits.pdf,https://www.gov.nl.ca/ppa/files/Contract-Award-Report-2024-08-01-To-2024-08-15-KD-Edits.pdf,3,t1r19,15
eastern valve and control specialities,18747.0,CAD,0,count once,Matching full identifiers and award details; both source printings remain on the counted record.,Eastern Valve & Control Specialities,City of St. John's,2026-03-10,PUR00179277,Gearbox and Actuator for Ozone Valve,N/A,ppa/2026-Mar-16-31-Contract-Awards-Report.pdf,https://www.gov.nl.ca/ppa/files/2026-Mar-16-31-Contract-Awards-Report.pdf,2,t1r26,22,Eastern Valve & Control Specialities,City of St. John's,2026-03-10,PUR00179277,Gearbox and Actuator for Ozone Valve,N/A,ppa/2026-Apr-1-15-Contract-Awards-Report.pdf,https://www.gov.nl.ca/ppa/files/2026-Apr-1-15-Contract-Awards-Report.pdf,1,t1r24,20
eastern valve and control specialities,36837.0,CAD,0,count once,Matching full identifiers and award details; both source printings remain on the counted record.,Eastern Valve & Control Specialities,City of St. John's,2026-03-02,PUR00178971,Ross valve Model 42-WR-S-SO,N/A,ppa/2026-Mar-16-31-Contract-Awards-Report.pdf,https://www.gov.nl.ca/ppa/files/2026-Mar-16-31-Contract-Awards-Report.pdf,2,t1r22,18,Eastern Valve & Control Specialities,City of St. John's,2026-03-02,PUR00178971,Ross valve Model 42-WR-S-SO,N/A,ppa/2026-Apr-1-15-Contract-Awards-Report.pdf,https://www.gov.nl.ca/ppa/files/2026-Apr-1-15-Contract-Awards-Report.pdf,1,t1r20,16
executive taxi,72000.0,CAD,0,keep both,Different full contract/PO numbers; equal amounts and nearby dates do not establish a repeat.,Executive Taxi LTD,Newfoundland and Labrador English School District,2020-09-01,COV-20-810,Student Transportation - School Bus Services,1 Year,ppa/Execptions-January-1st-15th-2021.pdf,https://www.gov.nl.ca/ppa/files/Execptions-January-1st-15th-2021.pdf,2,t1r8,5,Executive Taxi LTD,Newfoundland and Labrador English School District,2020-09-01,COV-20-811,Student Transportation - School Bus Services,1 Year,ppa/Execptions-January-1st-15th-2021.pdf,https://www.gov.nl.ca/ppa/files/Execptions-January-1st-15th-2021.pdf,2,t1r9,6
foreflight,30139.97,CAD,0,count once,Matching full identifiers and award details; both source printings remain on the counted record.,Foreflight LLC,Transportation & Works - Air Services,2021-03-24,220029664,Annual ForeFlight App renewals 28 pilots and dispatch flight planning systems for 2 Air Ambulances and 4 Water Bombers,Annual Renewal of Service,ppa/Exceptions-April-1st-15th-2021.pdf,https://www.gov.nl.ca/ppa/files/Exceptions-April-1st-15th-2021.pdf,1,t1r4,1,Foreflight LLC,Transportation & Works - Air Services,2021-03-24,220029664,Annual ForeFlight App renewals 28 pilots and dispatch flight planning systems for 2 Air Ambulances and 4 Water Bombers,Annual Renewal of Service,ppa/Exceptions-April-1st-15th-2021.pdf,https://www.gov.nl.ca/ppa/files/Exceptions-April-1st-15th-2021.pdf,1,t1r5,2
getinge,37000.0,CAD,17,count once,"Both print full contract 2026-4090, NL Health Services, Getinge, the same price and one-year term; the second description shortens catheter accessories and changes the printed date by 17 days.",Getinge,NL Health Services,2026-06-26,2026-4090,Catheters & Accessories to Intra Aortic Balloon Pump,1 Year,ppa/2026-June-16-30-Contract-Awards-Report.REVISED.pdf,https://www.gov.nl.ca/ppa/files/2026-June-16-30-Contract-Awards-Report.REVISED.pdf,2,t1r17,11,Getinge,NL Health Services,2026-07-13,2026-4090,Catheter & Accessories,1 Year,ppa/2026-July-16-31-Contract-Awards-Report.pdf,https://www.gov.nl.ca/ppa/files/2026-July-16-31-Contract-Awards-Report.pdf,2,t1r17,13
getinge canada,112317.0,CAD,0,count once,Matching full identifiers and award details; both source printings remain on the counted record.,Getinge Canada Ltd.,Eastern Regional Health Authority,2021-03-08,2021-1445/ PO 1338792,Steam Sterilizer,One time purchase,ppa/March-16th-31st-2021-Exceptions-.pdf,https://www.gov.nl.ca/ppa/files/March-16th-31st-2021-Exceptions-.pdf,1,t1r8,5,Getinge Canada Ltd.,Eastern Regional Health Authority,2021-03-08,2021-1445/ PO 1338792,Steam Sterilizer,One time purchase,ppa/Exceptions-April-1st-15th-2021.pdf,https://www.gov.nl.ca/ppa/files/Exceptions-April-1st-15th-2021.pdf,1,t1r14,11
graybar canada,14327.85,CAD,6,keep both,Different full contract/PO numbers; equal amounts and nearby dates do not establish a repeat.,Graybar Canada Limited,Newfoundland & Labrador Hydro,2020-12-04,174867,25 KV Recloser Disconnects for Inventory Replenishment,Commodity purchase,ppa/Execptions-January-1st-15th-2021.pdf,https://www.gov.nl.ca/ppa/files/Execptions-January-1st-15th-2021.pdf,1,t1r15,12,Graybar Canada Limited,Newfoundland & Labrador Hydro,2020-12-10,174994,25 KV Recloser Disconnects for Inventory Replenishment,Commodity purchase,ppa/Execptions-January-1st-15th-2021.pdf,https://www.gov.nl.ca/ppa/files/Execptions-January-1st-15th-2021.pdf,1,t1r17,14
harveys oil,11910.0,CAD,7,keep both,Different full contract/PO numbers; equal amounts and nearby dates do not establish a repeat.,Harvey's Oil Limited,Transportation & Infrastructure,2023-12-06,223023283,MV Legionnaire - Lube Oil,N/A,ppa/Contract-and-Exception-Awards-December-1-15-2023.pdf,https://www.gov.nl.ca/ppa/files/Contract-and-Exception-Awards-December-1-15-2023.pdf,2,t1r13,9,Harvey's Oil Limited,Transportation & Infrastructure,2023-12-13,223023958,MV Veteran - Lube Oil,N/A,ppa/Contract-and-Exception-Awards-December-1-15-2023.pdf,https://www.gov.nl.ca/ppa/files/Contract-and-Exception-Awards-December-1-15-2023.pdf,2,t1r20,16
harveys travel,12500.0,CAD,7,keep both,Different full contract/PO numbers; equal amounts and nearby dates do not establish a repeat.,Harvey's Travel Limited,Justice & Public Safety,2024-04-25,224003978,Travel External Training for RNC Officers,N/A,ppa/Contract-Award-Report-2024-04-16-To-2024-04-30-KD-Edits.pdf,https://www.gov.nl.ca/ppa/files/Contract-Award-Report-2024-04-16-To-2024-04-30-KD-Edits.pdf,2,t1r8,4,Harvey's Travel Limited,Justice & Public Safety,2024-04-18,224003397,Travel Allowances For External Training For Officers,N/A,ppa/Contract-Award-Report-2024-04-16-To-2024-04-30-KD-Edits.pdf,https://www.gov.nl.ca/ppa/files/Contract-Award-Report-2024-04-16-To-2024-04-30-KD-Edits.pdf,2,t1r9,5
hatch,115000.0,CAD,0,count once,"The later report explicitly says Hydrology Study 2023 - Correction from August 16, 2023 posting. Use the corrected description for contract 7980 and preserve the earlier printing.",Hatch Ltd.,Newfoundland & Labrador Hydro,2023-08-16,7980,Churchill Falls Optimization study,N/A,ppa/Contract-and-Exception-Awards-Sept-16-30-2023.pdf,https://www.gov.nl.ca/ppa/files/Contract-and-Exception-Awards-Sept-16-30-2023.pdf,3,t1r6,2,Hatch Ltd,Newfoundland & Labrador Hydro,2023-08-16,7980,"Hydrology Study 2023 - Correction from August 16, 2023 posting",1 Year,ppa/Contract-and-Exception-Awards-October-16-31-2023.pdf,https://www.gov.nl.ca/ppa/files/Contract-and-Exception-Awards-October-16-31-2023.pdf,3,t1r19,15
honeywell,377171.4,CAD,4,keep both,Different full contract/PO numbers; equal amounts and nearby dates do not establish a repeat.,Honeywell Limited,NL Health Services,2025-09-09,2025-0951 / PO#1637157,Maintenance Contract - 3 Month Extension (July 1 - Sept 2025),3 Months,ppa/2026-May-16-31-Contract-Awards-Report.pdf,https://www.gov.nl.ca/ppa/files/2026-May-16-31-Contract-Awards-Report.pdf,2,t1r24,23,Honeywell Limited,NL Health Services,2025-09-05,2025-0951 / PO#1309396,Maintenance Contract - 3 Month Extension (April - June 2025),3 Months,ppa/2026-May-16-31-Contract-Awards-Report.pdf,https://www.gov.nl.ca/ppa/files/2026-May-16-31-Contract-Awards-Report.pdf,2,t1r25,24
hoskin scientific,50239.0,CAD,0,count once,"The same full contract 224026298, Environment buyer, date and price are reprinted under Laboratory Supplies rather than the specific water-quality sondes description.",Hoskin Scientific,Environment and Climate Change,2025-01-28,224026298,2 EXO3 water quality multiparameter sondes with sensors,N/A,ppa/Contract-Award-Report-2025-01-16-To-2025-01-31-KD-Edits.pdf,https://www.gov.nl.ca/ppa/files/Contract-Award-Report-2025-01-16-To-2025-01-31-KD-Edits.pdf,3,t1r18,14,HOSKIN SCIENTIFIC LIMITED,Department of Environment and Climate Change,2025-01-28,224026298,Laboratory Supplies,NA,ppa/Contract-Award-Report-2025-02-01-To-2025-02-15-KD-Edits.pdf,https://www.gov.nl.ca/ppa/files/Contract-Award-Report-2025-02-01-To-2025-02-15-KD-Edits.pdf,3,t1r18,14
ibm canada,69691.43,CAD,7,count once,Both full identifiers match: contract 2025-4457 and PO 025047. Both describe IBM software support; the slash is omitted and the printed date changes by seven days.,IBM Canada,NL Health Services,2025-08-13,2025-4457 / PO 025047,Maintenance contract for software that comprises the HIAL of the provincial EHR,N/A,ppa/Contract-Award-Report-2025-08-16-To-2025-08-31.pdf,https://www.gov.nl.ca/ppa/files/Contract-Award-Report-2025-08-16-To-2025-08-31.pdf,1,t1r21,17,IBM Canada,NL Health Services,2025-08-20,2025-4457 PO 025047,IBM Product Support and Maintenance,1 Year,ppa/Contract-Award-Report-2025-09-16-To-2025-09-30.pdf,https://www.gov.nl.ca/ppa/files/Contract-Award-Report-2025-09-16-To-2025-09-30.pdf,2,t1r8,4
instrumentation laboratories,136051.92,CAD,0,count once,Matching full identifiers and award details; both source printings remain on the counted record.,Instrumentation Laboratories,Central Regional Health Authority,2021-03-22,2021-1278/po 0455927,Lease renewal for Coagulation analyzer,Annual,ppa/March-16th-31st-2021-Exceptions-.pdf,https://www.gov.nl.ca/ppa/files/March-16th-31st-2021-Exceptions-.pdf,1,t1r5,2,Instrumentation Laboratories,Central Regional Health Authority,2021-03-22,2021-1278/po 0455927,Lease renewal for Coagulation analyzer,Annual,ppa/Exceptions-April-1st-15th-2021.pdf,https://www.gov.nl.ca/ppa/files/Exceptions-April-1st-15th-2021.pdf,1,t1r11,8
instrumentation laboratories,136732.33,CAD,0,count once,Matching full identifiers and award details; both source printings remain on the counted record.,Instrumentation Laboratories,Central Regional Health Authority,2021-03-10,2021-1302,Hemostasis Testing Price List,Annual,ppa/March-16th-31st-2021-Exceptions-.pdf,https://www.gov.nl.ca/ppa/files/March-16th-31st-2021-Exceptions-.pdf,1,t1r7,4,Instrumentation Laboratories,Central Regional Health Authority,2021-03-10,2021-1302,Hemostasis Testing Price List,Annual,ppa/Exceptions-April-1st-15th-2021.pdf,https://www.gov.nl.ca/ppa/files/Exceptions-April-1st-15th-2021.pdf,1,t1r13,10
island office furniture,13422.01,CAD,16,keep both,"Office Remodel has different identifiers (202623 and PUR00181413), dates and terms. The reports do not link the identifiers.",Island Office Furniture,City of St. John's,2026-06-04,202623,Office Remodel,12 Weeks,ppa/2026-June-16-30-Contract-Awards-Report.REVISED.pdf,https://www.gov.nl.ca/ppa/files/2026-June-16-30-Contract-Awards-Report.REVISED.pdf,2,t1r9,3,Island Office Furniture,City of St. John's,2026-05-19,PUR00181413,Office Remodel,N/A,ppa/2026-July-1-15-Contract-Awards-Report.pdf,https://www.gov.nl.ca/ppa/files/2026-July-1-15-Contract-Awards-Report.pdf,2,t1r17,13
kongsberg,20823.52,CAD,0,keep both,Different full contract/PO numbers; equal amounts and nearby dates do not establish a repeat.,Kongsberg,Transportation & Infrastructure,2023-05-16,223006542,MV Legionnaire - Troubleshoot Autopilot Issues,N/A,ppa/Contract-and-Exception-Awards-May-16-31-2023.pdf,https://www.gov.nl.ca/ppa/files/Contract-and-Exception-Awards-May-16-31-2023.pdf,1,t1r10,6,Kongsberg,Transportation & Infrastructure,2023-05-16,223006545,"MV Veteran - Field Service Technician to Service Thruster Position Indicators on Port Thruster, and Check STBD Thruster",N/A,ppa/Contract-and-Exception-Awards-May-16-31-2023.pdf,https://www.gov.nl.ca/ppa/files/Contract-and-Exception-Awards-May-16-31-2023.pdf,1,t1r11,7
kpmg llp,83125.0,CAD,5,count once,"The full identifier 221019929 matches with a PO label added; PPA reprints the Comptroller General consulting purchase at the same price, with a five-day date difference and a less specific description.",KPMG LLP,Office of the Comptroller General (Treasury Board Secretariat),2021-11-11,221019929,Consulting Services Asset Retirement Obligations,3 months from award of contract,ppa/Contract-and-Exception-Awards-November-16th-to-30th_2021.pdf,https://www.gov.nl.ca/ppa/files/Contract-and-Exception-Awards-November-16th-to-30th_2021.pdf,1,t1r12,9,KPMG LLP,Public Procurement Agency,2021-11-16,PO221019929,Consulting Services for Governement NL,N/A,ppa/December-1st-15th-2021-Contract-Awards-and-Exceptions.pdf,https://www.gov.nl.ca/ppa/files/December-1st-15th-2021-Contract-Awards-and-Exceptions.pdf,1,t1r8,5
lifemark health,70000.0,CAD,0,count once,Matching full identifiers and award details; both source printings remain on the counted record.,Lifemark Health Corp (o/a Fit for Work),Department of Justice and Public Safety,2025-05-30,225007504,Pre-Employment Peace Officer Medical Assessment,N/A,ppa/Contract-Award-Report-2025-05-16-To-2025-05-31.pdf,https://www.gov.nl.ca/ppa/files/Contract-Award-Report-2025-05-16-To-2025-05-31.pdf,3,t1r7,3,Lifemark Health Corp,Department of Justice and Public Safety,2025-05-30,225007504,Pre-Employment Peace Officer Medical Assessment,N/A,ppa/Contract-Award-Report-2025-05-16-To-2025-05-31.pdf,https://www.gov.nl.ca/ppa/files/Contract-Award-Report-2025-05-16-To-2025-05-31.pdf,3,t1r11,7
liftow,11600.0,CAD,0,count once,Matching full identifiers and award details; both source printings remain on the counted record.,LIFTOW LIMITED,House of Assembly,2023-10-19,223018785,Electric Walkie Stacker,N/A,ppa/Contract-and-Exception-Awards-October-16-31-2023.pdf,https://www.gov.nl.ca/ppa/files/Contract-and-Exception-Awards-October-16-31-2023.pdf,1,t1r15,11,LIFTOW LIMITED,House of Assembly,2023-10-19,223018785,Electric Walkie Stacker,N/A,ppa/Contract-and-Exception-Awards-October-16-31-2023.pdf,https://www.gov.nl.ca/ppa/files/Contract-and-Exception-Awards-October-16-31-2023.pdf,3,t1r20,16
linde canada,88915.96,CAD,0,keep both,Different full contract/PO numbers; equal amounts and nearby dates do not establish a repeat.,Linde Canada Inc.,College of the North Atlantic,2024-09-12,202781,Welding Simulator for Placentia Campus,N/A,ppa/Contract-Award-Report-2024-10-16-To-2024-10-31-KD-Edits.pdf,https://www.gov.nl.ca/ppa/files/Contract-Award-Report-2024-10-16-To-2024-10-31-KD-Edits.pdf,3,t1r8,4,Linde Canada Inc.,College of the North Atlantic,2024-09-12,202872,Welding Simulator for Port Aux Basque Campus,N/A,ppa/Contract-Award-Report-2024-10-16-To-2024-10-31-KD-Edits.pdf,https://www.gov.nl.ca/ppa/files/Contract-Award-Report-2024-10-16-To-2024-10-31-KD-Edits.pdf,3,t1r9,5
linde canada,88915.96,CAD,0,keep both,Different full contract/PO numbers; equal amounts and nearby dates do not establish a repeat.,Linde Canada Inc.,College of the North Atlantic,2024-09-12,202781,Welding Simulator for Placentia Campus,N/A,ppa/Contract-Award-Report-2024-10-16-To-2024-10-31-KD-Edits.pdf,https://www.gov.nl.ca/ppa/files/Contract-Award-Report-2024-10-16-To-2024-10-31-KD-Edits.pdf,3,t1r8,4,Linde Canada Inc.,College of the North Atlantic,2024-09-12,202783,Welding Simulator for Burin Campus,N/A,ppa/Contract-Award-Report-2024-10-16-To-2024-10-31-KD-Edits.pdf,https://www.gov.nl.ca/ppa/files/Contract-Award-Report-2024-10-16-To-2024-10-31-KD-Edits.pdf,3,t1r10,6
linde canada,88915.96,CAD,0,keep both,Different full contract/PO numbers; equal amounts and nearby dates do not establish a repeat.,Linde Canada Inc.,College of the North Atlantic,2024-09-12,202781,Welding Simulator for Placentia Campus,N/A,ppa/Contract-Award-Report-2024-10-16-To-2024-10-31-KD-Edits.pdf,https://www.gov.nl.ca/ppa/files/Contract-Award-Report-2024-10-16-To-2024-10-31-KD-Edits.pdf,3,t1r8,4,Linde Canada Inc.,College of the North Atlantic,2024-09-12,202784,Welding Simulator for Corner Brook Campus,N/A,ppa/Contract-Award-Report-2024-10-16-To-2024-10-31-KD-Edits.pdf,https://www.gov.nl.ca/ppa/files/Contract-Award-Report-2024-10-16-To-2024-10-31-KD-Edits.pdf,3,t1r11,7
linde canada,88915.96,CAD,0,keep both,Different full contract/PO numbers; equal amounts and nearby dates do not establish a repeat.,Linde Canada Inc.,College of the North Atlantic,2024-09-12,202781,Welding Simulator for Placentia Campus,N/A,ppa/Contract-Award-Report-2024-10-16-To-2024-10-31-KD-Edits.pdf,https://www.gov.nl.ca/ppa/files/Contract-Award-Report-2024-10-16-To-2024-10-31-KD-Edits.pdf,3,t1r8,4,Linde Canada Inc.,College of the North Atlantic,2024-09-12,202787,Welding Simulator for Labrador West Campus,N/A,ppa/Contract-Award-Report-2024-10-16-To-2024-10-31-KD-Edits.pdf,https://www.gov.nl.ca/ppa/files/Contract-Award-Report-2024-10-16-To-2024-10-31-KD-Edits.pdf,3,t1r12,8
linde canada,88915.96,CAD,0,keep both,Different full contract/PO numbers; equal amounts and nearby dates do not establish a repeat.,Linde Canada Inc.,College of the North Atlantic,2024-09-12,202872,Welding Simulator for Port Aux Basque Campus,N/A,ppa/Contract-Award-Report-2024-10-16-To-2024-10-31-KD-Edits.pdf,https://www.gov.nl.ca/ppa/files/Contract-Award-Report-2024-10-16-To-2024-10-31-KD-Edits.pdf,3,t1r9,5,Linde Canada Inc.,College of the North Atlantic,2024-09-12,202783,Welding Simulator for Burin Campus,N/A,ppa/Contract-Award-Report-2024-10-16-To-2024-10-31-KD-Edits.pdf,https://www.gov.nl.ca/ppa/files/Contract-Award-Report-2024-10-16-To-2024-10-31-KD-Edits.pdf,3,t1r10,6
linde canada,88915.96,CAD,0,keep both,Different full contract/PO numbers; equal amounts and nearby dates do not establish a repeat.,Linde Canada Inc.,College of the North Atlantic,2024-09-12,202872,Welding Simulator for Port Aux Basque Campus,N/A,ppa/Contract-Award-Report-2024-10-16-To-2024-10-31-KD-Edits.pdf,https://www.gov.nl.ca/ppa/files/Contract-Award-Report-2024-10-16-To-2024-10-31-KD-Edits.pdf,3,t1r9,5,Linde Canada Inc.,College of the North Atlantic,2024-09-12,202784,Welding Simulator for Corner Brook Campus,N/A,ppa/Contract-Award-Report-2024-10-16-To-2024-10-31-KD-Edits.pdf,https://www.gov.nl.ca/ppa/files/Contract-Award-Report-2024-10-16-To-2024-10-31-KD-Edits.pdf,3,t1r11,7
linde canada,88915.96,CAD,0,keep both,Different full contract/PO numbers; equal amounts and nearby dates do not establish a repeat.,Linde Canada Inc.,College of the North Atlantic,2024-09-12,202872,Welding Simulator for Port Aux Basque Campus,N/A,ppa/Contract-Award-Report-2024-10-16-To-2024-10-31-KD-Edits.pdf,https://www.gov.nl.ca/ppa/files/Contract-Award-Report-2024-10-16-To-2024-10-31-KD-Edits.pdf,3,t1r9,5,Linde Canada Inc.,College of the North Atlantic,2024-09-12,202787,Welding Simulator for Labrador West Campus,N/A,ppa/Contract-Award-Report-2024-10-16-To-2024-10-31-KD-Edits.pdf,https://www.gov.nl.ca/ppa/files/Contract-Award-Report-2024-10-16-To-2024-10-31-KD-Edits.pdf,3,t1r12,8
linde canada,88915.96,CAD,0,keep both,Different full contract/PO numbers; equal amounts and nearby dates do not establish a repeat.,Linde Canada Inc.,College of the North Atlantic,2024-09-12,202783,Welding Simulator for Burin Campus,N/A,ppa/Contract-Award-Report-2024-10-16-To-2024-10-31-KD-Edits.pdf,https://www.gov.nl.ca/ppa/files/Contract-Award-Report-2024-10-16-To-2024-10-31-KD-Edits.pdf,3,t1r10,6,Linde Canada Inc.,College of the North Atlantic,2024-09-12,202784,Welding Simulator for Corner Brook Campus,N/A,ppa/Contract-Award-Report-2024-10-16-To-2024-10-31-KD-Edits.pdf,https://www.gov.nl.ca/ppa/files/Contract-Award-Report-2024-10-16-To-2024-10-31-KD-Edits.pdf,3,t1r11,7
linde canada,88915.96,CAD,0,keep both,Different full contract/PO numbers; equal amounts and nearby dates do not establish a repeat.,Linde Canada Inc.,College of the North Atlantic,2024-09-12,202783,Welding Simulator for Burin Campus,N/A,ppa/Contract-Award-Report-2024-10-16-To-2024-10-31-KD-Edits.pdf,https://www.gov.nl.ca/ppa/files/Contract-Award-Report-2024-10-16-To-2024-10-31-KD-Edits.pdf,3,t1r10,6,Linde Canada Inc.,College of the North Atlantic,2024-09-12,202787,Welding Simulator for Labrador West Campus,N/A,ppa/Contract-Award-Report-2024-10-16-To-2024-10-31-KD-Edits.pdf,https://www.gov.nl.ca/ppa/files/Contract-Award-Report-2024-10-16-To-2024-10-31-KD-Edits.pdf,3,t1r12,8
linde canada,88915.96,CAD,0,keep both,Different full contract/PO numbers; equal amounts and nearby dates do not establish a repeat.,Linde Canada Inc.,College of the North Atlantic,2024-09-12,202784,Welding Simulator for Corner Brook Campus,N/A,ppa/Contract-Award-Report-2024-10-16-To-2024-10-31-KD-Edits.pdf,https://www.gov.nl.ca/ppa/files/Contract-Award-Report-2024-10-16-To-2024-10-31-KD-Edits.pdf,3,t1r11,7,Linde Canada Inc.,College of the North Atlantic,2024-09-12,202787,Welding Simulator for Labrador West Campus,N/A,ppa/Contract-Award-Report-2024-10-16-To-2024-10-31-KD-Edits.pdf,https://www.gov.nl.ca/ppa/files/Contract-Award-Report-2024-10-16-To-2024-10-31-KD-Edits.pdf,3,t1r12,8
m2ocean solutions,16670.0,CAD,0,count once,Matching full identifiers and award details; both source printings remain on the counted record.,M2Ocean Solutions Inc,"Fisheries, Forestry & Agriculture",2024-02-02,223027337,Multiparameter Sonde,N/A,ppa/Contract-Award-Report-2024-02-01-to-2024-02-15-KD-Edits.pdf,https://www.gov.nl.ca/ppa/files/Contract-Award-Report-2024-02-01-to-2024-02-15-KD-Edits.pdf,2,t1r12,8,M2Ocean Solutions Inc,"Fisheries, Forestry & Agriculture",2024-02-02,223027337,Multiparameter Sonde,N/A,ppa/Contract-Award-Report-2024-02-16-to-2024-02-29-KD-Edits.pdf,https://www.gov.nl.ca/ppa/files/Contract-Award-Report-2024-02-16-to-2024-02-29-KD-Edits.pdf,2,t1r6,2
marsh motorsports,12943.0,CAD,6,keep both,Different full contract/PO numbers; equal amounts and nearby dates do not establish a repeat.,Marsh Motorsports,"Fisheries, Forestry & Agriculture",2024-01-18,223026260,Ski-Doo 2024 Expedition Sport,N/A,ppa/Contract-Award-Report-2024-02-01-to-2024-02-15-KD-Edits.pdf,https://www.gov.nl.ca/ppa/files/Contract-Award-Report-2024-02-01-to-2024-02-15-KD-Edits.pdf,2,t1r8,4,Marsh Motorsports,"Fisheries, Forestry & Agriculture",2024-01-24,223026702,Ski-Doo 2024 Expedition Sport 600 ACE Yellow / Black and License And Admin Fees,N/A,ppa/Contract-Award-Report-2024-02-01-to-2024-02-15-KD-Edits.pdf,https://www.gov.nl.ca/ppa/files/Contract-Award-Report-2024-02-01-to-2024-02-15-KD-Edits.pdf,2,t1r10,6
metalforms,191347.1,CAD,0,keep both,Different full contract/PO numbers; equal amounts and nearby dates do not establish a repeat.,Metalforms,NL Hydro,2025-04-23,197569,Bundle-Type Heat Exchanger,N/A,ppa/Contract-Award-Report-2025-05-16-To-2025-05-31.pdf,https://www.gov.nl.ca/ppa/files/Contract-Award-Report-2025-05-16-To-2025-05-31.pdf,4,t1r19,15,Metalforms,NL Hydro,2025-04-23,197570,Heat Exchanger Tanks,N/A,ppa/Contract-Award-Report-2025-05-16-To-2025-05-31.pdf,https://www.gov.nl.ca/ppa/files/Contract-Award-Report-2025-05-16-To-2025-05-31.pdf,4,t1r20,16
microsoft canada,53689740.0,CAD,0,keep both,"Both contract numbers and both PO numbers differ, as do the descriptions and supplier locations. Neither report identifies a correction or repeat; keep the two separately numbered published awards.",Microsoft Canada Inc.,NL Health Services - Digital Health,2023-05-19,2023-3532 / po 018905,Microsoft Volume Licensing Agreement,5 Years,ppa/Contract-and-Exception-Awards-June-16-30-2023-1.pdf,https://www.gov.nl.ca/ppa/files/Contract-and-Exception-Awards-June-16-30-2023-1.pdf,2,t1r10,6,Microsoft,NL Health Services - Digital,2023-05-19,2023-3805 / PO 018835,Licensing of Eastern Health's Microsoft Office Suite of software,5 Years,ppa/Contract-Award-Report-2024-04-16-To-2024-04-30-KD-Edits.pdf,https://www.gov.nl.ca/ppa/files/Contract-Award-Report-2024-04-16-To-2024-04-30-KD-Edits.pdf,2,t1r18,14
mikan scientific,15399.0,CAD,0,count once,Matching full identifiers and award details; both source printings remain on the counted record.,Mikan Scientific Inc.,City of St. John's,2026-03-03,PUR00179017,Thermo Scientific Refrigerated Incubator,N/A,ppa/2026-Mar-16-31-Contract-Awards-Report.pdf,https://www.gov.nl.ca/ppa/files/2026-Mar-16-31-Contract-Awards-Report.pdf,2,t1r24,20,Mikan Scientific Inc.,City of St. John's,2026-03-03,PUR00179017,Thermo Scientific Refrigerated Incubator,N/A,ppa/2026-Apr-1-15-Contract-Awards-Report.pdf,https://www.gov.nl.ca/ppa/files/2026-Apr-1-15-Contract-Awards-Report.pdf,1,t1r22,18
move logistics,18476.0,CAD,6,keep both,Different full contract/PO numbers; equal amounts and nearby dates do not establish a repeat.,Move Logistics Ltd.,Public Procurement Agnecy,2021-09-28,221015966,Relocation of Household,N/A,ppa/Contract-and-Exception-Awards-November-1st-15th-2021-1.pdf,https://www.gov.nl.ca/ppa/files/Contract-and-Exception-Awards-November-1st-15th-2021-1.pdf,1,t1r11,8,Move Logistics Ltd.,Public Procurement Agnecy,2021-10-04,221016276,Relocation of Household,N/A,ppa/Contract-and-Exception-Awards-November-1st-15th-2021-1.pdf,https://www.gov.nl.ca/ppa/files/Contract-and-Exception-Awards-November-1st-15th-2021-1.pdf,1,t1r12,9
nelson education,55121.13,CAD,0,count once,Matching full identifiers and award details; both source printings remain on the counted record.,Nelson Education,Department of Education,2021-10-19,221017574,Resources/Textbooks,N/A,ppa/Contract-and-Exception-Awards-October-16th-31st_2021.pdf,https://www.gov.nl.ca/ppa/files/Contract-and-Exception-Awards-October-16th-31st_2021.pdf,4,t1r9,6,Nelson Education,Department of Education,2021-10-19,221017574,Resources/Textbooks,N/A,ppa/Contract-and-Exception-Awards-November-1st-15th-2021-1.pdf,https://www.gov.nl.ca/ppa/files/Contract-and-Exception-Awards-November-1st-15th-2021-1.pdf,5,t1r6,3
newfound cabs 2015,65000.0,CAD,0,keep both,Different full contract/PO numbers; equal amounts and nearby dates do not establish a repeat.,Newfound Cabs (2015) Inc,Newfoundland and Labrador English School District,2020-09-01,COV-20-883,Student Transportation - School Bus Services,1 Year,ppa/Execptions-January-1st-15th-2021.pdf,https://www.gov.nl.ca/ppa/files/Execptions-January-1st-15th-2021.pdf,8,t1r11,8,Newfound Cabs (2015) Inc,Newfoundland and Labrador English School District,2020-09-01,COV-20-886,Student Transportation - School Bus Services,1 Year,ppa/Execptions-January-1st-15th-2021.pdf,https://www.gov.nl.ca/ppa/files/Execptions-January-1st-15th-2021.pdf,8,t1r13,10
newfound cabs 2015,100000.0,CAD,0,keep both,Different full contract/PO numbers; equal amounts and nearby dates do not establish a repeat.,Newfound Cabs (2015) Inc,Newfoundland and Labrador English School District,2020-09-01,COV-20-801,Student Transportation - School Bus Services,1 Year,ppa/Execptions-January-1st-15th-2021.pdf,https://www.gov.nl.ca/ppa/files/Execptions-January-1st-15th-2021.pdf,1,t1r24,21,Newfound Cabs (2015) Inc,Newfoundland and Labrador English School District,2020-09-01,COV-20-802,Student Transportation - School Bus Services,1 Year,ppa/Execptions-January-1st-15th-2021.pdf,https://www.gov.nl.ca/ppa/files/Execptions-January-1st-15th-2021.pdf,1,t1r25,22
newfound cabs 2015,100000.0,CAD,0,keep both,Different full contract/PO numbers; equal amounts and nearby dates do not establish a repeat.,Newfound Cabs (2015) Inc,Newfoundland and Labrador English School District,2020-09-01,COV-20-801,Student Transportation - School Bus Services,1 Year,ppa/Execptions-January-1st-15th-2021.pdf,https://www.gov.nl.ca/ppa/files/Execptions-January-1st-15th-2021.pdf,1,t1r24,21,Newfound Cabs (2015) Inc,Newfoundland and Labrador English School District,2020-09-01,COV-20-817,Student Transportation - School Bus Services,1 Year,ppa/Execptions-January-1st-15th-2021.pdf,https://www.gov.nl.ca/ppa/files/Execptions-January-1st-15th-2021.pdf,3,t1r5,2
newfound cabs 2015,100000.0,CAD,0,keep both,Different full contract/PO numbers; equal amounts and nearby dates do not establish a repeat.,Newfound Cabs (2015) Inc,Newfoundland and Labrador English School District,2020-09-01,COV-20-802,Student Transportation - School Bus Services,1 Year,ppa/Execptions-January-1st-15th-2021.pdf,https://www.gov.nl.ca/ppa/files/Execptions-January-1st-15th-2021.pdf,1,t1r25,22,Newfound Cabs (2015) Inc,Newfoundland and Labrador English School District,2020-09-01,COV-20-817,Student Transportation - School Bus Services,1 Year,ppa/Execptions-January-1st-15th-2021.pdf,https://www.gov.nl.ca/ppa/files/Execptions-January-1st-15th-2021.pdf,3,t1r5,2
newfound cabs 2015,300000.0,CAD,0,keep both,Different full contract/PO numbers; equal amounts and nearby dates do not establish a repeat.,Newfound Cabs (2015) Inc,Newfoundland and Labrador English School District,2020-09-01,COV-20-804,Student Transportation - School Bus Services,1 Year,ppa/Execptions-January-1st-15th-2021.pdf,https://www.gov.nl.ca/ppa/files/Execptions-January-1st-15th-2021.pdf,1,t1r27,24,Newfound Cabs (2015) Inc,Newfoundland and Labrador English School District,2020-09-01,COV-20-827,Student Transportation - School Bus Services,1 Year,ppa/Execptions-January-1st-15th-2021.pdf,https://www.gov.nl.ca/ppa/files/Execptions-January-1st-15th-2021.pdf,4,t1r5,2
normore enterprises,14739.0,CAD,0,keep both,Different full contract/PO numbers; equal amounts and nearby dates do not establish a repeat.,Normore Enterprises Limited,"Department of Fisheries, Forestry and Agriculture",2025-03-07,224029543,2025 Skandic WT 600 Ace For North West River,N/A,ppa/Contract-Award-Report-2025-03-01-To-2025-03-15.pdf,https://www.gov.nl.ca/ppa/files/Contract-Award-Report-2025-03-01-To-2025-03-15.pdf,1,t1r17,13,Normore Enterprises Limited,"Department of Fisheries, Forestry and Agriculture",2025-03-07,224029562,2025 Skandic WT 600 Ace For Wabush,N/A,ppa/Contract-Award-Report-2025-03-01-To-2025-03-15.pdf,https://www.gov.nl.ca/ppa/files/Contract-Award-Report-2025-03-01-To-2025-03-15.pdf,1,t1r19,15
o m b parts and industrial,12720.0,CAD,0,count once,Matching full identifiers and award details; both source printings remain on the counted record.,O M B Parts & Industrial Ltd,Transportation & Infrastructure,2023-02-15,222027449,Tires,N/A,ppa/Contract-and-Exception-Awards-February-1st-15th-2023.pdf,https://www.gov.nl.ca/ppa/files/Contract-and-Exception-Awards-February-1st-15th-2023.pdf,1,t1r23,19,O M B Parts & Industrial Ltd,Transportation & Infrastructure,2023-02-15,222027449,Tires,N/A,ppa/Contract-and-Exception-Awards-February-16th-28th-2023.pdf,https://www.gov.nl.ca/ppa/files/Contract-and-Exception-Awards-February-16th-28th-2023.pdf,1,t1r13,9
olympus,75865.0,CAD,0,count once,"The complete contract 2021-1365 and PO 0456195, date, buyer, price and description match; the later printing drops the PO # and the one-time-purchase term.",Olympus,Western Health,2021-02-16,2021-1365/PO#0456195,Operating Room Tower STRH.,One Time Purchase,ppa/February-16th-28th-2021-Contract-Awards.pdf,https://www.gov.nl.ca/ppa/files/February-16th-28th-2021-Contract-Awards.pdf,1,t1r14,11,Olympus,Western Health,2021-02-16,2021-1365/PO0456195,Operating Room Tower STRH,N/A,ppa/March-1-15th-2021-Contract-Awards.pdf,https://www.gov.nl.ca/ppa/files/March-1-15th-2021-Contract-Awards.pdf,1,t1r4,1
onx enterprise solutions,101775.44,CAD,0,count once,"The same full contract 224030011, printed date, price and RedHat ELS Licensing description are reprinted under Executive Council and its Office of the Chief Information Officer.",ONX ENTERPRISE SOLUTIONS LTD,Executive Council,2025-03-13,224030011,RedHat ELS Licensing,N/A,ppa/Contract-Award-Report-2025-03-01-To-2025-03-15.pdf,https://www.gov.nl.ca/ppa/files/Contract-Award-Report-2025-03-01-To-2025-03-15.pdf,2,t1r19,15,ONX Enterprise Solutions Inc,Office of the Chief Information Officer,2025-03-13,224030011,RedHat ELS Licensing,"July 1, 2024 - December 1, 2025",ppa/Contract-Award-Report-2025-03-16-To-2025-03-31.pdf,https://www.gov.nl.ca/ppa/files/Contract-Award-Report-2025-03-16-To-2025-03-31.pdf,2,t1r19,15
pearson canada,15108.75,CAD,0,count once,Matching full identifiers and award details; both source printings remain on the counted record.,Pearson Canada Inc,Education,2023-11-14,223021209,Educational Resources - It's Big (Celebrate Canada Series),N/A,ppa/Contract-and-Exception-Awards-November-1-15-2023.pdf,https://www.gov.nl.ca/ppa/files/Contract-and-Exception-Awards-November-1-15-2023.pdf,1,t1r24,20,Pearson Canada,Education,2023-11-14,223021209,Educational Resources - It's Big (Celebrate Canada Series),N/A,ppa/Contract-and-Exception-Awards-December-1-15-2023.pdf,https://www.gov.nl.ca/ppa/files/Contract-and-Exception-Awards-December-1-15-2023.pdf,1,t1r26,22
pearson canada,44172.17,CAD,0,count once,"The same full contract 224026076, Education buyer, date and price are reprinted under a generic Educational Resources description rather than Sole Source Resources/Textbooks.",Pearson Canada,Education,2025-01-24,224026076,Sole Source Resources/Textbooks,N/A,ppa/Contract-Award-Report-2025-01-16-To-2025-01-31-KD-Edits.pdf,https://www.gov.nl.ca/ppa/files/Contract-Award-Report-2025-01-16-To-2025-01-31-KD-Edits.pdf,3,t1r12,8,PEARSON CANADA INC,Department of Education,2025-01-24,224026076,Educational Resources,NA,ppa/Contract-Award-Report-2025-02-01-To-2025-02-15-KD-Edits.pdf,https://www.gov.nl.ca/ppa/files/Contract-Award-Report-2025-02-01-To-2025-02-15-KD-Edits.pdf,3,t1r17,13
perimeter solutions canada,166699.3,CAD,0,keep both,Different full contract/PO numbers; equal amounts and nearby dates do not establish a repeat.,Perimeter Solutions Canada Ltd,"Department of Fisheries, Forestry and Agriculture",2025-08-08,225012940,"Class ""A"" Firefighting Foam",N/A,ppa/Contract-Award-Report-2025-08-01-To-2025-08-15-REVISED.pdf,https://www.gov.nl.ca/ppa/files/Contract-Award-Report-2025-08-01-To-2025-08-15-REVISED.pdf,3,t1r9,5,Perimeter Solutions Canada Ltd,"Department of Fisheries, Forestry and Agriculture",2025-08-08,225012945,"Class ""A"" Fire-fighting Foam",N/A,ppa/Contract-Award-Report-2025-08-01-To-2025-08-15-REVISED.pdf,https://www.gov.nl.ca/ppa/files/Contract-Award-Report-2025-08-01-To-2025-08-15-REVISED.pdf,3,t1r11,7
rescue 7,12490.0,CAD,0,count once,Matching full identifiers and award details; both source printings remain on the counted record.,Rescue 7 Inc.,City of St. John's,2022-12-14,PUR00141053,AED Replacements,N/A,ppa/Contract-and-Exception-Awards-December-1st-15th-2022-.pdf,https://www.gov.nl.ca/ppa/files/Contract-and-Exception-Awards-December-1st-15th-2022-.pdf,1,t1r11,7,Rescue 7 Inc.,City of St. John's,2022-12-14,PUR00141053,AED Replacements,N/A,ppa/Contract-and-Exception-Awards-January-16th-January-31st-2023.pdf,https://www.gov.nl.ca/ppa/files/Contract-and-Exception-Awards-January-16th-January-31st-2023.pdf,1,t1r5,1
right coast wind,7450000.0,CAD,0,keep both,Different full contract/PO numbers; equal amounts and nearby dates do not establish a repeat.,Right Coast Wind Corp.,Newfoundland & Labrador Hydro,2021-02-08,4603,Power purchase agreement for Fermeuse Wind,1 Year,ppa/March-16th-31st-2021-Exceptions-.pdf,https://www.gov.nl.ca/ppa/files/March-16th-31st-2021-Exceptions-.pdf,2,t1r10,7,Right Coast Wind Corp.,Newfoundland & Labrador Hydro,2021-02-08,4604,Power purchase agreement for St. Lawrence Wind Farm,1 Year,ppa/March-16th-31st-2021-Exceptions-.pdf,https://www.gov.nl.ca/ppa/files/March-16th-31st-2021-Exceptions-.pdf,2,t1r13,10
right coast wind,7800000.0,CAD,0,keep both,Different full contract/PO numbers; equal amounts and nearby dates do not establish a repeat.,Right Coast Wind Corp.,Newfoundland & Labrador Hydro,2024-01-04,8399,Power purchase agreement for St. Lawrence Wind Farm,1 Year,ppa/Contract-Award-Report-2024-02-16-to-2024-02-29-KD-Edits.pdf,https://www.gov.nl.ca/ppa/files/Contract-Award-Report-2024-02-16-to-2024-02-29-KD-Edits.pdf,3,t1r14,10,Right Coast Wind Corp.,Newfoundland & Labrador Hydro,2024-01-04,8400,Right Coast Wind Corp - Power purchase agreement for Fermeuse Wind,1 Year,ppa/Contract-Award-Report-2024-02-16-to-2024-02-29-KD-Edits.pdf,https://www.gov.nl.ca/ppa/files/Contract-Award-Report-2024-02-16-to-2024-02-29-KD-Edits.pdf,3,t1r16,12
right coast wind lp,8100000.0,CAD,0,keep both,Different full contract/PO numbers; equal amounts and nearby dates do not establish a repeat.,Right Coast Wind Limited Partnership,NL Hydro,2025-12-03,75387,Power Purchase Agreement for Fermeuse Wind,< 6 Months,ppa/2026-Feb-01-15-Contract-Awards-Report.pdf,https://www.gov.nl.ca/ppa/files/2026-Feb-01-15-Contract-Awards-Report.pdf,4,t1r14,10,Right Coast Wind Limited Partnership,NL Hydro,2025-12-03,75386,Power Purchase Agreement for St. Lawrence Wind Farm,< 6 Months,ppa/2026-Feb-01-15-Contract-Awards-Report.pdf,https://www.gov.nl.ca/ppa/files/2026-Feb-01-15-Contract-Awards-Report.pdf,4,t1r15,11
royal freightliner,20160.82,CAD,6,keep both,Different full contract/PO numbers; equal amounts and nearby dates do not establish a repeat.,Royal Freightliner Inc,Department of Transportation and Infrastructure,2026-01-29,225025776,Equipment # 6708 - Cole Harris DPF Kit W/Clamp and Gasket,N/A,ppa/2026-Jan-16-31-Contract-Awards-Report.pdf,https://www.gov.nl.ca/ppa/files/2026-Jan-16-31-Contract-Awards-Report.pdf,2,t1r12,8,Royal Freightliner Inc,Department of Transportation and Infrastructure,2026-01-23,225025333,Equipment # 6896 - DPF Kit Craig Adams - NH,N/A,ppa/2026-Jan-16-31-Contract-Awards-Report.pdf,https://www.gov.nl.ca/ppa/files/2026-Jan-16-31-Contract-Awards-Report.pdf,2,t1r13,9
scholastic education,54866.23,CAD,0,count once,Matching full identifiers and award details; both source printings remain on the counted record.,Scholastic Education,Department of Education,2021-10-28,121012851 PO221018457,Resources/Textbooks,N/A,ppa/Contract-and-Exception-Awards-October-16th-31st_2021.pdf,https://www.gov.nl.ca/ppa/files/Contract-and-Exception-Awards-October-16th-31st_2021.pdf,4,t1r8,5,Scholastic Education,Department of Education,2021-10-28,121012851 PO221018457,Resources/Textbooks,N/A,ppa/Contract-and-Exception-Awards-November-1st-15th-2021-1.pdf,https://www.gov.nl.ca/ppa/files/Contract-and-Exception-Awards-November-1st-15th-2021-1.pdf,5,t1r5,2
sel schweitzer laboratories,13917.42,CAD,7,keep both,Different full contract/PO numbers; equal amounts and nearby dates do not establish a repeat.,"SEL Schweitzer Laboratories, Inc.",Newfoundland & Labrador Hydro,2021-06-07,177776,MDR Breaker Fail Project - Teleprotection Equipment,Commodity purchase,ppa/July-1st-15th-2021-Exceptions.pdf,https://www.gov.nl.ca/ppa/files/July-1st-15th-2021-Exceptions.pdf,1,t1r7,4,"SEL Schweitzer Laboratories, Inc.",Newfoundland & Labrador Hydro,2021-06-14,177914,BUC Breaker Fail Project - Teleprotection Equipment,Commodity purchase,ppa/July-1st-15th-2021-Exceptions.pdf,https://www.gov.nl.ca/ppa/files/July-1st-15th-2021-Exceptions.pdf,1,t1r14,11
sel schweitzer laboratories,41832.3,CAD,7,keep both,Different full contract/PO numbers; equal amounts and nearby dates do not establish a repeat.,"SEL Schweitzer Laboratories, Inc.",Newfoundland & Labrador Hydro,2021-11-02,180005,TL247 Protection Replacement,Commodity purchase,ppa/December-1st-15th-2021-Contract-Awards-and-Exceptions.pdf,https://www.gov.nl.ca/ppa/files/December-1st-15th-2021-Contract-Awards-and-Exceptions.pdf,3,t1r13,10,"SEL Schweitzer Laboratories, Inc.",Newfoundland & Labrador Hydro,2021-11-09,180162,TL248 Protection Replacement,Commodity purchase,ppa/December-1st-15th-2021-Contract-Awards-and-Exceptions.pdf,https://www.gov.nl.ca/ppa/files/December-1st-15th-2021-Contract-Awards-and-Exceptions.pdf,4,t1r6,3
smithys road service,14883.36,CAD,10,keep both,Different full contract/PO numbers; equal amounts and nearby dates do not establish a repeat.,Smithy's Road Service Limited,Department of Transportation and Infrastructure,2026-07-31,226012459,Brake Rotor (Rear) International - Ordered for Stock,N/A,ppa/2026-July-16-31-Contract-Awards-Report.pdf,https://www.gov.nl.ca/ppa/files/2026-July-16-31-Contract-Awards-Report.pdf,2,t1r8,4,Smithy's Road Service Limited,Department of Transportation and Infrastructure,2026-08-10,226012891,OEM International Brake Rotors Ordered for Stock,N/A,ppa/2026-August-1-15-Contract-Awards-Report-REVISED.pdf,https://www.gov.nl.ca/ppa/files/2026-August-1-15-Contract-Awards-Report-REVISED.pdf,1,t1r16,12
stantec consulting,99792.3,CAD,0,count once,Matching full identifiers and award details; both source printings remain on the counted record.,Stantec Consulting Ltd.,City of St. John's,2026-03-13,PUR00179398,Goulds Sanitary Sewer Flow Monitoring,6 Months,ppa/2026-Mar-16-31-Contract-Awards-Report.pdf,https://www.gov.nl.ca/ppa/files/2026-Mar-16-31-Contract-Awards-Report.pdf,3,t1r5,1,Stantec Consulting Ltd.,City of St. John's,2026-03-13,PUR00179398,Goulds Sanitary Sewer Flow Monitoring,6 Months,ppa/2026-Apr-1-15-Contract-Awards-Report.pdf,https://www.gov.nl.ca/ppa/files/2026-Apr-1-15-Contract-Awards-Report.pdf,1,t1r25,21
stantec consulting,99792.3,CAD,6,keep both,"Goulds flow monitoring has different identifiers (PUR00179398 and 202603), dates and five/six-month terms. The reports do not link the identifiers.",Stantec Consulting Ltd.,City of St. John's,2026-03-13,PUR00179398,Goulds Sanitary Sewer Flow Monitoring,6 Months,ppa/2026-Mar-16-31-Contract-Awards-Report.pdf,https://www.gov.nl.ca/ppa/files/2026-Mar-16-31-Contract-Awards-Report.pdf,3,t1r5,1,Stantec Consulting Ltd.,City of St. John's,2026-03-07,202603,Goulds Flow Monitoring,5 Months,ppa/2026-Apr-16-30-Contract-Awards-Report.pdf,https://www.gov.nl.ca/ppa/files/2026-Apr-16-30-Contract-Awards-Report.pdf,1,t1r23,19
stantec consulting,99792.3,CAD,6,keep both,"Goulds flow monitoring has different identifiers (PUR00179398 and 202603), dates and five/six-month terms. The reports do not link the identifiers.",Stantec Consulting Ltd.,City of St. John's,2026-03-13,PUR00179398,Goulds Sanitary Sewer Flow Monitoring,6 Months,ppa/2026-Apr-1-15-Contract-Awards-Report.pdf,https://www.gov.nl.ca/ppa/files/2026-Apr-1-15-Contract-Awards-Report.pdf,1,t1r25,21,Stantec Consulting Ltd.,City of St. John's,2026-03-07,202603,Goulds Flow Monitoring,5 Months,ppa/2026-Apr-16-30-Contract-Awards-Report.pdf,https://www.gov.nl.ca/ppa/files/2026-Apr-16-30-Contract-Awards-Report.pdf,1,t1r23,19
supernova fireworks,16500.0,CAD,0,count once,Matching full identifiers and award details; both source printings remain on the counted record.,Supernova Fireworks Inc.,City of St. John's,2024-12-17,PUR00164759,Fireworks Display - New Years Eve 2024,N/A,ppa/Contract-Award-Report-2024-12-16-To-2024-12-31-KD-Edits.pdf,https://www.gov.nl.ca/ppa/files/Contract-Award-Report-2024-12-16-To-2024-12-31-KD-Edits.pdf,1,t1r6,2,Supernova Fireworks Inc.,City of St. John's,2024-12-17,PUR00164759,Fireworks Display - New Years Eve 2024,N/A,ppa/Contract-Award-Report-2025-01-01-To-2025-01-15-KD-Edits.pdf,https://www.gov.nl.ca/ppa/files/Contract-Award-Report-2025-01-01-To-2025-01-15-KD-Edits.pdf,1,t1r16,12
titjaluk logistics,129500.0,CAD,21,keep both,Different full contract/PO numbers; equal amounts and nearby dates do not establish a repeat.,TitJaluk Logistics Ltd,"Department of Industry, Energy and Technology",2025-08-12,225013206,Helicopter Service,N/A,ppa/Contract-Award-Report-2025-08-01-To-2025-08-15-REVISED.pdf,https://www.gov.nl.ca/ppa/files/Contract-Award-Report-2025-08-01-To-2025-08-15-REVISED.pdf,2,t1r10,6,Titjaluk Logistics,"Department of Industry, Energy and Technology",2025-09-02,225014651,Helicopter Rental,N/A,ppa/Contract-Award-Report-2025-09-01-To-2025-09-15.pdf,https://www.gov.nl.ca/ppa/files/Contract-Award-Report-2025-09-01-To-2025-09-15.pdf,1,t1r6,2
tmn busing,100000.0,CAD,0,keep both,Different full contract/PO numbers; equal amounts and nearby dates do not establish a repeat.,TMN Busing LTD,Newfoundland and Labrador English School District,2020-09-01,COV-20-848,Student Transportation - School Bus Services,1 Year,ppa/Execptions-January-1st-15th-2021.pdf,https://www.gov.nl.ca/ppa/files/Execptions-January-1st-15th-2021.pdf,6,t1r6,3,TMN Busing LTD,Newfoundland and Labrador English School District,2020-09-01,COV-20-853,Student Transportation - School Bus Services,1 Year,ppa/Execptions-January-1st-15th-2021.pdf,https://www.gov.nl.ca/ppa/files/Execptions-January-1st-15th-2021.pdf,6,t1r9,6
tmn busing,100000.0,CAD,0,keep both,Different full contract/PO numbers; equal amounts and nearby dates do not establish a repeat.,TMN Busing LTD,Newfoundland and Labrador English School District,2020-09-01,COV-20-848,Student Transportation - School Bus Services,1 Year,ppa/Execptions-January-1st-15th-2021.pdf,https://www.gov.nl.ca/ppa/files/Execptions-January-1st-15th-2021.pdf,6,t1r6,3,TMN Busing LTD,Newfoundland and Labrador English School District,2020-09-01,COV-20-854,Student Transportation - School Bus Services,1 Year,ppa/Execptions-January-1st-15th-2021.pdf,https://www.gov.nl.ca/ppa/files/Execptions-January-1st-15th-2021.pdf,6,t1r10,7
tmn busing,100000.0,CAD,0,keep both,Different full contract/PO numbers; equal amounts and nearby dates do not establish a repeat.,TMN Busing LTD,Newfoundland and Labrador English School District,2020-09-01,COV-20-848,Student Transportation - School Bus Services,1 Year,ppa/Execptions-January-1st-15th-2021.pdf,https://www.gov.nl.ca/ppa/files/Execptions-January-1st-15th-2021.pdf,6,t1r6,3,TMN Busing LTD,Newfoundland and Labrador English School District,2020-09-01,COV-20-855,Student Transportation - School Bus Services,1 Year,ppa/Execptions-January-1st-15th-2021.pdf,https://www.gov.nl.ca/ppa/files/Execptions-January-1st-15th-2021.pdf,6,t1r11,8
tmn busing,100000.0,CAD,0,keep both,Different full contract/PO numbers; equal amounts and nearby dates do not establish a repeat.,TMN Busing LTD,Newfoundland and Labrador English School District,2020-09-01,COV-20-848,Student Transportation - School Bus Services,1 Year,ppa/Execptions-January-1st-15th-2021.pdf,https://www.gov.nl.ca/ppa/files/Execptions-January-1st-15th-2021.pdf,6,t1r6,3,TMN Busing LTD,Newfoundland and Labrador English School District,2020-09-01,COV-20-859,Student Transportation - School Bus Services,1 Year,ppa/Execptions-January-1st-15th-2021.pdf,https://www.gov.nl.ca/ppa/files/Execptions-January-1st-15th-2021.pdf,7,t1r5,2
tmn busing,100000.0,CAD,0,keep both,Different full contract/PO numbers; equal amounts and nearby dates do not establish a repeat.,TMN Busing LTD,Newfoundland and Labrador English School District,2020-09-01,COV-20-848,Student Transportation - School Bus Services,1 Year,ppa/Execptions-January-1st-15th-2021.pdf,https://www.gov.nl.ca/ppa/files/Execptions-January-1st-15th-2021.pdf,6,t1r6,3,TMN Busing LTD,Newfoundland and Labrador English School District,2020-09-01,COV-20-887,Student Transportation - School Bus Services,1 Year,ppa/Execptions-January-1st-15th-2021.pdf,https://www.gov.nl.ca/ppa/files/Execptions-January-1st-15th-2021.pdf,9,t1r4,1
tmn busing,100000.0,CAD,0,keep both,Different full contract/PO numbers; equal amounts and nearby dates do not establish a repeat.,TMN Busing LTD,Newfoundland and Labrador English School District,2020-09-01,COV-20-853,Student Transportation - School Bus Services,1 Year,ppa/Execptions-January-1st-15th-2021.pdf,https://www.gov.nl.ca/ppa/files/Execptions-January-1st-15th-2021.pdf,6,t1r9,6,TMN Busing LTD,Newfoundland and Labrador English School District,2020-09-01,COV-20-854,Student Transportation - School Bus Services,1 Year,ppa/Execptions-January-1st-15th-2021.pdf,https://www.gov.nl.ca/ppa/files/Execptions-January-1st-15th-2021.pdf,6,t1r10,7
tmn busing,100000.0,CAD,0,keep both,Different full contract/PO numbers; equal amounts and nearby dates do not establish a repeat.,TMN Busing LTD,Newfoundland and Labrador English School District,2020-09-01,COV-20-853,Student Transportation - School Bus Services,1 Year,ppa/Execptions-January-1st-15th-2021.pdf,https://www.gov.nl.ca/ppa/files/Execptions-January-1st-15th-2021.pdf,6,t1r9,6,TMN Busing LTD,Newfoundland and Labrador English School District,2020-09-01,COV-20-855,Student Transportation - School Bus Services,1 Year,ppa/Execptions-January-1st-15th-2021.pdf,https://www.gov.nl.ca/ppa/files/Execptions-January-1st-15th-2021.pdf,6,t1r11,8
tmn busing,100000.0,CAD,0,keep both,Different full contract/PO numbers; equal amounts and nearby dates do not establish a repeat.,TMN Busing LTD,Newfoundland and Labrador English School District,2020-09-01,COV-20-853,Student Transportation - School Bus Services,1 Year,ppa/Execptions-January-1st-15th-2021.pdf,https://www.gov.nl.ca/ppa/files/Execptions-January-1st-15th-2021.pdf,6,t1r9,6,TMN Busing LTD,Newfoundland and Labrador English School District,2020-09-01,COV-20-859,Student Transportation - School Bus Services,1 Year,ppa/Execptions-January-1st-15th-2021.pdf,https://www.gov.nl.ca/ppa/files/Execptions-January-1st-15th-2021.pdf,7,t1r5,2
tmn busing,100000.0,CAD,0,keep both,Different full contract/PO numbers; equal amounts and nearby dates do not establish a repeat.,TMN Busing LTD,Newfoundland and Labrador English School District,2020-09-01,COV-20-853,Student Transportation - School Bus Services,1 Year,ppa/Execptions-January-1st-15th-2021.pdf,https://www.gov.nl.ca/ppa/files/Execptions-January-1st-15th-2021.pdf,6,t1r9,6,TMN Busing LTD,Newfoundland and Labrador English School District,2020-09-01,COV-20-887,Student Transportation - School Bus Services,1 Year,ppa/Execptions-January-1st-15th-2021.pdf,https://www.gov.nl.ca/ppa/files/Execptions-January-1st-15th-2021.pdf,9,t1r4,1
tmn busing,100000.0,CAD,0,keep both,Different full contract/PO numbers; equal amounts and nearby dates do not establish a repeat.,TMN Busing LTD,Newfoundland and Labrador English School District,2020-09-01,COV-20-854,Student Transportation - School Bus Services,1 Year,ppa/Execptions-January-1st-15th-2021.pdf,https://www.gov.nl.ca/ppa/files/Execptions-January-1st-15th-2021.pdf,6,t1r10,7,TMN Busing LTD,Newfoundland and Labrador English School District,2020-09-01,COV-20-855,Student Transportation - School Bus Services,1 Year,ppa/Execptions-January-1st-15th-2021.pdf,https://www.gov.nl.ca/ppa/files/Execptions-January-1st-15th-2021.pdf,6,t1r11,8
tmn busing,100000.0,CAD,0,keep both,Different full contract/PO numbers; equal amounts and nearby dates do not establish a repeat.,TMN Busing LTD,Newfoundland and Labrador English School District,2020-09-01,COV-20-854,Student Transportation - School Bus Services,1 Year,ppa/Execptions-January-1st-15th-2021.pdf,https://www.gov.nl.ca/ppa/files/Execptions-January-1st-15th-2021.pdf,6,t1r10,7,TMN Busing LTD,Newfoundland and Labrador English School District,2020-09-01,COV-20-859,Student Transportation - School Bus Services,1 Year,ppa/Execptions-January-1st-15th-2021.pdf,https://www.gov.nl.ca/ppa/files/Execptions-January-1st-15th-2021.pdf,7,t1r5,2
tmn busing,100000.0,CAD,0,keep both,Different full contract/PO numbers; equal amounts and nearby dates do not establish a repeat.,TMN Busing LTD,Newfoundland and Labrador English School District,2020-09-01,COV-20-854,Student Transportation - School Bus Services,1 Year,ppa/Execptions-January-1st-15th-2021.pdf,https://www.gov.nl.ca/ppa/files/Execptions-January-1st-15th-2021.pdf,6,t1r10,7,TMN Busing LTD,Newfoundland and Labrador English School District,2020-09-01,COV-20-887,Student Transportation - School Bus Services,1 Year,ppa/Execptions-January-1st-15th-2021.pdf,https://www.gov.nl.ca/ppa/files/Execptions-January-1st-15th-2021.pdf,9,t1r4,1
tmn busing,100000.0,CAD,0,keep both,Different full contract/PO numbers; equal amounts and nearby dates do not establish a repeat.,TMN Busing LTD,Newfoundland and Labrador English School District,2020-09-01,COV-20-855,Student Transportation - School Bus Services,1 Year,ppa/Execptions-January-1st-15th-2021.pdf,https://www.gov.nl.ca/ppa/files/Execptions-January-1st-15th-2021.pdf,6,t1r11,8,TMN Busing LTD,Newfoundland and Labrador English School District,2020-09-01,COV-20-859,Student Transportation - School Bus Services,1 Year,ppa/Execptions-January-1st-15th-2021.pdf,https://www.gov.nl.ca/ppa/files/Execptions-January-1st-15th-2021.pdf,7,t1r5,2
tmn busing,100000.0,CAD,0,keep both,Different full contract/PO numbers; equal amounts and nearby dates do not establish a repeat.,TMN Busing LTD,Newfoundland and Labrador English School District,2020-09-01,COV-20-855,Student Transportation - School Bus Services,1 Year,ppa/Execptions-January-1st-15th-2021.pdf,https://www.gov.nl.ca/ppa/files/Execptions-January-1st-15th-2021.pdf,6,t1r11,8,TMN Busing LTD,Newfoundland and Labrador English School District,2020-09-01,COV-20-887,Student Transportation - School Bus Services,1 Year,ppa/Execptions-January-1st-15th-2021.pdf,https://www.gov.nl.ca/ppa/files/Execptions-January-1st-15th-2021.pdf,9,t1r4,1
tmn busing,100000.0,CAD,0,keep both,Different full contract/PO numbers; equal amounts and nearby dates do not establish a repeat.,TMN Busing LTD,Newfoundland and Labrador English School District,2020-09-01,COV-20-859,Student Transportation - School Bus Services,1 Year,ppa/Execptions-January-1st-15th-2021.pdf,https://www.gov.nl.ca/ppa/files/Execptions-January-1st-15th-2021.pdf,7,t1r5,2,TMN Busing LTD,Newfoundland and Labrador English School District,2020-09-01,COV-20-887,Student Transportation - School Bus Services,1 Year,ppa/Execptions-January-1st-15th-2021.pdf,https://www.gov.nl.ca/ppa/files/Execptions-January-1st-15th-2021.pdf,9,t1r4,1
toromont cat,200000.0,CAD,0,keep both,Different full contract/PO numbers; equal amounts and nearby dates do not establish a repeat.,Toromont Cat,Newfoundland & Labrador Hydro,2021-01-12,4490,Toromont CAT Parts for Caterpillar diesel engines - Natuashish,Commodity purchase,ppa/Execptions-February-16th-28th-2021.pdf,https://www.gov.nl.ca/ppa/files/Execptions-February-16th-28th-2021.pdf,1,t1r26,23,Toromont Cat,Newfoundland & Labrador Hydro,2021-01-12,4499,Toromont CAT Parts for Caterpillar diesel engines - South Labrador,Commodity purchase,ppa/Execptions-February-16th-28th-2021.pdf,https://www.gov.nl.ca/ppa/files/Execptions-February-16th-28th-2021.pdf,1,t1r27,24
training and development,11201.3,CAD,0,keep both,Different full contract/PO numbers; equal amounts and nearby dates do not establish a repeat.,Training & Development,College of the North Atlantic,2023-03-07,191647,Online Frontline Leadership program 1st Class for Contract Training request.,N/A,ppa/Contract-and-Exception-Awards-November-16-30-2023-Copy.pdf,https://www.gov.nl.ca/ppa/files/Contract-and-Exception-Awards-November-16-30-2023-Copy.pdf,1,t1r23,19,Training & Development,College of the North Atlantic,2023-03-07,191649,Online Frontline Leadership program 2nd Class for Contract Training request.,N/A,ppa/Contract-and-Exception-Awards-November-16-30-2023-Copy.pdf,https://www.gov.nl.ca/ppa/files/Contract-and-Exception-Awards-November-16-30-2023-Copy.pdf,1,t1r24,20
triware technologies,10004.0,CAD,3,keep both,Different full contract/PO numbers; equal amounts and nearby dates do not establish a repeat.,Triware Technologies Incorporated,"Industry, Energy & Technology",2024-08-13,224013743,Toners,N/A,ppa/Contract-Award-Report-2024-08-01-To-2024-08-15-KD-Edits.pdf,https://www.gov.nl.ca/ppa/files/Contract-Award-Report-2024-08-01-To-2024-08-15-KD-Edits.pdf,1,t1r8,4,Triware Technologies Incorporated,"Industry, Energy & Technology",2024-08-16,224014207,Toners,N/A,ppa/Contract-Award-Report-2024-08-16-To-2024-08-31-KD-Edits.pdf,https://www.gov.nl.ca/ppa/files/Contract-Award-Report-2024-08-16-To-2024-08-31-KD-Edits.pdf,2,t1r7,3
triware technologies,25054.0,CAD,4,keep both,Different full contract/PO numbers; equal amounts and nearby dates do not establish a repeat.,Triware Technologies Incorporated,Executive Council,2026-02-06,225026483,Surface Pro 11 Copilot + PC Tablet,N/A,ppa/2026-Feb-01-15-Contract-Awards-Report.pdf,https://www.gov.nl.ca/ppa/files/2026-Feb-01-15-Contract-Awards-Report.pdf,2,t1r9,5,Triware Technologies Incorporated,Executive Council,2026-02-10,225026767,"Surface Pro 11 Copilot + Tablet + Extended Warranty, Dock, Keyboard",N/A,ppa/2026-Feb-01-15-Contract-Awards-Report.pdf,https://www.gov.nl.ca/ppa/files/2026-Feb-01-15-Contract-Awards-Report.pdf,2,t1r10,6
universal fabricators,59850.0,CAD,1,keep both,Different full contract/PO numbers; equal amounts and nearby dates do not establish a repeat.,Universal Fabricators Inc,Department of Transportation and Infrastructure,2026-07-22,226011839,Equipment # 5804 - Outside Repair Jeff Chafe GFW,N/A,ppa/2026-July-16-31-Contract-Awards-Report.pdf,https://www.gov.nl.ca/ppa/files/2026-July-16-31-Contract-Awards-Report.pdf,1,t1r20,16,Universal Fabricators Inc,Department of Transportation and Infrastructure,2026-07-23,226011851,Equipment # 5790 - Remove Old Dump & Install New One,N/A,ppa/2026-July-16-31-Contract-Awards-Report.pdf,https://www.gov.nl.ca/ppa/files/2026-July-16-31-Contract-Awards-Report.pdf,1,t1r21,17
vardy villa,140000.0,CAD,0,keep both,Different full contract/PO numbers; equal amounts and nearby dates do not establish a repeat.,Vardy Villa,Newfoundland and Labrador English School District,2020-09-01,COV-20-824,Student Transportation - School Bus Services,1 Year,ppa/Execptions-January-1st-15th-2021.pdf,https://www.gov.nl.ca/ppa/files/Execptions-January-1st-15th-2021.pdf,3,t1r12,9,Vardy Villa LTD,Newfoundland and Labrador English School District,2020-09-01,COV-20-845,Student Transportation - School Bus Services,1 Year,ppa/Execptions-January-1st-15th-2021.pdf,https://www.gov.nl.ca/ppa/files/Execptions-January-1st-15th-2021.pdf,5,t1r13,10
vitalsine,34071.81,CAD,0,count once,"Both print full PO PUR00179079, City of St. John's, VitalSine, $34,071.81, 3 March 2026, and the UPS battery description.",VitalSine,City of St. John's,2026-03-03,PUR00179079,Supply of Batteries for Uninterruptible Power Supply (UPS),N/A,ppa/2026-Mar-16-31-Contract-Awards-Report.pdf,https://www.gov.nl.ca/ppa/files/2026-Mar-16-31-Contract-Awards-Report.pdf,2,t1r25,21,VitalSine,City of St. John's,2026-03-03,PUR00179079,Supply of Batteries for Uninterruptible Power Supply (UPS),N/A,ppa/2026-Apr-1-15-Contract-Awards-Report.pdf,https://www.gov.nl.ca/ppa/files/2026-Apr-1-15-Contract-Awards-Report.pdf,1,t1r23,19
wajax,1964700.0,CAD,0,keep both,Different full contract/PO numbers; equal amounts and nearby dates do not establish a repeat.,Wajax,Transportation & Infrastructure,2024-02-29,223029315,Downpayment on 3x Main Engines for MV Veteran,N/A,ppa/Contract-Award-Report-2024-02-16-to-2024-02-29-KD-Edits.pdf,https://www.gov.nl.ca/ppa/files/Contract-Award-Report-2024-02-16-to-2024-02-29-KD-Edits.pdf,4,t1r22,18,Wajax,Transportation & Infrastructure,2024-02-29,223029312,Downpayment on 3x Main Engines for MV Legionnaire,N/A,ppa/Contract-Award-Report-2024-02-16-to-2024-02-29-KD-Edits.pdf,https://www.gov.nl.ca/ppa/files/Contract-Award-Report-2024-02-16-to-2024-02-29-KD-Edits.pdf,4,t1r23,19
western petroleum,152000.0,CAD,24,keep both,Different full contract/PO numbers; equal amounts and nearby dates do not establish a repeat.,Western Petroleum,Newfoundland & Labrador Hydro,2024-05-14,192745,Purchase Fuel for Mcc,Commodity,ppa/Contract-Award-Report-2024-06-16-To-2024-06-30-KD-Edits.pdf,https://www.gov.nl.ca/ppa/files/Contract-Award-Report-2024-06-16-To-2024-06-30-KD-Edits.pdf,2,t1r21,17,Western Petroleum,Newfoundland & Labrador Hydro,2024-06-07,8958,Purchase Fuel for MCC,Commodity,ppa/Contract-Award-Report-2024-07-16-To-2024-07-31-KD-Edits.pdf,https://www.gov.nl.ca/ppa/files/Contract-Award-Report-2024-07-16-To-2024-07-31-KD-Edits.pdf,3,t1r25,21
