supplier,supplier_key,name_merged,name_key,records,value,evidence,joined_to,detail,also_printed
Government of Newfoundland and Labrador,government of newfoundland and labrador,Province of Newfoundland and Labrador,province of newfoundland and labrador,109,108528240.0,same name,Province Newfoundland & Labrador,"the same words, spaced differently or without ""of""",PROVINCE OF NEWFOUNDLAND AND LABRADOR; The Province of Newfoundland and Labrador; Province of Newfoundland & Labrador
Government of Newfoundland and Labrador,government of newfoundland and labrador,Government of Newfoundland and Labrador - Department of Health and Community Services,government of newfoundland and labrador department of health and community services,20,502791341.0,unit,Government of Newfoundland and Labrador,"a department, faculty or campus printed after the body's own name",
Government of Newfoundland and Labrador,government of newfoundland and labrador,GOVERNMENT OF NEWFOUNDLAND AND LABRADOR NEWFOUNDLAND EXCHEQUER ACCOUNT,government of newfoundland and labrador newfoundland exchequer account,18,66150961.0,reviewed,Government of Newfoundland and Labrador,Names the provincial government and its Exchequer Account.,
Government of Newfoundland and Labrador,government of newfoundland and labrador,Newfoundland Exchequer Account,newfoundland exchequer account,4,0.0,reviewed,Government of Newfoundland and Labrador,The Exchequer Account is the provincial government's own account; federal transfer records also print it as Government of Newfoundland and Labrador Newfoundland Exchequer Account.,
Government of Newfoundland and Labrador,government of newfoundland and labrador,"Government of Newfoundland and Labrador Department of Fisheries, Forestry and Agriculture",government of newfoundland and labrador department of fisheries forestry and agriculture,1,27750000.0,unit,Government of Newfoundland and Labrador,"a department, faculty or campus printed after the body's own name",
Government of Newfoundland and Labrador,government of newfoundland and labrador,"GOVERNMENT OF NEWFOUNDLAND AND LABRADOR, DEPARTMENT OF JUSTICE AND PUBLIC SAFETY, PUBLIC PROSECUTIONS",government of newfoundland and labrador department of justice and public safety public prosecutions,1,11991.0,unit,Government of Newfoundland and Labrador,"a department, faculty or campus printed after the body's own name",
Government of Newfoundland and Labrador,government of newfoundland and labrador,"Government of Newfoundland and Labrador, Department of Education",government of newfoundland and labrador department of education,1,1944015.0,unit,Government of Newfoundland and Labrador,"a department, faculty or campus printed after the body's own name",
Government of Newfoundland and Labrador,government of newfoundland and labrador,"Province of Newfoundland and Labrador, Department of Justice and Public Safety",province of newfoundland and labrador department of justice and public safety,1,27253603.34,unit,Province of Newfoundland and Labrador,"a department, faculty or campus printed after the body's own name",
Government of Newfoundland and Labrador,government of newfoundland and labrador,"Government of Newfoundland & Labrador, Department of Justice and Public Safety",government of newfoundland and labrador department of justice and public safety,1,75242.0,unit,Government of Newfoundland and Labrador,"a department, faculty or campus printed after the body's own name",
Government of Newfoundland and Labrador,government of newfoundland and labrador,Province Newfoundland & Labrador,province newfoundland and labrador,1,0.0,same name,Province of Newfoundland and Labrador,"the same words, spaced differently or without ""of""",
Government of Newfoundland and Labrador,government of newfoundland and labrador,gouvernment de terre neuve et du labrador,gouvernment de terre neuve et du labrador,0,0.0,bilingual,Government of Newfoundland and Labrador,one record prints both (278-2018-2019-Q2-00005),
Government of Newfoundland and Labrador,government of newfoundland and labrador,la province de terre neuve et du labrador,la province de terre neuve et du labrador,0,0.0,bilingual,Province of Newfoundland and Labrador,one record prints both (278-2018-2019-Q2-00020),
Government of Newfoundland and Labrador,government of newfoundland and labrador,gouvernement de terre neuve et labrador,gouvernement de terre neuve et labrador,0,0.0,bilingual,Government of Newfoundland and Labrador,one record prints both (278-2024-2025-Q4-00135),
Government of Newfoundland and Labrador,government of newfoundland and labrador,province de la terre neuve et labrador,province de la terre neuve et labrador,0,0.0,bilingual,Province of Newfoundland and Labrador,one record prints both (214-2018-2019-Q2-0016),
Government of Newfoundland and Labrador,government of newfoundland and labrador,province de terre neuve et labrador,province de terre neuve et labrador,0,0.0,bilingual,Province of Newfoundland and Labrador,one record prints both (088-2023-2024-Q4-00087),
Nunatsiavut Government,nunatsiavut government,"Nunatsiavut Government, Department of Health & Social Development",nunatsiavut government department of health and social development,4,2850010.0,unit,Nunatsiavut Government,"a department, faculty or campus printed after the body's own name",Nunatsiavut Government - Department of Health and Social Development
Nunatsiavut Government,nunatsiavut government,Nunatsiavut Government - Department of Health and Social Development (DHSD),nunatsiavut government department of health and social development dhsd,2,368056.0,unit,Nunatsiavut Government,"a department, faculty or campus printed after the body's own name",
Nunatsiavut Government,nunatsiavut government,NUNATISIAVUT GOVERNMENT,nunatisiavut government,1,1600000.0,postal code,Nunatsiavut Government,federal records share one,
Nunatsiavut Government,nunatsiavut government,gouvernement du nunatsiavut,gouvernement du nunatsiavut,0,0.0,bilingual,Nunatsiavut Government,one record prints both (119-2019-2020-Q1-00088),
Nunatsiavut Government,nunatsiavut government,le gouvernement du nunatsiavut,le gouvernement du nunatsiavut,0,0.0,bilingual,Nunatsiavut Government,one record prints both (217-2022-2023-Q2-07583),
Memorial University of Newfoundland,memorial university of newfoundland,Memorial University,memorial university,37,6028265.62,business number,Memorial University of Newfoundland,federal grant records share one,MEMORIAL UNIVERSITY
Memorial University of Newfoundland,memorial university of newfoundland,"Grenfell Campus, Memorial University of Newfoundland",grenfell campus memorial university of newfoundland,32,99833.0,same name,"Grenfell Campus, MemorialUniversity of Newfoundland","the same words, spaced differently or without ""of""","Grenfell Campus, memorial University of Newfoundland; Grenfell Campus Memorial University of Newfoundland; Grenfell Campus - Memorial University of Newfoundland"
Memorial University of Newfoundland,memorial university of newfoundland,Memorial University of Newfoundland and Labrador,memorial university of newfoundland and labrador,25,753973.5,business number,Memorial University,federal grant records share one,Memorial University of Newfoundland & Labrador; MEMORIAL UNIVERSITY OF NEWFOUNDLAND AND LABRADOR; Memorial University of NL; Memorial University of Nl
Memorial University of Newfoundland,memorial university of newfoundland,Fisheries & Marine Institute of Memorial University of Nfld.,fisheries and marine institute of memorial university of newfoundland,19,3118765.5,same name,FISHERIES & MARINE INSTITUTE OF MEM ORIAL UNIVERSITY OF NEWFOUNDLAND,"the same words, spaced differently or without ""of""",Fisheries and Marine Institute of the Memorial University of Newfoundland; Fisheries and Marine Institute of Memorial University of Newfoundland; Fisheries & Marine Institute Of Memorial University Of Newfoundland; FISHERIES AND MARINE INSTITUTE OF MEMORIAL UNIVERSITY OF NEWFOUNDLAND; Fisheries & Marine Institute of Memorial University of Newfoundland; FISHERIES AND MARINE INSTITUTE OF THE MEMORIAL UNIVERSITY OF NEWFOUNDLAND; The Fisheries and Marine Institute of the Memorial University of Newfoundland
Memorial University of Newfoundland,memorial university of newfoundland,Fisheries and Marine Institute of Memorial University,fisheries and marine institute of memorial university,11,1009424.0,business number,Fisheries & Marine Institute of Memorial University of Nfld.,federal grant records share one,Fisheries And Marine Institute of Memorial University
Memorial University of Newfoundland,memorial university of newfoundland,Memorial University of Newfoundland Fisheries and Marine Institute,memorial university of newfoundland fisheries and marine institute,8,1076191.0,unit,Memorial University of Newfoundland,"a department, faculty or campus printed after the body's own name",MEMORIAL UNIVERSITY OF NEWFOUNDLAND FISHERIES AND MARINE INSTITUTE
Memorial University of Newfoundland,memorial university of newfoundland,Memorial University of Newfoundland - Faculty of Eng. & Applied Science,memorial university of newfoundland faculty of eng and applied science,7,379000.0,unit,Memorial University of Newfoundland,"a department, faculty or campus printed after the body's own name",
Memorial University of Newfoundland,memorial university of newfoundland,"Grenfell Campus, Memorial University",grenfell campus memorial university,6,19710.0,business number,"Grenfell Campus, Memorial University of Newfoundland",federal grant records share one,
Memorial University of Newfoundland,memorial university of newfoundland,Université Memorial de Terre-Neuve,universite memorial de terre neuve,4,198799.0,bilingual,Memorial University of Newfoundland,one record prints both (003-2018-2019-Q2-04053),
Memorial University of Newfoundland,memorial university of newfoundland,Memorial University- Fisheries And Marine Institute,memorial university fisheries and marine institute,3,398625.0,unit,Memorial University,"a department, faculty or campus printed after the body's own name",MEMORIAL UNIVERSITY- FISHERIES AND MARINE INSTITUTE
Memorial University of Newfoundland,memorial university of newfoundland,FISHERIES & MARINE INSTITUTE OF MEM ORIAL UNIVERSITY OF NEWFOUNDLAND,fisheries and marine institute of mem orial university of newfoundland,2,388000.93,same name,Fisheries & Marine Institute of Memorial University of Nfld.,"the same words, spaced differently or without ""of""",
Memorial University of Newfoundland,memorial university of newfoundland,MEMORIAL UNIVERSITY- DEPARTMENT OF EARTH SCIENCES,memorial university department of earth sciences,2,409979.0,unit,Memorial University,"a department, faculty or campus printed after the body's own name",Memorial University- Department Of Earth Sciences
Memorial University of Newfoundland,memorial university of newfoundland,MEMORIAL UNIVERSITY OF NEWFOUNDLAND - GRENFELL CAMPUS ART GALLERY,memorial university of newfoundland grenfell campus art gallery,1,16160.0,unit,Memorial University of Newfoundland,"a department, faculty or campus printed after the body's own name",
Memorial University of Newfoundland,memorial university of newfoundland,MEMORIAL UNIVERSITY- DEPARTMENT OF GEOGRAPHY,memorial university department of geography,1,566599.21,unit,Memorial University,"a department, faculty or campus printed after the body's own name",
Memorial University of Newfoundland,memorial university of newfoundland,"MEMORIAL UNIVERSITY OF NEWFOUNDLAND, FACULTY OF MEDICINE, OFFICE OF PROFESSIONAL DEVELOPMENT",memorial university of newfoundland faculty of medicine office of professional development,1,84724.0,unit,Memorial University of Newfoundland,"a department, faculty or campus printed after the body's own name",
Memorial University of Newfoundland,memorial university of newfoundland,"Grernfell Campus, Memorial University of Newfoundland",grernfell campus memorial university of newfoundland,1,2983.0,business number,"Grenfell Campus, Memorial University of Newfoundland",federal grant records share one,
Memorial University of Newfoundland,memorial university of newfoundland,"Grenfell Campus, MemorialUniversity of Newfoundland",grenfell campus memorialuniversity of newfoundland,1,19152.0,same name,"Grenfell Campus, Memorial University of Newfoundland","the same words, spaced differently or without ""of""",
Memorial University of Newfoundland,memorial university of newfoundland,"Memorial University, Grenfell Campus",memorial university grenfell campus,1,2439.0,business number,"Grenfell Campus, Memorial University",federal grant records share one,
Memorial University of Newfoundland,memorial university of newfoundland,"Memorial University of Newfoundland, Department of Varsity Athletics (HKR)",memorial university of newfoundland department of varsity athletics hkr,1,12936.0,unit,Memorial University of Newfoundland,"a department, faculty or campus printed after the body's own name",
Memorial University of Newfoundland,memorial university of newfoundland,Memorial University of Newfoudland,memorial university of newfoudland,1,1784.0,business number,Memorial University of Newfoundland,federal grant records share one,
Mushuau Innu First Nation,mushuau innu first nation,Mushuau Innu First Nation Innu Band Council,mushuau innu first nation innu band council,1,2700140.0,business number,Mushuau Innu First Nation,federal grant records share one,
St. John's Dockyard,st johns dockyard,NEWDOCK - ST. JOHN'S DOCKYARD LTD,newdock st johns dockyard,19,212584892.04,reviewed,St. John's Dockyard,NEWDOCK is St. John's Dockyard Limited's trading name. Federal contracts print NEWDOCK - St. John's Dockyard Ltd. for the Coast Guard and Navy refits that CanadaBuys notices print as St. John's Dockyard Limited.,"NEWDOCK, ST. JOHN'S DOCKYARD LTD; NEWDOCK, ST. JOHN'S DOCKYARD LIMITE D"
Sheshatshiu Innu First Nation,sheshatshiu innu first nation,Sheshatshiu Innu Band Council,sheshatshiu innu band council,14,2395371.0,reviewed,Sheshatshiu Innu First Nation,"Same business number on federal grant records; the band council is the First Nation's governing body, at Sheshatshiu.",
Sheshatshiu Innu First Nation,sheshatshiu innu first nation,premiere nation innue sheshatshiu,premiere nation innue sheshatshiu,0,0.0,bilingual,Sheshatshiu Innu First Nation,one record prints both (119-2019-2020-Q2-00066),
Qalipu Mi'kmaq First Nation Band,qalipu mikmaq first nation band,Qalipu Mi'kmaq First Nation,qalipu mikmaq first nation,41,2627462.0,same name,Qalipu M'ik Maq First Nation,"the same words, spaced differently or without ""of""",QALIPU MI'KMAQ FIRST NATION; Qalipu Mi'Kmaq First Nation; Qalipu Mi’Kmaq First Nation; Qalipu Mi’kmaq First Nation
Qalipu Mi'kmaq First Nation Band,qalipu mikmaq first nation band,Qalipu First Nation Band,qalipu first nation band,29,167336958.0,reviewed,Qalipu Mi'kmaq First Nation Band,There is one Qalipu band. Indigenous Services prints it as Qalipu First Nation Band; other departments as Qalipu Mi'kmaq First Nation Band; both at Corner Brook.,QALIPU FIRST NATION BAND
Qalipu Mi'kmaq First Nation Band,qalipu mikmaq first nation band,Qalipu First Nation,qalipu first nation,16,11004682.0,bilingual,premiere nation qalipu,one record prints both (217-2019-2020-Q1-00217),
Qalipu Mi'kmaq First Nation Band,qalipu mikmaq first nation band,Qalipu Mi'kmaq First Nations Band,qalipu mikmaq first nations band,1,378286.0,business number,Qalipu Mi'kmaq First Nation Band,federal grant records share one,
Qalipu Mi'kmaq First Nation Band,qalipu mikmaq first nation band,Qalipu M'ik Maq First Nation,qalipu mik maq first nation,1,24500.0,same name,Qalipu Mi'kmaq First Nation,"the same words, spaced differently or without ""of""",
Qalipu Mi'kmaq First Nation Band,qalipu mikmaq first nation band,premiere nation qalipu,premiere nation qalipu,0,0.0,bilingual,Qalipu First Nation,one record prints both (217-2019-2020-Q1-00217),
Association for New Canadians,association for new canadians,association pour les nouveaux canadiens,association pour les nouveaux canadiens,0,0.0,bilingual,Association for New Canadians,one record prints both (094-2018-2019-Q4-S181100029),
Microsoft Canada Inc.,microsoft canada,Microsoft,microsoft,11,59771634.42,reviewed,Microsoft Canada Inc.,"The provincial reports print Microsoft's awards as Microsoft, Microsoft Canada Inc. and Microsoft Cooperation, for the same Enterprise Agreement licences and Unified Support contracts to the same buyers, with addresses in Toronto, Mississauga and Reno (Microsoft's licensing office). The reports do not say which Microsoft company holds each award, so the page shows them together.",Microsoft Corporation
Microsoft Canada Inc.,microsoft canada,Microsoft Cooperation,microsoft cooperation,1,845109.23,reviewed,Microsoft,"A misprint of Microsoft Corporation (see the Microsoft line above): one 2023 licence award to the NL Centre for Health Information, Reno address.",
RJG CONSTRUCTION LTD,rjg construction,R.J.G. Construction Limited,r j g construction,28,30257346.87,same name,RJG CONSTRUCTION LTD,"the same words, spaced differently or without ""of""",R J G CONSTRUCTION LTD.; R.J.G Construction Limited; R J G Construction Ltd.
City of St. John's,city of st johns,City of St. John's Municipal Council,city of st johns municipal council,3,6646204.0,reviewed,City of St. John's,Same business number on federal grant records; the municipal council is the City.,
City of St. John's,city of st johns,CITY OF ST. JOHNS'S,city of st johnss,1,52528.0,business number,City of St. John's,federal grant records share one,
City of St. John's,city of st johns,ville de st johns,ville de st johns,0,0.0,bilingual,City of St. John's,one record prints both (278-2017-2018-Q4-00010),
City of St. John's,city of st johns,ville de st jean de tn,ville de st jean de tn,0,0.0,bilingual,City of St. John's,one record prints both (094-2018-2019-Q4-S181100043),
Braya Renewable Fuels (Newfoundland) LP,braya renewable fuels newfoundland lp,BRAYA RENEWABLES FUELS (NEWFOUNDLAND) LP,braya renewables fuels newfoundland lp,1,37363420.0,postal code,Braya Renewable Fuels (Newfoundland) LP,federal records share one,
NUNATUKAVUT COMMUNITY COUNCIL INC.,nunatukavut community council,NunatuKavut,nunatukavut,4,8151693.0,business number,NUNATUKAVUT COMMUNITY COUNCIL INC.,federal grant records share one,
Newfoundland and Labrador,newfoundland and labrador,terre neuve et labrador,terre neuve et labrador,0,0.0,bilingual,Newfoundland and Labrador,one record prints both (088-2022-2023-Q1-00004),
NARL MARKETING LIMITED PARTNERSHIP,narl marketing lp,NARL MARKETING LIMITED PARTNERSHIP NORTH ATLANTIC,narl marketing lp north atlantic,90,13682423.69,reviewed,NARL MARKETING LIMITED PARTNERSHIP,"The federal file cuts the name (NARL Marketing Limited Partnership, North Atlantic Refining) at its column width; same fuel contracts, same postal area (A1B).",
JCL Investments Inc.,jcl investments,JCL Investments Inc Corner,jcl investments corner,1,0.0,reviewed,JCL Investments Inc.,"The Public Accounts line splits Corner Brook across the payee and place columns (payee ""JCL Investments Inc Corner"", place ""Brook, Newfoundland and Labrador"").",
NEWFOUNDLAND AND LABRADOR DEPARTMENT OF JUSTICE AND PUBLIC SAFETY,newfoundland and labrador department of justice and public safety,"NEWFOUNDLAND AND LABRADOR DEPARTMENT OF JUSTICE AND PUBLIC SAFETY, VICTIM SERVICES BRANCH",newfoundland and labrador department of justice and public safety victim services branch,4,12021687.0,bilingual,terre neuve et labrador ministere de la justice et de la securite publique direction des services aux victimes,one record prints both (119-2020-2021-Q1-00002),
NEWFOUNDLAND AND LABRADOR DEPARTMENT OF JUSTICE AND PUBLIC SAFETY,newfoundland and labrador department of justice and public safety,ministere de la justice et de la securite publique de terre neuve et labrador,ministere de la justice et de la securite publique de terre neuve et labrador,0,0.0,bilingual,NEWFOUNDLAND AND LABRADOR DEPARTMENT OF JUSTICE AND PUBLIC SAFETY,one record prints both (119-2021-2022-Q4-00014),
NEWFOUNDLAND AND LABRADOR DEPARTMENT OF JUSTICE AND PUBLIC SAFETY,newfoundland and labrador department of justice and public safety,terre neuve et labrador ministere de la justice et de la securite publique direction des services aux victimes,terre neuve et labrador ministere de la justice et de la securite publique direction des services aux victimes,0,0.0,bilingual,"NEWFOUNDLAND AND LABRADOR DEPARTMENT OF JUSTICE AND PUBLIC SAFETY, VICTIM SERVICES BRANCH",one record prints both (119-2020-2021-Q1-00002),
St. John's International Airport Authority,st johns international airport authority,autorite aeroportuaire de st johns international,autorite aeroportuaire de st johns international,0,0.0,bilingual,St. John's International Airport Authority,one record prints both (217-2021-2022-Q3-05002),
Miawpukek First Nation,miawpukek first nation,Miawpukek Mi'kamawey Mawi'omi,miawpukek mikamawey mawiomi,55,5187144.0,reviewed,Miawpukek First Nation,"Same business number on federal grant records; Miawpukek Mi'kamawey Mawi'omi is the First Nation's own name, at Conne River.",Miawpukek Mi'Kamawey Mawi'Omi; Miawpukek Mi’kamawey Mawi’omi; Miawpukek Mi'Kamawey Mawi'omi; Miawpukek Mi’Kamawey Mawi’omi
Miawpukek First Nation,miawpukek first nation,Miawpukek First Nations,miawpukek first nations,7,500073.0,postal code,Miawpukek First Nation,federal records share one,Miawpukek First Nations Corporation; MIAWPUKEK FIRST NATIONS; MIAWPUKEK FIRST NATIONS CORPORATION
Miawpukek First Nation,miawpukek first nation,MIAWPUKEK FIRST NATION - ST. ANNE'S SCHOOL,miawpukek first nation st annes school,1,120000.0,unit,Miawpukek First Nation,"a department, faculty or campus printed after the body's own name",
Energy Research and Innovation Newfoundland and Labrador,energy research and innovation newfoundland and labrador,Petroleum Research Newfoundland and Labrador,petroleum research newfoundland and labrador,7,1405274.0,reviewed,Energy Research and Innovation Newfoundland and Labrador,Same business number on federal grant records; Petroleum Research Newfoundland and Labrador took the name Energy Research and Innovation Newfoundland and Labrador.,
J.M.J. HOLDINGS LTD.,j m j holdings,JMJ Holdings Ltd,jmj holdings,1,0.0,same name,J.M.J. HOLDINGS LTD.,"the same words, spaced differently or without ""of""",
FIRST LIGHT ST. JOHN'S FRIENDSHIP CENTRE INC.,first light st johns friendship centre,St. John's Native Friendship Centre,st johns native friendship centre,16,1343610.0,reviewed,FIRST LIGHT ST. JOHN'S FRIENDSHIP CENTRE INC.,Same business number on federal grant records; St. John's Native Friendship Centre took the name First Light.,"ST. JOHN'S NATIVE FRIENDSHIP CENTRE, THE"
FIRST LIGHT ST. JOHN'S FRIENDSHIP CENTRE INC.,first light st johns friendship centre,FIRST LIGHT ST JOHN S FRIENDSHIP CENTRE INC,first light st john s friendship centre,2,272075.5,same name,FIRST LIGHT ST. JOHN'S FRIENDSHIP CENTRE INC.,"the same words, spaced differently or without ""of""",
FIRST LIGHT ST. JOHN'S FRIENDSHIP CENTRE INC.,first light st johns friendship centre,First Light St. John's Friendship Center,first light st johns friendship center,1,86799.0,business number,FIRST LIGHT ST. JOHN'S FRIENDSHIP CENTRE INC.,federal grant records share one,
FLOYD'S CONSTRUCTION LTD,floyds construction,FLOYD'S CONSTRUCTON LTD,floyds constructon,18,24359815.9,same award,FLOYD'S CONSTRUCTION LTD,"a federal contract and a CanadaBuys notice of 2025-10-30, $189,520.00",
College of the North Atlantic,college of north atlantic,College of the North Atlantic - Bonavista Campus,college of north atlantic bonavista campus,2,1069532.0,unit,College of the North Atlantic,"a department, faculty or campus printed after the body's own name",
College of the North Atlantic,college of north atlantic,College of the North Atlantic - Carbonear Campus,college of north atlantic carbonear campus,1,341441.0,unit,College of the North Atlantic,"a department, faculty or campus printed after the body's own name",
College of the North Atlantic,college of north atlantic,College of the North Atlantic - Clarenville Campus,college of north atlantic clarenville campus,1,194086.0,unit,College of the North Atlantic,"a department, faculty or campus printed after the body's own name",
College of the North Atlantic,college of north atlantic,college de latlantique nord,college de latlantique nord,0,0.0,bilingual,College of the North Atlantic,one record prints both (300-2017-2018-Q3-00001),
Search and Rescue Volunteer Association of Canada (SARVAC),search and rescue volunteer association of canada,association canadienne des volontaires en recherche et sauvetage,association canadienne des volontaires en recherche et sauvetage,0,0.0,bilingual,Search and Rescue Volunteer Association of Canada (SARVAC),one record prints both (088-2022-2023-Q1-00019),
Search and Rescue Volunteer Association of Canada (SARVAC),search and rescue volunteer association of canada,association canadienne des volontaires de recherche et sauvetage,association canadienne des volontaires de recherche et sauvetage,0,0.0,bilingual,Search and Rescue Volunteer Association of Canada (SARVAC),one record prints both (088-2025-2026-Q3-00040),
Search and Rescue Volunteer Association of Canada (SARVAC),search and rescue volunteer association of canada,association canadienne des volontaires en recherche et sauvetage lacvrs,association canadienne des volontaires en recherche et sauvetage lacvrs,0,0.0,bilingual,Search and Rescue Volunteer Association of Canada (SARVAC),one record prints both (088-2025-2026-Q4-00205),
DF BARNES SERVICES LIMITED,df barnes services,D.F. Barnes Services Limited,d f barnes services,29,5129575.44,same name,DF BARNES SERVICES LIMITED,"the same words, spaced differently or without ""of""",D F Barnes Services Limited; D.F. BARNES SERVICES LIMITED; D F BARNES SERVICES LIMITED
Community Sector Council of Newfoundland and Labrador Inc.,community sector council of newfoundland and labrador,Community Sector Council Newfoundland and Labrador,community sector council newfoundland and labrador,12,6162969.0,same name,Community Sector Council of Newfoundland and Labrador Inc.,"the same words, spaced differently or without ""of""",
CANADIAN CORPS OF COMMISSIONAIRES,canadian corps of commissionaires,CANADIAN CORPS COMMISSIONAIRES,canadian corps commissionaires,12,5471332.42,same name,CANADIAN CORPS OF COMMISSIONAIRES,"the same words, spaced differently or without ""of""",
TOWN OF GRAND FALLS- WINDSOR,town of grand falls windsor,ville de grand falls windsor,ville de grand falls windsor,0,0.0,bilingual,TOWN OF GRAND FALLS- WINDSOR,one record prints both (278-2024-2025-Q4-00256),
"Newfoundland and Labrador, Government of",newfoundland and labrador government of,terre neuve et labrador gouvernement de,terre neuve et labrador gouvernement de,0,0.0,bilingual,"Newfoundland and Labrador, Government of",one record prints both (278-2022-2023-Q3-00069),
Town of Gander,town of gander,ville de gander,ville de gander,0,0.0,bilingual,Town of Gander,one record prints both (278-2018-2019-Q2-00023),
Shorefast Foundation,shorefast foundation,Shorefast,shorefast,2,3048.0,business number,Shorefast Foundation,federal grant records share one,
Town of Happy Valley-Goose Bay,town of happy valley goose bay,ville de happy valley goose bay,ville de happy valley goose bay,0,0.0,bilingual,Town of Happy Valley-Goose Bay,one record prints both (278-2019-2020-Q1-00014),
Town of Happy Valley-Goose Bay,town of happy valley goose bay,ville dhappy valley goose bay,ville dhappy valley goose bay,0,0.0,bilingual,Town of Happy Valley-Goose Bay,one record prints both (278-2024-2025-Q3-00057),
WESTERN PETROLEUM,western petroleum,WESTERN PETROLEUM NEWFOUNDLAND LIMITED,western petroleum newfoundland,8,59406.04,reviewed,WESTERN PETROLEUM,"The same fuel supplier: federal fuel contracts to the same departments, postal area A2H (Corner Brook), printed with and without the legal name.",WESTERN PETROLEUM NEWFOUNDLAND LIMI
Gros Morne Cooperating Association Inc.,gros morne cooperating association,Gros Morne Co-operating Association,gros morne operating association,6,267532.0,business number,Gros Morne Cooperating Association Inc.,federal grant records share one,
Gros Morne Cooperating Association Inc.,gros morne cooperating association,Gros Morne Coooperating Association,gros morne coooperating association,1,19867.0,business number,Gros Morne Cooperating Association Inc.,federal grant records share one,
Newfoundland and Labrador Association of Technology Industries Incorporated,newfoundland and labrador association of technology industries,techNL Innovation Inc.,technl innovation,10,1118230.16,reviewed,Newfoundland and Labrador Association of Technology Industries Incorporated,Same business number on federal grant records; the Newfoundland and Labrador Association of Technology Industries took the name techNL.,techNL Innovation Inc
EXPLOITS WELDING AND MACHINE SHOP L TD,exploits welding and machine shop,EXPLOITS WELDING AND MACHINE SHOP L,exploits welding and machine shop l,5,7237611.2,reviewed,EXPLOITS WELDING AND MACHINE SHOP L TD,The federal file cuts the name at 35 characters; both are Fisheries and Oceans wharf contracts in Grand Falls-Windsor's postal area (A2B).,
B & R ENTERPRISES LIMITED,b and r enterprises,B & R ENTERPRIES LIMITED,b and r enterpries,1,0.0,same award,B & R ENTERPRISES LIMITED,"a federal contract and a CanadaBuys notice of 2023-09-07, $5,495,116.88",
PUBLIC LEGAL INFORMATION ASSOCIATION OF NEWFOUNDLAND AND LABRADOR,public legal information association of newfoundland and labrador,PUBLIC LEGAL INFORMATION ASSOCIATION OF NEWFOUNDLAND,public legal information association of newfoundland,13,1912231.0,bilingual,lassociation pour linformation juridique publique de terre neuve et labrador plian,one record prints both (088-2025-2026-Q2-00049),Public Legal Information Association of Newfoundland
PUBLIC LEGAL INFORMATION ASSOCIATION OF NEWFOUNDLAND AND LABRADOR,public legal information association of newfoundland and labrador,lassociation pour linformation juridique publique de terre neuve et labrador plian,lassociation pour linformation juridique publique de terre neuve et labrador plian,0,0.0,bilingual,PUBLIC LEGAL INFORMATION ASSOCIATION OF NEWFOUNDLAND,one record prints both (088-2025-2026-Q2-00049),
Canadian Centre for Fisheries Innovation,canadian centre for fisheries innovation,CANADIAN CENTRE FOR FISHERIES INNOV ATION,canadian centre for fisheries innov ation,1,1009725.21,same name,Canadian Centre for Fisheries Innovation,"the same words, spaced differently or without ""of""",
"Fish, Food and Allied Workers",fish food and allied workers,"Fish, Food and Allied Workers Union",fish food and allied workers union,11,2940969.01,business number,"Fish, Food and Allied Workers",federal grant records share one,"Fish Food and Allied Workers Union; Fish, Food, And Allied Workers Union; Fish, Food and Allied Workers Union (FFAW)"
"Fish, Food and Allied Workers",fish food and allied workers,FISHERMEN FOOD & ALLIED WORKERS UNION,fishermen food and allied workers union,7,20474.0,reviewed,"Fish, Food and Allied Workers","Same business number on federal grant records; Fishermen, Food and Allied Workers is the union's earlier name.",Fishermen Food & Allied Workers Union
"Fish, Food and Allied Workers",fish food and allied workers,"Fish, Food and Allied Workers-Unifo",fish food and allied workers unifo,1,439329.1,postal code,"Fish, Food and Allied Workers Union",federal records share one,
Newfoundland Aquaculture Industry Association Inc.,newfoundland aquaculture industry association,NL Aquaculture Industry Association,newfoundland and labrador aquaculture industry association,8,40020.0,business number,Newfoundland Aquaculture Industry Association Inc.,federal grant records share one,NL Aquaculture Industry Association (NAIA)
Town of Conception Bay South,town of conception bay south,ville de conception bay south,ville de conception bay south,0,0.0,bilingual,Town of Conception Bay South,one record prints both (278-2024-2025-Q4-00335),
Fédération des francophones de Terre-Neuve et du Labrador,federation des francophones de terre neuve et du labrador,Federation des Francophone de Terre-Neuve et du Labrador,federation des francophone de terre neuve et du labrador,1,34000.0,postal code,Fédération des francophones de Terre-Neuve et du Labrador,federal records share one,
COMMISSIONAIRES OF NFLD,commissionaires of newfoundland,COMMISSIONAIRES NEWFOUNDLAND,commissionaires newfoundland,8,1791409.83,same name,COMMISSIONAIRES OF NFLD,"the same words, spaced differently or without ""of""",Commissionaires Newfoundland
Corner Brook Port Corporation,corner brook port,portuaire de corner brook,portuaire de corner brook,0,0.0,bilingual,Corner Brook Port Corporation,one record prints both (217-2019-2020-Q3-00786),
Deer Lake Regional Airport Authority Inc.,deer lake regional airport authority,administration aeroportuaire regionale de deer lake,administration aeroportuaire regionale de deer lake,0,0.0,bilingual,Deer Lake Regional Airport Authority Inc.,one record prints both (217-2021-2022-Q1-04154),
St. John's Port Authority,st johns port authority,ladministration portuaire de st johns,ladministration portuaire de st johns,0,0.0,bilingual,St. John's Port Authority,one record prints both (217-2022-2023-Q4-09404),
Town of Marystown,town of marystown,TOWN OF MARYSTOWN (RECREATION DEPARTMENT),town of marystown recreation department,5,23380.0,unit,Town of Marystown,"a department, faculty or campus printed after the body's own name",
Town of Marystown,town of marystown,Town Council of Marystown,town council of marystown,3,15299.87,business number,Town Council of Town of Marystown,federal grant records share one,TOWN COUNCIL OF MARYSTOWN
Town of Marystown,town of marystown,Town Council of Town of Marystown,town council of town of marystown,1,9974.0,business number,Town Council of Marystown,federal grant records share one,
Locke's Electrical Limited,lockes electrical,LOCKE'S ECTRICAL LIMITED,lockes ectrical,2,4178623.25,reviewed,Locke's Electrical Limited,Letters missing from Electrical; both are federal electrical contracts in Corner Brook's postal area (A2H).,
AIR BOREALIS LIMITED PARTNERSHIP,air borealis lp,AIRBOREALIS LIMITED PARTNERSHIP,airborealis lp,2,30720.13,same name,AIR BOREALIS LIMITED PARTNERSHIP,"the same words, spaced differently or without ""of""",
Town of Stephenville,town of stephenville,ville de stephenville,ville de stephenville,0,0.0,bilingual,Town of Stephenville,one record prints both (278-2024-2025-Q2-00004),
Oceans Advance Inc.,oceans advance,OceansAdvance Inc.,oceansadvance,19,1873521.07,same name,Oceans Advance Inc.,"the same words, spaced differently or without ""of""",OceansAdvance Inc
A. HARVEY & COMPANY LIMITED,a harvey,A. Harvey & Co. Ltd. / Marine Base Division,a harvey marine base division,1,25714.64,unit,A. HARVEY & COMPANY LIMITED,"a department, faculty or campus printed after the body's own name",
Craft Council of Newfoundland and Labrador Inc.,craft council of newfoundland and labrador,CRAFT COUNCIL OF NEWFOUNDLAND AND L ABRADOR,craft council of newfoundland and l abrador,1,10810.0,same name,Craft Council of Newfoundland and Labrador Inc.,"the same words, spaced differently or without ""of""",
SmartICE Monitoring & Information Inc.,smartice monitoring and information,Smart Ice Monitoring & Information Inc,smart ice monitoring and information,1,34251.0,same name,SmartICE Monitoring & Information Inc.,"the same words, spaced differently or without ""of""",
Gateway Community Development Corporation,gateway community development,Gateway Community Developement Corporation,gateway community developement,1,4633.0,business number,Gateway Community Development Corporation,federal grant records share one,
City of Corner Brook,city of corner brook,ville de corner brook,ville de corner brook,0,0.0,bilingual,City of Corner Brook,one record prints both (278-2025-2026-Q2-00038),
LAT49 ARCHITECTURE INC.,lat49 architecture,LAT 49 ARCHITECTURE INC,lat 49 architecture,2,72791.56,same name,LAT49 ARCHITECTURE INC.,"the same words, spaced differently or without ""of""",
Newfoundland Aqua Service Ltd.,newfoundland aqua service,Newfoundland Aqua Services Ltd.,newfoundland aqua services,2,1703081.42,postal code,Newfoundland Aqua Service Ltd.,federal records share one,
D.F. Barnes Fabrication Limited,d f barnes fabrication,DF BARNES FABRICATION,df barnes fabrication,3,150158.12,same name,D.F. Barnes Fabrication Limited,"the same words, spaced differently or without ""of""",DF Barnes Fabrication
Women in Resource Development Inc.,women in resource development,Women in Resource Development Committee,women in resource development committee,3,2990589.0,business number,Women in Resource Development Inc.,federal grant records share one,
Brighter Futures Coalition St John's and District Inc,brighter futures coalition st johns and district,"Brighter Futures Coalition of St. John's, & District Inc.",brighter futures coalition of st johns and district,2,4182100.0,same name,Brighter Futures Coalition St John's and District Inc,"the same words, spaced differently or without ""of""",
British Confectionery Company Limited,british confectionery,British Confectionary Company Limited,british confectionary,3,533946.0,postal code,British Confectionery Company Limited,federal records share one,
Community Services Council NL,community services council newfoundland and labrador,Community Services Council of Newfoundland and Labrador,community services council of newfoundland and labrador,2,1957472.0,same name,Community Services Council NL,"the same words, spaced differently or without ""of""",
Environment Resources Management Association,environment resources management association,Environment and Resources Management Association,environment and resources management association,8,2242168.0,business number,Environment Resources Management Association,federal grant records share one,ENVIRONMENT AND RESOURCES MANAGEMENT ASSOCIATION
Environment Resources Management Association,environment resources management association,Environment Resources Managemant Association,environment resources managemant association,1,12475.0,business number,Environment Resources Management Association,federal grant records share one,
Town of Channel-Port aux Basques,town of channel port aux basques,ville de channel port aux basques,ville de channel port aux basques,0,0.0,bilingual,Town of Channel-Port aux Basques,one record prints both (278-2025-2026-Q2-00012),
Emmanuel Construction Services Ltd,emmanuel construction services,Emmmanuel Construction Services,emmmanuel construction services,1,2627.0,business number,Emmanuel Construction Services Ltd,federal grant records share one,
Town of Lewisporte,town of lewisporte,ville de lewisporte,ville de lewisporte,0,0.0,bilingual,Town of Lewisporte,one record prints both (278-2018-2019-Q1-00020),
Brother T.I. Murphy Learning Resource Centre Inc.,brother t i murphy learning resource centre,Brother TI Murphy Learning Resource Centre Inc,brother ti murphy learning resource centre,3,0.0,same name,Brother T.I. Murphy Learning Resource Centre Inc.,"the same words, spaced differently or without ""of""",
eSonar Inc.,esonar,E Sonar Inc.,e sonar,15,1743146.28,same name,eSonar Inc.,"the same words, spaced differently or without ""of""",e Sonar Inc.
Sift Med Inc.,sift med,SiftMed Inc.,siftmed,1,500000.0,same name,Sift Med Inc.,"the same words, spaced differently or without ""of""",
Sir William Ford Coaker Heritage Foundation,sir william ford coaker heritage foundation,Sir William F. Coaker Heritage Foundation Inc.,sir william f coaker heritage foundation,6,2378125.0,reviewed,Sir William Ford Coaker Heritage Foundation,Same business number on federal grant records; F. is Ford.,Sir William F. Coaker Heritage Foundation
ASSOCIATION RÉGIONALE DE LA CÔTE OUEST INCORPORÉE,association regionale de la cote ouest incorporee,Association Régional de la Côte Ouest Incorporee,association regional de la cote ouest incorporee,2,55753.28,postal code,ASSOCIATION RÉGIONALE DE LA CÔTE OUEST INCORPORÉE,federal records share one,
Clear Risk Inc.,clear risk,ClearRisk Inc.,clearrisk,4,255930.0,same name,Clear Risk Inc.,"the same words, spaced differently or without ""of""",ClearRisk Inc
EngageFCP Inc.,engagefcp,Engage FCP Inc.,engage fcp,5,275014.0,same name,EngageFCP Inc.,"the same words, spaced differently or without ""of""",Engage FCP Inc
Town of Burin,town of burin,Town Council of the Town of Burin,town council of town of burin,3,11064.0,business number,Town of Burin,federal grant records share one,TOWN COUNCIL OF THE TOWN OF BURIN
Town of Clarenville,town of clarenville,ville de clarenville,ville de clarenville,0,0.0,bilingual,Town of Clarenville,one record prints both (278-2024-2025-Q2-00010),
"Channel-Port aux Basques, Town of",channel port aux basques town of,channel port aux basques ville de,channel port aux basques ville de,0,0.0,bilingual,"Channel-Port aux Basques, Town of",one record prints both (278-2023-2024-Q4-00048),
Newfoundland and Labrador Housing Corporation,newfoundland and labrador housing,societe de logement de terre neuve et du labrador,societe de logement de terre neuve et du labrador,0,0.0,bilingual,Newfoundland and Labrador Housing Corporation,one record prints both (278-2024-2025-Q4-00141),
St. John's Women's Centre,st johns womens centre,St. John's Women Centre Inc.,st johns women centre,2,1226270.0,business number,St. John's Women's Centre,federal grant records share one,St John's Women Centre Inc
P D Industries Ltd,p d industries,PD Industries Ltd.,pd industries,1,0.0,same name,P D Industries Ltd,"the same words, spaced differently or without ""of""",
Canadian Parks and Wilderness Society,canadian parks and wilderness society,Canadian Parks and Wilderness Society Newfoundland and Labrador,canadian parks and wilderness society newfoundland and labrador,5,295124.0,business number,Canadian Parks and Wilderness Society,federal grant records share one,Canadian Parks and Wilderness Society - Newfoundland and Labrador
Canadian Parks and Wilderness Society,canadian parks and wilderness society,Canadian Parks and Wilderness Socie,canadian parks and wilderness socie,2,193517.5,postal code,Canadian Parks and Wilderness Society,federal records share one,
Signal Hill Tattoo Association Inc.,signal hill tattoo association,Signal Hill Tattoo Assoication Inc,signal hill tattoo assoication,1,80198.0,business number,Signal Hill Tattoo Association Inc.,federal grant records share one,
Notre Dame Bay Mussel Farms Inc.,notre dame bay mussel farms,Notre Dame Bay Mussell Farms Inc.,notre dame bay mussell farms,1,69930.0,postal code,Notre Dame Bay Mussel Farms Inc.,federal records share one,
PROV. NEWFOUNDLAND & LABRADOR,prov newfoundland and labrador,PROV. NEWFOUNDLAND & LABRADOR - DEPARTMENT OF TRANSPORTATION AND INFRASTRUCTURE,prov newfoundland and labrador department of transportation and infrastructure,3,837218.58,unit,PROV. NEWFOUNDLAND & LABRADOR,"a department, faculty or campus printed after the body's own name",
Labrador Gem Seafood Incorporated,labrador gem seafood,Labrador Gem Seafoods Inc,labrador gem seafoods,2,58856.0,postal code,Labrador Gem Seafood Incorporated,federal records share one,
AIDS Committee of Newfoundland and Labrador,aids committee of newfoundland and labrador,AIDS Committee Newfoundland & Labrador,aids committee newfoundland and labrador,11,39893.0,same name,AIDS Committee of Newfoundland and Labrador,"the same words, spaced differently or without ""of""",AIDS Committee Newfoundland and Labrador
AIDS Committee of Newfoundland and Labrador,aids committee of newfoundland and labrador,comite sida de terre neuve et labrador,comite sida de terre neuve et labrador,0,0.0,bilingual,AIDS Committee of Newfoundland and Labrador,one record prints both (135-2018-2019-Q2-000002),
"Canadian Parents for French, Nfld Labrador Inc",canadian parents for french newfoundland labrador,CANADIAN PARENTS FOR FRENCH NEWFOUNDLAND AND LABRADOR INC,canadian parents for french newfoundland and labrador,7,701255.0,business number,"Canadian Parents for French, Nfld Labrador Inc",federal grant records share one,Canadian Parents for French - Newfoundland and Labrador; Canadian Parents For French (Newfoundland and Labrador); Canadian Parents for French (Newfoundland and Labrador) Inc
Town of Pouch Cove,town of pouch cove,The Town Council of Pouch Cove,town council of pouch cove,2,45328.0,business number,Town of Pouch Cove,federal grant records share one,
Town of Pouch Cove,town of pouch cove,ville de pouch cove,ville de pouch cove,0,0.0,bilingual,Town of Pouch Cove,one record prints both (278-2018-2019-Q1-00014),
3 T's Limited,3 ts,3T'S Limited,3ts,1,0.0,same name,3 T's Limited,"the same words, spaced differently or without ""of""",
G C STAGE EQUIPMENT LTD,g c stage equipment,GC Stage Equipment,gc stage equipment,1,55050.0,same name,G C STAGE EQUIPMENT LTD,"the same words, spaced differently or without ""of""",
TOWN OF NEW-WES-VALLEY,town of new wes valley,new wes valley ville de,new wes valley ville de,0,0.0,bilingual,TOWN OF NEW-WES-VALLEY,one record prints both (278-2022-2023-Q3-00081),
P.F. Collins Customs Broker Ltd.,p f collins customs broker,PF COLLINS CUSTOMS BROKER LTD.,pf collins customs broker,1,18227.5,same name,P.F. Collins Customs Broker Ltd.,"the same words, spaced differently or without ""of""",
Newfoundland and Labrador Sexual Assault Crisis and Prevention Centre Inc.,newfoundland and labrador sexual assault crisis and prevention centre,NL Sexual Assault & Crisis Prevention Centre,newfoundland and labrador sexual assault and crisis prevention centre,1,34566.0,business number,Newfoundland and Labrador Sexual Assault Crisis and Prevention Centre Inc.,federal grant records share one,
Town of Long Harbour - Mount Arlington Heights,town of long harbour mount arlington heights,Town of Long Harbour & Mount Arlington Heights,town of long harbour and mount arlington heights,6,25527.0,business number,Town of Long Harbour - Mount Arlington Heights,federal grant records share one,
Gros Morne Summer Music Inc.,gros morne summer music,Gros Morne Summe Music Incorporated,gros morne summe music,1,6096.0,business number,Gros Morne Summer Music Inc.,federal grant records share one,
Humber Arm Environmental Association Inc.,humber arm environmental association,HUMBER ARM ENVIRONMENTAL ASSOCIATIO,humber arm environmental associatio,1,93557.0,postal code,Humber Arm Environmental Association Inc.,federal records share one,
"Corner Brook, City of",corner brook city of,corner brook ville de,corner brook ville de,0,0.0,bilingual,"Corner Brook, City of",one record prints both (278-2023-2024-Q2-00028),
Wooden Boat Museum of Newfoundland and Labrador Inc.,wooden boat museum of newfoundland and labrador,Wooden Boat Museum,wooden boat museum,1,15469.0,business number,Wooden Boat Museum of Newfoundland and Labrador Inc.,federal grant records share one,
Petty Harbour Fishermen's Producers Cooperative Society,petty harbour fishermens producers cooperative society,Petty Harbour Fishermen's Producer Cooperative Society,petty harbour fishermens producer cooperative society,2,17677.0,business number,Petty Harbour Fishermens Producer Co-operative,federal grant records share one,Petty Harbour Fishermen's Producer Cooperative Society Ltd.
Petty Harbour Fishermen's Producers Cooperative Society,petty harbour fishermens producers cooperative society,Petty Harbour Fishermens Producer Co-operative,petty harbour fishermens producer cooperative,1,0.0,business number,Petty Harbour Fishermen's Producer Cooperative Society,federal grant records share one,
Autism Society of Newfoundland and Labrador Inc.,autism society of newfoundland and labrador,"Autism Society, Newfoundland and Labrador",autism society newfoundland and labrador,5,22311.0,same name,Autism Society of Newfoundland and Labrador Inc.,"the same words, spaced differently or without ""of""","Autism Society, Newfoundland and Labrador (ASNL); Autism Society, Newfoundland & Labrador"
Autism Society of Newfoundland and Labrador Inc.,autism society of newfoundland and labrador,"Autism Society, Newfoundland Labrador",autism society newfoundland labrador,2,19071.0,business number,"Autism Society, Newfoundland and Labrador",federal grant records share one,
Autism Society of Newfoundland and Labrador Inc.,autism society of newfoundland and labrador,Autism Society - Eastern Region,autism society eastern region,1,2985.0,business number,Autism Society of Newfoundland and Labrador Eastern Region,federal grant records share one,
Autism Society of Newfoundland and Labrador Inc.,autism society of newfoundland and labrador,Autism Society of Newfoundland and Labrador Eastern Region,autism society of newfoundland and labrador eastern region,1,3055.0,business number,Autism Society - Eastern Region,federal grant records share one,
Edwards Lifesciences,edwards lifesciences,Edwards Life Sciences,edwards life sciences,1,368462.3,same name,Edwards Lifesciences,"the same words, spaced differently or without ""of""",
Labrador Hunting and Fishing Association Inc.,labrador hunting and fishing association,association chasse et peche du labrador,association chasse et peche du labrador,0,0.0,bilingual,Labrador Hunting and Fishing Association Inc.,one record prints both (217-2021-2022-Q1-03859),
Newfoundland and Labrador Search and Rescue Association,newfoundland and labrador search and rescue association,association de recherche et de sauvetage de terre neuve et du labrador,association de recherche et de sauvetage de terre neuve et du labrador,0,0.0,bilingual,Newfoundland and Labrador Search and Rescue Association,one record prints both (088-2022-2023-Q1-00017),
M D Charlton Co Ltd,m d charlton,MD Charlton,md charlton,5,698142.23,same name,M D Charlton Co Ltd,"the same words, spaced differently or without ""of""","MD Charlton Ltd; MD Charlton Company, Ltd; MD Charlton Co Ltd."
St. Mary's Bay North Regional Development Association,st marys bay north regional development association,St. Mary's Bay North Development Association,st marys bay north development association,1,18533.0,business number,St. Mary's Bay North Regional Development Association,federal grant records share one,
RLDatix,rldatix,RL Datix,rl datix,2,406102.14,same name,RLDatix,"the same words, spaced differently or without ""of""",
BAY BULLS-BAULINE ATHLETIC ASSOCIATION INC.,bay bulls bauline athletic association,Bay Bulls-Bauline Athletics Association,bay bulls bauline athletics association,1,6238.0,business number,BAY BULLS-BAULINE ATHLETIC ASSOCIATION INC.,federal grant records share one,
BAY BULLS-BAULINE ATHLETIC ASSOCIATION INC.,bay bulls bauline athletic association,Bay Bulls-Bauline Athletics Associations,bay bulls bauline athletics associations,1,42771.0,business number,BAY BULLS-BAULINE ATHLETIC ASSOCIATION INC.,federal grant records share one,
KEEP COOL REFRIGERATION & A/C LTD,keep cool refrigeration and a c,Keep Cool Refrigeration & AC Ltd.,keep cool refrigeration and ac,1,0.0,same name,KEEP COOL REFRIGERATION & A/C LTD,"the same words, spaced differently or without ""of""",
N.C.L. Contractors Ltd.,n c l contractors,NCL CONTRACTORS LTD,ncl contractors,2,32631.25,same name,N.C.L. Contractors Ltd.,"the same words, spaced differently or without ""of""",
P & B Enterprise Limited,p and b enterprise,P & B Enterprises Limited,p and b enterprises,4,868000.0,business number,P & B Enterprise Limited,federal grant records share one,
Twillingate Islands Tourism Association Inc.,twillingate islands tourism association,Twillingate Island Tourism Association,twillingate island tourism association,2,15237.0,business number,Twillingate Islands Tourism Association Inc.,federal grant records share one,
Medtronic Canada,medtronic canada,Medtronic of Canada ULC,medtronic of canada,1,80559.0,same name,Medtronic Canada,"the same words, spaced differently or without ""of""",
The Town Council of Cormack,town council of cormack,Town of Cormack,town of cormack,3,833960.0,business number,The Town Council of Cormack,federal grant records share one,
Independent Living Resource Center Incorporated,independent living resource center,Independent Living Resource Centre incorporated,independent living resource centre,6,55203.0,postal code,Independent Living Resource Center Incorporated,federal records share one,Independent Living Resource Centre Inc.
Yellow Belly Brewery Ltd.,yellow belly brewery,Yellowbelly Brewery Ltd.,yellowbelly brewery,1,191250.0,same name,Yellow Belly Brewery Ltd.,"the same words, spaced differently or without ""of""",
BLACKCOMB MATERIALS LTD.,blackcomb materials,Blackcomb Material Ltd,blackcomb material,1,0.0,same award,BLACKCOMB MATERIALS LTD.,"a federal contract and a CanadaBuys notice of 2026-03-10, $54,692.00",
Town of Arnold's Cove,town of arnolds cove,Town of Arnold' s Cove,town of arnold s cove,2,9240.0,same name,Town of Arnold's Cove,"the same words, spaced differently or without ""of""",
Downtown Stephenville Business Improvement Association Corporation,downtown stephenville business improvement association,Stephenville Downtown Business Improvement Association,stephenville downtown business improvement association,3,11844.0,business number,Downtown Stephenville Business Improvement Association Corporation,federal grant records share one,
C & W Industrial Fabrication & Marine Equipment Ltd.,c and w industrial fabrication and marine equipment,C & W INDUSTRIAL FABRICATION & MARI NE EQUIPMENT LTD.,c and w industrial fabrication and mari ne equipment,2,26116.5,same name,C & W Industrial Fabrication & Marine Equipment Ltd.,"the same words, spaced differently or without ""of""",
"The Society for the Prevention of Cruelty to Animals (Newfoundland and Labrador) - ""SPCA St. John's""",society for prevention of cruelty to animals newfoundland and labrador spca st johns,societe pour la prevention de la cruaute envers les animaux terreneuveetlabrador spca de st johns,societe pour la prevention de la cruaute envers les animaux terreneuveetlabrador spca de st johns,0,0.0,bilingual,"The Society for the Prevention of Cruelty to Animals (Newfoundland and Labrador) - ""SPCA St. John's""",one record prints both (278-2025-2026-Q4-00032),
H.J. BARTLETT ELECTRIC INC,h j bartlett electric,HJ Bartlett Electric Inc.,hj bartlett electric,1,203343.0,same name,H.J. BARTLETT ELECTRIC INC,"the same words, spaced differently or without ""of""",
Sutreen Hardwood & Molding Ltd.,sutreen hardwood and molding,Sutreen Hardwoods & Molding Ltd.,sutreen hardwoods and molding,1,150000.0,postal code,Sutreen Hardwood & Molding Ltd.,federal records share one,
"Conception Bay South, Town of",conception bay south town of,conception bay south ville de,conception bay south ville de,0,0.0,bilingual,"Conception Bay South, Town of",one record prints both (278-2023-2024-Q2-00069),
CORNER BROOK ARTS CENTRE ASSOCIATION INC.,corner brook arts centre association,Corner Brook Arts Centre Inc,corner brook arts centre,2,6902.0,business number,CORNER BROOK ARTS CENTRE ASSOCIATION INC.,federal grant records share one,
CORNER BROOK ARTS CENTRE ASSOCIATION INC.,corner brook arts centre association,The Cornher Brook Arts centre Association Ltd,cornher brook arts centre association,1,3055.0,business number,CORNER BROOK ARTS CENTRE ASSOCIATION INC.,federal grant records share one,
Eltoq Developments Inc.,eltoq developments,Eltoq Development Inc.,eltoq development,6,15663.0,business number,Eltoq Developments Inc.,federal grant records share one,
Lighthouse Productions Inc.,lighthouse productions,Lighthouse Production Inc.,lighthouse production,1,15276.0,business number,Lighthouse Productions Inc.,federal grant records share one,
SculpinQA Limited,sculpinqa,SCULPIN QA Inc.,sculpin qa,2,194500.0,same name,SculpinQA Limited,"the same words, spaced differently or without ""of""",Sculpin QA Limited
Harbour Authority of Old Perlican,harbour authority of old perlican,HARBOUR AUTHORITY OLD PERLICAN,harbour authority old perlican,7,341693.1,same name,Harbour Authority of Old Perlican,"the same words, spaced differently or without ""of""",Harbour Authority Old Perlican
Harbour Authority of Old Perlican,harbour authority of old perlican,Old Perlican Harbour Authority,old perlican harbour authority,1,2614.0,business number,Harbour Authority of Old Perlican,federal grant records share one,
Report Mate Inc.,report mate,ReportMate Inc,reportmate,1,0.0,same name,Report Mate Inc.,"the same words, spaced differently or without ""of""",
Town of Bay Roberts,town of bay roberts,The Town Council of Bay Roberts,town council of bay roberts,2,80920.0,business number,Town of Bay Roberts,federal grant records share one,TOWN COUNCIL OF BAY ROBERTS
A S Roach Fire Services Ltd,a s roach fire services,AS Roach Fire Services Ltd.,as roach fire services,1,319320.0,same name,A S Roach Fire Services Ltd,"the same words, spaced differently or without ""of""",
Three Rivers Mi'kmaq Band Inc.,three rivers mikmaq band,THREE RIVERS MI' KMAQ BAND INC.,three rivers mi kmaq band,1,20000.0,same name,Three Rivers Mi'kmaq Band Inc.,"the same words, spaced differently or without ""of""",
S & P Global Inc.,s and p global,"S&P Global Commodity Insights, Division of S&P Global Inc.",s and p global commodity insights division of s and p global,1,143850.0,unit,S & P Global Inc.,"a department, faculty or campus printed after the body's own name",
Albatross Hotel,albatross hotel,"Albatross Motel, Limited",albatross motel,1,330000.0,business number,Albatross Hotel,federal grant records share one,
Town of Bonavista,town of bonavista,ville de bonavista,ville de bonavista,0,0.0,bilingual,Town of Bonavista,one record prints both (278-2025-2026-Q2-00015),
Town of Portugal Cove - St. Philip's,town of portugal cove st philips,Town of Portugal Cove - St. Phillip's,town of portugal cove st phillips,5,45826.0,business number,Town of Portugal Cove - St. Philip's,federal grant records share one,Town of Portugal Cove- St. Phillips
Town of Portugal Cove - St. Philip's,town of portugal cove st philips,portugal cove st philips ville de,portugal cove st philips ville de,0,0.0,bilingual,Town of Portugal Cove - St. Philip's,one record prints both (278-2022-2023-Q4-00040),
HARBOUR AUTHORITY OF PORT DE GRAVE,harbour authority of port de grave,Harbour Authority Port de Grave,harbour authority port de grave,3,18032.0,same name,HARBOUR AUTHORITY OF PORT DE GRAVE,"the same words, spaced differently or without ""of""",Harbour Authority port de grave
Atlantic Controls Ltd,atlantic controls,Atlantic Controls - Division of Laurentide,atlantic controls division of laurentide,1,50420.5,unit,Atlantic Controls Ltd,"a department, faculty or campus printed after the body's own name",
The Community Recreation Rebroadcasting Services Association,community recreation rebroadcasting services association,The Community Recreation Rebroadcasting Service Association,community recreation rebroadcasting service association,3,532727.0,business number,The Community Recreation Rebroadcasting Services Association,federal grant records share one,Community Recreation Rebroadcasting Service Association
Newfoundland - Labrador Federation of Co-Operatives,newfoundland labrador federation of operatives,Newfoundland and Labrador Federation of Co-operatives,newfoundland and labrador federation of operatives,2,204462.0,business number,Newfoundland - Labrador Federation of Co-Operatives,federal grant records share one,
Port Blandford - Winter Brook Development Association,port blandford winter brook development association,Port Blandford Winterbrook Development Association,port blandford winterbrook development association,4,15867.0,same name,Port Blandford - Winter Brook Development Association,"the same words, spaced differently or without ""of""",
Port Blandford - Winter Brook Development Association,port blandford winter brook development association,Port Blandford - Winterbrook Development,port blandford winterbrook development,1,5113.0,business number,Port Blandford Winterbrook Development Association,federal grant records share one,
Town of Logy Bay-Middle Cove-Outer Cove,town of logy bay middle cove outer cove,Town Council of Logy Bay-Middle Cove-Outer Cove,town council of logy bay middle cove outer cove,2,44240.0,business number,Town of Logy Bay-Middle Cove-Outer Cove,federal grant records share one,
I M P GROUP LIMITED,i m p group,IMP Group Limited o/a IMP Solutions,imp group,3,548418.75,same name,I M P GROUP LIMITED,"the same words, spaced differently or without ""of""",IMP Group Limited
Harbour Authority of Fortune,harbour authority of fortune,HARBOUR AUTHORITY FORTUNE,harbour authority fortune,2,60547.5,same name,Harbour Authority of Fortune,"the same words, spaced differently or without ""of""",
Friends of Writers at Woody Point Inc.,friends of writers at woody point,Friends of Writerts at Woody Point inc,friends of writerts at woody point,1,10226.0,business number,Friends of Writers at Woody Point Inc.,federal grant records share one,
E.C. Boone Ltd.,e c boone,EC Boone,ec boone,2,42207.55,same name,E.C. Boone Ltd.,"the same words, spaced differently or without ""of""",
Placentia Area Development Association,placentia area development association,PLACENTIA AREA DEVELOPMENT ASSOCIAT ION,placentia area development associat ion,1,31413.1,same name,Placentia Area Development Association,"the same words, spaced differently or without ""of""",
Holyrood Marina Park Corporation,holyrood marina park,Holyrood Park Marina,holyrood park marina,2,8179.0,business number,Holyrood Marina Park Corporation,federal grant records share one,
Oceans Learning Partnership Inc.,oceans learning partnership,Oceans Leanring Partnership Inc.,oceans leanring partnership,1,2986.0,business number,Oceans Learning Partnership Inc.,federal grant records share one,
Town of Pasadena,town of pasadena,ville de pasadena,ville de pasadena,0,0.0,bilingual,Town of Pasadena,one record prints both (278-2025-2026-Q2-00004),
Eastern Arm Enterprises Ltd.,eastern arm enterprises,Eastern Arm Enterprise Ltd.,eastern arm enterprise,2,4657.0,business number,Eastern Arm Enterprises Ltd.,federal grant records share one,Eastern Arm Enterprise Ltd
YMCA-YWCA of Northeast Avalon,ymca ywca of northeast avalon,YMCA-YWCA Northeast Avalon,ymca ywca northeast avalon,1,99513.0,same name,YMCA-YWCA of Northeast Avalon,"the same words, spaced differently or without ""of""",
HARBOUR AUTHORITY OF FOGO ISLAND,harbour authority of fogo island,Harbour Authoriy of Fogo Island,harbour authoriy of fogo island,2,6167.0,business number,HARBOUR AUTHORITY OF FOGO ISLAND,federal grant records share one,
JANICA II ENTERPRISE LTD,janica ii enterprise,Janica II Enterprises Ltd.,janica ii enterprises,1,68745.6,postal code,JANICA II ENTERPRISE LTD,federal records share one,
Rabbittown Community Centre Inc.,rabbittown community centre,RABBITTOWN COMMUNITY CENTER,rabbittown community center,1,800.0,postal code,Rabbittown Community Centre Inc.,federal records share one,
COW HEAD CONSERVATION AND HERITAGE COMMITTEE,cow head conservation and heritage committee,COW HEAD CONSERVATION AND HERITAGE INC.,cow head conservation and heritage,5,186065.0,business number,COW HEAD CONSERVATION AND HERITAGE COMMITTEE,federal grant records share one,Cow Head Conservation and Heritage Inc.; Cow Head Conservation and Heritage Inc
Harbour Authority of Foxtrap,harbour authority of foxtrap,HARBOUR AUTHORITY FOXTRAP,harbour authority foxtrap,9,268831.3,same name,Harbour Authority of Foxtrap,"the same words, spaced differently or without ""of""",Harbour Authority Foxtrap; Harbour authority Foxtrap
Marble Zip Tours Inc,marble zip tours,MarbleZip Tours Inc,marblezip tours,1,1368.0,same name,Marble Zip Tours Inc,"the same words, spaced differently or without ""of""",
Inter Medico,inter medico,InterMedico,intermedico,1,130000.0,same name,Inter Medico,"the same words, spaced differently or without ""of""",
HARBOUR AUTHORITY HARBOUR GRACE,harbour authority harbour grace,Harbour Authority of Harbour Grace,harbour authority of harbour grace,9,155660.8,same name,HARBOUR AUTHORITY HARBOUR GRACE,"the same words, spaced differently or without ""of""",
"J D IRVING, LIMITED",j d irving,JD Irving Limited (o/a Chandler),jd irving,1,59267.79,same name,"J D IRVING, LIMITED","the same words, spaced differently or without ""of""",
Capital Economics (N.A.) Ltd.,capital economics n a,CAPITAL ECONOMICS (NA) LTD,capital economics na,3,193868.6,same name,Capital Economics (N.A.) Ltd.,"the same words, spaced differently or without ""of""",Capital Economics (NA) Ltd
Town of Robert's Arm,town of roberts arm,Town of Robert's Arm Volunteer Fire Dept Green Depot,town of roberts arm volunteer fire dept green depot,1,2240.0,unit,Town of Robert's Arm,"a department, faculty or campus printed after the body's own name",
YMCA of Exploits Valley,ymca of exploits valley,Exploits Valley YMCA,exploits valley ymca,5,171198.0,business number,YMCA of Exploits Valley,federal grant records share one,
C.W. Parsons Limited,c w parsons,CW Parsons,cw parsons,1,101429.69,same name,C.W. Parsons Limited,"the same words, spaced differently or without ""of""",
R.E.H. Properties Limited,r e h properties,REH Properties Limited,reh properties,1,0.0,same name,R.E.H. Properties Limited,"the same words, spaced differently or without ""of""",
ST. GEORGE'S INDIAN BAND COUNCIL INC.,st georges indian band council,St.George's Indian Band,st georges indian band,3,37081.0,business number,ST. GEORGE'S INDIAN BAND COUNCIL INC.,federal grant records share one,St. Georges Indian Band Inc.; St. George's Indian Band
L'Association francophone du Labrador,lassociation francophone du labrador,Association francophone du Labrador,association francophone du labrador,2,7047.0,business number,L'Association francophone du Labrador,federal grant records share one,
Spacesaver Solutions,spacesaver solutions,Space Saver Solutions,space saver solutions,1,64995.86,same name,Spacesaver Solutions,"the same words, spaced differently or without ""of""",
Newfoundland & Labrador Search & Rescue Inc.,newfoundland and labrador search and rescue,terre neuve et labrador sauvetage and recherche,terre neuve et labrador sauvetage and recherche,0,0.0,bilingual,Newfoundland & Labrador Search & Rescue Inc.,one record prints both (088-2023-2024-Q2-00003),
NEWFOUNDLAND INDIGENOUS PEOPLES ALLIANCE INC.,newfoundland indigenous peoples alliance,alliance des peuples autochtones de terre neuve,alliance des peuples autochtones de terre neuve,0,0.0,bilingual,NEWFOUNDLAND INDIGENOUS PEOPLES ALLIANCE INC.,one record prints both (131-2025-2026-Q2-00009),
HARBOUR AUTHORITY BURIN,harbour authority burin,Harbour Authority of Burin,harbour authority of burin,1,4206.0,same name,HARBOUR AUTHORITY BURIN,"the same words, spaced differently or without ""of""",
HARBOUR AUTHORITY BONAVISTA,harbour authority bonavista,Harbour Authority Of Bonavista,harbour authority of bonavista,6,18622.0,same name,HARBOUR AUTHORITY BONAVISTA,"the same words, spaced differently or without ""of""",Harbour Authority of Bonavista
Grand Lake Centre of Economic Development,grand lake centre of economic development,Grand Lake Centre of Economic Developement,grand lake centre of economic developement,1,56391.0,business number,Grand Lake Centre of Economic Development,federal grant records share one,
Placentia Area Theatre d'Heritage,placentia area theatre dheritage,Placentia Area Theatre d'Heritage Committee,placentia area theatre dheritage committee,1,15674.0,business number,Placentia Area Theatre d'Heritage,federal grant records share one,
Placentia Area Theatre d'Heritage,placentia area theatre dheritage,Placentia Area Theatre d' Heritage,placentia area theatre d heritage,1,42055.0,same name,Placentia Area Theatre d'Heritage,"the same words, spaced differently or without ""of""",
YourStyle Kitchen Ltd.,yourstyle kitchen,YourStyle Kitchens Ltd.,yourstyle kitchens,2,64600.0,business number,YourStyle Kitchen Ltd.,federal grant records share one,
PERSISTENCE THEATRE COMPANY INC,persistence theatre,Pesistence Theatre Company Inc.,pesistence theatre,1,8958.0,business number,PERSISTENCE THEATRE COMPANY INC,federal grant records share one,
Norris Arm Boys and Girls Club Inc.,norris arm boys and girls club,BOYS AND GIRLS CLUB OF NORRIS ARM,boys and girls club of norris arm,9,44512.0,business number,Norris Arm Boys and Girls Club Inc.,federal grant records share one,Boys and Girls Club of Norris Arm
Salmon Cove Future Development Association Inc.,salmon cove future development association,Salmon Cove Future Development,salmon cove future development,5,21994.0,business number,Salmon Cove Future Development Association Inc.,federal grant records share one,
Wild Gros Morne Outdoor Experience Incorporated,wild gros morne outdoor experience,Wild Gros Morne Outdoor Experiences,wild gros morne outdoor experiences,1,9849.0,business number,Wild Gros Morne Outdoor Experience Incorporated,federal grant records share one,
Long Cove Harbour Authority Inc.,long cove harbour authority,Harbour Authority of Long Cove,harbour authority of long cove,5,22433.0,same name,HARBOUR AUTHORITY LONG COVE,"the same words, spaced differently or without ""of""",
Long Cove Harbour Authority Inc.,long cove harbour authority,HARBOUR AUTHORITY LONG COVE,harbour authority long cove,2,64995.13,same name,Harbour Authority of Long Cove,"the same words, spaced differently or without ""of""",
Metrics Flow Inc.,metrics flow,metricsflow Inc,metricsflow,1,0.0,same name,Metrics Flow Inc.,"the same words, spaced differently or without ""of""",
Hodder's Shellfish Inc,hodders shellfish,Hodders Shelfish Inc.,hodders shelfish,1,137250.0,postal code,Hodder's Shellfish Inc,federal records share one,
Town of Harbour Main-Chapel's Cove-Lakeview,town of harbour main chapels cove lakeview,Town Of Harbour Main / Lakeview / Chapel's Cove,town of harbour main lakeview chapels cove,3,16240.0,business number,"Town of Harbour Main, Chapel's Cove & Lakeview",federal grant records share one,Town of Harbour Main-Lakeview-Chapel's Cove
Town of Harbour Main-Chapel's Cove-Lakeview,town of harbour main chapels cove lakeview,"Town of Harbour Main, Chapel's Cove & Lakeview",town of harbour main chapels cove and lakeview,1,6090.0,business number,Town of Harbour Main-Chapel's Cove-Lakeview,federal grant records share one,
Town of Ferryland,town of ferryland,Town Council of Ferryland Community Council Ferryland,town council of ferryland community council ferryland,1,4368.0,business number,Town of Ferryland,federal grant records share one,
Kilmory Ventures Inc.,kilmory ventures,Kilmory Venutres Inc,kilmory venutres,1,5253.0,business number,Kilmory Ventures Inc.,federal grant records share one,
GOVERNMENT OF NEWFOUNDLAND LABRADOR DEPARTMENT OF TRANSPORTATION & INFRASTRUCTURE,government of newfoundland labrador department of transportation and infrastructure,GOVERNMENT OF NEWFOUNDLAND LABRADOR DEPARTMENT OF TRANSPORTATION & INFRATSTRUCTURE,government of newfoundland labrador department of transportation and infratstructure,1,17500.0,postal code,GOVERNMENT OF NEWFOUNDLAND LABRADOR DEPARTMENT OF TRANSPORTATION & INFRASTRUCTURE,federal records share one,
Southern Shore Softball Association,southern shore softball association,Southern Shore Softball,southern shore softball,1,20453.0,business number,Southern Shore Softball Association,federal grant records share one,
The Placentia Area Historical Society,placentia area historical society,Placentia Area Historicial Society,placentia area historicial society,1,10227.0,business number,The Placentia Area Historical Society,federal grant records share one,
Dreamweaver Projects Inc.,dreamweaver projects,Dream Weaver Projects Incorporated,dream weaver projects,1,250000.0,same name,Dreamweaver Projects Inc.,"the same words, spaced differently or without ""of""",
HARBOUR AUTHORITY BAY DE VERDE,harbour authority bay de verde,Harbour Authority of Bay De Verde,harbour authority of bay de verde,1,4000.0,same name,HARBOUR AUTHORITY BAY DE VERDE,"the same words, spaced differently or without ""of""",
I.C. Spa Products Inc.,i c spa products,IC Spa Products Inc.,ic spa products,1,40350.0,same name,I.C. Spa Products Inc.,"the same words, spaced differently or without ""of""",
Admiralty House Museum & Archive Inc.,admiralty house museum and archive,ADMIRALTY HOUSE MUSEUM & ARCHIVES INC.,admiralty house museum and archives,5,179642.0,business number,Admiralty House Museum & Archive Inc.,federal grant records share one,Admiralty House Museum & Archives Inc.; ADMIRALTY HOUSE MUSEUM AND ARCHIVES INC.; Admiralty House Museum and Archives Inc.
Tuck's Bee Better Farm Inc.,tucks bee better farm,Tuck bee better farm inc,tuck bee better farm,1,13000.0,business number,Tuck's Bee Better Farm Inc.,federal grant records share one,
LOU'S ELECTRICAL LTD,lous electrical,"Lou,s Electrical LTD",lou s electrical,2,0.0,same name,LOU'S ELECTRICAL LTD,"the same words, spaced differently or without ""of""",
First Databank Inc.,first databank,First Data Bank Inc.,first data bank,1,58162.0,same name,First Databank Inc.,"the same words, spaced differently or without ""of""",
United Association of Journeypersons and Apprentices of Plumbing and Pipefitting,united association of journeypersons and apprentices of plumbing and pipefitting,United Association of Journeypersons and Apprentices of the Plumbinq and Pipe-fitting,united association of journeypersons and apprentices of plumbinq and pipe fitting,1,133746.0,business number,United Association of Journeypersons and Apprentices of Plumbing and Pipefitting,federal grant records share one,
Town of Conception Harbour,town of conception harbour,Town Council of Conception Harbour,town council of conception harbour,1,1368.0,business number,Town of Conception Harbour,federal grant records share one,
HARBOUR AUTHORITY ST. BRIDES,harbour authority st brides,Harbour Authority of St. Brides,harbour authority of st brides,6,17202.0,same name,HARBOUR AUTHORITY ST. BRIDES,"the same words, spaced differently or without ""of""",Harbour Authority of St. Bride's; Harbour Authority of St.Brides
Petty Harbour Fisherman's Co-Operative Society,petty harbour fishermans cooperative society,Petty Harbour Fishermens' Co-operative Society Ltd,petty harbour fishermens cooperative society,1,14960.0,postal code,Petty Harbour Fisherman's Co-Operative Society,federal records share one,
Heritage Foundation for Terra Nova National Park,heritage foundation for terra nova national park,Heritage Foundation Terra Nova National Park,heritage foundation terra nova national park,1,3055.0,business number,Heritage Foundation for Terra Nova National Park,federal grant records share one,
Tilting Recreation and Cultural Society,tilting recreation and cultural society,Tilting Recreational and Cultural Society,tilting recreational and cultural society,2,158248.0,postal code,Tilting Recreation and Cultural Society,federal records share one,
L'Association régionale de la côte ouest inc,lassociation regionale de la cote ouest,Association régionale de la côte ouest inc,association regionale de la cote ouest,1,25000.0,business number,L'Association régionale de la côte ouest inc,federal grant records share one,
Harbour Authority of Grand Bank,harbour authority of grand bank,HARBOUR AUTHORITY GRAND BANK,harbour authority grand bank,6,137878.85,same name,Harbour Authority of Grand Bank,"the same words, spaced differently or without ""of""",
Harbour Authority of Grand Bank,harbour authority of grand bank,Grand Bank Harbour Authority,grand bank harbour authority,1,11562.6,business number,Harbour Authority of Grand Bank,federal grant records share one,
Blomindon Country Club,blomindon country club,Blomidon Country Club,blomidon country club,2,36317.0,business number,Blomindon Country Club,federal grant records share one,
HARBOUR AUTHORITY OF FLOWER'S COVE,harbour authority of flowers cove,Harbour Authotity of Flowers Cove,harbour authotity of flowers cove,1,2614.0,business number,HARBOUR AUTHORITY OF FLOWER'S COVE,federal grant records share one,
Sound Venture Enterprise Ltd.,sound venture enterprise,Sound Venture Enterprises Ltd.,sound venture enterprises,1,69930.0,postal code,Sound Venture Enterprise Ltd.,federal records share one,
O M B Parts & Industrial Ltd,o m b parts and industrial,OMB Parts & Industrial Ltd.,omb parts and industrial,4,46967.22,same name,O M B Parts & Industrial Ltd,"the same words, spaced differently or without ""of""",OMB Parts & Industrial Ltd; OMB Parts and Industrial Ltd
HARBOUR AUTHORITY GARNISH,harbour authority garnish,Harbour Authority of Garnish,harbour authority of garnish,2,24105.0,same name,HARBOUR AUTHORITY GARNISH,"the same words, spaced differently or without ""of""",
Canada's Ocean Supercluster,canadas ocean supercluster,Canada's Ocean's Supercluster,canadas oceans supercluster,1,4116.0,postal code,Canada's Ocean Supercluster,federal records share one,
Town of Hawkes Bay,town of hawkes bay,The Town Council Of Hawkes Bay,town council of hawkes bay,1,2240.0,business number,Town of Hawkes Bay,federal grant records share one,
Brigus Historical and Conservation Society,brigus historical and conservation society,Brigus Historic and Conservation Society Inc.,brigus historic and conservation society,1,5971.0,business number,Brigus Historical and Conservation Society,federal grant records share one,
Brigus Historical and Conservation Society,brigus historical and conservation society,Brigus Historical & Conversation Society,brigus historical and conversation society,1,6237.0,business number,Brigus Historical and Conservation Society,federal grant records share one,
Strugnell's Fishing Enterprise Ltd.,strugnells fishing enterprise,Strugnell's Fishing Enterprises Ltd,strugnells fishing enterprises,2,60466.6,postal code,Strugnell's Fishering Enterprises Ltd,federal records share one,
Strugnell's Fishing Enterprise Ltd.,strugnells fishing enterprise,Strugnell's Fishering Enterprises Ltd,strugnells fishering enterprises,1,0.0,postal code,Strugnell's Fishing Enterprises Ltd,federal records share one,
Cecil Brown and Barbara Brown,cecil brown and barbara brown,Cecil Brown / Barbara Brown,cecil brown barbara brown,1,2106.0,business number,Cecil Brown and Barbara Brown,federal grant records share one,
Three (L) Training and Employment Board Inc.,three l training and employment board,Three (L) Training and Employment Inc.,three l training and employment,4,37878.0,business number,Three (L) Training and Employment Board Inc.,federal grant records share one,Three (L) Training And Employment
Town of Chapel Arm,town of chapel arm,Town Council of Chapel Arm,town council of chapel arm,1,81601.0,business number,Town of Chapel Arm,federal grant records share one,
FORTEAU LIONS CLUB,forteau lions club,Lions Club of Forteau,lions club of forteau,7,31732.0,business number,FORTEAU LIONS CLUB,federal grant records share one,Lions Club Of Forteau
Flatrock Recreation,flatrock recreation,Flatrock Recreation Committee,flatrock recreation committee,1,11942.0,business number,Flatrock Recreation,federal grant records share one,
Roddickton-Bide Arm,roddickton bide arm,TOWN OF RODDICKTON-BIDE ARM,town of roddickton bide arm,10,63966.0,business number,Roddickton-Bide Arm,federal grant records share one,TOWN OF RODDICKTON - BIDE ARM; Town of Roddickton - Bide Arm
HARBOUR AUTHORITY CHANCE COVE,harbour authority chance cove,HARBOUR AUTHORITY OF CHANCE COVE,harbour authority of chance cove,2,54818.2,same name,HARBOUR AUTHORITY CHANCE COVE,"the same words, spaced differently or without ""of""",
Chandler Sales,chandler sales,Chandler Sales (a division of J.D. Irving Ltd.),chandler sales a division of j d irving,1,0.0,unit,Chandler Sales,"a department, faculty or campus printed after the body's own name",
Regina Mundi Building Committee,regina mundi building committee,Regina Mindi Building Committee,regina mindi building committee,1,9974.0,business number,Regina Mundi Building Committee,federal grant records share one,
Newfoundland Railway Coastal Museum Foundation Inc.,newfoundland railway coastal museum foundation,Newfoundland Railway Coastal Museum Inc.,newfoundland railway coastal museum,1,9266.0,business number,Newfoundland Railway Coastal Museum Foundation Inc.,federal grant records share one,
Harbour Authority of Branch,harbour authority of branch,HARBOUR AUTHORITY BRANCH,harbour authority branch,6,79301.9,same name,Harbour Authority of Branch,"the same words, spaced differently or without ""of""",Harbour Authority Branch
PORT AUX BASQUES SNOW CLEARING LTD,port aux basques snow clearing,Port Aux Basques Snowclearing Limited,port aux basques snowclearing,1,0.0,same name,PORT AUX BASQUES SNOW CLEARING LTD,"the same words, spaced differently or without ""of""",
Bugden Signs Ltd,bugden signs,Bugden's Signs Limited,bugdens signs,1,148131.0,postal code,Bugden Signs Ltd,federal records share one,
Town of Main Brook,town of main brook,Town Council of Main Brook,town council of main brook,6,34041.0,business number,Town of Main Brook,federal grant records share one,
Town of Old Perlican,town of old perlican,Town Council of Old Perlican,town council of old perlican,4,44355.0,business number,Town of Old Perlican,federal grant records share one,
"Community Youth Network, Southern Avalon",community youth network southern avalon,Southern Avalon Community Youth Network,southern avalon community youth network,3,31450.0,business number,"Community Youth Network, Southern Avalon",federal grant records share one,
Harbour Authority of Burnt Islands,harbour authority of burnt islands,Harbour Authotity of Burnt Islands,harbour authotity of burnt islands,1,10226.0,business number,Harbour Authority of Burnt Islands,federal grant records share one,
Harbour Authority of Burnt Islands,harbour authority of burnt islands,Harbour Authority Burnt Islands,harbour authority burnt islands,1,45000.0,same name,Harbour Authority of Burnt Islands,"the same words, spaced differently or without ""of""",
Gros Morne Adventure Guides Incorporated,gros morne adventure guides,Gros Morne Adventures Guides Incorporated,gros morne adventures guides,1,4368.0,business number,Gros Morne Adventure Guides Incorporated,federal grant records share one,
Harbour Main-Chapel's Cove-Lakeview Volunteer Fire Department,harbour main chapels cove lakeview volunteer fire department,"Harbour Main, Chapel's Cove & Lakeview Volunteer Fire Department",harbour main chapels cove and lakeview volunteer fire department,2,10100.0,business number,Harbour Main-Chapel's Cove-Lakeview Volunteer Fire Department,federal grant records share one,
Harbour Main-Chapel's Cove-Lakeview Volunteer Fire Department,harbour main chapels cove lakeview volunteer fire department,Harbour Main-Chapel's Cove-Lakeview,harbour main chapels cove lakeview,1,111855.0,unit,Harbour Main-Chapel's Cove-Lakeview Volunteer Fire Department,"a department, faculty or campus printed after the body's own name",
North East United Soccer Club,north east united soccer club,NORTHEAST UNITED SOCCER CLUB INC,northeast united soccer club,2,8091.0,same name,North East United Soccer Club,"the same words, spaced differently or without ""of""",Northeast United Soccer Club
Town of Cow Head,town of cow head,TOWN OF COWHEAD,town of cowhead,1,2240.0,same name,Town of Cow Head,"the same words, spaced differently or without ""of""",
HARBOUR AUTHORITY HEART'S CONTENT,harbour authority hearts content,Harbour Authority of Heart's Content,harbour authority of hearts content,4,15542.0,same name,HARBOUR AUTHORITY HEART'S CONTENT,"the same words, spaced differently or without ""of""",Harbour Authority of Hearts Content
HARBOUR AUTHORITY HEART'S CONTENT,harbour authority hearts content,HEARTS CONTENT HARBOUR AUTHORITY,hearts content harbour authority,2,21833.5,business number,Harbour Authority of Heart's Content,federal grant records share one,Heart's Content Harbour Authority
Pilley's Island Recreation Committee,pilleys island recreation committee,PILLEY'S ISLAND RECREATION,pilleys island recreation,4,13511.0,business number,Pilley's Island Recreation Committee,federal grant records share one,Pilley's Island Recreation
Sullivan Breen on behalf of Women's Legal Education and Action Fund,sullivan breen on behalf of womens legal education and action fund,sulliavan breen au nom du fonds daction et deducation juridique pour les femmes,sulliavan breen au nom du fonds daction et deducation juridique pour les femmes,0,0.0,bilingual,Sullivan Breen on behalf of Women's Legal Education and Action Fund,one record prints both (0250-2021-2022-Q2-00006),
Sullivan Breen and/or MacKillop Pictou Law Group on behalf of Avalon Sexual Assault Centre,sullivan breen and or mackillop pictou law group on behalf of avalon sexual assault centre,sullivan breen et ou mackillop pictou law group au nom du avalon sexual assault centre,sullivan breen et ou mackillop pictou law group au nom du avalon sexual assault centre,0,0.0,bilingual,Sullivan Breen and/or MacKillop Pictou Law Group on behalf of Avalon Sexual Assault Centre,one record prints both (0250-2021-2022-Q2-00007),
Sullivan Breen and/or MacKillop Pictou Law Group on behalf of Wellness Within,sullivan breen and or mackillop pictou law group on behalf of wellness within,sullivan breen et ou mackillop pictou law group au nom du wellness within,sullivan breen et ou mackillop pictou law group au nom du wellness within,0,0.0,bilingual,Sullivan Breen and/or MacKillop Pictou Law Group on behalf of Wellness Within,one record prints both (0250-2021-2022-Q4-00003),
SOUTH WEST COAST HISTORICAL SOCIETY,south west coast historical society,Southwest Coast Historical Society,southwest coast historical society,1,2986.0,same name,SOUTH WEST COAST HISTORICAL SOCIETY,"the same words, spaced differently or without ""of""",
Learning Disabilities Association of Newfoundland and Labrador Inc.,learning disabilities association of newfoundland and labrador,Learning Disabilities Association of Nwefoundland and Labrador Inc.,learning disabilities association of nwefoundland and labrador,3,30196.0,business number,Learning Disabilities Association of Newfoundland and Labrador Inc.,federal grant records share one,
Royal Canadian Legion Branch 35,royal canadian legion branch 35,Branch 35 Royal Canadian Legion,branch 35 royal canadian legion,1,20886.0,business number,Royal Canadian Legion Branch 35,federal grant records share one,
Gander Minor Soccer Association,gander minor soccer association,Gander Minor Soccer,gander minor soccer,1,6469.0,business number,Gander Minor Soccer Association,federal grant records share one,
Coalition of Persons with Disabilities,coalition of persons with disabilities,Coalition of Persons with Disabilities - Newfoundland and Labrador Inc.,coalition of persons with disabilities newfoundland and labrador,1,120000.0,business number,Coalition of Persons with Disabilities,federal grant records share one,
Pearlgate Track-Field Complex,pearlgate track field complex,Pearlgate Track and Field Complex,pearlgate track and field complex,1,15275.0,business number,Pearlgate Track-Field Complex,federal grant records share one,
Daybreak Parent Child Centre,daybreak parent child centre,Daybreak Parent-child Centre Association,daybreak parent child centre association,2,12931.0,business number,Daybreak Parent Child Centre,federal grant records share one,
DRDRONE INC,drdrone,Dr Drone Inc.,dr drone,1,34567.0,same name,DRDRONE INC,"the same words, spaced differently or without ""of""",
Whitbourne Athletic Recreation and Culture,whitbourne athletic recreation and culture,Whitbourne Athletic Recreation and Cultural Association,whitbourne athletic recreation and cultural association,3,58931.0,business number,Whitbourne Athletic Recreation and Culture Association,federal grant records share one,
Whitbourne Athletic Recreation and Culture,whitbourne athletic recreation and culture,Whitbourne Athletic Recreation and Culture Association,whitbourne athletic recreation and culture association,1,16823.0,business number,Whitbourne Athletic Recreation and Cultural Association,federal grant records share one,
The Bleak House Museum Inc,bleak house museum,The Bleak House Museum Association Inc.,bleak house museum association,2,20200.0,business number,The Bleak House Museum Inc,federal grant records share one,
MARYSTOWN HERITAGE MUSEUM CORPORATION,marystown heritage museum,MARTSTOWN HERITAGE MUSEUM CORP,martstown heritage museum,1,5113.0,business number,MARYSTOWN HERITAGE MUSEUM CORPORATION,federal grant records share one,
Harbour Authority of Bay Bulls,harbour authority of bay bulls,HARBOUR AUTHORITY BAY BULLS,harbour authority bay bulls,3,88780.0,same name,Harbour Authority of Bay Bulls,"the same words, spaced differently or without ""of""",
DOVE MEMORIAL RECREATION COMMITTEE,dove memorial recreation committee,Dove Memorial Recreation,dove memorial recreation,1,11040.0,business number,DOVE MEMORIAL RECREATION COMMITTEE,federal grant records share one,
HARBOUR AUTHORITY OF ROSE BLANCHE/H ARBOUR LECOU,harbour authority of rose blanche h arbour lecou,Harbour Authority of Rose Blanche-Harbour Le Cou,harbour authority of rose blanche harbour le cou,1,30000.0,same name,HARBOUR AUTHORITY OF ROSE BLANCHE/H ARBOUR LECOU,"the same words, spaced differently or without ""of""",
HARBOUR AUTHORITY OF ROSE BLANCHE/H ARBOUR LECOU,harbour authority of rose blanche h arbour lecou,Harbour Authority of Rose Blanche and Harbour Le Cou,harbour authority of rose blanche and harbour le cou,1,3119.0,business number,Harbour Authority of Rose Blanche-Harbour Le Cou,federal grant records share one,
Deer Lake Minor Soccer Association,deer lake minor soccer association,Deer Lake Minor Soccer,deer lake minor soccer,1,18533.0,business number,Deer Lake Minor Soccer Association,federal grant records share one,
Ken Williams Southern Shore Arena,ken williams southern shore arena,Ken Williams Southern Shore Arena Association Inc.,ken williams southern shore arena association,1,86250.0,business number,Ken Williams Southern Shore Arena,federal grant records share one,
Grand Falls-Windsor Minor Soccer Association,grand falls windsor minor soccer association,Grand Falls-Windsor Minor Soccer,grand falls windsor minor soccer,3,38271.0,business number,Grand Falls-Windsor Minor Soccer Association,federal grant records share one,
St. Mary's Recreation Committee,st marys recreation committee,St. Mary's Recreation,st marys recreation,3,38949.0,business number,St. Mary's Recreation Committee,federal grant records share one,
Q. N. H. EXCAVATING AND LANDSCAPING LTD,q n h excavating and landscaping,QNH Excavating and Landscaping Ltd,qnh excavating and landscaping,1,2240.0,same name,Q. N. H. EXCAVATING AND LANDSCAPING LTD,"the same words, spaced differently or without ""of""",
Roman Catholic Episcopal Corporation of Grand Falls,roman catholic episcopal of grand falls,The Roman Catholic Episcopal Corp.,roman catholic episcopal [bn 107876468],5,16449.0,reviewed,Roman Catholic Episcopal Corporation of Grand Falls,"Federal grant records 141-2019-2020-Q1-13406 (Norris Arm) and 141-2021-2022-Q2-03025 (Baie Verte) print business-number root 107876468, as do the named Grand Falls records (for example 141-2020-2021-Q4-03187, Tilting). The generic name also normalizes to the St. John's records under root 107910176; the identity conflict guard must keep those apart. See docs/supplier-identity-audit.md.",The Roman Catholic Episcopal Corporation; The Roman Catholic Episcopal Corp
Roman Catholic Episcopal Corporation of Grand Falls,roman catholic episcopal of grand falls,Roman Catholic Epiciscopal Corporation of Grand Falls,roman catholic epiciscopal of grand falls,1,3605.0,business number,Roman Catholic Episcopal Corporation of Grand Falls,federal grant records share one,
Salmon Preservation Association for the Waters of Newfoundland,salmon preservation association for waters of newfoundland,Salmon Preservation Associaton for the Waters of Newfoundland,salmon preservation associaton for waters of newfoundland,2,38479.0,business number,Salmon Preservation Association for the Waters of Newfoundland,federal grant records share one,
Salmon Preservation Association for the Waters of Newfoundland,salmon preservation association for waters of newfoundland,Salmon Preservation Association for the Waters of Newofundland,salmon preservation association for waters of newofundland,1,9143.0,business number,Salmon Preservation Association for the Waters of Newfoundland,federal grant records share one,
Salmon Preservation Association for the Waters of Newfoundland,salmon preservation association for waters of newfoundland,Salmon Preservation Associton for the Waters of Newfoundland,salmon preservation associton for waters of newfoundland,1,10227.0,business number,Salmon Preservation Association for the Waters of Newfoundland,federal grant records share one,
Active Living for Older Adults Inc,active living for older adults,Active Living for Older Adults Committee,active living for older adults committee,1,20000.0,business number,Active Living for Older Adults Inc,federal grant records share one,
Clarenville Waverunners Swim Club,clarenville waverunners swim club,Clarenville WaverRunners Swim Club,clarenville waverrunners swim club,1,14927.0,business number,Clarenville Waverunners Swim Club,federal grant records share one,
Harbour Main-Chapel's Cove-Lakeview Recreation Committee,harbour main chapels cove lakeview recreation committee,"Harbour Main, Chapel's Cove & Lakeview Recreation Committee",harbour main chapels cove and lakeview recreation committee,2,18900.0,business number,Harbour Main-Chapel's Cove-Lakeview Recreation Committee,federal grant records share one,"HARBOUR MAIN, CHAPEL’S COVE & LAKEVIEW RECREATION COMMITTEE"
HARBOUR AUTHORITY SUMMERVILLE,harbour authority summerville,Harbour Authority of Summerville,harbour authority of summerville,1,7400.0,same name,HARBOUR AUTHORITY SUMMERVILLE,"the same words, spaced differently or without ""of""",
Stephenville Minor Soccer Association,stephenville minor soccer association,Stephenville Minor Soccer,stephenville minor soccer,1,18533.0,business number,Stephenville Minor Soccer Association,federal grant records share one,
"Southern Labrador Family Centres, Inc.",southern labrador family centres,Southern Labrador Family Centre Inc.,southern labrador family centre,1,15246.0,business number,"Southern Labrador Family Centers, Inc",federal grant records share one,
"Southern Labrador Family Centres, Inc.",southern labrador family centres,"Southern Labrador Family Centers, Inc",southern labrador family centers,1,9973.0,business number,Southern Labrador Family Centre Inc.,federal grant records share one,
Whaleback Senior Citizens Club,whaleback senior citizens club,Whaleback SeniorCitizens Club,whaleback seniorcitizens club,1,16485.0,same name,Whaleback Senior Citizens Club,"the same words, spaced differently or without ""of""",
HARVEY'S TRAVEL LIMITED,harveys travel,Harvey'sTravel,harveystravel,1,21.61,same name,HARVEY'S TRAVEL LIMITED,"the same words, spaced differently or without ""of""",
Iceberg Festival Committee,iceberg festival committee,The Iceberg Festival Inc.,iceberg festival,1,74475.0,business number,Iceberg Festival Committee,federal grant records share one,
Battle Harbour Assisted Living Corporation,battle harbour assisted living,Battle Harbour Assisted Livivg,battle harbour assisted livivg,1,8146.0,business number,Battle Harbour Assisted Living Corporation,federal grant records share one,
Mount Pearl Marlins Swim Team,mount pearl marlins swim team,Mount Pearl Marlins Swim Team Association,mount pearl marlins swim team association,1,11944.0,business number,Mount Pearl Marlins Swim Team,federal grant records share one,
Pasadena Minor Soccer Association,pasadena minor soccer association,Pasadena Minor Soccer,pasadena minor soccer,3,31554.0,business number,Pasadena Minor Soccer Association,federal grant records share one,
Town of Port au Choix,town of port au choix,Town Council of Port au Choix,town council of port au choix,3,8182.0,same name,Town Council Port au Choix,"the same words, spaced differently or without ""of""",
Town of Port au Choix,town of port au choix,Town Council Port au Choix,town council port au choix,1,2679.0,same name,Town Council of Port au Choix,"the same words, spaced differently or without ""of""",
Town of Port au Choix,town of port au choix,ville de port au choix,ville de port au choix,0,0.0,bilingual,Town of Port au Choix,one record prints both (217-2020-2021-Q3-03410),
Harbour Authority of Carbonear,harbour authority of carbonear,Carbonear Harbour Authority,carbonear harbour authority,1,3696.0,business number,Harbour Authority of Carbonear,federal grant records share one,
French Rooms Cultural Center Inc.,french rooms cultural center,FRENCH ROOMS CULTURAL CENTRE INC.,french rooms cultural centre,4,35355.98,postal code,French Rooms Cultural Center Inc.,federal records share one,French Rooms Cultural Centre Inc.
Harbour Grace Regatta Committee,harbour grace regatta committee,Harbour Grace Regatta,harbour grace regatta,1,24725.0,business number,Harbour Grace Regatta Committee,federal grant records share one,
Pentecostal Assemblies of Newfoundland and Labrador Corporation,pentecostal assemblies of newfoundland and labrador,Pentecostal Assemblies of Newfoundland,pentecostal assemblies of newfoundland,2,7261.0,business number,Pentecostal Assemblies of Newfoundland and Labrador Corporation,federal grant records share one,
Trinity Bay North Recreation Committee,trinity bay north recreation committee,Trinity bat North Recreation Committee,trinity bat north recreation committee,1,30681.0,business number,Trinity Bay North Recreation Committee,federal grant records share one,
Newvalve Services & Consulting Inc,newvalve services and consulting,NEW VALVE SERVICES & CONSULTING INC,new valve services and consulting,1,14697.28,same name,Newvalve Services & Consulting Inc,"the same words, spaced differently or without ""of""",
BURIN HERITAGE TOURISM ASSOCIATION INC.,burin heritage tourism association,Burin Heritage Tourism Inc.,burin heritage tourism,1,9266.0,business number,BURIN HERITAGE TOURISM ASSOCIATION INC.,federal grant records share one,
Point Leamington Parks and Recreation,point leamington parks and recreation,POINT LEAMINGTON PARKS AND RECREATION COMMITTEE,point leamington parks and recreation committee,7,17117.0,business number,Point Leamington Parks and Recreation,federal grant records share one,Point Leamington Parks and Recreation Committee
Deer Lake Gymnastics Club,deer lake gymnastics club,Deer Lake Gymnastics,deer lake gymnastics,4,41731.0,business number,Deer Lake Gymnastics Club,federal grant records share one,DEER LAKE GYMNASTICS
Isle aux Morts Recreation Comission Corporation,isle aux morts recreation comission,Isle aux Morts Recreation Commission Corp.,isle aux morts recreation commission,4,38610.0,business number,Isle aux Morts Recreation Comission Corporation,federal grant records share one,Isle aux Morts Recreation Commission Corp; Isle aux Morts Recreation Commission Corporation Inc
L. S. J. Fisheries Ltd.,l s j fisheries,LSJ FISHERIES,lsj fisheries,1,12698.69,same name,L. S. J. Fisheries Ltd.,"the same words, spaced differently or without ""of""",
Unitex N B Company Ltd.,unitex n b,Unitex NB Ltd.,unitex nb,1,46056.0,same name,Unitex N B Company Ltd.,"the same words, spaced differently or without ""of""",
Point Lance Recreation Committee,point lance recreation committee,Point Lance Recreation,point lance recreation,1,11941.0,business number,Point Lance Recreation Committee,federal grant records share one,
TOWN OF CENTREVILLE-WAREHAM-TRINITY,town of centreville wareham trinity,"Town of Centreville, Wareham and Trinity",town of centreville wareham and trinity,6,40447.0,business number,TOWN OF CENTREVILLE-WAREHAM-TRINITY,federal grant records share one,"Town of Centreville, Wareham, and Trinity"
TOWN OF CENTREVILLE-WAREHAM-TRINITY,town of centreville wareham trinity,ville de centreville wareham trinity,ville de centreville wareham trinity,0,0.0,bilingual,TOWN OF CENTREVILLE-WAREHAM-TRINITY,one record prints both (141-2023-2024-Q2-01484),
Harbour Authority of Happy Adventure,harbour authority of happy adventure,HARBOUR AUTHORITY OF HAPPY ADVENTUR E,harbour authority of happy adventur e,2,48847.4,same name,Harbour Authority of Happy Adventure,"the same words, spaced differently or without ""of""",
Harbour Authority of Fort Amherst,harbour authority of fort amherst,HARBOUR AUTHORITY FORT AMHERST,harbour authority fort amherst,2,46000.0,same name,Harbour Authority of Fort Amherst,"the same words, spaced differently or without ""of""",
Harbour Authority of Fort Amherst,harbour authority of fort amherst,Fort Amherst Harbour Authority,fort amherst harbour authority,1,22897.0,business number,Harbour Authority of Fort Amherst,federal grant records share one,
Delta St John's,delta st johns,Delta St John';s,delta st john s,1,480.68,same name,Delta St John's,"the same words, spaced differently or without ""of""",
Whaleback Nordic Ski Club,whaleback nordic ski club,Whale Back Nordic Ski Club,whale back nordic ski club,1,68250.0,same name,Whaleback Nordic Ski Club,"the same words, spaced differently or without ""of""",
Harbour Authority of Fleur-de-Lys,harbour authority of fleur de lys,HARBOUR AUTHORITY FLEUR DE LYS,harbour authority fleur de lys,1,72703.0,same name,Harbour Authority of Fleur-de-Lys,"the same words, spaced differently or without ""of""",
NF Rugby and Swilers Rugby Football Club,nf rugby and swilers rugby football club,NF Rugby Union and Swilers Rugby Football Club,nf rugby union and swilers rugby football club,1,15893.0,business number,NF Rugby and Swilers Rugby Football Club,federal grant records share one,
FISHERIES AND MARINE INSTITUTE OF,fisheries and marine institute of,FISHERIES AND MARINE INSTITUTE,fisheries and marine institute,1,37512.61,same name,FISHERIES AND MARINE INSTITUTE OF,"the same words, spaced differently or without ""of""",
KEEP COOL REFRIGERATION AND AIR CONDITIONING LIMITED,keep cool refrigeration and air conditioning,Keep Cool Refrigeration and Airconditioning Limited,keep cool refrigeration and airconditioning,3,56207.0,same name,KEEP COOL REFRIGERATION AND AIR CONDITIONING LIMITED,"the same words, spaced differently or without ""of""",Keep Cool Refrigeration and AirConditioning Limited
Bell Island Community Development Co-operative Society Limited,bell island community development cooperative society,Bell Island Community Development Cooperative,bell island community development cooperative,2,30953.0,business number,Bell Island Community Development Co-operative Society Limited,federal grant records share one,
Héritage de l'île Rouge,heritage de lile rouge,L' HÉRITAGE DE L'ÎLE ROUGE INC.,l heritage de lile rouge,3,9655.0,same name,L'Héritage de l'Île Rouge Inc.,"the same words, spaced differently or without ""of""",
Héritage de l'île Rouge,heritage de lile rouge,L'Héritage de l'Île Rouge Inc.,lheritage de lile rouge,3,20259.0,same name,L' HÉRITAGE DE L'ÎLE ROUGE INC.,"the same words, spaced differently or without ""of""",L'Heritage de l'Ile Rouge Inc.; L'Héritage de l'île Rouge
Labrador West Minor Softball Association,labrador west minor softball association,Labrador West Minor Softball,labrador west minor softball,3,36958.0,business number,Labrador West Minor Softball Association,federal grant records share one,
Royal Canadian Legion Branch 38 St. George's NL,royal canadian legion branch 38 st georges newfoundland and labrador,Branch 38 Royal Canadian Legion St. George's NL,branch 38 royal canadian legion st georges newfoundland and labrador,1,25000.0,business number,Royal Canadian Legion Branch 38 St. George's NL,federal grant records share one,
Conception Harbour Recreation Committee,conception harbour recreation committee,Conception Harbour Recreation,conception harbour recreation,3,40696.0,business number,Conception Harbour Recreation Committee,federal grant records share one,
Kilbride to Ferryland Family Resource Coalition Inc.,kilbride to ferryland family resource coalition,Kilbride to Ferryland Family Resource Centre Coalition Inc.,kilbride to ferryland family resource centre coalition,1,7392.0,business number,Kilbride to Ferryland Family Resource Coalition Inc.,federal grant records share one,
Kilbride to Ferryland Family Resource Coalition Inc.,kilbride to ferryland family resource coalition,Kilbsride to Ferryland Family Resource Center Coalition Inc,kilbsride to ferryland family resource center coalition,1,6110.0,business number,Kilbride to Ferryland Family Resource Centre Coalition Inc.,federal grant records share one,
Isle aux Morts Heritage Society Incorporated,isle aux morts heritage society,Isle aux Mort Heritage Society Inc.,isle aux mort heritage society,1,9973.0,business number,Isle aux Morts Heritage Society Incorporated,federal grant records share one,
"Recreation Committee of Virgin Arm, Carters Cove, Parkview",recreation committee of virgin arm carters cove parkview,Recreation Committee/Virgin Arm-Carters Cove-Parkview,recreation committee virgin arm carters cove parkview,1,8956.0,same name,"Recreation Committee of Virgin Arm, Carters Cove, Parkview","the same words, spaced differently or without ""of""",
Alexander Murray Hiking Trail,alexander murray hiking trail,The Alexander Murray Hiking Trail Committee,alexander murray hiking trail committee,1,9974.0,business number,Alexander Murray Hiking Trail,federal grant records share one,
Bay d' Espoir Community Youth Network,bay d espoir community youth network,Bay d'Espoir Community Youth Network,bay despoir community youth network,1,9703.0,same name,Bay d' Espoir Community Youth Network,"the same words, spaced differently or without ""of""",
Diocesan Synod of Western Newfoundland,diocesan synod of western newfoundland,Diocesean Synod of Western Newfoundland,diocesean synod of western newfoundland,3,32058.0,business number,Diocesan Synod of Western Newfoundland,federal grant records share one,
Springdale Minor Soccer Association,springdale minor soccer association,Springdale Minor Soccer,springdale minor soccer,1,5941.0,business number,Springdale Minor Soccer Association,federal grant records share one,
Trepassey Lions Club FRAMP,trepassey lions club framp,TREPASSEY LIONS CLUB F R A M P,trepassey lions club f r a m p,1,30680.0,same name,Trepassey Lions Club FRAMP,"the same words, spaced differently or without ""of""",
La Scie Recreation Commission Inc.,la scie recreation commission,LaScie Recreation Commission Inc.,lascie recreation commission,1,9974.0,same name,La Scie Recreation Commission Inc.,"the same words, spaced differently or without ""of""",
Relative Endeavors Inc.,relative endeavors,Relative Endeavours Incorporated,relative endeavours,1,50000.0,business number,Relative Endeavors Inc.,federal grant records share one,
St. Michael's Artists - Printmakers Association,st michaels artists printmakers association,St. Michael's Artists - Printmaker Association,st michaels artists printmaker association,1,9266.0,business number,St. Michael's Artists - Printmakers Association,federal grant records share one,
Branch Community Centre,branch community centre,Branch Community Centre Committee,branch community centre committee,2,21893.0,business number,Branch Community Centre,federal grant records share one,
Heritage Bay de Verde,heritage bay de verde,Bay de Verde Heritage Committee,bay de verde heritage committee,3,21036.0,business number,Heritage Bay de Verde,federal grant records share one,
A J R Fisheries Ltd.,a j r fisheries,AJR Fisheries Ltd,ajr fisheries,1,14023.1,same name,A J R Fisheries Ltd.,"the same words, spaced differently or without ""of""",
Meadows Recreation Committee,meadows recreation committee,Town Of Meadows/Meadows Recreation Committee,town of meadows meadows recreation committee,1,7129.0,business number,Meadows Recreation Committee,federal grant records share one,
The Society for the Prevention of Cruelty to Animals Newfoundland and Labrador,society for prevention of cruelty to animals newfoundland and labrador,The Society for the Prevention of Cruelty to Animals St John's,society for prevention of cruelty to animals st johns,2,14961.0,business number,Society for Prevention of Cruelty to Animals,federal grant records share one,
The Society for the Prevention of Cruelty to Animals Newfoundland and Labrador,society for prevention of cruelty to animals newfoundland and labrador,Society for Prevention of Cruelty to Animals,society for prevention of cruelty to animals,1,7946.0,business number,The Society for the Prevention of Cruelty to Animals Newfoundland and Labrador,federal grant records share one,
Barachois Horizons Seniors Club,barachois horizons seniors club,Barachois Horizons Senior Club,barachois horizons senior club,1,15125.0,postal code,Barachois Horizons Seniors Club,federal records share one,
LOCAL SERVICE DISTRICT OF BARTLETT'S HARBOUR,local service district of bartletts harbour,Bartlett's Harbour Local Service District,bartletts harbour local service district,3,10501.0,business number,LOCAL SERVICE DISTRICT OF BARTLETT'S HARBOUR,federal grant records share one,
Newfoundland & Labrador Special Olympics Inc.,newfoundland and labrador special olympics,Special Olympics Newfoundland and Labrador,special olympics newfoundland and labrador,4,11709.0,business number,Newfoundland & Labrador Special Olympics Inc.,federal grant records share one,Special Olympics Newfoundland & Labrador
AROMAS PLUS,aromas plus,AROMASPLUS,aromasplus,1,12001.58,same name,AROMAS PLUS,"the same words, spaced differently or without ""of""",
Gaskier/ Point La Haye Recreation,gaskier point la haye recreation,Gaskiers-Point La Haye Recreation,gaskiers point la haye recreation,3,23337.0,business number,Gaskier/ Point La Haye Recreation,federal grant records share one,Gaskiers -Point La Haye Recreation
Old Perlican Heritage Committee,old perlican heritage committee,The Old Perlican Heritage Commitee,old perlican heritage commitee,2,15062.0,business number,Old Perlican Heritage Committee,federal grant records share one,The Old Perlican Heritage Commitee Inc.
Rowing Newfoundland,rowing newfoundland [bn 850574039],Rowing Newfoundland and Labrador,rowing newfoundland and labrador,1,9165.0,business number,Rowing Newfoundland,federal grant records share one,
Clarenville Minor Softball Association,clarenville minor softball association,Clarenville Minor Softball,clarenville minor softball,2,21939.0,business number,Clarenville Minor Softball Association,federal grant records share one,
LEADING TICKLES RECREATION COMMITTEE,leading tickles recreation committee,LEADING TICKLES RECREATION COMMITEE,leading tickles recreation commitee,1,7946.0,business number,LEADING TICKLES RECREATION COMMITTEE,federal grant records share one,
Harbour Authority Of Leading Tickles,harbour authority of leading tickles,HARBOUR AUTHORITY OF LEADING TICKLE S,harbour authority of leading tickle s,1,29555.0,same name,Harbour Authority Of Leading Tickles,"the same words, spaced differently or without ""of""",
Our Lady of Grace Parish,our lady of grace parish,Our Lady of Grace Parish Committee,our lady of grace parish committee,2,9387.0,business number,Our Lady of Grace Parish,federal grant records share one,our lady of Grace Parish Committee
Newfoundland Pony Sanctuary Inc.,newfoundland pony sanctuary,NL Pony Sanctuary Inc.,newfoundland and labrador pony sanctuary,1,4206.0,business number,Newfoundland Pony Sanctuary Inc.,federal grant records share one,
Municipality of Spaniard's Bay Heritage Society,municipality of spaniards bay heritage society,Spaniard's Bay Heritage Society,spaniards bay heritage society,3,14733.0,business number,Municipality of Spaniard's Bay Heritage Society,federal grant records share one,
Municipality of Spaniard's Bay Heritage Society,municipality of spaniards bay heritage society,Municipalty of Spaniard's Bay Heritage Society,municipalty of spaniards bay heritage society,1,6531.0,business number,Municipality of Spaniard's Bay Heritage Society,federal grant records share one,
"Gander, Town of",gander town of,gander ville de,gander ville de,0,0.0,bilingual,"Gander, Town of",one record prints both (278-2023-2024-Q2-00014),
Summerford Recreation Committee,summerford recreation committee,Summerford Recreation,summerford recreation,2,15539.0,business number,Summerford Recreation Committee,federal grant records share one,
Exmounth Manor Ltd.,exmounth manor,Exmount Manor Ltd.,exmount manor,1,1005.0,business number,Exmounth Manor Ltd.,federal grant records share one,
HARBOUR AUTHORITY OF ST. LEWIS,harbour authority of st lewis,"Harbour Authority of St. Lewis, Labrador",harbour authority of st lewis labrador,1,3475.0,business number,HARBOUR AUTHORITY OF ST. LEWIS,federal grant records share one,
HARBOUR AUTHORITY OF ST. LEWIS,harbour authority of st lewis,Harbour Authority St. Lewis,harbour authority st lewis,1,2450.0,same name,HARBOUR AUTHORITY OF ST. LEWIS,"the same words, spaced differently or without ""of""",
Bay de Verde Recreation,bay de verde recreation,Bay de Verde Recreation Committee,bay de verde recreation committee,3,21834.0,business number,Bay de Verde Recreation,federal grant records share one,
Softball Newfoundland and Labrador,softball newfoundland and labrador,Softball Newfoundland Labrador,softball newfoundland labrador,1,6238.0,business number,Softball Newfoundland and Labrador,federal grant records share one,
Stephenville Minor Baseball Association,stephenville minor baseball association,Stephenville Minor Baseball,stephenville minor baseball,2,24013.0,business number,Stephenville Minor Baseball Association,federal grant records share one,
BURLINGTON RECREATION,burlington recreation,Burlington Recreation Committee,burlington recreation committee,5,31750.0,business number,BURLINGTON RECREATION,federal grant records share one,
Harbour Authority of Ochre Pit Cove,harbour authority of ochre pit cove,HARBOUR AUTHORITY OCHRE PIT COVE,harbour authority ochre pit cove,2,23293.0,same name,Harbour Authority of Ochre Pit Cove,"the same words, spaced differently or without ""of""",Harbour Authority Ochre Pit Cove
Harbour Authority of Little Port Harmon,harbour authority of little port harmon,HARBOUR AUTHORITY OF LITTLE PORT HA RMON,harbour authority of little port ha rmon,1,20281.4,same name,Harbour Authority of Little Port Harmon,"the same words, spaced differently or without ""of""",
JBS Heritage & Culture Committee,jbs heritage and culture committee,JBS Heritage & Culture,jbs heritage and culture,1,3055.0,business number,JBS Heritage & Culture Committee,federal grant records share one,
Recreation Committee of Glover's Harbour,recreation committee of glovers harbour,GLOVER'S HARBOUR RECREATION CO,glovers harbour recreation,1,10226.0,business number,Recreation Committee of Glover's Harbour,federal grant records share one,
Hearts Delight - Islington Recreation,hearts delight islington recreation,Town of Heart's Delight-Islington Recreation Committee,town of hearts delight islington recreation committee,2,8279.0,business number,Hearts Delight - Islington Recreation,federal grant records share one,
Newfoundland and Labrador Down Syndrome Society Inc,newfoundland and labrador down syndrome society,Newfoundland Labrador Down Syndrome Society Inc,newfoundland labrador down syndrome society,1,9862.0,business number,Newfoundland and Labrador Down Syndrome Society Inc,federal grant records share one,
Diversified Supply & Rentals Inc.,diversified supply and rentals,DIVERSIFIED SUPPLY & RENTAL INC,diversified supply and rental,1,2240.0,business number,Diversified Supply & Rentals Inc.,federal grant records share one,
HARBOUR AUTHORITY OF MUSGRAVE HARBO UR,harbour authority of musgrave harbo ur,Harbour Authority of Musgrave Harbour,harbour authority of musgrave harbour,1,6380.0,same name,HARBOUR AUTHORITY OF MUSGRAVE HARBO UR,"the same words, spaced differently or without ""of""",
Mount Pearl Sport Alliance,mount pearl sport alliance,Mount Pearl Sports Alliance Inc.,mount pearl sports alliance,2,16435.0,business number,Mount Pearl Sport Alliance,federal grant records share one,
Les Produits Metalliques A T Inc,les produits metalliques a t,Les Produits Metalliques AT Inc,les produits metalliques at,1,17188.38,same name,Les Produits Metalliques A T Inc,"the same words, spaced differently or without ""of""",
Compassion Homecare Inc.,compassion homecare,Compassion Home Care Inc.,compassion home care,2,3878.0,same name,Compassion Homecare Inc.,"the same words, spaced differently or without ""of""",
R.C. Episcopal Corporation of Grand Falls,r c episcopal of grand falls,RC Episcopal Corporation Grand Falls,rc episcopal grand falls,1,2292.0,same name,R.C. Episcopal Corporation of Grand Falls,"the same words, spaced differently or without ""of""",
R.C. Episcopal Corporation of Grand Falls,r c episcopal of grand falls,RC Episcopal Corporation of Grand Falls,rc episcopal of grand falls,1,3475.0,same name,R.C. Episcopal Corporation of Grand Falls,"the same words, spaced differently or without ""of""",
C.T. Sales Ltd,c t sales,CT Sales Ltd.,ct sales,1,13899.0,same name,C.T. Sales Ltd,"the same words, spaced differently or without ""of""",
By d'Bay Cabins Inc.,by dbay cabins,By d' Bay Cabins Inc,by d bay cabins,1,1782.0,same name,By d'Bay Cabins Inc.,"the same words, spaced differently or without ""of""",
Harbour Authority Bauline,harbour authority bauline,Harbour Authority of Bauline,harbour authority of bauline,2,17677.0,same name,Harbour Authority Bauline,"the same words, spaced differently or without ""of""",
Harbour authority of south East Bight,harbour authority of south east bight,HARBOUR AUTHORITY OF SOUTH EAST BIG HT,harbour authority of south east big ht,1,30072.5,same name,Harbour authority of south East Bight,"the same words, spaced differently or without ""of""",
Flatrock Heritage Society,flatrock heritage society,Flatrock Hertiage Society,flatrock hertiage society,1,5113.0,business number,Flatrock Heritage Society,federal grant records share one,
Damen Services BV,damen services bv,Damen Services B.V.,damen services b v,1,11430.74,same name,Damen Services BV,"the same words, spaced differently or without ""of""",
Squid Jiggers Tourism Association,squid jiggers tourism association,The Squid Jigger's Tourism Corporation,squid jiggers tourism,1,9974.0,business number,Squid Jiggers Tourism Association,federal grant records share one,
Grand Bank Minor Soccer Association,grand bank minor soccer association,Grand Bank Minor Soccer,grand bank minor soccer,2,9042.0,business number,Grand Bank Minor Soccer Association,federal grant records share one,
Interfaith Goodwill Centre,interfaith goodwill centre,Interfaith Goodwill Center,interfaith goodwill center,2,14876.0,business number,Interfaith Goodwill Centre,federal grant records share one,
The Governing Council of The Salvation Army,governing council of salvation army [bn 107951618RR0067],The Governing Council of The Salvation Army of Canada,governing council of salvation army of canada,4,16508.0,same name,The Governing Council of The Salvation Army Canada,"the same words, spaced differently or without ""of""",The Governing Council of the Salvation Army of Canada
The Governing Council of The Salvation Army,governing council of salvation army [bn 107951618RR0067],The Governing Council of The Salvation Army Canada,governing council of salvation army canada,2,6461.0,same name,The Governing Council of The Salvation Army of Canada,"the same words, spaced differently or without ""of""",
Bay of Islands Society for the Prevention of Cruelty to Animals,bay of islands society for prevention of cruelty to animals,Bay of Island Society for Prevention of Crulty to Animals,bay of island society for prevention of crulty to animals,1,2614.0,business number,Bay of Islands Society for the Prevention of Cruelty to Animals,federal grant records share one,
L'Association communautaire francophone de Saint-Jean,lassociation communautaire francophone de saint jean,Association Communautaire Francophone de Saint-Jean,association communautaire francophone de saint jean,1,24635.0,business number,L'Association communautaire francophone de Saint-Jean,federal grant records share one,
"Leading Tickles, Heritage Society",leading tickles heritage society,Town of Leading Tickles Heritage Society,town of leading tickles heritage society,2,10511.0,business number,"Leading Tickles, Heritage Society",federal grant records share one,
"Leading Tickles, Heritage Society",leading tickles heritage society,LEADING TICKLES HERITAGE SOCIE,leading tickles heritage socie,1,5113.0,business number,"Leading Tickles, Heritage Society",federal grant records share one,
Lions Club of Bay L'Argent,lions club of bay largent,Bay L'Argent Lions Club,bay largent lions club,2,6104.0,business number,Lions Club of Bay L'Argent,federal grant records share one,
Association for Youth & Leisuretime Activities Inc.,association for youth and leisuretime activities,Association for Youth and Leisure-time Activities,association for youth and leisure time activities,1,9973.0,same name,Association for Youth & Leisuretime Activities Inc.,"the same words, spaced differently or without ""of""",
Parsons Pond Summer Fun Program,parsons pond summer fun program,Parsons pons Summer Fun Program,parsons pons summer fun program,1,3973.0,business number,Parsons Pond Summer Fun Program,federal grant records share one,
Eagle Vision Leadership & Training SolutionsInc.,eagle vision leadership and training solutionsinc,Eagle Vision Leadership & Training SolutionsI nc.,eagle vision leadership and training solutionsi nc,1,19204.5,same name,Eagle Vision Leadership & Training SolutionsInc.,"the same words, spaced differently or without ""of""",
Parish of All Saints,parish of all saints,All Saints Parish,all saints parish,1,3971.0,business number,Parish of All Saints,federal grant records share one,
The Governing Council of the salvation Army,governing council of salvation army [bn 107951618RR0077],The Governing Council of The Salvation Amry.,governing council of salvation amry,1,2986.0,business number,The Governing Council of the salvation Army,federal grant records share one,
HarperCollins Canada Limited,harpercollins canada,Harper Collins Canada Limited,harper collins canada,1,17600.0,same name,HarperCollins Canada Limited,"the same words, spaced differently or without ""of""",
Roman Catholic Episcopal Corporation,roman catholic episcopal [bn 107910176],Roman Catholic Episcopal Corporation of St. John's,roman catholic episcopal of st johns,3,14130.0,business number,Roman Catholic Episcopal Corporation,federal grant records share one,
Roman Catholic Episcopal Corporation,roman catholic episcopal [bn 107910176],Roman Catholic Episcopal Corporation for St. John's,roman catholic episcopal for st johns,1,3055.0,business number,Roman Catholic Episcopal Corporation,federal grant records share one,
LOCAL SERVICE DISTRICT OF LAURENCETON,local service district of laurenceton,Local Service District Laurenceton,local service district laurenceton,1,4383.0,same name,LOCAL SERVICE DISTRICT OF LAURENCETON,"the same words, spaced differently or without ""of""",
Harbour Authority of Torbay,harbour authority of torbay,Torbay Harbour Authority,torbay harbour authority,3,12563.0,business number,Harbour Authority of Torbay,federal grant records share one,
Coastal Wave Elite Inc,coastal wave elite,Coastal Wage Elite Inc.,coastal wage elite,1,5870.0,business number,Coastal Wave Elite Inc,federal grant records share one,
D M C ENTERPRISES LTD,d m c enterprises,DMC ENTERPRISES,dmc enterprises,1,17770.76,same name,D M C ENTERPRISES LTD,"the same words, spaced differently or without ""of""",
St. Clare's Mercy Hospital Auxiliary,st clares mercy hospital auxiliary,St. Claires Mercy Hospital Auxiliary,st claires mercy hospital auxiliary,1,5113.0,business number,St. Clare's Mercy Hospital Auxiliary,federal grant records share one,
PK Kennedy Investments Ltd,pk kennedy investments,P K Kennedy Investments Ltd,p k kennedy investments,2,15893.57,same name,PK Kennedy Investments Ltd,"the same words, spaced differently or without ""of""",P.K. Kennedy Investments Ltd.
PK Kennedy Investments Ltd,pk kennedy investments,P.K. Kennedy Investment Ltd.,p k kennedy investment,1,15000.0,business number,P K Kennedy Investments Ltd,federal grant records share one,
Kaufmann Umwelttechnik GmbH,kaufmann umwelttechnik gmbh,Kaufmann Umwelt Technik GmbH,kaufmann umwelt technik gmbh,1,16194.3,same name,Kaufmann Umwelttechnik GmbH,"the same words, spaced differently or without ""of""",
Red Indian Lake Heritage Society,red indian lake heritage society,RED INDIAN LAKE HERITAGE SOCIE,red indian lake heritage socie,1,5113.0,business number,Red Indian Lake Heritage Society,federal grant records share one,
Harbour Authority of Valleyfield - Badger's Quay - Pool's Island,harbour authority of valleyfield badgers quay pools island,HARBOUR AUTHORITY VALLEYFIELD-BADGE R'S QUAY-POOL'S ISLAND,harbour authority valleyfield badge rs quay pools island,1,12132.5,same name,Harbour Authority of Valleyfield - Badger's Quay - Pool's Island,"the same words, spaced differently or without ""of""",
Newfoundland and Labrador Brain Injury Association,newfoundland and labrador brain injury association,Newfoundland Brain Injury Association Inc,newfoundland brain injury association,2,17046.0,business number,Newfoundland and Labrador Brain Injury Association,federal grant records share one,
Interfaith Cemetery Grand Falls-Windsor,interfaith cemetery grand falls windsor,"Interfaith Cemetery, Grand Falls Windsor, NL",interfaith cemetery grand falls windsor newfoundland and labrador,1,8411.0,business number,Interfaith Cemetery Grand Falls-Windsor,federal grant records share one,
Upper Humber Golf Club Inc,upper humber golf club,Upper Humber Golf Inc,upper humber golf,1,5253.0,business number,Upper Humber Golf Club Inc,federal grant records share one,
Humber Tumblers Gymnastics Club,humber tumblers gymnastics club,HUMBER TUMBLERS GYMNASTICS CLU,humber tumblers gymnastics clu,1,10227.0,business number,Humber Tumblers Gymnastics Club,federal grant records share one,
Bartlett's Harbour Castor River North & South Fire Department,bartletts harbour castor river north and south fire department,Bartletts Harbour Castor River and South Fire Department,bartletts harbour castor river and south fire department,1,5660.0,business number,"Bartletts Harbour, Castor River North and Castor River South Fire Department",federal grant records share one,
Bartlett's Harbour Castor River North & South Fire Department,bartletts harbour castor river north and south fire department,Bartlett's Harbor Castor River North & South Fire department,bartletts harbor castor river north and south fire department,1,3696.0,business number,Bartlett's Harbour Castor River North & South Fire Department,federal grant records share one,
Bartlett's Harbour Castor River North & South Fire Department,bartletts harbour castor river north and south fire department,"Bartletts Harbour, Castor River North and Castor River South Fire Department",bartletts harbour castor river north and castor river south fire department,1,6237.0,business number,Bartletts Harbour Castor River and South Fire Department,federal grant records share one,
NEWFOUNDLAND AND LABRADOR LEGAL AID COMMISSION,newfoundland and labrador legal aid commission,commission de laide juridique de terre neuve et labrador,commission de laide juridique de terre neuve et labrador,0,0.0,bilingual,NEWFOUNDLAND AND LABRADOR LEGAL AID COMMISSION,one record prints both (119-2019-2020-Q1-00026),
"Whitbourne Heritage Society, Inc.",whitbourne heritage society,Whitbourne Heritage,whitbourne heritage,1,4931.0,business number,"Whitbourne Heritage Society, Inc.",federal grant records share one,
Goodyear's Cove Park Committee,goodyears cove park committee,Goodyear's Cove Park,goodyears cove park,2,12082.0,business number,Goodyear's Cove Park Committee,federal grant records share one,
Newfoundland and Labrador Construction Safety Association,newfoundland and labrador construction safety association,Newfoundland and Labradror Construction Safery Association,newfoundland and labradror construction safery association,1,3973.0,business number,Newfoundland and Labrador Construction Safety Association,federal grant records share one,
Brigus Blueberry Festival Group,brigus blueberry festival group,The Brigus Blueberry Festival,brigus blueberry festival,2,11643.0,business number,Brigus Blueberry Festival Group,federal grant records share one,
Mary's Harbour Recreation Committee,marys harbour recreation committee,Mary's Habrour Recreation Committee,marys habrour recreation committee,1,5660.0,business number,Mary's Harbour Recreation Committee,federal grant records share one,
BOSSD Boat Owners Association Inc,bossd boat owners association,BOSSD Boatowners Association Inc,bossd boatowners association,1,3973.0,same name,BOSSD Boat Owners Association Inc,"the same words, spaced differently or without ""of""",
Harbour Authority of Little Hearts Ease,harbour authority of little hearts ease,Harbour Authority of Little Hearts Eae,harbour authority of little hearts eae,1,2239.0,business number,Harbour Authority of Little Hearts Ease,federal grant records share one,
FOGO ISLAND SHOP,fogo island shop,Fogo Island Shop ¯ A Division of Shorefast Social Enterprises Inc.,fogo island shop a division of shorefast social enterprises,1,0.0,unit,FOGO ISLAND SHOP,"a department, faculty or campus printed after the body's own name",
Fédération des parents francophones de Terre-Neuve et du Labrador,federation des parents francophones de terre neuve et du labrador,Fédération des parents francophone de Terre-Neuve et du Labrador,federation des parents francophone de terre neuve et du labrador,1,10000.0,business number,Fédération des parents francophones de Terre-Neuve et du Labrador,federal grant records share one,
Burin Peninsula SPCA,burin peninsula spca,Burin Peninsula S.P.C.A.,burin peninsula s p c a,3,12039.0,same name,Burin Peninsula SPCA,"the same words, spaced differently or without ""of""",
"Dermot Lee Memorial, Royal Canadian Legion Br. 62",dermot lee memorial royal canadian legion br 62,Dermot Lee Memorial Br. 62 Royal Canadian Legion,dermot lee memorial br 62 royal canadian legion,1,4206.0,business number,"Dermot Lee Memorial, Royal Canadian Legion Br. 62",federal grant records share one,
P.B.A. Industrial Supplies Limited,p b a industrial supplies,PBA Industrial Supplies Ltd.,pba industrial supplies,1,0.0,same name,P.B.A. Industrial Supplies Limited,"the same words, spaced differently or without ""of""",
Isle aux Morts Community Center Incorporated,isle aux morts community center,Isle aux Mort Community Center Inc.,isle aux mort community center,1,4987.0,business number,Isle aux Morts Community Center Incorporated,federal grant records share one,
"Brian James Kowalski, Evan Michael Murray",brian james kowalski evan michael murray,"Brian James Kowalski, Evan Michael Muraay",brian james kowalski evan michael muraay,1,1005.0,business number,"Brian James Kowalski, Evan Michael Murray",federal grant records share one,
P4 Youth Centre Inc.,p4 youth centre,P4 Youth Center Inc.,p4 youth center,2,6416.0,business number,P4 Youth Centre Inc.,federal grant records share one,
Burry Heights Camp and Retreat Centre,burry heights camp and retreat centre,Burry Heights Camp & Retreat Center,burry heights camp and retreat center,2,6041.0,business number,Burry Heights Camp and Retreat Centre,federal grant records share one,Burry Heights Camp and Retreat Center
Goodyear Cove Committee,goodyear cove committee,GOODYEAR'S COVE COMMITTEE,goodyears cove committee,1,7946.0,business number,Goodyear Cove Committee,federal grant records share one,
S.W. Moores Memorial Park Committee,s w moores memorial park committee,S.W. Moores Memorial Park and Committee,s w moores memorial park and committee,3,13826.0,business number,S.W. Moores Memorial Park Committee,federal grant records share one,
Cow Head Special Events Committee,cow head special events committee,Cow Head Special Events,cow head special events,1,3055.0,business number,Cow Head Special Events Committee,federal grant records share one,
L'Anse au Clair Recreation Committee,lanse au clair recreation committee,L' ANSE AU CLAIR RECREATION COMMITTEE,l anse au clair recreation committee,1,1500.0,same name,L'Anse au Clair Recreation Committee,"the same words, spaced differently or without ""of""",
Perry's Cove Celebration Committee,perrys cove celebration committee,Perry's Cove Celebrations Committee,perrys cove celebrations committee,1,2614.0,business number,Perry's Cove Celebration Committee,federal grant records share one,
Peninsula Used Clothing and Food Bank,peninsula used clothing and food bank,Peninsula Used Clothing and Foodbank Incorporated,peninsula used clothing and foodbank,2,5668.0,same name,Peninsula Used Clothing and Food Bank,"the same words, spaced differently or without ""of""",Peninsula Used Clothing and Foodbank
Canadian Red Cross,canadian red cross,Canadian Red Cross Society,canadian red cross society,1,0.0,business number,Canadian Red Cross,federal grant records share one,
cape ray local service district,cape ray local service district,Local Service District of Cape Ray,local service district of cape ray,3,11196.0,business number,cape ray local service district,federal grant records share one,
The Governing Council of the Salvation Army,governing council of salvation army [bn 107951618],The Governing Council - The Salvation Army of Canada,governing council salvation army of canada,1,5113.0,business number,The Governing Council of the Salvation Army,federal grant records share one,
Firemen's Hydrant Club,firemens hydrant club,FIREMENS`S HYDRANT CLUB,firemenss hydrant club,1,3973.0,business number,Firemen's Hydrant Club,federal grant records share one,
Indian Head Soilutions Ltd.,indian head soilutions,Indian Head Solutions Ltd,indian head solutions,1,2240.0,business number,Indian Head Soilutions Ltd.,federal grant records share one,
St. Vincent's Fisherman's Museum Committee Inc.,st vincents fishermans museum committee,st.vincent's fisherman's museum,st vincents fishermans museum,2,12081.0,business number,St. Vincent's Fisherman's Museum Committee Inc.,federal grant records share one,St. Vincent's Fisherman's Museum
Riverhead Recreation Committee,riverhead recreation committee,Riverhead Recreation,riverhead recreation,2,6682.0,business number,Riverhead Recreation Committee,federal grant records share one,
Catalina Historic Society,catalina historic society,Catalina Historical Society,catalina historical society,2,12082.0,business number,Catalina Historic Society,federal grant records share one,
10801 Newfoundland Inc,10801 newfoundland,10801Newfoundland Inc,10801newfoundland,1,6524.0,same name,10801 Newfoundland Inc,"the same words, spaced differently or without ""of""",
Lord's Cove Community Centre Inc.,lords cove community centre,Lord's Cove Community Centre Committee,lords cove community centre committee,3,10034.0,business number,Lord's Cove Community Centre Inc.,federal grant records share one,Lord's Cove Community Centre Committee Inc
Lord's Cove Community Centre Inc.,lords cove community centre,Lord's Cove Community Center Inc.,lords cove community center,1,2830.0,business number,Lord's Cove Community Centre Inc.,federal grant records share one,
ENTERPRISE RENT-A- CAR CANADA COMPANY,enterprise rent a car canada,ENTERPRISE RENT‐A‐CAR CANADA COMPANY,enterprise rentacar canada,1,24485.0,same name,ENTERPRISE RENT-A- CAR CANADA COMPANY,"the same words, spaced differently or without ""of""",
POINT MAY COMMUNITY CENTER COMMITTEE,point may community center committee,point may community center,point may community center,1,4987.0,business number,POINT MAY COMMUNITY CENTER COMMITTEE,federal grant records share one,
Hare Bay Dover Lions Club,hare bay dover lions club,Hare Bay/Dover Lions,hare bay dover lions,2,8606.0,business number,Hare Bay Dover Lions Club,federal grant records share one,
The Baccalieu Lions Club Inc.,baccalieu lions club,The Baccalieu Lions Inc.,baccalieu lions,1,3973.0,business number,The Baccalieu Lions Club Inc.,federal grant records share one,
St. John's Status of Women Council/St. John's Women's Centre,st johns status of women council st johns womens centre,St John's Status of Women/ St. John's Women's Centre,st johns status of women st johns womens centre,2,11626.0,business number,St. John's Status of Women Council/St. John's Women's Centre,federal grant records share one,St. John's Status of Women/St. John's Women's Centre
Conception Bay Regional Community Centre,conception bay regional community centre,Conception Bay Regional Community Center,conception bay regional community center,1,4479.0,business number,Conception Bay Regional Community Centre,federal grant records share one,
Flatrock Harbour Authority,flatrock harbour authority,Flatrock Harbor Authority,flatrock harbor authority,1,5113.0,business number,Flatrock Harbour Authority,federal grant records share one,
Fortune Recreation Commission,fortune recreation commission,Fortune Recreation Commision,fortune recreation commision,1,10226.0,business number,Fortune Recreation Commission,federal grant records share one,
Bartlett's Harbour Recreation Committee Inc.,bartletts harbour recreation committee,Bartlett's Harbour Recreation,bartletts harbour recreation,1,9496.0,business number,Bartlett's Harbour Recreation Committee Inc.,federal grant records share one,
Robert's Arm Recreation Committee,roberts arm recreation committee,Robert's Arm Recreation,roberts arm recreation,1,3154.0,business number,Robert's Arm Recreation Committee,federal grant records share one,
Westside Minor Soccer Association,westside minor soccer association,West Side Minor Soccer Association,west side minor soccer association,1,8956.0,same name,Westside Minor Soccer Association,"the same words, spaced differently or without ""of""",
Gander Daycare Centre Ltd.,gander daycare centre,Gander Day Care Centre Ltd.,gander day care centre,1,2009.0,same name,Gander Daycare Centre Ltd.,"the same words, spaced differently or without ""of""",
Catholic School Foundation of Corner Brook Inc.,catholic school foundation of corner brook,Catholic School Foundation of Corner Brook Inc. ( Immaculate Heart Of Mary School),catholic school foundation of corner brook immaculate heart of mary school,2,13045.0,unit,Catholic School Foundation of Corner Brook Inc.,"a department, faculty or campus printed after the body's own name",
Red Roof Quick Stop Ltd.,red roof quick stop,Red Roof Quickstop Ltd.,red roof quickstop,6,245.31,same name,Red Roof Quick Stop Ltd.,"the same words, spaced differently or without ""of""",Red Roof Quickstop Ltd
B.W. Powell Ltd.,b w powell,BW Powell Ltd,bw powell,5,12756.0,same name,B.W. Powell Ltd.,"the same words, spaced differently or without ""of""",BW Powell Limited.
Canadian Mental Health Association Newfoundland Division,canadian mental health association newfoundland division,Canadian Mental Health Association NL Division,canadian mental health association newfoundland and labrador division,1,2674.0,business number,Canadian Mental Health Association Newfoundland Division,federal grant records share one,
Town of Port Anson,town of port anson,Town Council of Port Anson,town council of port anson,2,2704.0,business number,Town of Port Anson,federal grant records share one,
BAYMEN RUGBY FOOTBALL CLUB INC BAYMAN RUGBY CLUB CHALLENGE 93,baymen rugby football club bayman rugby club challenge 93,Baymen Rugby Football Club Inc. Baymen Rugby Club Challenge 93,baymen rugby football club baymen rugby club challenge 93,1,9973.0,business number,BAYMEN RUGBY FOOTBALL CLUB INC BAYMAN RUGBY CLUB CHALLENGE 93,federal grant records share one,
Family Matters Child Care Center,family matters child care center,Family Matters Child Care Centre,family matters child care centre,1,3055.0,business number,Family Matters Child Care Center,federal grant records share one,
"Logy Bay - Middle Cove - Outer Cove, Town of",logy bay middle cove outer cove town of,logy bay middle cove outer cove ville de,logy bay middle cove outer cove ville de,0,0.0,bilingual,"Logy Bay - Middle Cove - Outer Cove, Town of",one record prints both (278-2022-2023-Q3-00025),
Atlantic Women In Law Enforcement,atlantic women in law enforcement,femmes dans lapplication des lois de latlantique,femmes dans lapplication des lois de latlantique,0,0.0,bilingual,Atlantic Women In Law Enforcement,one record prints both (131-2019-2020-Q2-00005),
The Association of Registered Nurses of Newfoundland,association of registered nurses of newfoundland,Association of Registered Nurses of NL,association of registered nurses of newfoundland and labrador,2,6167.0,business number,The Association of Registered Nurses of Newfoundland,federal grant records share one,
Anglican Parish of St.Philips,anglican parish of st philips,The Anglican Parish of St Phillip's,anglican parish of st phillips,1,4633.0,business number,Anglican Parish of St.Philips,federal grant records share one,
Last Post Fund,last post fund,Last Post Fund (NL Branch),last post fund newfoundland and labrador branch,1,5000.0,unit,Last Post Fund,"a department, faculty or campus printed after the body's own name",
Gillams Recreation,gillams recreation,Town of Gillams / Recreation,town of gillams recreation,1,7880.0,business number,Gillams Recreation,federal grant records share one,
Town of Heart's Delight-Islington Municipal Library,town of hearts delight islington municipal library,Town of Heart's Delight Islington Municpal Library,town of hearts delight islington municpal library,2,4529.0,postal code,Town of Heart's Delight-Islington Municipal Library,federal records share one,
Dr. Charles L. LeGrow Health Care Auxiliary,dr charles l legrow health care auxiliary,Dr. Charles L. LeGrow Healthcare Auxiliary,dr charles l legrow healthcare auxiliary,1,3055.0,same name,Dr. Charles L. LeGrow Health Care Auxiliary,"the same words, spaced differently or without ""of""",
Botwood Senior Citizens Housing Committee,botwood senior citizens housing committee,Botwood Senior Citizens Housing,botwood senior citizens housing,1,3973.0,business number,Botwood Senior Citizens Housing Committee,federal grant records share one,
The Tree House Family Resource Centre Inc.,tree house family resource centre,The Tree House Family Resource,tree house family resource,1,5113.0,business number,The Tree House Family Resource Centre Inc.,federal grant records share one,
Castor River North Local Service District,castor river north local service district,The Local service district Castor River north,local service district castor river north,1,4987.0,business number,Castor River North Local Service District,federal grant records share one,
Airbnb,airbnb,Air BnB,air bnb,9,3327.2,same name,Airbnb,"the same words, spaced differently or without ""of""",AIR BNB; Air bnb; Air Bnb; Air BNB
The NFLD Game Fish Protection Society Ltd.,newfoundland game fish protection society,NFLD Gamefish Protection Society,newfoundland gamefish protection society,1,2614.0,same name,The NFLD Game Fish Protection Society Ltd.,"the same words, spaced differently or without ""of""",
Scenic View Cabins & Adventures Ltd.,scenic view cabins and adventures,Scenic View Cabins & Adventure Ltd,scenic view cabins and adventure,1,1848.0,business number,Scenic View Cabins & Adventures Ltd.,federal grant records share one,
Oceanview Convenience Ltd,oceanview convenience,Ocean View Convenience Ltd,ocean view convenience,1,1848.0,same name,Oceanview Convenience Ltd,"the same words, spaced differently or without ""of""",
Isle aux Morts Come Home Year Incorporated,isle aux morts come home year,Isle aux Mort Come Home Year Incorporated,isle aux mort come home year,1,7947.0,business number,Isle aux Morts Come Home Year Incorporated,federal grant records share one,
Canadian Artists Representation,canadian artists representation,le front des artistes canadiens,le front des artistes canadiens,0,0.0,bilingual,Canadian Artists Representation,one record prints both (141-2021-2022-Q2-03006),
the diocesan synod of central newfoundland,diocesan synod of central newfoundland,DIOCESAN SYNOD OF CENTRAL NL,diocesan synod of central newfoundland and labrador,2,3583.0,business number,the diocesan synod of central newfoundland,federal grant records share one,The Diocesan Synod Of Central NL
SKATE CANADA NEWFOUNDLAND AND LABRADOR,skate canada newfoundland and labrador,Skate Canada Newfoundland Labrador,skate canada newfoundland labrador,1,3119.0,business number,SKATE CANADA NEWFOUNDLAND AND LABRADOR,federal grant records share one,
Parish of Bay Roberts/Coley's Point,parish of bay roberts coleys point,Parish of Bay Roberts Coleys's Point,parish of bay roberts coleyss point,1,3973.0,business number,Parish of Bay Roberts/Coley's Point,federal grant records share one,
Goose Bay Auto Parts,goose bay auto parts,goose bay autoparts ltd,goose bay autoparts,3,4475.0,same name,Goose Bay Auto Parts,"the same words, spaced differently or without ""of""",goose bay autoparts; Goose Bay Autoparts
Spring Meadow Farm,spring meadow farm,Spring Meadow Farns Inc.,spring meadow farns,1,2009.0,business number,Spring Meadow Farm,federal grant records share one,
Cape Ray Lighthouse Keepers Association,cape ray lighthouse keepers association,"CAPE RAY LIGHTHOUSE KEEPERS ASSOICATION INC,",cape ray lighthouse keepers assoication,1,2980.0,business number,Cape Ray Lighthouse Keepers Association,federal grant records share one,
"The Health Care Foundation of St. John's, Inc.",health care foundation of st johns,Health Care Foundation,health care foundation,1,7392.0,business number,"The Health Care Foundation of St. John's, Inc.",federal grant records share one,
Bonavista Horticultural Maintenance Committee,bonavista horticultural maintenance committee,Bonavista Horticulture Maintenance Committee,bonavista horticulture maintenance committee,1,3055.0,business number,Bonavista Horticultural Maintenance Committee,federal grant records share one,
Professional Fish Harvesters Certification Board,professional fish harvesters certification board,Professional Fish Harvesters Certification Board NL,professional fish harvesters certification board newfoundland and labrador,1,4633.0,business number,Professional Fish Harvesters Certification Board,federal grant records share one,
Local Service District of Brigus South,local service district of brigus south,Brigus South Local Service District,brigus south local service district,1,4987.0,business number,Local Service District of Brigus South,federal grant records share one,
Indigenous Tourism Culture Heritage Association,indigenous tourism culture heritage association,Indigenous Tourism Cultural Heritage Association,indigenous tourism cultural heritage association,1,4633.0,postal code,Indigenous Tourism Culture Heritage Association,federal records share one,
Elaine's Variety,elaines variety,Elaine's Variey,elaines variey,2,2373.0,business number,Elaine's Variety,federal grant records share one,
Princess Sheila NaGeira Theatre Inc,princess sheila nageira theatre,Princess Sheila NaGeira Theatre Board,princess sheila nageira theatre board,1,6110.0,business number,Princess Sheila NaGeira Theatre Inc,federal grant records share one,
Local Service District Rattling Brook,local service district rattling brook,Rattling Brook Local Service District,rattling brook local service district,1,2986.0,business number,Local Service District Rattling Brook,federal grant records share one,
HANT'S HARBOUR WILLOW TREE HERITAGE SOCIETY INC (THE),hants harbour willow tree heritage society,THE HANT'S HARBOUR WILLOWTREE HERITAGE SOCIETY INC.,hants harbour willowtree heritage society,1,5000.0,same name,HANT'S HARBOUR WILLOW TREE HERITAGE SOCIETY INC (THE),"the same words, spaced differently or without ""of""",
Eastport Peninsula Recreation,eastport peninsula recreation,Eastport Peninsula Recreation Committee,eastport peninsula recreation committee,1,3696.0,business number,Eastport Peninsula Recreation,federal grant records share one,
Laurentian Grounds Playground Committee,laurentian grounds playground committee,Laurentian Ground Playground Committee,laurentian ground playground committee,1,3973.0,business number,Laurentian Grounds Playground Committee,federal grant records share one,
Students Union of Sir Wilfred Grenfell College Inc.,students union of sir wilfred grenfell college,Student Union of Sir Wilfred Grenfell College Inc.,student union of sir wilfred grenfell college,2,6041.0,business number,Students Union of Sir Wilfred Grenfell College Inc.,federal grant records share one,
Sapphire Pub and Eatery,sapphire pub and eatery,Sapphire Pub and Eatry,sapphire pub and eatry,1,4060.0,business number,Sapphire Pub and Eatery,federal grant records share one,
Petipas Service Center Ltd.,petipas service center,Petipas Service Centre Limited,petipas service centre,1,2048.0,business number,Petipas Service Center Ltd.,federal grant records share one,
Grand Fall-Windsor Community Garden,grand fall windsor community garden,Grand Falls-Windsor Community Garden,grand falls windsor community garden [bn 764198602],1,4206.0,business number,Grand Fall-Windsor Community Garden,federal grant records share one,
52223 Newfoundland and Labrador,52223 newfoundland and labrador,52223 Newfounland & Labrador Ltd.,52223 newfounland and labrador,1,3262.0,business number,52223 Newfoundland and Labrador,federal grant records share one,
"Eastern Health, Sexual Assault Nursing Program",eastern health sexual assault nursing program,programme des soins infirmiers pour aggression sexuelle en sante de lest,programme des soins infirmiers pour aggression sexuelle en sante de lest,0,0.0,bilingual,"Eastern Health, Sexual Assault Nursing Program",one record prints both (131-2019-2020-Q1-00008),
Jennifer Parsons o/c Seaside Restaurant,jennifer parsons o c seaside restaurant,Jennifer Parsons o/c of Seaside Restaurant,jennifer parsons o c of seaside restaurant,1,6524.0,same name,Jennifer Parsons o/c Seaside Restaurant,"the same words, spaced differently or without ""of""",
Frederick Headley Mouland,frederick headley mouland,Frederick Hedley Mouland,frederick hedley mouland,1,0.0,postal code,Frederick Headley Mouland,federal records share one,
Hickey's Greenhouses Nursery Ltd,hickeys greenhouses nursery,Hickey's Greenhouses & Nursery Ltd.,hickeys greenhouses and nursery,3,5204.0,business number,Hickey's Greenhouses Nursery Ltd,federal grant records share one,Hickey's Greenhouses and Nursery Limited
Local Service District Fox Roost-Margaree,local service district fox roost margaree,Fox Roost Margaree Local Service District,fox roost margaree local service district,1,2986.0,business number,Local Service District Fox Roost-Margaree,federal grant records share one,
Newfoundland & Labrador Beekeeping Association Inc.,newfoundland and labrador beekeeping association,Newfoundland & Labrador Bee Keeping Association Inc.,newfoundland and labrador bee keeping association,1,5000.0,same name,Newfoundland & Labrador Beekeeping Association Inc.,"the same words, spaced differently or without ""of""",
Knights of Columbus,knights of columbus,Knights of Colombus,knights of colombus,1,3680.0,business number,Knights of Columbus,federal grant records share one,
BARE MOUNTAIN COFFEE HOUSE INC,bare mountain coffee house,Bare Mountain Coffee Houlse Inc,bare mountain coffee houlse,1,3168.0,business number,BARE MOUNTAIN COFFEE HOUSE INC,federal grant records share one,
Local Service District of Stoneville,local service district of stoneville,Stoneville Local Service District,stoneville local service district,1,5408.0,business number,Local Service District of Stoneville,federal grant records share one,
Consumers Choice Pharmacy Ltd,consumers choice pharmacy,Consumer Choice Pharmacy Ltd,consumer choice pharmacy,2,2373.0,business number,Consumers Choice Pharmacy Ltd,federal grant records share one,Consumer Choice Pharmacy Ltd.
63765 Newfoundland and Labrador Limited,63765 newfoundland and labrador,63765 NEWFOUNDLAND AND LABRADO,63765 newfoundland and labrado,1,2240.0,business number,63765 Newfoundland and Labrador Limited,federal grant records share one,
Wiseman's Sales and Service Limited,wisemans sales and service,Wiseman sales and Services ltd,wiseman sales and services,1,2240.0,business number,Wiseman's Sales and Service Limited,federal grant records share one,
Musgrave Hbr Recreation and Youth Committee,musgrave hbr recreation and youth committee,Musgrave Hbr Youth and Recreation Committee,musgrave hbr youth and recreation committee,1,5970.0,business number,Musgrave Hbr Recreation and Youth Committee,federal grant records share one,
Town of Winterland,town of winterland,Town Council of Winterland,town council of winterland,2,3318.0,business number,Town of Winterland,federal grant records share one,
NBR Investment Inc.,nbr investment,NBR Investments Inc,nbr investments,2,5889.0,business number,NBR Investment Inc.,federal grant records share one,NBR Investments Inc.
Crosswind Investments Inc.,crosswind investments,Crosswinds Investments,crosswinds investments,1,2299.0,business number,Crosswind Investments Inc.,federal grant records share one,
Town of Cape Broyle,town of cape broyle,TWON OF CAPE BROYLE,twon of cape broyle,1,1680.0,business number,Town of Cape Broyle,federal grant records share one,
Dhack Venture Ltd,dhack venture,Dhack Ventures Ltd,dhack ventures,1,1848.0,business number,Dhack Venture Ltd,federal grant records share one,
Dr Hugh Twomey Healthcare Centre Auxiliary,dr hugh twomey healthcare centre auxiliary,Dr Hugh Twomey Healthcare Centre Auxilliary,dr hugh twomey healthcare centre auxilliary,1,3055.0,business number,Dr Hugh Twomey Healthcare Centre Auxiliary,federal grant records share one,
Lightkeepers Cafe Limited,lightkeepers cafe,Light Keepers Cafe Limited,light keepers cafe,1,2184.0,same name,Lightkeepers Cafe Limited,"the same words, spaced differently or without ""of""",
Burin Peninsula Health Care Auxiliary,burin peninsula health care auxiliary,Burin Peninsula Health Care Centre Auxiliary,burin peninsula health care centre auxiliary,1,4987.0,business number,Burin Peninsula Health Care Auxiliary,federal grant records share one,
Portland Street Investments,portland street investments,Portland Street Investment Inc,portland street investment,2,4104.0,business number,Portland Street Investments,federal grant records share one,
St. Peter's Parish (Roman Catholic Episcopal Corporation),st peters parish roman catholic episcopal,Roman Catholic Episcopal Corporation- St. Peter's Parish,roman catholic episcopal st peters parish,1,3055.0,business number,St. Peter's Parish (Roman Catholic Episcopal Corporation),federal grant records share one,
LJR Sales Ltd,ljr sales,L.J.R. Sales Ltd,l j r sales,2,6029.0,same name,LJR Sales Ltd,"the same words, spaced differently or without ""of""",L.J.R. Sales LTD
Leading Tickles Elks Lodge #591,leading tickles elks lodge 591,Leading Tickls Elks Lodge #591,leading tickls elks lodge 591,1,2986.0,business number,Leading Tickles Elks Lodge #591,federal grant records share one,
Walmart,walmart,Wal Mart,wal mart,3,924.14,same name,Walmart,"the same words, spaced differently or without ""of""",Wal-Mart
Subs@Subbay Inc.,subs subbay,Subs@Sub Bay Inc.,subs sub bay,1,3262.0,same name,Subs@Subbay Inc.,"the same words, spaced differently or without ""of""",
P&A Sports and Enterprises Limited,p and a sports and enterprises,P&A Sports Enterprises,p and a sports enterprises,1,2627.0,business number,P&A Sports and Enterprises Limited,federal grant records share one,
R.V. Clarke & Sons,r v clarke and sons,RV Clarke & Sons,rv clarke and sons,2,2853.0,same name,R.V. Clarke & Sons,"the same words, spaced differently or without ""of""",
Historic Action Recreation Committee,historic action recreation committee,Historic Action & Recreation Committee Inc.,historic action and recreation committee,1,4987.0,business number,Historic Action Recreation Committee,federal grant records share one,
Sandman Hotel Group,sandman hotel group,Sandman hotelgroup,sandman hotelgroup,4,1700.15,same name,Sandman Hotel Group,"the same words, spaced differently or without ""of""",SANDMAN HOTELGROUP
Winterland Heritage Devolpment Corp,winterland heritage devolpment,Winterland Heritage Development Corporation,winterland heritage development,1,4206.0,business number,Winterland Heritage Devolpment Corp,federal grant records share one,
Hilliers Services Limited,hilliers services,Hillier's Service Limited,hilliers service,1,2627.0,business number,Hilliers Services Limited,federal grant records share one,
Maurice's Service Centre Ltd,maurices service centre,Maurice's Service Center Ltd,maurices service center,2,4475.0,business number,Maurice's Service Centre Ltd,federal grant records share one,
Musgrave Harbour Recreation Co,musgrave harbour recreation,Musgrave Harbour Recreation Committee,musgrave harbour recreation committee,1,3973.0,business number,Musgrave Harbour Recreation Co,federal grant records share one,
81558 Newfoundland and Lab INC,81558 newfoundland and lab,81558 Nl and Lab Inc,81558 newfoundland and labrador and lab,1,2252.0,business number,81558 Newfoundland and Lab INC,federal grant records share one,
Hillhead Designs Ltd,hillhead designs,Hillhea Designs Ltd,hillhea designs,1,2594.0,business number,Hillhead Designs Ltd,federal grant records share one,
G.B.S. Recreation Committee Inc.,g b s recreation committee,GBS Recreation Committee,gbs recreation committee,1,2614.0,same name,G.B.S. Recreation Committee Inc.,"the same words, spaced differently or without ""of""",
Musgrave Harbour Recreation and Youth Committee,musgrave harbour recreation and youth committee,Musgrave Harbour Recreation and Youth,musgrave harbour recreation and youth,1,3855.0,business number,Musgrave Harbour Recreation and Youth Committee,federal grant records share one,
Morgaine Parnham,morgaine parnham,Morgaine Parham,morgaine parham,1,2580.0,business number,Morgaine Parnham,federal grant records share one,
Advocate Youth Services,advocate youth services,Advocate Youth,advocate youth,1,1000.0,business number,Advocate Youth Services,federal grant records share one,
Exploits Valley Society for the Prevention of Cruelty to Animals,exploits valley society for prevention of cruelty to animals,Exploits Valley Society for the Prevention of Cruelty to Annimals,exploits valley society for prevention of cruelty to annimals,1,3406.0,business number,Exploits Valley Society for the Prevention of Cruelty to Animals,federal grant records share one,
Darren Jackman Enterprises Inc.,darren jackman enterprises,DARREN JACKMAN ENTERPEISE INC,darren jackman enterpeise,1,2580.0,business number,Darren Jackman Enterprise Inc,federal grant records share one,
Darren Jackman Enterprises Inc.,darren jackman enterprises,Darren Jackman Enterprise Inc,darren jackman enterprise,1,1584.0,business number,DARREN JACKMAN ENTERPEISE INC,federal grant records share one,
Howley Shopping Center Ltd.,howley shopping center,Howley Shopping Centre Ltd.,howley shopping centre,1,1848.0,business number,Howley Shopping Center Ltd.,federal grant records share one,
Mazol Shriners. (Boot Shrine Club),mazol shriners boot shrine club,Boot Shrine Club (Mazol Shriners),boot shrine club mazol shriners,1,2851.0,business number,Mazol Shriners. (Boot Shrine Club),federal grant records share one,
West End Baptist Church St. John's,west end baptist church st johns,West End Baptist Church,west end baptist church,1,3055.0,business number,West End Baptist Church St. John's,federal grant records share one,
The Anglican Parrish of Harbour Grace,anglican parrish of harbour grace,The Anglican Parish of Harbour Grace,anglican parish of harbour grace,1,3055.0,business number,The Anglican Parrish of Harbour Grace,federal grant records share one,
Oceanview Resort Ltd,oceanview resort,Ocean View Resort,ocean view resort,1,151.32,same name,Oceanview Resort Ltd,"the same words, spaced differently or without ""of""",
61452 NEWFOUNDLAND & LABRADOR,61452 newfoundland and labrador,61452 Newfounldand & Labrador,61452 newfounldand and labrador,1,1848.0,business number,61452 NEWFOUNDLAND & LABRADOR,federal grant records share one,
Barnes Store Limited,barnes store,Bares Store Limited,bares store,1,2240.0,business number,Barnes Store Limited,federal grant records share one,
NCS Enterprise Limited,ncs enterprise,NCS Enterprises Ltd.,ncs enterprises,1,2627.0,postal code,NCS Enterprise Limited,federal records share one,
First United Pentecostal Church Woodstock Inc.,first united pentecostal church woodstock,First United Pentecostal Church of Woodstock INC.,first united pentecostal church of woodstock,1,3055.0,same name,First United Pentecostal Church Woodstock Inc.,"the same words, spaced differently or without ""of""",
Girl Guides of Canada Newfoundland and Labrador Council,girl guides of canada newfoundland and labrador council,"Girl Guides of Canada-Guides du Canada, Newfoundland and Labrador Council",girl guides of canada guides du canada newfoundland and labrador council,1,2986.0,business number,Girl Guides of Canada Newfoundland and Labrador Council,federal grant records share one,
Stephenville Cultural Destination,stephenville cultural destination,Stephenville Cultural Destination Committee,stephenville cultural destination committee,1,2986.0,business number,Stephenville Cultural Destination,federal grant records share one,
Harold W. Duffett Shriners RV Park,harold w duffett shriners rv park,Harold W. Duffett Shrinersd RV Park,harold w duffett shrinersd rv park,1,2985.0,business number,Harold W. Duffett Shriners RV Park,federal grant records share one,
PRAK Inc.,prak,Prak Holdings Limited,prak holdings,1,3262.0,business number,PRAK Inc.,federal grant records share one,
T.H.E. Creative Learning Programs Ltd.,t h e creative learning programs,T.H.E. Creative Learning Program Limited,t h e creative learning program,1,1172.0,business number,T.H.E. Creative Learning Programs Ltd.,federal grant records share one,
Pitcher's Takeout & Bakery Ltd.,pitchers takeout and bakery,Pitcher's Tak-out and Bakery,pitchers tak out and bakery,1,1005.0,business number,Pitcher's Take-Out & Bakery Ltd.,federal grant records share one,
Pitcher's Takeout & Bakery Ltd.,pitchers takeout and bakery,Pitcher's Take-Out & Bakery Ltd.,pitchers take out and bakery,1,1368.0,same name,Pitcher's Takeout & Bakery Ltd.,"the same words, spaced differently or without ""of""",
Legge's Garage and Auto Body Shop Limited,legges garage and auto body shop,Legges Garage and Autobody Shop Ltd,legges garage and autobody shop,1,1368.0,same name,Legge's Garage and Auto Body Shop Limited,"the same words, spaced differently or without ""of""",
Longshore Holdings,longshore holdings,Long ShoreHolding's Ltd,long shoreholdings,1,1848.0,same name,Longshore Holdings,"the same words, spaced differently or without ""of""",
COMMUNITY COUNCIL OF WOODY POI COMMUNITY COUNCIL ACCOUNT,community council of woody poi community council account,Community Council of Woody Point Community Council Account,community council of woody point community council account,1,2184.0,business number,COMMUNITY COUNCIL OF WOODY POI COMMUNITY COUNCIL ACCOUNT,federal grant records share one,
B-B Takeout & Grocery,b b takeout and grocery,B&B takeout and grocery,b and b takeout and grocery,1,1005.0,business number,B-B Takeout & Grocery,federal grant records share one,
80006 NL and Labrador Inc,80006 newfoundland and labrador and labrador,80006 Newfoundland and Labrador Inc,80006 newfoundland and labrador,1,1848.0,business number,80006 NL and Labrador Inc,federal grant records share one,
Lynnwell Auto Ltd.,lynnwell auto,Lynwell Auto Ltd,lynwell auto,1,1848.0,business number,Lynnwell Auto Ltd.,federal grant records share one,
Trinity Bakeshop Limited,trinity bakeshop,Trinity Bake Shop Ltd.,trinity bake shop,1,2627.0,same name,Trinity Bakeshop Limited,"the same words, spaced differently or without ""of""",
Janes Noseworthy Limited,janes noseworthy,Janes & Noseworthy Limited,janes and noseworthy,1,1368.0,business number,Janes Noseworthy Limited,federal grant records share one,
L'anse Au Loup Womens Institue,lanse au loup womens institue,L'Anse au Loup Women's Institute,lanse au loup womens institute,1,0.0,business number,L'anse Au Loup Womens Institue,federal grant records share one,
NF Safety Tech Ltd.,nf safety tech,NF SafetyTech Ltd,nf safetytech,1,1397.0,same name,NF Safety Tech Ltd.,"the same words, spaced differently or without ""of""",
Campbell's Meat Market (2009) Limited,campbells meat market 2009,Campbell's Meat Market (2009) Limited SME Division,campbells meat market 2009 sme division,1,1368.0,unit,Campbell's Meat Market (2009) Limited,"a department, faculty or campus printed after the body's own name",
I DESIGN LTD,i design,iDesign,idesign,1,174.36,same name,I DESIGN LTD,"the same words, spaced differently or without ""of""",
Dean's Greenhouse & Flower Shop,deans greenhouse and flower shop,Dean's Greenhouse and Flowershop,deans greenhouse and flowershop,1,161.4,same name,Dean's Greenhouse & Flower Shop,"the same words, spaced differently or without ""of""",
DARREN JACKMAN ENTER INC,darren jackman enter,Darren Jackman Ent. Inc.,darren jackman ent,1,1005.0,business number,DARREN JACKMAN ENTER INC,federal grant records share one,
DROVERS GROC & VARIETY,drovers groc and variety,Drover's Grocey and Variety,drovers grocey and variety,1,1005.0,business number,DROVERS GROC & VARIETY,federal grant records share one,
W.G. Garland Ltd.,w g garland,WG Garland Limited,wg garland,1,1005.0,same name,W.G. Garland Ltd.,"the same words, spaced differently or without ""of""",
WEH Enterprise Limited,weh enterprise,WEH Enterprises Limited,weh enterprises,1,1005.0,business number,WEH Enterprise Limited,federal grant records share one,
Beachco Enterprises,beachco enterprises,Beachco Enterpises Ltd.,beachco enterpises,1,0.0,business number,Beachco Enterprises,federal grant records share one,
Vistaprint,vistaprint,Vista Print,vista print,1,194.38,same name,Vistaprint,"the same words, spaced differently or without ""of""",
The Orange Store,orange store,Orangestore,orangestore,13,292.73,same name,The Orange Store,"the same words, spaced differently or without ""of""",OrangeStore
north atlantic orange store,north atlantic orange store,North Atlantic Orangestore,north atlantic orangestore,13,217.27,same name,north atlantic orange store,"the same words, spaced differently or without ""of""",
The C.L.B.,c l b,CLB,clb,2,0.0,same name,The C.L.B.,"the same words, spaced differently or without ""of""",
NoFrills,nofrills,No Frills,no frills,12,339.0,same name,NoFrills,"the same words, spaced differently or without ""of""",
Peyton' s Flower's & Gifts,peyton s flowers and gifts,Peytons Flowers and Gifts,peytons flowers and gifts,1,121.05,same name,Peyton' s Flower's & Gifts,"the same words, spaced differently or without ""of""",
"EH Scott Sales & Service, Burgeo",eh scott sales and service burgeo,"E H Scott Sales & Service, Burgeo",e h scott sales and service burgeo,1,47.37,same name,"EH Scott Sales & Service, Burgeo","the same words, spaced differently or without ""of""",
The Light Keeper's Diner,light keepers diner,Lightkeeper's Diner,lightkeepers diner,1,45.77,same name,The Light Keeper's Diner,"the same words, spaced differently or without ""of""",
Parson's Takeout and Convenience,parsons takeout and convenience,Parsons Take Out and Convenience,parsons take out and convenience,1,30.25,same name,Parson's Takeout and Convenience,"the same words, spaced differently or without ""of""",
"Orange Store, Deer Lake",orange store deer lake,"Orangestore, Deer Lake",orangestore deer lake,1,33.77,same name,"Orange Store, Deer Lake","the same words, spaced differently or without ""of""",
Airport Orangestore,airport orangestore,airport orange store,airport orange store,1,13.63,same name,Airport Orangestore,"the same words, spaced differently or without ""of""",
Nunatsiavut Government,nunatsiavut government,Nunatsiavut Government,nunatsiavut government,239,1223721455.18,same name (printings),,"printed differently: case, punctuation, apostrophes, spacing or legal suffix",NUNATSIAVUT GOVERNMENT; The Nunatsiavut Government; THE NUNATSIAVUT GOVERNMENT
Government of Newfoundland and Labrador,government of newfoundland and labrador,Government of Newfoundland and Labrador,government of newfoundland and labrador,140,864040067.0,same name (printings),,"printed differently: case, punctuation, apostrophes, spacing or legal suffix",GOVERNMENT OF NEWFOUNDLAND AND LABRADOR; GOVERNMENT OF NEWFOUNDLAND & LABRADOR; Government Of Newfoundland And Labrador; Government of Newfoundland & Labrador; Government Of Newfoundland & Labrador
Memorial University of Newfoundland,memorial university of newfoundland,Memorial University of Newfoundland,memorial university of newfoundland,703,357802818.12,same name (printings),,"printed differently: case, punctuation, apostrophes, spacing or legal suffix",MEMORIAL UNIVERSITY OF NEWFOUNDLAND; Memorial University Of Newfoundland; The Memorial University of Newfoundland; Memorial University of Newfoundland.; Memorial University of Newfoundland (The); Memorial University of Newfoundland o/a Fisheries and Marine Institue; Memorial University of newfoundland; MEMORIAL UNIVERSITY OF NEWFOUNDLAND (MUN)
Mushuau Innu First Nation,mushuau innu first nation,Mushuau Innu First Nation,mushuau innu first nation,83,291778155.37,same name (printings),,"printed differently: case, punctuation, apostrophes, spacing or legal suffix",MUSHUAU INNU FIRST NATION
ROGERS CABLE COMMUNICATIONS INC.,rogers cable communications,ROGERS CABLE COMMUNICATIONS INC.,rogers cable communications,8,267801364.28,same name (printings),,"printed differently: case, punctuation, apostrophes, spacing or legal suffix",Rogers Cable Communications Inc.
SC2.0 Stepped Care Solutions Inc,sc2 0 stepped care solutions,SC2.0 Stepped Care Solutions Inc,sc2 0 stepped care solutions,8,255800839.35,same name (printings),,"printed differently: case, punctuation, apostrophes, spacing or legal suffix",SC2.0 STEPPED CARE SOLUTIONS INC.; SC2.0 Stepped Care Solutions Inc.
Miawpukek Band,miawpukek band,Miawpukek Band,miawpukek band,66,247833388.1,same name (printings),,"printed differently: case, punctuation, apostrophes, spacing or legal suffix",MIAWPUKEK BAND
Sheshatshiu Innu First Nation,sheshatshiu innu first nation,Sheshatshiu Innu First Nation,sheshatshiu innu first nation,101,225284730.6,same name (printings),,"printed differently: case, punctuation, apostrophes, spacing or legal suffix",SHESHATSHIU INNU FIRST NATION
Mamu Tshishkutamashutau Innu Education Inc.,mamu tshishkutamashutau innu education,Mamu Tshishkutamashutau Innu Education Inc.,mamu tshishkutamashutau innu education,32,198759950.65,same name (printings),,"printed differently: case, punctuation, apostrophes, spacing or legal suffix",Mamu Tshishkutamashutau Innu Education Inc; MAMU TSHISHKUTAMASHUTAU / INNU EDUCATION INC.; MAMU TSHISHKUTAMASHUTAU INNU EDUCATION INC.
Association for New Canadians,association for new canadians,Association for New Canadians,association for new canadians,162,152996333.54,same name (printings),,"printed differently: case, punctuation, apostrophes, spacing or legal suffix",ASSOCIATION FOR NEW CANADIANS; Association For New Canadians; Association for new canadians
Corner Brook Pulp and Paper Limited,corner brook pulp and paper,Corner Brook Pulp and Paper Limited,corner brook pulp and paper,16,138566840.42,same name (printings),,"printed differently: case, punctuation, apostrophes, spacing or legal suffix",CORNER BROOK PULP AND PAPER LIMITED; Corner Brook Pulp and Paper Ltd
Labrador Innu Round Table Secretariat,labrador innu round table secretariat,Labrador Innu Round Table Secretariat,labrador innu round table secretariat,35,125678088.01,same name (printings),,"printed differently: case, punctuation, apostrophes, spacing or legal suffix",LABRADOR INNU ROUND TABLE SECRETARIAT
Innu Nation,innu nation,Innu Nation,innu nation,147,94853970.49,same name (printings),,"printed differently: case, punctuation, apostrophes, spacing or legal suffix",INNU NATION; Innu Nation Inc.; INNU NATION INC.; Innu Nation Inc
City of St. John's,city of st johns,City of St. John's,city of st johns,112,90952920.84,same name (printings),,"printed differently: case, punctuation, apostrophes, spacing or legal suffix",CITY OF ST. JOHN'S; City of St John's; City of St. Johns; CITY OF ST.JOHN'S; City of St. John’s; CITY OF ST JOHN'S; CITY OF ST.JOHNS
RJG CONSTRUCTION LTD,rjg construction,RJG CONSTRUCTION LTD,rjg construction,30,86984961.5,same name (printings),,"printed differently: case, punctuation, apostrophes, spacing or legal suffix",RJG Construction Ltd.; RJG Construction Ltd
Microsoft Canada Inc.,microsoft canada,Microsoft Canada Inc.,microsoft canada,28,79810053.82,same name (printings),,"printed differently: case, punctuation, apostrophes, spacing or legal suffix",Microsoft Canada; Microsoft Canada Inc
BELL CONFERENCING INC,bell conferencing,BELL CONFERENCING INC,bell conferencing,10,75805930.45,same name (printings),,"printed differently: case, punctuation, apostrophes, spacing or legal suffix",BELL CONFERENCING INC.
NUNATUKAVUT COMMUNITY COUNCIL INC.,nunatukavut community council,NUNATUKAVUT COMMUNITY COUNCIL INC.,nunatukavut community council,231,70199643.69,same name (printings),,"printed differently: case, punctuation, apostrophes, spacing or legal suffix","NunatuKavut Community Council; Nunatukavut Community Council Inc; Nunatukavut Community Council Inc.; NunatuKavut Community Council Inc.; Nunatukavut Community Council; NunatuKavut Community Council Inc; NunatuKavut Community Council, Inc.; NUNATUKAVUT COMMUNITY COUNCIL; NunatuKavut Community Council Inc. (NCC); Nunatukavut Community Council Incorporated; NunatuKavut Community Council Incorporated; NunatuKavut Community Council Inc (NCC)"
Newfoundland and Labrador,newfoundland and labrador,Newfoundland and Labrador,newfoundland and labrador,14,63704090.53,same name (printings),,"printed differently: case, punctuation, apostrophes, spacing or legal suffix",Newfoundland And Labrador; The Newfoundland and Labrador
JCL Investments Inc.,jcl investments,JCL Investments Inc.,jcl investments,16,61243542.41,same name (printings),,"printed differently: case, punctuation, apostrophes, spacing or legal suffix",JCL INVESTMENTS INC.; JCL INVESTMENTS INC; JCL Investments Inc
Kraken Robotic Systems Inc.,kraken robotic systems,Kraken Robotic Systems Inc.,kraken robotic systems,24,53160574.71,same name (printings),,"printed differently: case, punctuation, apostrophes, spacing or legal suffix",Kraken Robotic Systems Inc; KRAKEN ROBOTIC SYSTEMS INC.
NARL MARKETING LIMITED PARTNERSHIP,narl marketing lp,NARL MARKETING LIMITED PARTNERSHIP,narl marketing lp,325,48055123.17,same name (printings),,"printed differently: case, punctuation, apostrophes, spacing or legal suffix",NARL Marketing LP
NEWFOUNDLAND AND LABRADOR DEPARTMENT OF JUSTICE AND PUBLIC SAFETY,newfoundland and labrador department of justice and public safety,NEWFOUNDLAND AND LABRADOR DEPARTMENT OF JUSTICE AND PUBLIC SAFETY,newfoundland and labrador department of justice and public safety,17,43684052.0,same name (printings),,"printed differently: case, punctuation, apostrophes, spacing or legal suffix",Newfoundland and Labrador Department of Justice and Public Safety
Newfoundland and Labrador Association of Technology and Innovation Inc.,newfoundland and labrador association of technology and innovation,Newfoundland and Labrador Association of Technology and Innovation Inc.,newfoundland and labrador association of technology and innovation,30,43520154.48,same name (printings),,"printed differently: case, punctuation, apostrophes, spacing or legal suffix",Newfoundland and Labrador Association of Technology and Innovation Inc; Newfoundland and Labrador Association of Technology and Innovation; Newfoundland And Labrador Association Of Technology and Innovation Inc.
Labrador Aboriginal Training Partnership,labrador aboriginal training partnership,Labrador Aboriginal Training Partnership,labrador aboriginal training partnership,9,40990458.0,same name (printings),,"printed differently: case, punctuation, apostrophes, spacing or legal suffix",Labrador Aboriginal Training Partnership Inc.
St. John's Dockyard,st johns dockyard,St. John's Dockyard,st johns dockyard,48,39517593.0,same name (printings),,"printed differently: case, punctuation, apostrophes, spacing or legal suffix",St. John's Dockyard Limited; St. John's Dockyard Ltd.; St John's Dockyard Limited
Port of Argentia Inc.,port of argentia,Port of Argentia Inc.,port of argentia,19,39157468.0,same name (printings),,"printed differently: case, punctuation, apostrophes, spacing or legal suffix",Port of Argentia Inc; Port Of Argentia Inc.; PORT OF ARGENTIA INC; Port Of Argentia Inc
MARINE CONTRACTORS INC,marine contractors,MARINE CONTRACTORS INC,marine contractors,12,36095945.38,same name (printings),,"printed differently: case, punctuation, apostrophes, spacing or legal suffix",MARINE CONTRACTORS INC.; Marine Contractors Inc; Marine Contractors Inc.
St. John's International Airport Authority,st johns international airport authority,St. John's International Airport Authority,st johns international airport authority,17,34695750.88,same name (printings),,"printed differently: case, punctuation, apostrophes, spacing or legal suffix",St John's International Airport Authority; ST. JOHN'S INTERNATIONAL AIRPORT AUTHORITY
Choices for Youth Inc,choices for youth,Choices for Youth Inc,choices for youth,33,33472453.78,same name (printings),,"printed differently: case, punctuation, apostrophes, spacing or legal suffix",Choices for Youth Inc.; Choices for Youth
BULLDOG CONTRACTING LTD,bulldog contracting,BULLDOG CONTRACTING LTD,bulldog contracting,13,33442877.0,same name (printings),,"printed differently: case, punctuation, apostrophes, spacing or legal suffix",Bulldog Contracting Ltd; Bulldog Contracting Ltd.
Labrador Marine Inc.,labrador marine,Labrador Marine Inc.,labrador marine,62,32291429.16,same name (printings),,"printed differently: case, punctuation, apostrophes, spacing or legal suffix",Labrador Marine Inc; Labrador Marine; LABRADOR MARINE INC; LABRADOR MARINE INC.; Labrador Marine INC.
End Homelessness St. John's Inc,end homelessness st johns,End Homelessness St. John's Inc,end homelessness st johns,11,32105509.0,same name (printings),,"printed differently: case, punctuation, apostrophes, spacing or legal suffix",End Homelessness St. John's Inc.; End Homelessness St.John's
Energy Research and Innovation Newfoundland and Labrador,energy research and innovation newfoundland and labrador,Energy Research and Innovation Newfoundland and Labrador,energy research and innovation newfoundland and labrador,8,29931829.0,same name (printings),,"printed differently: case, punctuation, apostrophes, spacing or legal suffix",ENERGY RESEARCH & INNOVATION NEWFOUNDLAND AND LABRADOR; Energy Research & Innovation Newfoundland & Labrador; Energy Research & Innovation Newfoundland and Labrador
Labrador Friendship Centre,labrador friendship centre,Labrador Friendship Centre,labrador friendship centre,51,29251581.19,same name (printings),,"printed differently: case, punctuation, apostrophes, spacing or legal suffix",LABRADOR FRIENDSHIP CENTRE
J.M.J. HOLDINGS LTD.,j m j holdings,J.M.J. HOLDINGS LTD.,j m j holdings,2,29136157.07,same name (printings),,"printed differently: case, punctuation, apostrophes, spacing or legal suffix",J M J Holdings Ltd
Town of Torbay,town of torbay,Town of Torbay,town of torbay,32,28821161.09,same name (printings),,"printed differently: case, punctuation, apostrophes, spacing or legal suffix",TOWN OF TORBAY
FIRST LIGHT ST. JOHN'S FRIENDSHIP CENTRE INC.,first light st johns friendship centre,FIRST LIGHT ST. JOHN'S FRIENDSHIP CENTRE INC.,first light st johns friendship centre,87,27377330.58,same name (printings),,"printed differently: case, punctuation, apostrophes, spacing or legal suffix",First Light St. John's Friendship Centre Inc.; First Light St. John's Friendship Centre; First Light St. John's Friendship Centre Inc; First Light St. John’s Friendship Centre Inc.; First Light - St. John's Friendship Centre; FIRST LIGHT ST. JOHN’S FRIENDSHIP CENTRE INC.; First Light St. John’s Friendship Centre; First Light St John's Friendship Centre Inc
CACTUS SHIP REPAIR INC,cactus ship repair,CACTUS SHIP REPAIR INC,cactus ship repair,75,26801990.14,same name (printings),,"printed differently: case, punctuation, apostrophes, spacing or legal suffix",Cactus Ship Repair Inc.; Cactus Ship Repair Inc
C-CORE,c core,C-CORE,c core,81,26718525.93,same name (printings),,"printed differently: case, punctuation, apostrophes, spacing or legal suffix",C-Core; C-Core Inc; C-Core Inc.; C Core
Miawpukek First Nation,miawpukek first nation,Miawpukek First Nation,miawpukek first nation,116,26558795.42,same name (printings),,"printed differently: case, punctuation, apostrophes, spacing or legal suffix",MIAWPUKEK FIRST NATION
Hydro Quebec,hydro quebec,Hydro Quebec,hydro quebec,7,25957876.0,same name (printings),,"printed differently: case, punctuation, apostrophes, spacing or legal suffix",Hydro-Quebec
Kongsberg Digital Simulation Ltd.,kongsberg digital simulation,Kongsberg Digital Simulation Ltd.,kongsberg digital simulation,2,25675729.95,same name (printings),,"printed differently: case, punctuation, apostrophes, spacing or legal suffix",KONGSBERG DIGITAL SIMULATION LTD
MARCO GROUP LIMITED,marco group,MARCO GROUP LIMITED,marco group,4,24861492.28,same name (printings),,"printed differently: case, punctuation, apostrophes, spacing or legal suffix",MARCO Group Limited.; Marco Group Limited
ENERCON BUILDERS INC.,enercon builders,ENERCON BUILDERS INC.,enercon builders,9,24837759.58,same name (printings),,"printed differently: case, punctuation, apostrophes, spacing or legal suffix",EnerCon Builders Inc.; ENERCON BUILDERS INC
College of the North Atlantic,college of north atlantic,College of the North Atlantic,college of north atlantic,109,22951089.27,same name (printings),,"printed differently: case, punctuation, apostrophes, spacing or legal suffix",College of The North Atlantic; COLLEGE OF THE NORTH ATLANTIC
Search and Rescue Volunteer Association of Canada (SARVAC),search and rescue volunteer association of canada,Search and Rescue Volunteer Association of Canada (SARVAC),search and rescue volunteer association of canada,26,22763068.01,same name (printings),,"printed differently: case, punctuation, apostrophes, spacing or legal suffix",Search and Rescue Volunteer Association of Canada; Search and Rescue Volunteer Association of Canada Inc.
Markland Paving Ltd.,markland paving,Markland Paving Ltd.,markland paving,3,22710668.79,same name (printings),,"printed differently: case, punctuation, apostrophes, spacing or legal suffix",MARKLAND PAVING LTD.; Markland Paving Ltd
SEAWATCH INC,seawatch,SEAWATCH INC,seawatch,8,21397038.63,same name (printings),,"printed differently: case, punctuation, apostrophes, spacing or legal suffix",Seawatch Inc; Seawatch Inc.
Oracle Canada ULC,oracle canada,Oracle Canada ULC,oracle canada,25,20701307.41,same name (printings),,"printed differently: case, punctuation, apostrophes, spacing or legal suffix","Oracle Canada; Oracle Canada ULC.; Oracle Canada, ULC; Oracle Canada Ulc; ORACLE CANADA ULC; Oracle Corporation Canada Inc."
AFN ENGINEERING,afn engineering,AFN ENGINEERING,afn engineering,244,20086510.81,same name (printings),,"printed differently: case, punctuation, apostrophes, spacing or legal suffix",AFN ENGINEERING INC.; Afn Engineering Inc.; AFN Engineering Inc; AFN Engineering Inc.; AFN Engineering; AFN Engineering inc.
Town of Grand Falls-Windsor,town of grand falls windsor [bn 108126749],Town of Grand Falls-Windsor,town of grand falls windsor [bn 108126749],42,19907741.97,same name (printings),,"printed differently: case, punctuation, apostrophes, spacing or legal suffix",Town of Grand Falls - Windsor; Town of Grand Falls- Windsor; Town Of Grand Falls-Windsor
COADY CONSTRUCTION & EXCAVATING LTD,coady construction and excavating,COADY CONSTRUCTION & EXCAVATING LTD,coady construction and excavating,17,19800338.0,same name (printings),,"printed differently: case, punctuation, apostrophes, spacing or legal suffix",Coady Construction & Excavating Limited; COADY CONSTRUCTION & EXCAVATING; Coady Construction and Excavating Limited; Coady Construction & Excavating
Newfoundland and Labrador Association of Community Business Development Corporat,newfoundland and labrador association of community business development,Newfoundland and Labrador Association of Community Business Development Corporat,newfoundland and labrador association of community business development,61,19452070.0,same name (printings),,"printed differently: case, punctuation, apostrophes, spacing or legal suffix",Newfoundland and Labrador Association of Community Business Development Corporation
John Howard Society of Newfoundland and Labrador Inc,john howard society of newfoundland and labrador,John Howard Society of Newfoundland and Labrador Inc,john howard society of newfoundland and labrador,30,19194226.9,same name (printings),,"printed differently: case, punctuation, apostrophes, spacing or legal suffix",JOHN HOWARD SOCIETY OF NEWFOUNDLAND AND LABRADOR INC THE; John Howard Society of Newfoundland and Labrador; John Howard Society of NL INC; John Howard Society of Newfoundland and Labrador Inc.
"Newfoundland and Labrador Organization of Women Entrepreneurs, Inc.",newfoundland and labrador organization of women entrepreneurs,"Newfoundland and Labrador Organization of Women Entrepreneurs, Inc.",newfoundland and labrador organization of women entrepreneurs,55,18351412.0,same name (printings),,"printed differently: case, punctuation, apostrophes, spacing or legal suffix",Newfoundland & Labrador Organization of Women Entrepreneurs; Newfoundland and Labrador Organization of Women Entrepreneurs Inc; Newfoundland & Labrador Organization of Women Entrepreneurs Inc.; Newfoundland and Labrador Organization of Women Entrepreneurs; Newfoundland and Labrador Organization of Women Entrepreneurs Inc.
2025 Canada Games Host Society Inc,2025 canada games host society,2025 Canada Games Host Society Inc,2025 canada games host society,8,17559724.0,same name (printings),,"printed differently: case, punctuation, apostrophes, spacing or legal suffix",2025 Canada Games Host Society Inc.; 2025 CANADA GAMES HOST SOCIETY INC.; 2025 Canada Games Host Society
Compusult Limited,compusult,Compusult Limited,compusult,50,17319707.58,same name (printings),,"printed differently: case, punctuation, apostrophes, spacing or legal suffix",COMPUSULT LIMITED; Compusult Ltd; COMPUSULT LTD; Compusult Ltd.
Gander International Airport Authority Inc.,gander international airport authority,Gander International Airport Authority Inc.,gander international airport authority,31,16598664.0,same name (printings),,"printed differently: case, punctuation, apostrophes, spacing or legal suffix",Gander International Airport Authority Inc; Gander International Airport Authority Incorporated
School Lunch Association Inc,school lunch association,School Lunch Association Inc,school lunch association,3,15893421.0,same name (printings),,"printed differently: case, punctuation, apostrophes, spacing or legal suffix",School Lunch Association
WOOD CANADA LIMITED,wood canada,WOOD CANADA LIMITED,wood canada,231,15694471.26,same name (printings),,"printed differently: case, punctuation, apostrophes, spacing or legal suffix",Wood Canada Limited
TOWN OF GRAND FALLS- WINDSOR,town of grand falls windsor,TOWN OF GRAND FALLS- WINDSOR,town of grand falls windsor,22,15392415.35,same name (printings),,"printed differently: case, punctuation, apostrophes, spacing or legal suffix",Town of Grand Falls-Windsor
Solace Power Inc.,solace power,Solace Power Inc.,solace power,41,15284817.0,same name (printings),,"printed differently: case, punctuation, apostrophes, spacing or legal suffix",Solace Power Incorporated; Solace Power Inc
Quinlan Brothers Limited,quinlan brothers,Quinlan Brothers Limited,quinlan brothers,21,15237953.0,same name (printings),,"printed differently: case, punctuation, apostrophes, spacing or legal suffix",Quinlan Brothers Ltd
DF BARNES SERVICES LIMITED,df barnes services,DF BARNES SERVICES LIMITED,df barnes services,45,15138286.17,same name (printings),,"printed differently: case, punctuation, apostrophes, spacing or legal suffix",DF Barnes Services Limited
Town of Gander,town of gander,Town of Gander,town of gander,56,14981729.0,same name (printings),,"printed differently: case, punctuation, apostrophes, spacing or legal suffix",TOWN OF GANDER; Town Of Gander
PENNECON MARINE BASE LTD,pennecon marine base,PENNECON MARINE BASE LTD,pennecon marine base,24,14604790.3,same name (printings),,"printed differently: case, punctuation, apostrophes, spacing or legal suffix",Pennecon Marine Base Ltd.
Siemens Healthcare,siemens healthcare,Siemens Healthcare,siemens healthcare,8,14590401.55,same name (printings),,"printed differently: case, punctuation, apostrophes, spacing or legal suffix",Siemens Healthcare Limited; Siemens HealthCare Limited; Siemens Healthcare LTD
"Barrett, Brendan J",barrett brendan j,"Barrett, Brendan J",barrett brendan j,3,14417401.0,same name (printings),,"printed differently: case, punctuation, apostrophes, spacing or legal suffix","BARRETT, Brendan J"
Telus,telus,Telus,telus,9,14241660.33,same name (printings),,"printed differently: case, punctuation, apostrophes, spacing or legal suffix",TELUS
PAL Aerospace Ltd.,pal aerospace,PAL Aerospace Ltd.,pal aerospace,15,14152907.41,same name (printings),,"printed differently: case, punctuation, apostrophes, spacing or legal suffix",PAL Aerospace Ltd; PAL AEROSPACE LTD; PAL Aerospace; Pal Aerospace Ltd
Andritz Hydro Canada Inc.,andritz hydro canada,Andritz Hydro Canada Inc.,andritz hydro canada,18,12940477.71,same name (printings),,"printed differently: case, punctuation, apostrophes, spacing or legal suffix",Andritz Hydro Canada Inc
Community Sector Council of Newfoundland and Labrador Inc.,community sector council of newfoundland and labrador,Community Sector Council of Newfoundland and Labrador Inc.,community sector council of newfoundland and labrador,30,12702033.0,same name (printings),,"printed differently: case, punctuation, apostrophes, spacing or legal suffix",Community Sector Council of Newfoundland and Labrador; Community Sector Council of Newfoundland and Labrador Inc; Community Sector Council of Newfoundland & Labrador
Virtual Marine Technology Inc.,virtual marine technology,Virtual Marine Technology Inc.,virtual marine technology,48,12473315.05,same name (printings),,"printed differently: case, punctuation, apostrophes, spacing or legal suffix",Virtual Marine Technology Inc; VIRTUAL MARINE TECHNOLOGY INC.; VIRTUAL MARINE TECHNOLOGY; Virtual Marine Technology
Shorefast Foundation,shorefast foundation,Shorefast Foundation,shorefast foundation,25,12367867.77,same name (printings),,"printed differently: case, punctuation, apostrophes, spacing or legal suffix",SHOREFAST FOUNDATION; The Shorefast Foundation
PITTMAN'S ENTERPRISES LIMITED,pittmans enterprises,PITTMAN'S ENTERPRISES LIMITED,pittmans enterprises,13,12124371.88,same name (printings),,"printed differently: case, punctuation, apostrophes, spacing or legal suffix",Pittmans Enterprises Limited
TOROMONT CAT,toromont cat,TOROMONT CAT,toromont cat,126,12065012.09,same name (printings),,"printed differently: case, punctuation, apostrophes, spacing or legal suffix",Toromont Cat; toromont cat; Toromont CAT
MADSEN DIESEL & TURBINE,madsen diesel and turbine,MADSEN DIESEL & TURBINE,madsen diesel and turbine,362,12033187.67,same name (printings),,"printed differently: case, punctuation, apostrophes, spacing or legal suffix",Madsen Diesel & Turbine Inc.; Madsen Diesel & Turbine; Madsen Diesel & Turbine Inc; MADSEN DIESEL & TURBINE INC; MADSEN DIESEL & TURBINE INC.
Newfoundland and Labrador English School District,newfoundland and labrador english school district,Newfoundland and Labrador English School District,newfoundland and labrador english school district,6,11854813.0,same name (printings),,"printed differently: case, punctuation, apostrophes, spacing or legal suffix",NEWFOUNDLAND AND LABRADOR ENGLISH SCHOOL DISTRICT
Grieg NL Nurseries Ltd.,grieg newfoundland and labrador nurseries,Grieg NL Nurseries Ltd.,grieg newfoundland and labrador nurseries,13,11752710.3,same name (printings),,"printed differently: case, punctuation, apostrophes, spacing or legal suffix",Grieg Nl Nurseries Ltd.; Grieg NL Nurseries Ltd; Grieg NL Nurseries Limited
Town of Happy Valley-Goose Bay,town of happy valley goose bay,Town of Happy Valley-Goose Bay,town of happy valley goose bay,34,11706697.45,same name (printings),,"printed differently: case, punctuation, apostrophes, spacing or legal suffix",TOWN OF HAPPY VALLEY-GOOSE BAY; Town of Happy Valley Goose Bay; TOWN OF HAPPY VALLEY- GOOSE BAY; Town of Happy Valley - Goose Bay; Town Of Happy Valley-Goose Bay
Bluedrop Performance Learning Inc.,bluedrop performance learning,Bluedrop Performance Learning Inc.,bluedrop performance learning,8,11660920.0,same name (printings),,"printed differently: case, punctuation, apostrophes, spacing or legal suffix",Bluedrop Performance Learning Inc
Avalon Holographics Incorporated,avalon holographics,Avalon Holographics Incorporated,avalon holographics,34,11543825.68,same name (printings),,"printed differently: case, punctuation, apostrophes, spacing or legal suffix","Avalon Holographics Inc.; AVALON HOLOGRAPHICS INCORPORATED; Avalon Holographics Inc; Avalon Holographics Inc.,"
CANADIAN CORPS OF COMMISSIONAIRES,canadian corps of commissionaires,CANADIAN CORPS OF COMMISSIONAIRES,canadian corps of commissionaires,58,11500081.92,same name (printings),,"printed differently: case, punctuation, apostrophes, spacing or legal suffix",Canadian Corps of Commissionaires; The Canadian Corps of Commissionaires; Canadian Corps Of Commissionaires
Newfoundland and Labrador Federation of Agriculture,newfoundland and labrador federation of agriculture,Newfoundland and Labrador Federation of Agriculture,newfoundland and labrador federation of agriculture,16,11421042.0,same name (printings),,"printed differently: case, punctuation, apostrophes, spacing or legal suffix",Newfoundland and Labrador Federation of Agriculture Inc.; Newfoundland and Labrador Federation of Agriculture Inc; Newfoundland and Labrador Federation of Agriculture Incorporated
WESTERN PETROLEUM,western petroleum,WESTERN PETROLEUM,western petroleum,149,11196505.37,same name (printings),,"printed differently: case, punctuation, apostrophes, spacing or legal suffix",Western Petroleum
Flat Bay Band Inc.,flat bay band,Flat Bay Band Inc.,flat bay band,63,11113890.62,same name (printings),,"printed differently: case, punctuation, apostrophes, spacing or legal suffix",FLAT BAY BAND INCORPORATED; Flat Bay Band Incorporated; Flat Bay Band Inc; FLAT BAY BAND INC.; FLAT BAY BAND INC
YMCA of Northeast Avalon Inc.,ymca of northeast avalon,YMCA of Northeast Avalon Inc.,ymca of northeast avalon,62,11044615.69,same name (printings),,"printed differently: case, punctuation, apostrophes, spacing or legal suffix",YMCA of Northeast Avalon; YMCA of Northeast Avalon Inc
Gros Morne Cooperating Association Inc.,gros morne cooperating association,Gros Morne Cooperating Association Inc.,gros morne cooperating association,41,10910358.01,same name (printings),,"printed differently: case, punctuation, apostrophes, spacing or legal suffix",Gros Morne Cooperating Association; GROS MORNE COOPERATING ASSOCIATION; Gros Morne Cooperating Association Inc
Varian Medical Systems,varian medical systems,Varian Medical Systems,varian medical systems,12,10822205.42,same name (printings),,"printed differently: case, punctuation, apostrophes, spacing or legal suffix","Varian Medical Systems INC.; Varian Medical Systems Inc.; Varian Medical Systems, Inc; Varian Medical Systems INC"
HAMILTON WHOLESALERS LTD.,hamilton wholesalers,HAMILTON WHOLESALERS LTD.,hamilton wholesalers,8,10592650.0,same name (printings),,"printed differently: case, punctuation, apostrophes, spacing or legal suffix",Hamilton Wholesalers Ltd.; Hamilton Wholesalers Ltd
Arctic Eider Society,arctic eider society,Arctic Eider Society,arctic eider society,16,10537125.0,same name (printings),,"printed differently: case, punctuation, apostrophes, spacing or legal suffix",THE ARCTIC EIDER SOCIETY; The Arctic Eider Society
Barry Group Inc.,barry group,Barry Group Inc.,barry group,25,10246172.3,same name (printings),,"printed differently: case, punctuation, apostrophes, spacing or legal suffix",Barry Group Inc; Barry Group Incorporated
GE Healthcare,ge healthcare,GE Healthcare,ge healthcare,26,10009004.98,same name (printings),,"printed differently: case, punctuation, apostrophes, spacing or legal suffix",GE HealthCare; Ge Healthcare
The Newfoundland Aboriginal Women's Network,newfoundland aboriginal womens network,The Newfoundland Aboriginal Women's Network,newfoundland aboriginal womens network,37,9936411.27,same name (printings),,"printed differently: case, punctuation, apostrophes, spacing or legal suffix",Newfoundland Aboriginal Women's Network Inc.; Newfoundland Aboriginal Women's Network; The Newfoundland Aboriginal Women'S Network; NEWFOUNDLAND ABORIGINAL WOMEN'S NETWORK INC; The Newfoundland Aboriginal Women's Network Inc; NEWFOUNDLAND ABORIGINAL WOMEN'S NETWORK INC.; The Newfoundland Aboriginal Women's Network Incorporated; Newfoundland Aboriginal Women's Network INC.; Newfoundland Aboriginal Women's Network Inc; The Newfoundland Aboriginal Women's Network Inc.
Genesis Group Inc.,genesis group,Genesis Group Inc.,genesis group,28,9931216.0,same name (printings),,"printed differently: case, punctuation, apostrophes, spacing or legal suffix",GENESIS Group Inc.; Genesis Group Inc
Newfoundland and Labrador Association of Technology Industries Incorporated,newfoundland and labrador association of technology industries,Newfoundland and Labrador Association of Technology Industries Incorporated,newfoundland and labrador association of technology industries,55,9808634.95,same name (printings),,"printed differently: case, punctuation, apostrophes, spacing or legal suffix",Newfoundland & Labrador Association of Technology Industries
Alliance of Manufacturers & Exporters Canada,alliance of manufacturers and exporters canada,Alliance of Manufacturers & Exporters Canada,alliance of manufacturers and exporters canada,51,9714471.28,same name (printings),,"printed differently: case, punctuation, apostrophes, spacing or legal suffix",Alliance of Manufacturers and Exporters Canada
Qalipu Mi'kmaq First Nation Band,qalipu mikmaq first nation band,Qalipu Mi'kmaq First Nation Band,qalipu mikmaq first nation band,64,9703598.0,same name (printings),,"printed differently: case, punctuation, apostrophes, spacing or legal suffix",QALIPU MI'KMAQ FIRST NATION BAND; Qalipu Mi’kmaq First Nation Band; Qalipu Mi'Kmaq First Nation Band; Qalipu Mi`kmaq First Nation Band
CAN-AM PLATFORMS & CONSTRUCTION LTD,can am platforms and construction,CAN-AM PLATFORMS & CONSTRUCTION LTD,can am platforms and construction,7,9662784.17,same name (printings),,"printed differently: case, punctuation, apostrophes, spacing or legal suffix",Can-AM Platforms & Construction Ltd.; Can-Am Platforms & Construction Ltd.
Roche Diagnostics,roche diagnostics,Roche Diagnostics,roche diagnostics,13,9573937.35,same name (printings),,"printed differently: case, punctuation, apostrophes, spacing or legal suffix",Roche diagnostics
Tourism Industry Association of Newfoundland and Labrador,tourism industry association of newfoundland and labrador,Tourism Industry Association of Newfoundland and Labrador,tourism industry association of newfoundland and labrador,37,9518445.4,same name (printings),,"printed differently: case, punctuation, apostrophes, spacing or legal suffix",Tourism Industry Association of Newfoundland & Labrador
Newfoundland and Labrador Centre for Health Information (NLCHI),newfoundland and labrador centre for health information,Newfoundland and Labrador Centre for Health Information (NLCHI),newfoundland and labrador centre for health information,8,9337030.0,same name (printings),,"printed differently: case, punctuation, apostrophes, spacing or legal suffix",Newfoundland & Labrador Centre For Health Information; Newfoundland and Labrador Centre for Health Information
NEI Association Inc.,nei association,NEI Association Inc.,nei association,52,9316036.0,same name (printings),,"printed differently: case, punctuation, apostrophes, spacing or legal suffix",NEI Association Inc; NEI ASSOCIATION INC; Nei Association Inc.; Nei Association Inc
Country Ribbon Inc.,country ribbon,Country Ribbon Inc.,country ribbon,14,9285165.0,same name (printings),,"printed differently: case, punctuation, apostrophes, spacing or legal suffix",Country Ribbon Inc
NEWFOUNDLAND AND LABRADOR HYDRO,newfoundland and labrador hydro,NEWFOUNDLAND AND LABRADOR HYDRO,newfoundland and labrador hydro,15,8976085.8,same name (printings),,"printed differently: case, punctuation, apostrophes, spacing or legal suffix",Newfoundland & Labrador Hydro; Newfoundland and Labrador Hydro; NL Hydro
Wajax Limited,wajax,Wajax Limited,wajax,55,8937696.02,same name (printings),,"printed differently: case, punctuation, apostrophes, spacing or legal suffix",Wajax; Wajax Limited o/a Integrated Distribution Systems LP; WAJAX LIMITED; Wajax Limited o/a Wajax Industrial Components LP; WAJAX LIMITED o/a Integrated Distribution Systems LP; WAJAX; WAJAX LIMITED (o/a Integrated Distribution Systems LP)
Ocean Choice International,ocean choice international,Ocean Choice International,ocean choice international,17,8880572.7,same name (printings),,"printed differently: case, punctuation, apostrophes, spacing or legal suffix",Ocean Choice International Inc; OCEAN CHOICE INTERNATIONAL INC
Moss Development Corp.,moss development,Moss Development Corp.,moss development,3,8853376.4,same name (printings),,"printed differently: case, punctuation, apostrophes, spacing or legal suffix",MOSS DEVELOPMENT CORP.
MAHER'S CONTRACTING LTD.,mahers contracting,MAHER'S CONTRACTING LTD.,mahers contracting,7,8697846.65,same name (printings),,"printed differently: case, punctuation, apostrophes, spacing or legal suffix",Maher's Contracting Ltd; Maher's Contracting Ltd.
WARTSILA CANADA INC,wartsila canada,WARTSILA CANADA INC,wartsila canada,107,8538811.36,same name (printings),,"printed differently: case, punctuation, apostrophes, spacing or legal suffix",Wartsila Canada Incorporated; WARTSILA CANADA INCORPORATED; Wartsila Canada Inc; Wartsila Canada Inc.
Icewater Seafoods Inc.,icewater seafoods,Icewater Seafoods Inc.,icewater seafoods,5,8462974.6,same name (printings),,"printed differently: case, punctuation, apostrophes, spacing or legal suffix",Icewater Seafoods Inc
Johnson Controls,johnson controls,Johnson Controls,johnson controls,15,8425528.89,same name (printings),,"printed differently: case, punctuation, apostrophes, spacing or legal suffix",Johnson Controls Ltd.; Johnson Controls Inc
Newfoundland Aquaculture Industry Association Inc.,newfoundland aquaculture industry association,Newfoundland Aquaculture Industry Association Inc.,newfoundland aquaculture industry association,53,8422296.1,same name (printings),,"printed differently: case, punctuation, apostrophes, spacing or legal suffix",Newfoundland Aquaculture Industry Association; Newfoundland Aquaculture Industry Association Inc; Newfoundland Aquaculture Industry Association inc
Canadian Centre for Fisheries Innovation,canadian centre for fisheries innovation,Canadian Centre for Fisheries Innovation,canadian centre for fisheries innovation,21,8410792.76,same name (printings),,"printed differently: case, punctuation, apostrophes, spacing or legal suffix",Canadian Centre For Fisheries Innovation
Town of Conception Bay South,town of conception bay south,Town of Conception Bay South,town of conception bay south,53,8308640.69,same name (printings),,"printed differently: case, punctuation, apostrophes, spacing or legal suffix",TOWN OF CONCEPTION BAY SOUTH; Town Of Conception Bay South
CoLab Software Inc.,colab software,CoLab Software Inc.,colab software,27,8289150.13,same name (printings),,"printed differently: case, punctuation, apostrophes, spacing or legal suffix",CoLab Software Inc; Colab Software Inc; COLAB SOFTWARE INC.
NEWFOUNDLAND POWER INC.,newfoundland power,NEWFOUNDLAND POWER INC.,newfoundland power,32,8270641.27,same name (printings),,"printed differently: case, punctuation, apostrophes, spacing or legal suffix",Newfoundland Power; Newfoundland Power Inc; Newfoundland Power Inc.; NEWFOUNDLAND POWER INC
Fédération des francophones de Terre-Neuve et du Labrador,federation des francophones de terre neuve et du labrador,Fédération des francophones de Terre-Neuve et du Labrador,federation des francophones de terre neuve et du labrador,32,8260813.65,same name (printings),,"printed differently: case, punctuation, apostrophes, spacing or legal suffix",FÉDÉRATION DES FRANCOPHONES DE TERRE-NEUVE ET DU LABRADOR; Federation des Francophones de Terre-Neuve et du Labrador; Fédération des Francophones de Terre-Neuve et du Labrador
Federation of Newfoundland Indians,federation of newfoundland indians,Federation of Newfoundland Indians,federation of newfoundland indians,7,8083218.52,same name (printings),,"printed differently: case, punctuation, apostrophes, spacing or legal suffix",The Federation of Newfoundland Indians
360 Marine Ltd.,360 marine,360 Marine Ltd.,360 marine,5,8000000.0,same name (printings),,"printed differently: case, punctuation, apostrophes, spacing or legal suffix",360 Marine Ltd
STELLAS CIRCLE COMMUNITY SERVICES INC,stellas circle community services,STELLAS CIRCLE COMMUNITY SERVICES INC,stellas circle community services,13,7981274.06,same name (printings),,"printed differently: case, punctuation, apostrophes, spacing or legal suffix",Stella's Circle Community Services; Stella's Circle Community Services Inc.; Stella’s Circle Community Services Inc.
"Easter Seals, Newfoundland and Labrador Inc.",easter seals newfoundland and labrador,"Easter Seals, Newfoundland and Labrador Inc.",easter seals newfoundland and labrador,40,7549855.0,same name (printings),,"printed differently: case, punctuation, apostrophes, spacing or legal suffix","Easter Seals Newfoundland and Labrador; Easter Seals Newfoundland and Labrador Inc.; Easter Seals NL Inc.; Easter Seals Newfoundland & Labrador; EASTER SEALS, NEWFOUNDLAND AND LABRADOR INC."
PUBLIC LEGAL INFORMATION ASSOCIATION OF NEWFOUNDLAND AND LABRADOR,public legal information association of newfoundland and labrador,PUBLIC LEGAL INFORMATION ASSOCIATION OF NEWFOUNDLAND AND LABRADOR,public legal information association of newfoundland and labrador,26,7529647.0,same name (printings),,"printed differently: case, punctuation, apostrophes, spacing or legal suffix",Public Legal Information Association of NL; Public Legal Information Association of Newfoundland and Labrador; Public Legal Information Association of Newfoundland & Labrador
Instrumar Limited,instrumar,Instrumar Limited,instrumar,27,7487967.3,same name (printings),,"printed differently: case, punctuation, apostrophes, spacing or legal suffix",Instrumar Ltd
Horizon économique de Terre-Neuve-et-Labrador Inc.,horizon economique de terre neuve et labrador,Horizon économique de Terre-Neuve-et-Labrador Inc.,horizon economique de terre neuve et labrador,6,7382378.46,same name (printings),,"printed differently: case, punctuation, apostrophes, spacing or legal suffix",Horizon économique de Terre-Neuve-et-Labrador Inc
PAL AIRLINES,pal airlines,PAL AIRLINES,pal airlines,70,7355368.35,same name (printings),,"printed differently: case, punctuation, apostrophes, spacing or legal suffix",PAL Airlines; PAL AIRLINES LTD; Pal Airlines; PAL Airlines Ltd; pal airlines; PAL Airlines Ltd.; PAL AIRLINES LTD.
Deer Lake Regional Airport Authority Inc.,deer lake regional airport authority,Deer Lake Regional Airport Authority Inc.,deer lake regional airport authority,16,7213509.89,same name (printings),,"printed differently: case, punctuation, apostrophes, spacing or legal suffix",Deer Lake Regional Airport Authority Inc; Deer Lake Regional Airport Authority
Quorum Information Systems Inc.,quorum information systems,Quorum Information Systems Inc.,quorum information systems,28,7191042.0,same name (printings),,"printed differently: case, punctuation, apostrophes, spacing or legal suffix",Quorum Information Systems Inc
TNL,tnl,TNL,tnl,24,7153492.0,same name (printings),,"printed differently: case, punctuation, apostrophes, spacing or legal suffix",Tnl
Browning Harvey Limited,browning harvey,Browning Harvey Limited,browning harvey,21,7079500.0,same name (printings),,"printed differently: case, punctuation, apostrophes, spacing or legal suffix",Browning Harvey Ltd.
Shoreline Aggregates Inc.,shoreline aggregates,Shoreline Aggregates Inc.,shoreline aggregates,14,7013375.0,same name (printings),,"printed differently: case, punctuation, apostrophes, spacing or legal suffix",Shoreline Aggregates Inc
Triton Ocean Products Limited,triton ocean products,Triton Ocean Products Limited,triton ocean products,12,6955479.01,same name (printings),,"printed differently: case, punctuation, apostrophes, spacing or legal suffix",Triton Ocean Products; TRITON OCEAN PRODUCTS LIMITED
St. John's Port Authority,st johns port authority,St. John's Port Authority,st johns port authority,13,6749948.34,same name (printings),,"printed differently: case, punctuation, apostrophes, spacing or legal suffix",ST. JOHN'S PORT AUTHORITY; St John's Port Authority; St. John’s Port Authority
RS MARINE LTD,rs marine,RS MARINE LTD,rs marine,17,6645468.64,same name (printings),,"printed differently: case, punctuation, apostrophes, spacing or legal suffix",RS Marine Ltd; Rs Marine Ltd
SmartICE Sea Ice Monitoring & Information Inc.,smartice sea ice monitoring and information,SmartICE Sea Ice Monitoring & Information Inc.,smartice sea ice monitoring and information,21,6640006.0,same name (printings),,"printed differently: case, punctuation, apostrophes, spacing or legal suffix",Smartice Sea Ice Monitoring & Information Inc; SMARTICE SEA ICE MONITORING & INFORMATION INC; SmartICE Sea Ice Monitoring and Information Inc; SmartIce Sea Ice Monitoring & Information Inc.; SMARTICE SEA ICE MONITORING & INFORMATION INC.; Smartice Sea-Ice Monitoring & Information Inc; SMARTICE SEA ICE MONITORING & INFORMATION; SMARTICE - Sea Ice Monitoring and Information Inc.; SmartICE Sea Ice Monitoring & Information Inc
Fogo Island Co-Operative Society Limited,fogo island cooperative society,Fogo Island Co-Operative Society Limited,fogo island cooperative society,20,6615888.51,same name (printings),,"printed differently: case, punctuation, apostrophes, spacing or legal suffix",FOGO ISLAND COOPERATIVE SOCIETY LTD; Fogo Island Co-operative Society Ltd; Fogo Island Co-operative Society Limited; Fogo Island Co-Operative Society Ltd; Fogo Island Co-operative Society Ltd.; Fogo Island Co-operative Society Lt; Fogo Island Cooperative Society Ltd
Labrador Fishermen's Union Shrimp Company Limited,labrador fishermens union shrimp,Labrador Fishermen's Union Shrimp Company Limited,labrador fishermens union shrimp,18,6542881.58,same name (printings),,"printed differently: case, punctuation, apostrophes, spacing or legal suffix",Labrador Fishermen's Union Shrimp Company Ltd.; Labrador Fishermen’s Union Shrimp Company Limited; Labrador Fishermen's Union Shrimp Company Ltd
Seniors Resource Centre Association of Newfoundland & Labrador Inc.,seniors resource centre association of newfoundland and labrador,Seniors Resource Centre Association of Newfoundland & Labrador Inc.,seniors resource centre association of newfoundland and labrador,13,6531354.0,same name (printings),,"printed differently: case, punctuation, apostrophes, spacing or legal suffix",Seniors Resource Centre Association of NL Inc.; Seniors Resource Centre Association of Newfoundland and Labrador; Seniors Resource Centre Association of Newfoundland & Labrador Inc; Seniors Resource Centre Association of Newfoundland and Labrador Inc.; Seniors Resource Centre Association Of Newfoundland & Labrador; Seniors Resource Centre Association of Newfoundland and Labrador Inc
East Coast Trail Association Inc.,east coast trail association,East Coast Trail Association Inc.,east coast trail association,26,6463164.0,same name (printings),,"printed differently: case, punctuation, apostrophes, spacing or legal suffix",East Coast Trail Association; East Coast Trail Association Inc
COMMISSIONAIRES OF NFLD,commissionaires of newfoundland,COMMISSIONAIRES OF NFLD,commissionaires of newfoundland,22,6453764.48,same name (printings),,"printed differently: case, punctuation, apostrophes, spacing or legal suffix",Commissionaires of Nfld
Notus Electronics Limited,notus electronics,Notus Electronics Limited,notus electronics,24,6413571.4,same name (printings),,"printed differently: case, punctuation, apostrophes, spacing or legal suffix",Notus Electronics Ltd; NOTUS ELECTRONICS LIMITED; Notus Electronics Ltd.
PROTEK INDUSTRIES LTD,protek industries,PROTEK INDUSTRIES LTD,protek industries,45,6406969.69,same name (printings),,"printed differently: case, punctuation, apostrophes, spacing or legal suffix",Protek Industries Limited; Protek Industries Ltd.
EDNATEC INC,ednatec,EDNATEC INC,ednatec,70,6405464.16,same name (printings),,"printed differently: case, punctuation, apostrophes, spacing or legal suffix",Ednatec Inc; eDNAtec Inc.; eDNAtec Inc; EDNATEC INC.; EDNATEC Inc.; EDNAtec
Goose Bay Airport Corporation,goose bay airport,Goose Bay Airport Corporation,goose bay airport,31,6372246.26,same name (printings),,"printed differently: case, punctuation, apostrophes, spacing or legal suffix",Goose Bay Airport; Goose Bay Airport corporation
Mi'kmaq Alsumk Mowimsikik Koqoey Association,mikmaq alsumk mowimsikik koqoey association,Mi'kmaq Alsumk Mowimsikik Koqoey Association,mikmaq alsumk mowimsikik koqoey association,30,6276443.0,same name (printings),,"printed differently: case, punctuation, apostrophes, spacing or legal suffix",Mi'Kmaq Alsumk Mowimsikik Koqoey Association; Mi’kmaq Alsumk Mowimsikik Koqoey Association; MI'KMAQ ALSUMK MOWIMSIKIK KOQOEY ASSOCIATION; Mi’Kmaq Alsumk Mowimsikik Koqoey Association (MAMKA)
Newfoundland and Labrador Dairy Co-operative,newfoundland and labrador dairy cooperative,Newfoundland and Labrador Dairy Co-operative,newfoundland and labrador dairy cooperative,7,6265950.0,same name (printings),,"printed differently: case, punctuation, apostrophes, spacing or legal suffix",Newfoundland and Labrador Dairy Co-operative (NLDC)
Reseau de Developpement Economique et d'Employabilite de Terre-Neuve-et-Labrador,reseau de developpement economique et demployabilite de terre neuve et labrador,Reseau de Developpement Economique et d'Employabilite de Terre-Neuve-et-Labrador,reseau de developpement economique et demployabilite de terre neuve et labrador,22,6239448.55,same name (printings),,"printed differently: case, punctuation, apostrophes, spacing or legal suffix",Réseau de développement économique et d'employabilité de Terre-Neuve-et-Labrador; Réseau de développement économique et d'employabilité de Terre-Neuve-et-Labrador inc.; Reseau de Developpement Economique et d’Employabilite de Terre-Neuve-et-Labrador
Dynamic Air Shelters Ltd.,dynamic air shelters,Dynamic Air Shelters Ltd.,dynamic air shelters,17,6137057.0,same name (printings),,"printed differently: case, punctuation, apostrophes, spacing or legal suffix",Dynamic Air Shelters Ltd
WOODWARD,woodward,WOODWARD,woodward,213,6084550.77,same name (printings),,"printed differently: case, punctuation, apostrophes, spacing or legal suffix",Woodward
GE Steam Power Canada Inc.,ge steam power canada,GE Steam Power Canada Inc.,ge steam power canada,54,6050369.1,same name (printings),,"printed differently: case, punctuation, apostrophes, spacing or legal suffix",GE Steam Power Canada Inc
Town of Marystown,town of marystown,Town of Marystown,town of marystown,19,6047288.34,same name (printings),,"printed differently: case, punctuation, apostrophes, spacing or legal suffix",TOWN OF MARYSTOWN
Empowered Homes Incorporated,empowered homes,Empowered Homes Incorporated,empowered homes,23,6043694.0,same name (printings),,"printed differently: case, punctuation, apostrophes, spacing or legal suffix",Empowered Homes Inc
Tacora Resources Inc.,tacora resources,Tacora Resources Inc.,tacora resources,8,5991500.0,same name (printings),,"printed differently: case, punctuation, apostrophes, spacing or legal suffix",Tacora Resources Inc; TACORA RESOURCES INC
Bonavista Historic Townscape Foundation Inc.,bonavista historic townscape foundation,Bonavista Historic Townscape Foundation Inc.,bonavista historic townscape foundation,27,5970591.0,same name (printings),,"printed differently: case, punctuation, apostrophes, spacing or legal suffix",Bonavista Historic Townscape Foundation Inc; Bonavista Historic Townscape Foundation Incorporated
TOROMONT INDUSTRIES LTD,toromont industries,TOROMONT INDUSTRIES LTD,toromont industries,63,5800066.16,same name (printings),,"printed differently: case, punctuation, apostrophes, spacing or legal suffix",Toromont Industries Ltd; Toromont Industries Ltd o/a Toromont Cat; Toromont Industries Ltd.; Toromont Industries Ltd. o/a Toromont Cat; Toromont Industries Ltd o/a Battlefield Equipment Rentals; TOROMONT INDUSTRIES LTD (o/a Toromont Cat); Toromont Industries
"Fish, Food and Allied Workers",fish food and allied workers,"Fish, Food and Allied Workers",fish food and allied workers,24,5788049.1,same name (printings),,"printed differently: case, punctuation, apostrophes, spacing or legal suffix","Fish, Food And Allied Workers; FISH, FOOD AND ALLIED WORKERS; FISH,FOOD AND ALLIED WORKERS; Fish Food and Allied Workers; Fish,Food And Allied Workers; Fish, Food & Allied Workers"
NORTH ATLANTIC REFINING CORP.,north atlantic refining,NORTH ATLANTIC REFINING CORP.,north atlantic refining,2,5747222.75,same name (printings),,"printed differently: case, punctuation, apostrophes, spacing or legal suffix",North Atlantic Refining Ltd.
Newco Metal & Auto Recycling Limited,newco metal and auto recycling,Newco Metal & Auto Recycling Limited,newco metal and auto recycling,12,5659097.0,same name (printings),,"printed differently: case, punctuation, apostrophes, spacing or legal suffix",Newco Metal and Auto Recycling Limited; Newco Metal & Auto Recycling Ltd.; Newco Metal and Auto Recycling Ltd
Town of Stephenville,town of stephenville,Town of Stephenville,town of stephenville,28,5622948.21,same name (printings),,"printed differently: case, punctuation, apostrophes, spacing or legal suffix",TOWN OF STEPHENVILLE
BreatheSuite Inc.,breathesuite,BreatheSuite Inc.,breathesuite,25,5605091.0,same name (printings),,"printed differently: case, punctuation, apostrophes, spacing or legal suffix",BreatheSuite Inc
AIR BOREALIS LIMITED PARTNERSHIP,air borealis lp,AIR BOREALIS LIMITED PARTNERSHIP,air borealis lp,29,5595702.0,same name (printings),,"printed differently: case, punctuation, apostrophes, spacing or legal suffix",Air Borealis Limited Partnership
Able Sail Newfoundland and Labrador,able sail newfoundland and labrador,Able Sail Newfoundland and Labrador,able sail newfoundland and labrador,6,5506692.0,same name (printings),,"printed differently: case, punctuation, apostrophes, spacing or legal suffix",Able sail Newfoundland and Labrador
Titjaluk Logistics,titjaluk logistics,Titjaluk Logistics,titjaluk logistics,7,5420605.54,same name (printings),,"printed differently: case, punctuation, apostrophes, spacing or legal suffix",Titjaluk Logistics Ltd; TitJaluk Logistics Ltd; TITJALUK LOGISTICS LTD.
Miawpukek Horizon Maritime Services Ltd,miawpukek horizon maritime services,Miawpukek Horizon Maritime Services Ltd,miawpukek horizon maritime services,26,5404681.41,same name (printings),,"printed differently: case, punctuation, apostrophes, spacing or legal suffix",MIAWPUKEK HORIZON MARITIME SERVICES; Miawpukek Horizon Maritime Services Ltd.; MIAWPUKEK HORIZON MARITIME SERVICES LTD; Miawpukek Horizon Maritime Services
Rutter Inc.,rutter,Rutter Inc.,rutter,21,5379143.97,same name (printings),,"printed differently: case, punctuation, apostrophes, spacing or legal suffix",Rutter Inc; RUTTER INC
Big Land Fisheries Inc,big land fisheries,Big Land Fisheries Inc,big land fisheries,4,5355505.4,same name (printings),,"printed differently: case, punctuation, apostrophes, spacing or legal suffix",BIG LAND FISHERIES INC
A. HARVEY & COMPANY LIMITED,a harvey,A. HARVEY & COMPANY LIMITED,a harvey,4,5346617.3,same name (printings),,"printed differently: case, punctuation, apostrophes, spacing or legal suffix",A. Harvey & Company Limited
Food First NL Inc.,food first newfoundland and labrador,Food First NL Inc.,food first newfoundland and labrador,7,5345220.0,same name (printings),,"printed differently: case, punctuation, apostrophes, spacing or legal suffix",Food First NL
Consilient Technologies Corp,consilient technologies,Consilient Technologies Corp,consilient technologies,3,5300251.0,same name (printings),,"printed differently: case, punctuation, apostrophes, spacing or legal suffix",Consilient Technologies Corporation
Honeywell Limited,honeywell,Honeywell Limited,honeywell,9,5280006.27,same name (printings),,"printed differently: case, punctuation, apostrophes, spacing or legal suffix",Honeywell Ltd; Honeywell; HONEYWELL LIMITED
Fisheries and Marine Institute of the Memorial University of Newfoundland and Labrador,fisheries and marine institute of memorial university of newfoundland and labrador,Fisheries and Marine Institute of the Memorial University of Newfoundland and Labrador,fisheries and marine institute of memorial university of newfoundland and labrador,2,5188643.22,same name (printings),,"printed differently: case, punctuation, apostrophes, spacing or legal suffix",Fisheries and Marine Institute of Memorial University of Newfoundland and Labrador
Vish Limited,vish,Vish Limited,vish,18,5159059.3,same name (printings),,"printed differently: case, punctuation, apostrophes, spacing or legal suffix",Vish Ltd
MEMORIAL UNIVERSITY OF NEWFOUNDLAND FINANCIAL AND ADMINISTRATIVE SERVICES,memorial university of newfoundland financial and administrative services,MEMORIAL UNIVERSITY OF NEWFOUNDLAND FINANCIAL AND ADMINISTRATIVE SERVICES,memorial university of newfoundland financial and administrative services,4,5139891.0,same name (printings),,"printed differently: case, punctuation, apostrophes, spacing or legal suffix",Memorial University of Newfoundland Financial and Administrative Services
Battle Harbour Historic Trust Inc.,battle harbour historic trust,Battle Harbour Historic Trust Inc.,battle harbour historic trust,27,5134660.82,same name (printings),,"printed differently: case, punctuation, apostrophes, spacing or legal suffix",BATTLE HARBOUR HISTORIC TRUST INC.; Battle Harbour Historic Trust Inc
Orion Health,orion health,Orion Health,orion health,16,5071099.1,same name (printings),,"printed differently: case, punctuation, apostrophes, spacing or legal suffix",Orion Health Ltd; Orion Health Ltd.; Orion Health LTD; ORION HEALTH LTD
Farrell's Excavating Ltd.,farrells excavating,Farrell's Excavating Ltd.,farrells excavating,14,5038332.46,same name (printings),,"printed differently: case, punctuation, apostrophes, spacing or legal suffix",Farrells Excavating Ltd.; Farrell's Excavating Ltd; FARRELL'S EXCAVATING LTD; Farrell'S Excavating Ltd.; Farrell’s Excavating Ltd
BURSEY EXCAVATING & DEVELOPMENT,bursey excavating and development,BURSEY EXCAVATING & DEVELOPMENT,bursey excavating and development,8,4963125.03,same name (printings),,"printed differently: case, punctuation, apostrophes, spacing or legal suffix",Bursey Excavating & Development Inc
CBDC Trinity Conception Corporation,cbdc trinity conception,CBDC Trinity Conception Corporation,cbdc trinity conception,14,4893715.0,same name (printings),,"printed differently: case, punctuation, apostrophes, spacing or legal suffix",CBDC Trinity Conception
PENNECON HYDRAULIC SYSTEMS,pennecon hydraulic systems,PENNECON HYDRAULIC SYSTEMS,pennecon hydraulic systems,24,4853094.83,same name (printings),,"printed differently: case, punctuation, apostrophes, spacing or legal suffix",Pennecon Hydraulic Systems Limited; PENNECON HYDRAULIC SYSTEMS LIMITED; Pennecon Hydraulic Systems Ltd; Pennecon Hydraulic Systems Ltd.; Pennecon Hydraulic Systems (PHS)
Craft Council of Newfoundland and Labrador Inc.,craft council of newfoundland and labrador,Craft Council of Newfoundland and Labrador Inc.,craft council of newfoundland and labrador,51,4839391.5,same name (printings),,"printed differently: case, punctuation, apostrophes, spacing or legal suffix",Craft Council of Newfoundland and Labrador INC; Craft Council of Newfoundland and Labrador Inc; CRAFT COUNCIL OF NEWFOUNDLAND AND LABRADOR INC. (THE); Craft Council of Newfoundland and Labrador; CRAFT COUNCIL OF NEWFOUNDLAND AND LABRADOR; Craft Council Of Newfoundland And Labrador
Genoa Design International Ltd.,genoa design international,Genoa Design International Ltd.,genoa design international,21,4834250.0,same name (printings),,"printed differently: case, punctuation, apostrophes, spacing or legal suffix",Genoa Design International Ltd; Genoa Design International Limited
COMMISSIONAIRES NL,commissionaires newfoundland and labrador,COMMISSIONAIRES NL,commissionaires newfoundland and labrador,23,4760912.96,same name (printings),,"printed differently: case, punctuation, apostrophes, spacing or legal suffix",commissionaires nl
SmartICE Monitoring & Information Inc.,smartice monitoring and information,SmartICE Monitoring & Information Inc.,smartice monitoring and information,5,4709885.66,same name (printings),,"printed differently: case, punctuation, apostrophes, spacing or legal suffix",SmartICE Monitoring & Information Inc; Smartice Monitoring & Information Inc.
Eastern Initiatives Community Business Development Corporation Inc.,eastern initiatives community business development,Eastern Initiatives Community Business Development Corporation Inc.,eastern initiatives community business development,11,4704044.0,same name (printings),,"printed differently: case, punctuation, apostrophes, spacing or legal suffix",Eastern Initiatives Community Business Development Corporation Inc
Telus Health Solutions Inc.,telus health solutions,Telus Health Solutions Inc.,telus health solutions,2,4641570.13,same name (printings),,"printed differently: case, punctuation, apostrophes, spacing or legal suffix",Telus Health Solutions
NEWFOUNDLAND HELICOPTERS LIMITED,newfoundland helicopters,NEWFOUNDLAND HELICOPTERS LIMITED,newfoundland helicopters,84,4638716.44,same name (printings),,"printed differently: case, punctuation, apostrophes, spacing or legal suffix",NEWFOUNDLAND HELICOPTERS LTD.; Newfoundland Helicopters Limited; Newfoundland Helicopters Ltd; NEWFOUNDLAND HELICOPTERS LTD
Oceans Limited,oceans,Oceans Limited,oceans,32,4627314.5,same name (printings),,"printed differently: case, punctuation, apostrophes, spacing or legal suffix",Oceans Ltd; OCEANS LIMITED
NORTECH HOLDINGS LIMITED,nortech holdings,NORTECH HOLDINGS LIMITED,nortech holdings,20,4599158.15,same name (printings),,"printed differently: case, punctuation, apostrophes, spacing or legal suffix",Nortech Holdings Limited; Nortech Holdings Inc.; NORTECH HOLDINGS LTD
CANADIAN COAST GUARD AUXILIARY NEWFOUNDLAND & LABRADOR,canadian coast guard auxiliary newfoundland and labrador,CANADIAN COAST GUARD AUXILIARY NEWFOUNDLAND & LABRADOR,canadian coast guard auxiliary newfoundland and labrador,20,4590188.25,same name (printings),,"printed differently: case, punctuation, apostrophes, spacing or legal suffix",The Canadian Coast Guard Auxiliary Newfoundland and Labrador; Canadian Coast Guard Auxiliary (Newfoundland and Labrador) Inc.; Canadian Coast Guard Auxiliary Newfoundland and Labrador; Canadian Coast Guard Auxiliary - Newfoundland & Labrador; Canadian Coast Guard Auxiliary Inc (Newfoundland and Labrador)
CANADIAN MARITIME ENGINEERING LIMIT,canadian maritime engineering,CANADIAN MARITIME ENGINEERING LIMIT,canadian maritime engineering,9,4580905.99,same name (printings),,"printed differently: case, punctuation, apostrophes, spacing or legal suffix",CANADIAN MARITIME ENGINEERING LIMIT ED
City of Corner Brook,city of corner brook,City of Corner Brook,city of corner brook,36,4471607.02,same name (printings),,"printed differently: case, punctuation, apostrophes, spacing or legal suffix",CITY OF CORNER BROOK
Advanced Educational Systems Inc,advanced educational systems,Advanced Educational Systems Inc,advanced educational systems,6,4442240.0,same name (printings),,"printed differently: case, punctuation, apostrophes, spacing or legal suffix",Advanced Educational Systems Inc.; Advanced Educational Systems Incorporated
Bluedrop Training & Simulation Inc.,bluedrop training and simulation,Bluedrop Training & Simulation Inc.,bluedrop training and simulation,18,4393085.0,same name (printings),,"printed differently: case, punctuation, apostrophes, spacing or legal suffix",Bluedrop Training & Simulation; Bluedrop Training and Simulation Inc; Bluedrop Training and Simulation Inc.
Nelson Education,nelson education,Nelson Education,nelson education,17,4384159.57,same name (printings),,"printed differently: case, punctuation, apostrophes, spacing or legal suffix",Nelson Education Ltd; NELSON EDUCATION LTD; Nelson Education Ltd.
MERIDIAN ENGINEERING INC.,meridian engineering,MERIDIAN ENGINEERING INC.,meridian engineering,76,4365066.82,same name (printings),,"printed differently: case, punctuation, apostrophes, spacing or legal suffix",Meridian Engineering Inc.; Meridian Engineering Inc; Meridian Engineering inc.
LAT49 ARCHITECTURE INC.,lat49 architecture,LAT49 ARCHITECTURE INC.,lat49 architecture,7,4361633.97,same name (printings),,"printed differently: case, punctuation, apostrophes, spacing or legal suffix",LAT49 Architecture Inc.; Lat49 Architecture Inc.; LAT49 Architecture Inc
Sequence Bioinformatics Inc.,sequence bioinformatics,Sequence Bioinformatics Inc.,sequence bioinformatics,15,4295992.0,same name (printings),,"printed differently: case, punctuation, apostrophes, spacing or legal suffix",Sequence Bioinformatics Inc
"Avalon Coal, Salt and Oil Limited",avalon coal salt and oil,"Avalon Coal, Salt and Oil Limited",avalon coal salt and oil,14,4275783.34,same name (printings),,"printed differently: case, punctuation, apostrophes, spacing or legal suffix","Avalon Coal, Salt & Oil Limited; AVALON COAL, SALT AND OIL LIMITED; Avalon Coal Salt and Oil Limited; Avalon Coal, Salt, & Oil Limited; AVALON COAL SALT AND OIL LTD; Avalon Coal Salt & Oil Limited"
Okalakatiget Society,okalakatiget society,Okalakatiget Society,okalakatiget society,13,4223092.0,same name (printings),,"printed differently: case, punctuation, apostrophes, spacing or legal suffix",OKÂLAKATIGET SOCIETY; OKALAKATIGET SOCIETY
D.F. Barnes Fabrication Limited,d f barnes fabrication,D.F. Barnes Fabrication Limited,d f barnes fabrication,13,4208084.0,same name (printings),,"printed differently: case, punctuation, apostrophes, spacing or legal suffix",D F Barnes Fabrication Ltd; D F Barnes Fabrication Limited
Otis Canada Inc,otis canada,Otis Canada Inc,otis canada,2,4207772.8,same name (printings),,"printed differently: case, punctuation, apostrophes, spacing or legal suffix",Otis Canada
Rising Tide Association,rising tide association,Rising Tide Association,rising tide association,28,4197102.0,same name (printings),,"printed differently: case, punctuation, apostrophes, spacing or legal suffix",RISING TIDE ASSOCIATION
Cooper Industries (Electrical) Inc,cooper industries electrical,Cooper Industries (Electrical) Inc,cooper industries electrical,28,4184773.91,same name (printings),,"printed differently: case, punctuation, apostrophes, spacing or legal suffix",Cooper Industries (Electrical) Inc.
Mining Industry NL Inc.,mining industry newfoundland and labrador,Mining Industry NL Inc.,mining industry newfoundland and labrador,25,4043241.0,same name (printings),,"printed differently: case, punctuation, apostrophes, spacing or legal suffix",Mining Industry NL Inc
St. Anthony Basin Resources Inc.,st anthony basin resources,St. Anthony Basin Resources Inc.,st anthony basin resources,21,4036448.95,same name (printings),,"printed differently: case, punctuation, apostrophes, spacing or legal suffix",St Anthony Basin Resources Inc; St. Anthony Basin Resources Inc. (SABRI)
Burin Peninsula Community Business Development Corporation,burin peninsula community business development,Burin Peninsula Community Business Development Corporation,burin peninsula community business development,13,4033920.0,same name (printings),,"printed differently: case, punctuation, apostrophes, spacing or legal suffix",Burin Peninsula Community Business Development Corporation Inc.
Telem61 Software Inc.,telem61 software,Telem61 Software Inc.,telem61 software,14,4007775.1,same name (printings),,"printed differently: case, punctuation, apostrophes, spacing or legal suffix",Telem61 Software Inc
Dexter Construction Company Limited,dexter construction,Dexter Construction Company Limited,dexter construction,3,3979344.98,same name (printings),,"printed differently: case, punctuation, apostrophes, spacing or legal suffix",Dexter Construction
REAL TIME OCEAN DATA SERVICES LTD,real time ocean data services,REAL TIME OCEAN DATA SERVICES LTD,real time ocean data services,7,3963850.0,same name (printings),,"printed differently: case, punctuation, apostrophes, spacing or legal suffix",Real-Time Ocean Data Services Ltd.; Real-Time Ocean Data Services Ltd; Real-Time Ocean Data Services
"Destination St. John's, Inc.",destination st johns,"Destination St. John's, Inc.",destination st johns,28,3844533.24,same name (printings),,"printed differently: case, punctuation, apostrophes, spacing or legal suffix","Destination St. John's; Destination St John's Inc; DESTINATION ST JOHN'S, INC"
Badger Bay Mussel Farms Ltd.,badger bay mussel farms,Badger Bay Mussel Farms Ltd.,badger bay mussel farms,22,3797376.52,same name (printings),,"printed differently: case, punctuation, apostrophes, spacing or legal suffix",Badger Bay Mussel Farms Ltd
Graybar Canada Limited,graybar canada,Graybar Canada Limited,graybar canada,108,3750855.47,same name (printings),,"printed differently: case, punctuation, apostrophes, spacing or legal suffix",GRAYBAR CANADA; Graybar Canada; GRAYBAR CANADA LIMITED
Churchill Construction Limited,churchill construction,Churchill Construction Limited,churchill construction,7,3681165.17,same name (printings),,"printed differently: case, punctuation, apostrophes, spacing or legal suffix",CHURCHILL CONSTRUCTION; CHURCHILL CONSTRUCTION LTD
Alpine Development Alliance Corporation,alpine development alliance,Alpine Development Alliance Corporation,alpine development alliance,16,3675948.0,same name (printings),,"printed differently: case, punctuation, apostrophes, spacing or legal suffix",Alpine Development Alliance Corp
Town of Carbonear,town of carbonear,Town of Carbonear,town of carbonear,28,3666674.0,same name (printings),,"printed differently: case, punctuation, apostrophes, spacing or legal suffix",TOWN OF CARBONEAR
City of Mount Pearl,city of mount pearl,City of Mount Pearl,city of mount pearl,55,3660717.58,same name (printings),,"printed differently: case, punctuation, apostrophes, spacing or legal suffix",CITY OF MOUNT PEARL; City Of Mount Pearl; The City of Mount Pearl
MAERSK SUPPLY SERVICE CANADA LTD,maersk supply service canada,MAERSK SUPPLY SERVICE CANADA LTD,maersk supply service canada,4,3643635.01,same name (printings),,"printed differently: case, punctuation, apostrophes, spacing or legal suffix",Maersk Supply Service Canada Ltd
Pearson Canada Inc.,pearson canada,Pearson Canada Inc.,pearson canada,34,3614135.78,same name (printings),,"printed differently: case, punctuation, apostrophes, spacing or legal suffix",Pearson Canada; Pearson Canada Inc; PEARSON CANADA INC
Churchill Falls (Labrador) Corporation Limited,churchill falls labrador,Churchill Falls (Labrador) Corporation Limited,churchill falls labrador,6,3597635.0,same name (printings),,"printed differently: case, punctuation, apostrophes, spacing or legal suffix",Churchill Falls (Labrador) Corp; Churchill Falls Labrador Corporation Limited
Oceans Advance Inc.,oceans advance,Oceans Advance Inc.,oceans advance,27,3579079.0,same name (printings),,"printed differently: case, punctuation, apostrophes, spacing or legal suffix",OCEANS ADVANCE INC.; Oceans Advance Inc
EXPLOITS WELDING AND MACHINE SHOP L TD,exploits welding and machine shop,EXPLOITS WELDING AND MACHINE SHOP L TD,exploits welding and machine shop,11,3542559.14,same name (printings),,"printed differently: case, punctuation, apostrophes, spacing or legal suffix",Exploits Welding and Machine Shop Limited; Exploits Welding & Machine Shop Ltd; Exploits Welding & Machine Shop Limited; EXPLOITS WELDING AND MACHINE SHOP LTD; Exploits Welding and Machine Shop
BELL CANADA,bell canada,BELL CANADA,bell canada,6688,3503207.11,same name (printings),,"printed differently: case, punctuation, apostrophes, spacing or legal suffix",Bell Canada; Bell Canada o/a Bell Aliant; Bell Canada Ltd; BELL CANADA o/a Bell Aliant; Bell Canada (o/a Bell Aliant)
Provincial Airlines,provincial airlines,Provincial Airlines,provincial airlines,730,3490265.79,same name (printings),,"printed differently: case, punctuation, apostrophes, spacing or legal suffix",Provincial Airlines Limited; Provincial airlines; PROVINCIAL AIRLINES LIMITED; PROVINCIAL AIRLINES LTD.
Town of Channel-Port aux Basques,town of channel port aux basques,Town of Channel-Port aux Basques,town of channel port aux basques,29,3470124.48,same name (printings),,"printed differently: case, punctuation, apostrophes, spacing or legal suffix",TOWN OF CHANNEL - PORT AUX BASQUES; TOWN OF CHANNEL- PORT AUX BASQUES; Town of Channel - Port aux Basques
ABORIGINAL SPORT AND RECREATION CIRCLE OF NEWFOUNDLAND AND LABRADOR INC.,aboriginal sport and recreation circle of newfoundland and labrador,ABORIGINAL SPORT AND RECREATION CIRCLE OF NEWFOUNDLAND AND LABRADOR INC.,aboriginal sport and recreation circle of newfoundland and labrador,11,3446102.0,same name (printings),,"printed differently: case, punctuation, apostrophes, spacing or legal suffix",Aboriginal Sport and Recreation Circle of Newfoundland and Labrador Inc; Aboriginal Sport and Recreation Circle of Newfoundland and Labrador Inc.
Duxion Motors Inc.,duxion motors,Duxion Motors Inc.,duxion motors,16,3338079.0,same name (printings),,"printed differently: case, punctuation, apostrophes, spacing or legal suffix",Duxion Motors Inc
SubC Control Limited,subc control,SubC Control Limited,subc control,43,3330512.18,same name (printings),,"printed differently: case, punctuation, apostrophes, spacing or legal suffix",SUBC CONTROL LTD; SubC Control Ltd; SUBC CONTROL LIMITED
Eastern Regional Health Authority,eastern regional health authority,Eastern Regional Health Authority,eastern regional health authority,11,3323749.49,same name (printings),,"printed differently: case, punctuation, apostrophes, spacing or legal suffix",EASTERN REGIONAL HEALTH AUTHORITY
SUMMIT MECHANICAL SERVICES (2020),summit mechanical services 2020,SUMMIT MECHANICAL SERVICES (2020),summit mechanical services 2020,20,3317487.51,same name (printings),,"printed differently: case, punctuation, apostrophes, spacing or legal suffix",SUMMIT MECHANICAL SERVICES (2020) LIMITED; Summit Mechanical Services (2020) Limited; Summit Mechanical Services (2020); Summit Mechanical Services (2020)Ltd.
Beaufort Solutions Inc.,beaufort solutions,Beaufort Solutions Inc.,beaufort solutions,18,3285718.0,same name (printings),,"printed differently: case, punctuation, apostrophes, spacing or legal suffix",Beaufort Solutions Inc
Harbour Grace Ocean Enterprises Ltd.,harbour grace ocean enterprises,Harbour Grace Ocean Enterprises Ltd.,harbour grace ocean enterprises,25,3265814.87,same name (printings),,"printed differently: case, punctuation, apostrophes, spacing or legal suffix",HARBOUR GRACE OCEAN ENTERPRISES; Harbour Grace Ocean Enterprises Ltd
Carol Lake Metal Works Limited,carol lake metal works,Carol Lake Metal Works Limited,carol lake metal works,15,3203015.0,same name (printings),,"printed differently: case, punctuation, apostrophes, spacing or legal suffix",Carol Lake Metal Works
Newfoundland Independent Filmmakers Cooperative Limited,newfoundland independent filmmakers cooperative,Newfoundland Independent Filmmakers Cooperative Limited,newfoundland independent filmmakers cooperative,10,3202156.0,same name (printings),,"printed differently: case, punctuation, apostrophes, spacing or legal suffix",Newfoundland Independent Filmmakers' Co-operative Limited; NEWFOUNDLAND INDEPENDENT FILMMAKERS CO-OPERATIVE LIMITED; Newfoundland Independent Filmmakers Co-Operative Limited
Br. T. I. Murphy Learning Resource Centre Inc.,br t i murphy learning resource centre,Br. T. I. Murphy Learning Resource Centre Inc.,br t i murphy learning resource centre,19,3200100.0,same name (printings),,"printed differently: case, punctuation, apostrophes, spacing or legal suffix",Br. T.I. Murphy Learning Resource Centre Inc.
Newfoundland T'Railway Council Inc.,newfoundland trailway council,Newfoundland T'Railway Council Inc.,newfoundland trailway council,11,3180666.2,same name (printings),,"printed differently: case, punctuation, apostrophes, spacing or legal suffix",Newfoundland T'Railway Council Inc
Pennecon Industrial Ltd,pennecon industrial,Pennecon Industrial Ltd,pennecon industrial,2,3180091.63,same name (printings),,"printed differently: case, punctuation, apostrophes, spacing or legal suffix",Pennecon Industrial Limited
Town of Lewisporte,town of lewisporte,Town of Lewisporte,town of lewisporte,28,3177096.0,same name (printings),,"printed differently: case, punctuation, apostrophes, spacing or legal suffix",TOWN OF LEWISPORTE
Atlantic Inspection Services Inc.,atlantic inspection services,Atlantic Inspection Services Inc.,atlantic inspection services,11,3170150.0,same name (printings),,"printed differently: case, punctuation, apostrophes, spacing or legal suffix",Atlantic Inspection Services Inc
Intervale Associates Inc,intervale associates,Intervale Associates Inc,intervale associates,26,3160730.0,same name (printings),,"printed differently: case, punctuation, apostrophes, spacing or legal suffix",Intervale Associates Inc.; INTERVALE ASSOCIATES INC
HeyOrca Inc.,heyorca,HeyOrca Inc.,heyorca,18,3120910.0,same name (printings),,"printed differently: case, punctuation, apostrophes, spacing or legal suffix",HeyOrca Inc
Newfoundland & Labrador Oil & Gas Industries Association Inc.,newfoundland and labrador oil and gas industries association,Newfoundland & Labrador Oil & Gas Industries Association Inc.,newfoundland and labrador oil and gas industries association,20,3113479.0,same name (printings),,"printed differently: case, punctuation, apostrophes, spacing or legal suffix",Newfoundland & Labrador Oil & Gas Industries Association
Rubicon Publishing,rubicon publishing,Rubicon Publishing,rubicon publishing,15,3099945.15,same name (printings),,"printed differently: case, punctuation, apostrophes, spacing or legal suffix",Rubicon Publishing Inc; Rubicon Publishing Inc.; RUBICON PUBLISHING INC
Stryker,stryker,Stryker,stryker,14,3098264.56,same name (printings),,"printed differently: case, punctuation, apostrophes, spacing or legal suffix",STryker
10566 Energy NL Inc.,10566 energy newfoundland and labrador,10566 Energy NL Inc.,10566 energy newfoundland and labrador,14,3087055.0,same name (printings),,"printed differently: case, punctuation, apostrophes, spacing or legal suffix",10566 Energy NL Inc; 10566 ENERGY NL INC
Pardy's Holdings Limited,pardys holdings,Pardy's Holdings Limited,pardys holdings,9,3082328.0,same name (printings),,"printed differently: case, punctuation, apostrophes, spacing or legal suffix",Pardy's Holdings Ltd.
Jumping Bean Coffee Inc.,jumping bean coffee,Jumping Bean Coffee Inc.,jumping bean coffee,35,3072588.59,same name (printings),,"printed differently: case, punctuation, apostrophes, spacing or legal suffix",JUMPING BEAN COFFEE INC; Jumping Bean Coffee Inc
Kmj Construction Ltd,kmj construction,Kmj Construction Ltd,kmj construction,99,3054583.73,same name (printings),,"printed differently: case, punctuation, apostrophes, spacing or legal suffix",KMJ Construction Ltd.; KMJ CONSTRUCTION LTD; KMJ CONSTRUCTION LTD.; KMJ Construction Ltd
PanGeo Subsea Inc.,pangeo subsea,PanGeo Subsea Inc.,pangeo subsea,11,3052171.0,same name (printings),,"printed differently: case, punctuation, apostrophes, spacing or legal suffix",PanGeo SubSea Inc.; PanGeo Subsea Inc
"Zhai, Guangju",zhai guangju,"Zhai, Guangju",zhai guangju,5,3046958.0,same name (printings),,"printed differently: case, punctuation, apostrophes, spacing or legal suffix","ZHAI, Guangju"
GRi Simulations Inc.,gri simulations,GRi Simulations Inc.,gri simulations,19,3041716.0,same name (printings),,"printed differently: case, punctuation, apostrophes, spacing or legal suffix",GRI Simulations Inc.; GRI Simulations Inc
Torngat Joint Fisheries Board,torngat joint fisheries board,Torngat Joint Fisheries Board,torngat joint fisheries board,18,3033620.02,same name (printings),,"printed differently: case, punctuation, apostrophes, spacing or legal suffix",TORNGAT JOINT FISHERIES BOARD
New World Dairy Inc.,new world dairy,New World Dairy Inc.,new world dairy,11,3011108.74,same name (printings),,"printed differently: case, punctuation, apostrophes, spacing or legal suffix",New World Dairy Inc
D F BARNES LIMITED,d f barnes,D F BARNES LIMITED,d f barnes,20,3001184.99,same name (printings),,"printed differently: case, punctuation, apostrophes, spacing or legal suffix",D.F. Barnes Limited; D F Barnes Limited
Waypoints Inc,waypoints,Waypoints Inc,waypoints,18,2983419.0,same name (printings),,"printed differently: case, punctuation, apostrophes, spacing or legal suffix",Waypoints; Waypoints Inc.
Burin Peninsula Brighter Futures Inc,burin peninsula brighter futures,Burin Peninsula Brighter Futures Inc,burin peninsula brighter futures,7,2976222.0,same name (printings),,"printed differently: case, punctuation, apostrophes, spacing or legal suffix",BURIN PENINSULA BRIGHTER FUTURES INC.; Burin Peninsula Brighter Futures Inc.
Quidi Vidi Brewing Company Ltd.,quidi vidi brewing,Quidi Vidi Brewing Company Ltd.,quidi vidi brewing,23,2966167.76,same name (printings),,"printed differently: case, punctuation, apostrophes, spacing or legal suffix",Quidi Vidi Brewing Company Limited; Quidi Vidi Brewing Company Ltd
Newfoundland and Labrador Indigenous Tourism Association,newfoundland and labrador indigenous tourism association,Newfoundland and Labrador Indigenous Tourism Association,newfoundland and labrador indigenous tourism association,16,2963877.0,same name (printings),,"printed differently: case, punctuation, apostrophes, spacing or legal suffix",NEWFOUNDLAND AND LABRADOR INDIGENOUS TOURISM ASSOCIATION
Brother T.I. Murphy Learning Resource Centre Inc.,brother t i murphy learning resource centre,Brother T.I. Murphy Learning Resource Centre Inc.,brother t i murphy learning resource centre,13,2920199.0,same name (printings),,"printed differently: case, punctuation, apostrophes, spacing or legal suffix",Brother T. I. Murphy Learning Resource Centre Inc.; Brother T.I. Murphy Learning Resource Centre Inc
SIKUMIUT ENVIRONMENTAL MANAGEMENT,sikumiut environmental management,SIKUMIUT ENVIRONMENTAL MANAGEMENT,sikumiut environmental management,77,2900705.28,same name (printings),,"printed differently: case, punctuation, apostrophes, spacing or legal suffix",Sikumiut Environmental Management Limited; Sikumiut Environmental Management; Sikumiut Environmental Management Ltd; Sikumiut Environmental Management Limited (SEM); SIKUMIUT ENVIRONMENTAL MANAGEMENT LIMITED; Sikumiut Environmental Management Ltd.
Viking Fur Inc.,viking fur,Viking Fur Inc.,viking fur,13,2886135.0,same name (printings),,"printed differently: case, punctuation, apostrophes, spacing or legal suffix",Viking Fur Inc
Skills Canada-Newfoundland and Labrador Incorporated,skills canada newfoundland and labrador,Skills Canada-Newfoundland and Labrador Incorporated,skills canada newfoundland and labrador,29,2869971.0,same name (printings),,"printed differently: case, punctuation, apostrophes, spacing or legal suffix",Skills Canada - Newfoundland and Labrador Incorporated; Skills Canada - Newfoundland & Labrador; Skills Canada Newfoundland and Labrador
"Community Action Committee for Southwestern Newfoundland, Inc.",community action committee for southwestern newfoundland,"Community Action Committee for Southwestern Newfoundland, Inc.",community action committee for southwestern newfoundland,8,2859103.0,same name (printings),,"printed differently: case, punctuation, apostrophes, spacing or legal suffix",Community Action Committee for Southwestern Newfoundland Inc
Organization for Community Action Initiatives Inc,organization for community action initiatives,Organization for Community Action Initiatives Inc,organization for community action initiatives,7,2846209.0,same name (printings),,"printed differently: case, punctuation, apostrophes, spacing or legal suffix",Organization for Community Action Initiatives Inc.
"KOVACS, Christopher S",kovacs christopher s,"KOVACS, Christopher S",kovacs christopher s,4,2832447.0,same name (printings),,"printed differently: case, punctuation, apostrophes, spacing or legal suffix","Kovacs, Christopher S"
"Moore, Craig S",moore craig s,"Moore, Craig S",moore craig s,4,2828350.0,same name (printings),,"printed differently: case, punctuation, apostrophes, spacing or legal suffix","MOORE, Craig S"
Lotek Wireless Inc,lotek wireless,Lotek Wireless Inc,lotek wireless,3,2803437.0,same name (printings),,"printed differently: case, punctuation, apostrophes, spacing or legal suffix",Lotek Wireless Inc.
BRUNNET INC,brunnet,BRUNNET INC,brunnet,44,2797913.19,same name (printings),,"printed differently: case, punctuation, apostrophes, spacing or legal suffix",Brunnet Inc; Brunnet Inc.; BrunNet Inc.; BrunNet Inc
Town of Labrador City,town of labrador city,Town of Labrador City,town of labrador city,28,2792833.63,same name (printings),,"printed differently: case, punctuation, apostrophes, spacing or legal suffix",Town Of Labrador City
CBDC Labrador Inc.,cbdc labrador,CBDC Labrador Inc.,cbdc labrador,10,2780837.0,same name (printings),,"printed differently: case, punctuation, apostrophes, spacing or legal suffix",CBDC Labrador Inc
GRANITE MANAGEMENT LIMITED,granite management,GRANITE MANAGEMENT LIMITED,granite management,4,2778668.46,same name (printings),,"printed differently: case, punctuation, apostrophes, spacing or legal suffix",Granite Management Ltd.
Reefer Repair Services Limited,reefer repair services,Reefer Repair Services Limited,reefer repair services,12,2771708.27,same name (printings),,"printed differently: case, punctuation, apostrophes, spacing or legal suffix",Reefer Repair Services Ltd; REEFER REPAIR SERVICES LIMITED; REEFER REPAIR SERVICES LTD
Western NL DMO Inc.,western newfoundland and labrador dmo,Western NL DMO Inc.,western newfoundland and labrador dmo,24,2755377.0,same name (printings),,"printed differently: case, punctuation, apostrophes, spacing or legal suffix",Western NL Dmo Inc; Western NL DMO Incorporated; Western NL DMO Inc
10565 Nfld. Inc.,10565 newfoundland,10565 Nfld. Inc.,10565 newfoundland,8,2750000.0,same name (printings),,"printed differently: case, punctuation, apostrophes, spacing or legal suffix",10565 Nfld Inc
Exploits Valley Community Coalition Inc,exploits valley community coalition,Exploits Valley Community Coalition Inc,exploits valley community coalition,7,2742316.0,same name (printings),,"printed differently: case, punctuation, apostrophes, spacing or legal suffix",Exploits Valley Community Coalition Inc.; Exploits Valley Community Coalition
Siemens Energy Canada Limited,siemens energy canada,Siemens Energy Canada Limited,siemens energy canada,13,2742077.94,same name (printings),,"printed differently: case, punctuation, apostrophes, spacing or legal suffix",Siemens Energy Canada Ltd.
KTAQMKUK MI'KMAW FLUENCY PROJECT INC.,ktaqmkuk mikmaw fluency project,KTAQMKUK MI'KMAW FLUENCY PROJECT INC.,ktaqmkuk mikmaw fluency project,5,2738409.0,same name (printings),,"printed differently: case, punctuation, apostrophes, spacing or legal suffix",Ktaqmkuk Mi'Kmaw Fluency Project Inc
Newlab Clinical Research Inc.,newlab clinical research,Newlab Clinical Research Inc.,newlab clinical research,5,2726222.0,same name (printings),,"printed differently: case, punctuation, apostrophes, spacing or legal suffix",NewLab Clinical Research Inc
Opera on the Avalon Inc.,opera on avalon,Opera on the Avalon Inc.,opera on avalon,42,2723533.0,same name (printings),,"printed differently: case, punctuation, apostrophes, spacing or legal suffix",OPERA ON THE AVALON INC.; Opera on the Avalon Inc; Opera on the Avalon
The Excite Corporation Inc.,excite,The Excite Corporation Inc.,excite,14,2722491.0,same name (printings),,"printed differently: case, punctuation, apostrophes, spacing or legal suffix",The Excite Corporation Inc; Excite Corporation Inc. (The)
Edwards Lifesciences Canada,edwards lifesciences canada,Edwards Lifesciences Canada,edwards lifesciences canada,2,2716000.0,same name (printings),,"printed differently: case, punctuation, apostrophes, spacing or legal suffix",Edwards Lifesciences (Canada) Inc
Talon Energy Services Inc.,talon energy services,Talon Energy Services Inc.,talon energy services,15,2715360.68,same name (printings),,"printed differently: case, punctuation, apostrophes, spacing or legal suffix",Talon Energy Services; Talon Energy Services Ltd.; TALON ENERGY SERVICES; TALON ENERGY SERVICES INC; TALON ENERGY SERVICES INC.; Talon Energy Services Inc
Newfoundland Aqua Service Ltd.,newfoundland aqua service,Newfoundland Aqua Service Ltd.,newfoundland aqua service,13,2706217.0,same name (printings),,"printed differently: case, punctuation, apostrophes, spacing or legal suffix",Newfoundland Aqua Service Ltd
Polyamyna Nanotech Inc.,polyamyna nanotech,Polyamyna Nanotech Inc.,polyamyna nanotech,20,2705611.0,same name (printings),,"printed differently: case, punctuation, apostrophes, spacing or legal suffix",Polyamyna Nanotech Inc
G.J. CAHILL & COMPANY (1979) LIMITED,g j cahill 1979,G.J. CAHILL & COMPANY (1979) LIMITED,g j cahill 1979,11,2703815.91,same name (printings),,"printed differently: case, punctuation, apostrophes, spacing or legal suffix",G J Cahill Company 1979 Limited; G.J. CAHILL & COMPANY (1979) LIMITE; G.J. CAHILL & COMPANY (1979); G.J. Cahill & Company (1979) Limited
ASSOCIATION RÉGIONALE DE LA CÔTE OUEST INCORPORÉE,association regionale de la cote ouest incorporee,ASSOCIATION RÉGIONALE DE LA CÔTE OUEST INCORPORÉE,association regionale de la cote ouest incorporee,21,2695516.0,same name (printings),,"printed differently: case, punctuation, apostrophes, spacing or legal suffix",Association régionale de la Côte Ouest Incorporée
WOODWARD AVIATION,woodward aviation,WOODWARD AVIATION,woodward aviation,114,2681046.92,same name (printings),,"printed differently: case, punctuation, apostrophes, spacing or legal suffix",Woodward Aviation
ESRI Canada Limited,esri canada,ESRI Canada Limited,esri canada,7,2676656.14,same name (printings),,"printed differently: case, punctuation, apostrophes, spacing or legal suffix",ESRI Canada; Esri Canada Limited
Black and McDonald Limited,black and mcdonald,Black and McDonald Limited,black and mcdonald,6,2669975.78,same name (printings),,"printed differently: case, punctuation, apostrophes, spacing or legal suffix",Black & McDonald Limited; Black & McDonald Ltd.; BLACK & MCDONALD LIMITED; Black & Mcdonald Ltd
CANADIAN HELICOPTERS LIMITED,canadian helicopters,CANADIAN HELICOPTERS LIMITED,canadian helicopters,18,2657337.32,same name (printings),,"printed differently: case, punctuation, apostrophes, spacing or legal suffix",Canadian Helicopters Ltd.
Pardy's Waste Management and Industrial Services Limited,pardys waste management and industrial services,Pardy's Waste Management and Industrial Services Limited,pardys waste management and industrial services,15,2652948.17,same name (printings),,"printed differently: case, punctuation, apostrophes, spacing or legal suffix",Pardy's Waste Management & Industrial Services; PARDY'S WASTE MANAGEMENT & INDUSTRIAL SERVICES LTD; PARDY'S WASTE MANAGEMENT & INDUSTRIAL SERVICES LIMITED; Pardy’s Waste Management and Industrial Services Limited; Pardy's Waste Management and Industrial Services Ltd
GIP MARINE BASE & WAREHOUSING LTD,gip marine base and warehousing,GIP MARINE BASE & WAREHOUSING LTD,gip marine base and warehousing,4,2648634.98,same name (printings),,"printed differently: case, punctuation, apostrophes, spacing or legal suffix",GIP MARINE BASE & WAREHOUSING LTD.
Dallas Mercer Consulting Inc.,dallas mercer consulting,Dallas Mercer Consulting Inc.,dallas mercer consulting,27,2631414.0,same name (printings),,"printed differently: case, punctuation, apostrophes, spacing or legal suffix",Dallas Mercer Consulting; Dallas Mercer Consulting Inc; DALLAS MERCER CONSULTING INC
Becton Dickinson,becton dickinson,Becton Dickinson,becton dickinson,4,2627012.0,same name (printings),,"printed differently: case, punctuation, apostrophes, spacing or legal suffix",Becton Dickinson (BD)
Carestream Health Canada,carestream health canada,Carestream Health Canada,carestream health canada,6,2626842.93,same name (printings),,"printed differently: case, punctuation, apostrophes, spacing or legal suffix",Carestream Health Canada Company
FFAW-UNIFOR,ffaw unifor,FFAW-UNIFOR,ffaw unifor,16,2622528.76,same name (printings),,"printed differently: case, punctuation, apostrophes, spacing or legal suffix",Ffaw-Unifor
Thomson Reuters Canada,thomson reuters canada,Thomson Reuters Canada,thomson reuters canada,9,2602615.64,same name (printings),,"printed differently: case, punctuation, apostrophes, spacing or legal suffix",Thomson Reuters Canada Ltd.; THOMSON REUTERS CANADA LIMITED o/a Carswell; Thomson Reuters Canada Limited o/a Carswell; Thomson Reuters Canada Limited
DOWNHOME PUBLISHING INC,downhome publishing,DOWNHOME PUBLISHING INC,downhome publishing,38,2601165.99,same name (printings),,"printed differently: case, punctuation, apostrophes, spacing or legal suffix",DOWNHOME PUBLISHING INC.; Downhome Publishing Inc.; Downhome Publishing Inc
Eastern Destination Management Organization Inc.,eastern destination management organization,Eastern Destination Management Organization Inc.,eastern destination management organization,25,2595183.0,same name (printings),,"printed differently: case, punctuation, apostrophes, spacing or legal suffix",Eastern Destination Management Organization Inc; Eastern Destination Management Organization
Nalcor Energy,nalcor energy,Nalcor Energy,nalcor energy,3,2587951.56,same name (printings),,"printed differently: case, punctuation, apostrophes, spacing or legal suffix",NALCOR ENERGY
Town of Harbour Grace,town of harbour grace,Town of Harbour Grace,town of harbour grace,16,2577595.0,same name (printings),,"printed differently: case, punctuation, apostrophes, spacing or legal suffix",TOWN OF HARBOUR GRACE
Town of Placentia,town of placentia,Town of Placentia,town of placentia,23,2568075.0,same name (printings),,"printed differently: case, punctuation, apostrophes, spacing or legal suffix",TOWN OF PLACENTIA
Newfoundland & Labrador Film Development Corporation,newfoundland and labrador film development,Newfoundland & Labrador Film Development Corporation,newfoundland and labrador film development,15,2555611.5,same name (printings),,"printed differently: case, punctuation, apostrophes, spacing or legal suffix",Newfoundland and Labrador Film Development Corporation
Municipalities Newfoundland & Labrador Inc.,municipalities newfoundland and labrador,Municipalities Newfoundland & Labrador Inc.,municipalities newfoundland and labrador,18,2546951.08,same name (printings),,"printed differently: case, punctuation, apostrophes, spacing or legal suffix","Municipalities Newfoundland and Labrador, Inc; Municipalities NL; Municipalities Newfoundland and Labrador; Municipalities Newfoundland and Labrador Inc"
H & H Enterprises Ltd.,h and h enterprises,H & H Enterprises Ltd.,h and h enterprises,6,2540000.0,same name (printings),,"printed differently: case, punctuation, apostrophes, spacing or legal suffix",H & H Enterprises Limited
BREAKWATER BOOKS LIMITED,breakwater books,BREAKWATER BOOKS LIMITED,breakwater books,37,2531989.48,same name (printings),,"printed differently: case, punctuation, apostrophes, spacing or legal suffix",Breakwater Books Limited; Breakwater Books; Breakwater Books Ltd
CAHILL INSTRUMENTATION,cahill instrumentation,CAHILL INSTRUMENTATION,cahill instrumentation,98,2512712.27,same name (printings),,"printed differently: case, punctuation, apostrophes, spacing or legal suffix",Cahill Instrumentation
TORNGAT WILDLIFE AND PLANTS CO-MANANAGEMENT BOARD,torngat wildlife and plants mananagement board,TORNGAT WILDLIFE AND PLANTS CO-MANANAGEMENT BOARD,torngat wildlife and plants mananagement board,12,2511120.69,same name (printings),,"printed differently: case, punctuation, apostrophes, spacing or legal suffix",Torngat Wildlife And Plants Co-Mananagement Board; Torngat Wildlife and Plants Co-Mananagement Board
"Manuels River Natural Heritage Society, Inc.",manuels river natural heritage society,"Manuels River Natural Heritage Society, Inc.",manuels river natural heritage society,17,2505616.0,same name (printings),,"printed differently: case, punctuation, apostrophes, spacing or legal suffix","Manuels River Natural Heritage Society; Manuels River Natural Heritage Society Inc.; MANUELS RIVER NATURAL HERITAGE SOCIETY; Manuels River Natural Heritage Society, Inc; Manuels River Natural Heritage Society Inc"
Getinge Canada Ltd.,getinge canada,Getinge Canada Ltd.,getinge canada,18,2495213.32,same name (printings),,"printed differently: case, punctuation, apostrophes, spacing or legal suffix",Getinge Canada Ltd; Getinge Canada
Eastern Fish Markets Limited,eastern fish markets,Eastern Fish Markets Limited,eastern fish markets,18,2490386.9,same name (printings),,"printed differently: case, punctuation, apostrophes, spacing or legal suffix",Eastern Fish Markets Ltd.; Eastern Fish Markets; Eastern Fish Markets Ltd
WOODWARD'S OIL LIMITED,woodwards oil,WOODWARD'S OIL LIMITED,woodwards oil,81,2474487.51,same name (printings),,"printed differently: case, punctuation, apostrophes, spacing or legal suffix",Woodward's Oil Limited; Woodward's Oil Ltd.; Woodward's Oil Ltd; Woodwards Oil Ltd.; Woodward's Oil; Woodwards Oil; WOODWARD’S OIL LIMITED
Hatch Ltd.,hatch,Hatch Ltd.,hatch,17,2460133.0,same name (printings),,"printed differently: case, punctuation, apostrophes, spacing or legal suffix",Hatch Ltd
Canadian Coast Guard Auxiliary & Stj-Ccga (N) Inc,canadian coast guard auxiliary and stj ccga n,Canadian Coast Guard Auxiliary & Stj-Ccga (N) Inc,canadian coast guard auxiliary and stj ccga n,19,2447018.34,same name (printings),,"printed differently: case, punctuation, apostrophes, spacing or legal suffix",Canadian Coast Guard Auxiliary & STJ-CCGA (N) Inc; Canadian Coast Guard Auxiliary & STJ-CCGA (N) Inc.
Cruise Association of Newfoundland and Labrador Inc.,cruise association of newfoundland and labrador,Cruise Association of Newfoundland and Labrador Inc.,cruise association of newfoundland and labrador,12,2435546.0,same name (printings),,"printed differently: case, punctuation, apostrophes, spacing or legal suffix",Cruise Association of Newfoundland & Labrador; Cruise Association of Newfoundland and Labrador Inc
YWCA St. John's Inc.,ywca st johns,YWCA St. John's Inc.,ywca st johns,14,2417318.56,same name (printings),,"printed differently: case, punctuation, apostrophes, spacing or legal suffix",YWCA ST. JOHN'S INC.; YWCA St.John's Inc; YWCA St.John's Inc.
Beckman Coulter,beckman coulter,Beckman Coulter,beckman coulter,9,2412607.85,same name (printings),,"printed differently: case, punctuation, apostrophes, spacing or legal suffix",Beckman coulter
PORT ELECTRIC SOLUTIONS INC,port electric solutions,PORT ELECTRIC SOLUTIONS INC,port electric solutions,65,2400325.22,same name (printings),,"printed differently: case, punctuation, apostrophes, spacing or legal suffix",Port Electric Solutions Inc.; PORT Electric Solutions Inc.; Port Electric Solutions Inc
PUTJOTIK FISHERIES LTD,putjotik fisheries,PUTJOTIK FISHERIES LTD,putjotik fisheries,9,2399359.29,same name (printings),,"printed differently: case, punctuation, apostrophes, spacing or legal suffix",Putjotik Fisheries Ltd.; Putjotik Fisheries Ltd
Smallwood Crescent Community Centre Inc.,smallwood crescent community centre,Smallwood Crescent Community Centre Inc.,smallwood crescent community centre,23,2389125.0,same name (printings),,"printed differently: case, punctuation, apostrophes, spacing or legal suffix",Smallwood Crescent Community Centre; SMALLWOOD CRESCENT COMMUNITY CENTRE
The Call Centre Inc.,call centre,The Call Centre Inc.,call centre,12,2380300.0,same name (printings),,"printed differently: case, punctuation, apostrophes, spacing or legal suffix",THE CALL CENTRE INC.
EngageFCP Inc.,engagefcp,EngageFCP Inc.,engagefcp,9,2338947.65,same name (printings),,"printed differently: case, punctuation, apostrophes, spacing or legal suffix",ENGAGEFCP INC.; EngageFCP Inc
Gander International Airport Author,gander international airport author,Gander International Airport Author,gander international airport author,2,2336478.9,same name (printings),,"printed differently: case, punctuation, apostrophes, spacing or legal suffix",Gander International Airport Author Inc
Sift Med Inc.,sift med,Sift Med Inc.,sift med,13,2292000.0,same name (printings),,"printed differently: case, punctuation, apostrophes, spacing or legal suffix",Sift Med Inc
Abbott Medical Canada,abbott medical canada,Abbott Medical Canada,abbott medical canada,4,2269154.67,same name (printings),,"printed differently: case, punctuation, apostrophes, spacing or legal suffix",Abbott Medical Canada Co; Abbott Medical Canada Co.
Gander Bay Community Action Program for Children Inc,gander bay community action program for children,Gander Bay Community Action Program for Children Inc,gander bay community action program for children,6,2257940.0,same name (printings),,"printed differently: case, punctuation, apostrophes, spacing or legal suffix",The Gander Bay Community Action Program for Children Inc.
Scholastic Canada Ltd,scholastic canada,Scholastic Canada Ltd,scholastic canada,21,2230589.05,same name (printings),,"printed differently: case, punctuation, apostrophes, spacing or legal suffix",Scholastic Canada Limited; Scholastic Canada Ltd.; Scholastic Canada; SCHOLASTIC CANADA LIMITED
Cape Freels Heritage Trust Inc.,cape freels heritage trust,Cape Freels Heritage Trust Inc.,cape freels heritage trust,30,2217450.04,same name (printings),,"printed differently: case, punctuation, apostrophes, spacing or legal suffix","Cape Freels Heritage Trust Inc; CAPE FREELS HERITAGE TRUST INC.; Cape Freels Heritage Trust; Cape Freels Heritage Trust, Inc.; Cape Freels Heritage Trust. Inc."
Marsh Canada Limited,marsh canada,Marsh Canada Limited,marsh canada,5,2216545.8,same name (printings),,"printed differently: case, punctuation, apostrophes, spacing or legal suffix",Marsh Canada LTD; Marsh Canada
SUPERIOR OFFICE INTERIORS LTD,superior office interiors,SUPERIOR OFFICE INTERIORS LTD,superior office interiors,70,2215630.42,same name (printings),,"printed differently: case, punctuation, apostrophes, spacing or legal suffix",Superior Office Interiors; SUPERIOR OFFICE INTERIORS LTD.; Superior Office Interiors Limited; Superior Office Interiors Ltd.; SUPERIOR OFFICE INTERIORS; Superior Office Interiors Ltd; SUPERIOR OFFICE INTERIORS LIMITED
PENNECON ENERGY HYDRAULIC SYSTEMS,pennecon energy hydraulic systems,PENNECON ENERGY HYDRAULIC SYSTEMS,pennecon energy hydraulic systems,67,2208521.91,same name (printings),,"printed differently: case, punctuation, apostrophes, spacing or legal suffix",Pennecon Energy Hydraulic Systems; Pennecon Energy Hydraulic Systems Limited
"ARTS AND CULTURE CENTRES, PROVINCE OF NEWFOUNDLAND AND LABRADOR",arts and culture centres province of newfoundland and labrador,"ARTS AND CULTURE CENTRES, PROVINCE OF NEWFOUNDLAND AND LABRADOR",arts and culture centres province of newfoundland and labrador,14,2201000.0,same name (printings),,"printed differently: case, punctuation, apostrophes, spacing or legal suffix","Arts and Culture Centres, Province of Newfoundland and Labrador; Arts And Culture Centres, Province of Newfoundland and Labrador"
"Thrive, CYN St. John's Inc.",thrive cyn st johns,"Thrive, CYN St. John's Inc.",thrive cyn st johns,13,2199208.0,same name (printings),,"printed differently: case, punctuation, apostrophes, spacing or legal suffix","THRIVE CYN ST. JOHN'S, INC.; Thrive CYN St. John's Inc.; Thrive CYN St. John's Inc; Thrive CYN St John's Inc"
The Wilds at Salmonier River Inc.,wilds at salmonier river,The Wilds at Salmonier River Inc.,wilds at salmonier river,18,2195711.0,same name (printings),,"printed differently: case, punctuation, apostrophes, spacing or legal suffix",The Wilds at Salmonier River Inc; Wilds at Salmonier River Inc. (The)
BROOK CONSTRUCTION (2007) INC.,brook construction 2007,BROOK CONSTRUCTION (2007) INC.,brook construction 2007,14,2188126.1,same name (printings),,"printed differently: case, punctuation, apostrophes, spacing or legal suffix",Brook Construction (2007) Inc.; Brook Construction (2007) Inc; Brook Construction (2007) Ltd.; Brook Construction (2007)
"St. John's International Women's Film Festival, Inc.",st johns international womens film festival,"St. John's International Women's Film Festival, Inc.",st johns international womens film festival,29,2175467.0,same name (printings),,"printed differently: case, punctuation, apostrophes, spacing or legal suffix","ST. JOHN'S INTERNATIONAL WOMEN'S FILM FESTIVAL, INC.; St John's International Women's Film Festival Inc; St. John's International Women's Film Festival Inc.; St. John’s International Women’s Film Festival, Inc.; St. John's International Women's Film Festival; St. John's International Women's Film Festival Inc"
Kongsberg,kongsberg,Kongsberg,kongsberg,58,2174200.15,same name (printings),,"printed differently: case, punctuation, apostrophes, spacing or legal suffix",KONGSBERG
Glamox Inc.,glamox,Glamox Inc.,glamox,12,2160224.61,same name (printings),,"printed differently: case, punctuation, apostrophes, spacing or legal suffix",Glamox Inc; GLAMOX INC; GLAMOX; GLAMOX INCORPORATED
MIDSHORE CONSTRUCTION LIMITED,midshore construction,MIDSHORE CONSTRUCTION LIMITED,midshore construction,7,2153437.18,same name (printings),,"printed differently: case, punctuation, apostrophes, spacing or legal suffix",Midshore Construction Limited; Midshore Construction Limited.
44980 Newfoundland Inc,44980 newfoundland,44980 Newfoundland Inc,44980 newfoundland,9,2151197.36,same name (printings),,"printed differently: case, punctuation, apostrophes, spacing or legal suffix",44980 NEWFOUNDLAND INC; 44980 (Nfld) Inc.; 44980 NFLD Inc.; 44980 Newfoundland Inc.
Shorefast Social Enterprises Inc.,shorefast social enterprises,Shorefast Social Enterprises Inc.,shorefast social enterprises,5,2140000.0,same name (printings),,"printed differently: case, punctuation, apostrophes, spacing or legal suffix",Shorefast Social Enterprises Inc
ROOFTECH SYSTEMS LTD.,rooftech systems,ROOFTECH SYSTEMS LTD.,rooftech systems,4,2133046.89,same name (printings),,"printed differently: case, punctuation, apostrophes, spacing or legal suffix",RoofTech Systems Ltd.
Vocera Communications INC,vocera communications,Vocera Communications INC,vocera communications,4,2126714.59,same name (printings),,"printed differently: case, punctuation, apostrophes, spacing or legal suffix",Vocera Communications Inc.; Vocera Communications
St. John's Board of Trade,st johns board of trade,St. John's Board of Trade,st johns board of trade,22,2126055.0,same name (printings),,"printed differently: case, punctuation, apostrophes, spacing or legal suffix",St. John’s Board of Trade; ST JOHN'S BOARD OF TRADE; St John's Board of Trade
ATLANTIC GROCERY DISTRIBUTORS LTD,atlantic grocery distributors,ATLANTIC GROCERY DISTRIBUTORS LTD,atlantic grocery distributors,61,2124771.56,same name (printings),,"printed differently: case, punctuation, apostrophes, spacing or legal suffix",Atlantic Grocery Distributors Ltd.; Atlantic Grocery Distributors; ATLANTIC GROCERY DISTRIBUTORS; Atlantic Grocery Distributors Ltd
ROOMS CORPORATION OF NEWFOUNDLAND AND LABRADOR (THE),rooms of newfoundland and labrador,ROOMS CORPORATION OF NEWFOUNDLAND AND LABRADOR (THE),rooms of newfoundland and labrador,10,2114019.0,same name (printings),,"printed differently: case, punctuation, apostrophes, spacing or legal suffix",Room's Corporation of Newfoundland and Labrador
Angler Solutions Inc.,angler solutions,Angler Solutions Inc.,angler solutions,21,2099769.0,same name (printings),,"printed differently: case, punctuation, apostrophes, spacing or legal suffix",Angler Solutions Inc; ANGLER SOLUTIONS INC.
Labrador North Chamber of Commerce Inc.,labrador north chamber of commerce,Labrador North Chamber of Commerce Inc.,labrador north chamber of commerce,67,2077864.84,same name (printings),,"printed differently: case, punctuation, apostrophes, spacing or legal suffix",LABRADOR NORTH CHAMBER OF COMMERCE INC; Labrador North Chamber of Commerce; LABRADOR NORTH CHAMBER OF COMMERCE
DYNAMIC CONSTRUCTION LTD,dynamic construction,DYNAMIC CONSTRUCTION LTD,dynamic construction,7,2061639.71,same name (printings),,"printed differently: case, punctuation, apostrophes, spacing or legal suffix",Dynamic Construction Ltd; Dynamic Construction
"Grant, Michael D",grant michael d,"Grant, Michael D",grant michael d,8,2060453.0,same name (printings),,"printed differently: case, punctuation, apostrophes, spacing or legal suffix","GRANT, Michael D"
Maderra Engineering Inc.,maderra engineering,Maderra Engineering Inc.,maderra engineering,25,2053945.45,same name (printings),,"printed differently: case, punctuation, apostrophes, spacing or legal suffix",MADERRA ENGINEERING INC; MADERRA ENGINEERING LTD.; Maderra Engineering Ltd; Maderra Engineering Inc
Colony of Avalon Foundation Inc.,colony of avalon foundation,Colony of Avalon Foundation Inc.,colony of avalon foundation,25,2024884.0,same name (printings),,"printed differently: case, punctuation, apostrophes, spacing or legal suffix",Colony of Avalon Foundation Incorporated; COLONY OF AVALON FOUNDATION INC.; Colony of Avalon Foundation Inc
PolyUnity Tech Inc,polyunity tech,PolyUnity Tech Inc,polyunity tech,17,2023005.0,same name (printings),,"printed differently: case, punctuation, apostrophes, spacing or legal suffix",PolyUnity Tech Inc.
ABORIGINAL CLEANERS,aboriginal cleaners,ABORIGINAL CLEANERS,aboriginal cleaners,6,2021914.49,same name (printings),,"printed differently: case, punctuation, apostrophes, spacing or legal suffix",Aboriginal Cleaners Inc.; Aboriginal Cleaners
CBCL LIMITED,cbcl,CBCL LIMITED,cbcl,36,2019024.59,same name (printings),,"printed differently: case, punctuation, apostrophes, spacing or legal suffix",CBCL; CBCL Limited
NEWFOUNDLAND HVAC LIMITED,newfoundland hvac,NEWFOUNDLAND HVAC LIMITED,newfoundland hvac,25,2014266.11,same name (printings),,"printed differently: case, punctuation, apostrophes, spacing or legal suffix",NEWFOUNDLAND HVAC LTD; Newfoundland HVAC Limited; Newfoundland HVAC Ltd.; Newfoundland Hvac Limited
Gros Morne Institute for Sustainable Tourism Inc.,gros morne institute for sustainable tourism,Gros Morne Institute for Sustainable Tourism Inc.,gros morne institute for sustainable tourism,5,2013606.0,same name (printings),,"printed differently: case, punctuation, apostrophes, spacing or legal suffix",Gros Morne Institute for Sustainable Tourism Inc
Barite Mud Services Inc.,barite mud services,Barite Mud Services Inc.,barite mud services,18,2007793.0,same name (printings),,"printed differently: case, punctuation, apostrophes, spacing or legal suffix",Barite Mud Services Inc
Central Destination Marketing Organization Inc.,central destination marketing organization,Central Destination Marketing Organization Inc.,central destination marketing organization,17,2007387.0,same name (printings),,"printed differently: case, punctuation, apostrophes, spacing or legal suffix",Central Destination Marketing Organization Inc
Target Marketing & Communications Inc.,target marketing and communications,Target Marketing & Communications Inc.,target marketing and communications,6,2003728.67,same name (printings),,"printed differently: case, punctuation, apostrophes, spacing or legal suffix",TARGET MARKETING & COMMUNICATIONS INC; Target Marketing & Communications
Gros Morne Healthy Oceans Inc.,gros morne healthy oceans,Gros Morne Healthy Oceans Inc.,gros morne healthy oceans,12,2002602.0,same name (printings),,"printed differently: case, punctuation, apostrophes, spacing or legal suffix",Gros Morne Healthy Oceans Inc; GROS MORNE HEALTHY OCEANS INC; Gros Morne Healthy Oceans
Town of Baie Verte,town of baie verte,Town of Baie Verte,town of baie verte,21,1994584.11,same name (printings),,"printed differently: case, punctuation, apostrophes, spacing or legal suffix",TOWN OF BAIE VERTE
J & E Enterprises Limited,j and e enterprises,J & E Enterprises Limited,j and e enterprises,16,1990775.01,same name (printings),,"printed differently: case, punctuation, apostrophes, spacing or legal suffix",J & E ENTERPRISES LIMITED; J & E ENTERPRISES
Fortune Bay North Family Resource Centre,fortune bay north family resource centre,Fortune Bay North Family Resource Centre,fortune bay north family resource centre,6,1990160.0,same name (printings),,"printed differently: case, punctuation, apostrophes, spacing or legal suffix",Fortune Bay North Family Resource Centre Corporation
Eastern Composite Services Inc.,eastern composite services,Eastern Composite Services Inc.,eastern composite services,21,1989647.9,same name (printings),,"printed differently: case, punctuation, apostrophes, spacing or legal suffix",EASTERN COMPOSITE SERVICES INC; Eastern Composite Services Inc; EASTERN COMPOSITE SERVICES INC.
C & T Enterprises Ltd.,c and t enterprises,C & T Enterprises Ltd.,c and t enterprises,5,1985639.8,same name (printings),,"printed differently: case, punctuation, apostrophes, spacing or legal suffix",C&T ENTERPRISES LTD.; C&T Enterprises
Allen's Fisheries Limited,allens fisheries,Allen's Fisheries Limited,allens fisheries,10,1985361.0,same name (printings),,"printed differently: case, punctuation, apostrophes, spacing or legal suffix",Allen'S Fisheries Limited; Allen's Fisheries Ltd
Town of Bishop's Falls,town of bishops falls,Town of Bishop's Falls,town of bishops falls,37,1979975.29,same name (printings),,"printed differently: case, punctuation, apostrophes, spacing or legal suffix",TOWN OF BISHOP'S FALLS; Town of Bishop’s Falls; Town of Bishops Falls
P D Industries Ltd,p d industries,P D Industries Ltd,p d industries,7,1977217.5,same name (printings),,"printed differently: case, punctuation, apostrophes, spacing or legal suffix",P.D. INDUSTRIES LTD; P.D. Industries Ltd.
Tourism Elliston Inc.,tourism elliston,Tourism Elliston Inc.,tourism elliston,28,1958838.0,same name (printings),,"printed differently: case, punctuation, apostrophes, spacing or legal suffix",Tourism Elliston Inc; TOURISM ELLISTON INC.; Tourism Elliston
CAHILL TECHNICAL SERVICES,cahill technical services,CAHILL TECHNICAL SERVICES,cahill technical services,32,1957616.32,same name (printings),,"printed differently: case, punctuation, apostrophes, spacing or legal suffix",Cahill Technical Services
75961 Newfoundland & Labrador Inc.,75961 newfoundland and labrador,75961 Newfoundland & Labrador Inc.,75961 newfoundland and labrador,13,1953436.04,same name (printings),,"printed differently: case, punctuation, apostrophes, spacing or legal suffix",75961 Newfoundland and Labrador Inc
St. Anthony Port Authority Inc.,st anthony port authority,St. Anthony Port Authority Inc.,st anthony port authority,17,1925589.0,same name (printings),,"printed differently: case, punctuation, apostrophes, spacing or legal suffix",St. Anthony Port Authority Inc; St. Anthony Port Authority; ST. ANTHONY PORT AUTHORITY INC; St.Anthony Port Authority; St Anthony Port Authority Inc
Netukulimk Fisheries Limited,netukulimk fisheries,Netukulimk Fisheries Limited,netukulimk fisheries,6,1917500.0,same name (printings),,"printed differently: case, punctuation, apostrophes, spacing or legal suffix",Netukulimk Fisheries Ltd
68028 NEWFOUNDLAND &,68028 newfoundland and,68028 NEWFOUNDLAND &,68028 newfoundland and,79,1917216.62,same name (printings),,"printed differently: case, punctuation, apostrophes, spacing or legal suffix",68028 Newfoundland &
NEWFOUNDLAND MULTI-FOODS LTD.,newfoundland multi foods,NEWFOUNDLAND MULTI-FOODS LTD.,newfoundland multi foods,8,1898273.0,same name (printings),,"printed differently: case, punctuation, apostrophes, spacing or legal suffix",Newfoundland Multi-Foods Ltd.; Newfoundland Multi-Foods Ltd
Skilled Trades Training Inc.,skilled trades training,Skilled Trades Training Inc.,skilled trades training,3,1894992.0,same name (printings),,"printed differently: case, punctuation, apostrophes, spacing or legal suffix",Skilled Trades Training Inc
EFCO ENTERPRISES LTD.,efco enterprises,EFCO ENTERPRISES LTD.,efco enterprises,56,1892256.41,same name (printings),,"printed differently: case, punctuation, apostrophes, spacing or legal suffix",EFCO ENTERPRISES LTD; EFCO ENTERPRISES LIMITED; EFCO Enterprises Ltd.; Efco Enterprises Ltd
Bell Island Support Network Inc,bell island support network,Bell Island Support Network Inc,bell island support network,3,1891090.0,same name (printings),,"printed differently: case, punctuation, apostrophes, spacing or legal suffix","Bell Island Support Network, Inc."
JRAS Medical Inc.,jras medical,JRAS Medical Inc.,jras medical,26,1888016.7,same name (printings),,"printed differently: case, punctuation, apostrophes, spacing or legal suffix",JRAS Medical Inc
Radient360 Solutions Inc.,radient360 solutions,Radient360 Solutions Inc.,radient360 solutions,14,1885695.0,same name (printings),,"printed differently: case, punctuation, apostrophes, spacing or legal suffix",Radient360 Solutions Inc
FFAW CAW,ffaw caw,FFAW CAW,ffaw caw,11,1877489.35,same name (printings),,"printed differently: case, punctuation, apostrophes, spacing or legal suffix",Ffaw Caw; FFAW-CAW
Town of Holyrood,town of holyrood,Town of Holyrood,town of holyrood,29,1870278.68,same name (printings),,"printed differently: case, punctuation, apostrophes, spacing or legal suffix",TOWN OF HOLYROOD
Stryker Canada ULC,stryker canada,Stryker Canada ULC,stryker canada,13,1846836.89,same name (printings),,"printed differently: case, punctuation, apostrophes, spacing or legal suffix",Stryker Canada
HARVEYS OIL,harveys oil,HARVEYS OIL,harveys oil,67,1840990.71,same name (printings),,"printed differently: case, punctuation, apostrophes, spacing or legal suffix",Harvey's Oil Limited; Harvey's Oil Ltd; Harvey's Oil
UEUSHUK FISHERIES LTD,ueushuk fisheries,UEUSHUK FISHERIES LTD,ueushuk fisheries,15,1831548.01,same name (printings),,"printed differently: case, punctuation, apostrophes, spacing or legal suffix",Ueushuk Fisheries Ltd
Stellar Properties Inc.,stellar properties,Stellar Properties Inc.,stellar properties,8,1830000.0,same name (printings),,"printed differently: case, punctuation, apostrophes, spacing or legal suffix",Stellar Properties Inc
Newfoundland & Labrador Snowmobile Federation Inc.,newfoundland and labrador snowmobile federation,Newfoundland & Labrador Snowmobile Federation Inc.,newfoundland and labrador snowmobile federation,11,1826335.0,same name (printings),,"printed differently: case, punctuation, apostrophes, spacing or legal suffix","Newfoundland & Labrador Snowmobile Federation, Inc.; Newfoundland and Labrador Snowmobile Federation Inc; Newfoundland & Labrador Snowmobile Federation"
HAMPIDJAN CANADA LTD,hampidjan canada,HAMPIDJAN CANADA LTD,hampidjan canada,64,1818927.14,same name (printings),,"printed differently: case, punctuation, apostrophes, spacing or legal suffix",Hampidjan Canada Ltd; Hampidjan Canada Ltd.
Ability Employment Corporation,ability employment,Ability Employment Corporation,ability employment,17,1806595.0,same name (printings),,"printed differently: case, punctuation, apostrophes, spacing or legal suffix",Ability Employment Corporation Inc.; Ability Employment Corporation Inc
Ampelmann Canada Limited,ampelmann canada,Ampelmann Canada Limited,ampelmann canada,3,1798000.0,same name (printings),,"printed differently: case, punctuation, apostrophes, spacing or legal suffix",AMPELMANN CANADA LIMITED
TRIWARE TECHNOLOGIES INCORPORATED,triware technologies,TRIWARE TECHNOLOGIES INCORPORATED,triware technologies,361,1797702.01,same name (printings),,"printed differently: case, punctuation, apostrophes, spacing or legal suffix",Triware Technologies Incorporated; Triware Technologies; Triware Technologies Inc.; Triware Technologies Inc; TRIWARE TECHNOLOGIES INC; TRIWARE TECHNOLOGIES INC.
City Hotels Limited,city hotels,City Hotels Limited,city hotels,7,1790218.02,same name (printings),,"printed differently: case, punctuation, apostrophes, spacing or legal suffix",City Hotels Limited o/a Marystown Hotel & Convention Centre; city hotels
Tangly Whales Inc.,tangly whales,Tangly Whales Inc.,tangly whales,21,1790100.0,same name (printings),,"printed differently: case, punctuation, apostrophes, spacing or legal suffix","Tangly Whales Inc; TANGLY WHALES INC.; Tangly Whales, Inc.; Tangly Whales, Inc"
Signal Hill Tattoo Association Inc.,signal hill tattoo association,Signal Hill Tattoo Association Inc.,signal hill tattoo association,21,1776606.0,same name (printings),,"printed differently: case, punctuation, apostrophes, spacing or legal suffix","Signal Hill Tattoo Association Inc; SIGNAL HILL TATTOO ASSOCIATION INC; Signal Hill Tattoo Association, Inc; Signal Hill Tattoo Association, Inc."
Mills Law,mills law,Mills Law,mills law,5,1771818.94,same name (printings),,"printed differently: case, punctuation, apostrophes, spacing or legal suffix",MILLS LAW
alooki Technology Inc.,alooki technology,alooki Technology Inc.,alooki technology,19,1770807.0,same name (printings),,"printed differently: case, punctuation, apostrophes, spacing or legal suffix",alooki technology inc.; Alooki Technology Inc; Alooki Technology Inc.
"BERTOLO, Robert F",bertolo robert f,"BERTOLO, Robert F",bertolo robert f,4,1770144.0,same name (printings),,"printed differently: case, punctuation, apostrophes, spacing or legal suffix","Bertolo, Robert F"
Bio-Rad Laboratories Canada,bio rad laboratories canada,Bio-Rad Laboratories Canada,bio rad laboratories canada,3,1768056.0,same name (printings),,"printed differently: case, punctuation, apostrophes, spacing or legal suffix",BIO-RAD LABORATORIES (CANADA) LTD.; Bio-Rad Laboratories (Canada) Ltd
Newfoundland and Labrador Outfitters Association Inc.,newfoundland and labrador outfitters association,Newfoundland and Labrador Outfitters Association Inc.,newfoundland and labrador outfitters association,12,1767602.0,same name (printings),,"printed differently: case, punctuation, apostrophes, spacing or legal suffix",Newfoundland & Labrador Outfitters Association; Newfoundland and Labrador Outfitters Association; Newfoundland and Labrador Outfitters Association Inc
Olympus Canada,olympus canada,Olympus Canada,olympus canada,6,1753423.56,same name (printings),,"printed differently: case, punctuation, apostrophes, spacing or legal suffix",Olympus Canada Inc; Olympus Canada Inc.
Brenton Investments Limited,brenton investments,Brenton Investments Limited,brenton investments,12,1751630.57,same name (printings),,"printed differently: case, punctuation, apostrophes, spacing or legal suffix",BRENTON INVESTMENTS LTD; Brenton Investments Ltd.
ONX ENTERPRISE SOLUTIONS LTD,onx enterprise solutions,ONX ENTERPRISE SOLUTIONS LTD,onx enterprise solutions,22,1750087.16,same name (printings),,"printed differently: case, punctuation, apostrophes, spacing or legal suffix",OnX Enterprise Solutions; OnX Enterprise Solutions Limited; ONX Enterprise Solutions; ONX Enterprise Solutions Inc.; ONX ENTERPRISE SOLUTIONS LIMITED; ONX Enterprise Solutions Inc; ONX Enterprise Solutions Ltd
MESSY CLEANERS,messy cleaners,MESSY CLEANERS,messy cleaners,13,1747291.41,same name (printings),,"printed differently: case, punctuation, apostrophes, spacing or legal suffix",MESSY CLEANERS INC; Messy Cleaners Inc; Messy Cleaners; Messy Cleaners Inc.
Ocean Investments Limited,ocean investments,Ocean Investments Limited,ocean investments,11,1747159.02,same name (printings),,"printed differently: case, punctuation, apostrophes, spacing or legal suffix",OCEAN INVESTMENTS LIMITED
CAPITAL MOTORS (2004) LTD.,capital motors 2004,CAPITAL MOTORS (2004) LTD.,capital motors 2004,19,1742500.0,same name (printings),,"printed differently: case, punctuation, apostrophes, spacing or legal suffix",CAPITAL MOTORS (2004) LTD
Notre Dame Bay Mussel Farms Inc.,notre dame bay mussel farms,Notre Dame Bay Mussel Farms Inc.,notre dame bay mussel farms,11,1720671.0,same name (printings),,"printed differently: case, punctuation, apostrophes, spacing or legal suffix",Notre Dame Bay Mussel Farms Inc
Seamatica Aerospace Limited,seamatica aerospace,Seamatica Aerospace Limited,seamatica aerospace,15,1713766.0,same name (printings),,"printed differently: case, punctuation, apostrophes, spacing or legal suffix",Seamatica Aerospace Ltd
Notre Dame Seafoods Inc.,notre dame seafoods,Notre Dame Seafoods Inc.,notre dame seafoods,7,1709197.98,same name (printings),,"printed differently: case, punctuation, apostrophes, spacing or legal suffix",Notre Dame Seafoods Inc
PragmaClin Research Inc.,pragmaclin research,PragmaClin Research Inc.,pragmaclin research,27,1694803.42,same name (printings),,"printed differently: case, punctuation, apostrophes, spacing or legal suffix",PragmaClin Research Inc
Crosbie Salamis Limited,crosbie salamis,Crosbie Salamis Limited,crosbie salamis,11,1691000.0,same name (printings),,"printed differently: case, punctuation, apostrophes, spacing or legal suffix",CROSBIE SALAMIS LTD; Crosbie Salamis Ltd
Commissionaires,commissionaires,Commissionaires,commissionaires,10,1690123.84,same name (printings),,"printed differently: case, punctuation, apostrophes, spacing or legal suffix",COMMISSIONAIRES; commissionaires
WAJAX POWER SYSTEMS,wajax power systems,WAJAX POWER SYSTEMS,wajax power systems,57,1689844.2,same name (printings),,"printed differently: case, punctuation, apostrophes, spacing or legal suffix",Wajax Power Systems
Brenntag Canada Inc.,brenntag canada,Brenntag Canada Inc.,brenntag canada,81,1673308.28,same name (printings),,"printed differently: case, punctuation, apostrophes, spacing or legal suffix",Brenntag Canada Ltd; Brenntag Canada Inc; Brenntag Canada
Music Industry Association of Newfoundland and Labrador Inc.,music industry association of newfoundland and labrador,Music Industry Association of Newfoundland and Labrador Inc.,music industry association of newfoundland and labrador,21,1663143.0,same name (printings),,"printed differently: case, punctuation, apostrophes, spacing or legal suffix",Music Industry Association of Newfoundland and Labrador Inc
LGM Canada Corp,lgm canada,LGM Canada Corp,lgm canada,9,1650000.0,same name (printings),,"printed differently: case, punctuation, apostrophes, spacing or legal suffix",LGM CANADA CORP.; LGM CANADA
Martak Canada (2000) Ltd.,martak canada 2000,Martak Canada (2000) Ltd.,martak canada 2000,8,1647538.0,same name (printings),,"printed differently: case, punctuation, apostrophes, spacing or legal suffix",Martak Canada (2000) Ltd
3 T's Limited,3 ts,3 T's Limited,3 ts,10,1647116.42,same name (printings),,"printed differently: case, punctuation, apostrophes, spacing or legal suffix",3 T'S Limited; 3 T's Ltd.
Labrador Gem Seafood Incorporated,labrador gem seafood,Labrador Gem Seafood Incorporated,labrador gem seafood,25,1640384.6,same name (printings),,"printed differently: case, punctuation, apostrophes, spacing or legal suffix",Labrador Gem Seafood Inc.; LABRADOR GEM SEAFOOD INCORPORATED; Labrador Gem Seafood Inc
"Ploughman, Michelle E",ploughman michelle e,"Ploughman, Michelle E",ploughman michelle e,7,1639530.0,same name (printings),,"printed differently: case, punctuation, apostrophes, spacing or legal suffix","PLOUGHMAN, Michelle E"
Brothers and Associates Law Offices,brothers and associates law offices,Brothers and Associates Law Offices,brothers and associates law offices,4,1636967.5,same name (printings),,"printed differently: case, punctuation, apostrophes, spacing or legal suffix",BROTHERS & ASSOCIATES LAW OFFICES
TERRA SERVICES INC,terra services,TERRA SERVICES INC,terra services,31,1626192.78,same name (printings),,"printed differently: case, punctuation, apostrophes, spacing or legal suffix",Terra Services Inc; Terra Services Inc.; TERRA SERVICES INC.
AIDS Committee of Newfoundland and Labrador,aids committee of newfoundland and labrador,AIDS Committee of Newfoundland and Labrador,aids committee of newfoundland and labrador,11,1625117.0,same name (printings),,"printed differently: case, punctuation, apostrophes, spacing or legal suffix",AIDS Committee of Newfoundland & Labrador; AIDS Committee of Newfoundland and Labrador Inc.
Steris Canada,steris canada,Steris Canada,steris canada,10,1622677.01,same name (printings),,"printed differently: case, punctuation, apostrophes, spacing or legal suffix",Steris Canada Inc.; STERIS CANADA
Town of Pouch Cove,town of pouch cove,Town of Pouch Cove,town of pouch cove,13,1604375.0,same name (printings),,"printed differently: case, punctuation, apostrophes, spacing or legal suffix",TOWN OF POUCH COVE
MODERN PAVING LIMITED,modern paving,MODERN PAVING LIMITED,modern paving,6,1603373.52,same name (printings),,"printed differently: case, punctuation, apostrophes, spacing or legal suffix",MODERN PAVING LTD.; Modern Paving Limited
Eastern Health,eastern health,Eastern Health,eastern health,4,1592817.0,same name (printings),,"printed differently: case, punctuation, apostrophes, spacing or legal suffix",EASTERN HEALTH
Les Editions CEC,les editions cec,Les Editions CEC,les editions cec,10,1592247.4,same name (printings),,"printed differently: case, punctuation, apostrophes, spacing or legal suffix",Les Editions CEC Inc; LES EDITIONS CEC INC
"SEL Schweitzer Laboratories, Inc.",sel schweitzer laboratories,"SEL Schweitzer Laboratories, Inc.",sel schweitzer laboratories,42,1588992.86,same name (printings),,"printed differently: case, punctuation, apostrophes, spacing or legal suffix","SEL Schweitzer Laboratories, Inc"
St. Barbe Development Association,st barbe development association,St. Barbe Development Association,st barbe development association,39,1587693.0,same name (printings),,"printed differently: case, punctuation, apostrophes, spacing or legal suffix",ST. BARBE DEVELOPMENT ASSOCIATION; St Barbe Development Association
Gouldings' Wholesale Limited,gouldings wholesale,Gouldings' Wholesale Limited,gouldings wholesale,12,1575981.0,same name (printings),,"printed differently: case, punctuation, apostrophes, spacing or legal suffix",Goulding's Wholesale Limited; Gouldings' Wholesale Ltd
The Doctor's House Inn and Spa Ltd.,doctors house inn and spa,The Doctor's House Inn and Spa Ltd.,doctors house inn and spa,15,1574584.0,same name (printings),,"printed differently: case, punctuation, apostrophes, spacing or legal suffix",The Doctor's House Inn and Spa; The Doctor’s House Inn and Spa Ltd.; The Doctor's House Inn & Spa
IBM Canada Limited,ibm canada,IBM Canada Limited,ibm canada,6,1571624.64,same name (printings),,"printed differently: case, punctuation, apostrophes, spacing or legal suffix",IBM Canada
TOWN OF NEW-WES-VALLEY,town of new wes valley,TOWN OF NEW-WES-VALLEY,town of new wes valley,10,1567439.0,same name (printings),,"printed differently: case, punctuation, apostrophes, spacing or legal suffix",Town of New-Wes-Valley
Locke's Electrical Limited,lockes electrical,Locke's Electrical Limited,lockes electrical,12,1564781.15,same name (printings),,"printed differently: case, punctuation, apostrophes, spacing or legal suffix",LOCKE'S ELECTRICAL LIMITED; Locke's Electrical Ltd.
Dialog Enterprises Inc.,dialog enterprises,Dialog Enterprises Inc.,dialog enterprises,15,1560632.0,same name (printings),,"printed differently: case, punctuation, apostrophes, spacing or legal suffix",Dialog Enterprises Inc
Clayton Hospitality Inc.,clayton hospitality,Clayton Hospitality Inc.,clayton hospitality,7,1555212.0,same name (printings),,"printed differently: case, punctuation, apostrophes, spacing or legal suffix",Clayton Hospitality Inc; CLAYTON HOSPITALITY INC.
JORDAN CONSTRUCTION LIMITED,jordan construction,JORDAN CONSTRUCTION LIMITED,jordan construction,5,1548861.78,same name (printings),,"printed differently: case, punctuation, apostrophes, spacing or legal suffix",Jordan Construction Ltd.; Jordan Construction Limited
Torngat Wildlife Plants and Fisheries Secretariat,torngat wildlife plants and fisheries secretariat,Torngat Wildlife Plants and Fisheries Secretariat,torngat wildlife plants and fisheries secretariat,11,1548718.0,same name (printings),,"printed differently: case, punctuation, apostrophes, spacing or legal suffix","Torngat Wildlife, Plants and Fisheries Secretariat; Torngat Wildlife, Plants And Fisheries Secretariat; Torngat Wildlife Plants & Fisheries Secretariat"
C & W Offshore Ltd.,c and w offshore,C & W Offshore Ltd.,c and w offshore,9,1547123.55,same name (printings),,"printed differently: case, punctuation, apostrophes, spacing or legal suffix",C & W OFFSHORE
PENNECON TECHNICAL SERVICES,pennecon technical services,PENNECON TECHNICAL SERVICES,pennecon technical services,39,1545130.79,same name (printings),,"printed differently: case, punctuation, apostrophes, spacing or legal suffix",Pennecon Technical Services Ltd.; PENNECON TECHNICAL SERVICES LTD; Pennecon Technical Services Ltd; Pennecon Technical Services
Northern Lights Seafood Inc.,northern lights seafood,Northern Lights Seafood Inc.,northern lights seafood,7,1545050.0,same name (printings),,"printed differently: case, punctuation, apostrophes, spacing or legal suffix",Northern Lights Seafood Inc
GFI Composites Ltd.,gfi composites,GFI Composites Ltd.,gfi composites,20,1534333.5,same name (printings),,"printed differently: case, punctuation, apostrophes, spacing or legal suffix",GFI Composites Limited; GFI Composites Ltd; GFI COMPOSITES LTD; Gfi Composites Ltd
Town of Paradise,town of paradise,Town of Paradise,town of paradise,33,1530197.44,same name (printings),,"printed differently: case, punctuation, apostrophes, spacing or legal suffix",TOWN OF PARADISE
Leica Microsystems (Canada) Inc.,leica microsystems canada,Leica Microsystems (Canada) Inc.,leica microsystems canada,11,1526232.15,same name (printings),,"printed differently: case, punctuation, apostrophes, spacing or legal suffix",Leica Microsystems Canada; Leica Microsystems Canada Ltd.
Aerospace and Defence Industry Association of Newfoundland and Labrador Inc.,aerospace and defence industry association of newfoundland and labrador,Aerospace and Defence Industry Association of Newfoundland and Labrador Inc.,aerospace and defence industry association of newfoundland and labrador,12,1518787.0,same name (printings),,"printed differently: case, punctuation, apostrophes, spacing or legal suffix",Aerospace and Defence Industry Association of NL
Canada Post,canada post,Canada Post,canada post,593,1502573.38,same name (printings),,"printed differently: case, punctuation, apostrophes, spacing or legal suffix",Canada post; canada post; Canada Post Corporation; CANADA POST CORPORATION; Canada POst
Baxter Corporation,baxter,Baxter Corporation,baxter,5,1487148.33,same name (printings),,"printed differently: case, punctuation, apostrophes, spacing or legal suffix",Baxter
P.F. Collins Customs Broker Ltd.,p f collins customs broker,P.F. Collins Customs Broker Ltd.,p f collins customs broker,6,1487052.0,same name (printings),,"printed differently: case, punctuation, apostrophes, spacing or legal suffix",P.F. Collins Customs Broker Limited
GIBBONS SNOW ARCHITECTS,gibbons snow architects,GIBBONS SNOW ARCHITECTS,gibbons snow architects,19,1479111.09,same name (printings),,"printed differently: case, punctuation, apostrophes, spacing or legal suffix",Gibbons Snow Architects; Gibbons Snow Architects Inc.; Gibbons Snow Architects (GSA); Gibbons Snow Architects Inc
Norris Arm Heritage Society Inc.,norris arm heritage society,Norris Arm Heritage Society Inc.,norris arm heritage society,18,1476268.0,same name (printings),,"printed differently: case, punctuation, apostrophes, spacing or legal suffix",NORRIS ARM HERITAGE SOCIETY INC.; Norris Arm Heritage Society Inc; Norris Arm Heritage Society
Bonavista Area Chamber of Commerce Inc.,bonavista area chamber of commerce,Bonavista Area Chamber of Commerce Inc.,bonavista area chamber of commerce,13,1467988.0,same name (printings),,"printed differently: case, punctuation, apostrophes, spacing or legal suffix",Bonavista Area Chamber of Commerce Inc
Exploits Valley Air Services Ltd.,exploits valley air services,Exploits Valley Air Services Ltd.,exploits valley air services,8,1467953.75,same name (printings),,"printed differently: case, punctuation, apostrophes, spacing or legal suffix",EXPLOITS VALLEY AIR SERVICES LTD
Newfoundland and Labrador Sexual Assault Crisis and Prevention Centre Inc.,newfoundland and labrador sexual assault crisis and prevention centre,Newfoundland and Labrador Sexual Assault Crisis and Prevention Centre Inc.,newfoundland and labrador sexual assault crisis and prevention centre,16,1463847.0,same name (printings),,"printed differently: case, punctuation, apostrophes, spacing or legal suffix","NL Sexual Assault Crisis and Prevention Centre; NEWFOUNDLAND AND LABRADOR SEXUAL ASSAULT CRISIS AND PREVENTION CENTRE INC.; Newfoundland and Labrador Sexual Assault Crisis and Prevention Centre (NLSACPC); NL SEXUAL ASSAULT CRISIS AND PREVENTION CENTRE, INC.; Newfoundland and Labrador Sexual Assault Crisis and Prevention Centre Inc"
NORTHEAST AVALON ACAP INC,northeast avalon acap,NORTHEAST AVALON ACAP INC,northeast avalon acap,12,1462803.25,same name (printings),,"printed differently: case, punctuation, apostrophes, spacing or legal suffix","Northeast Avalon ACAP, Inc; Northeast Avalon ACAP Inc; Northeast Avalon Acap Inc.; Northeast Avalon ACAP Inc.; Northeast Avalon ACAP; NORTHEAST AVALON ACAP, INC; Northeast Avalon Acap Inc"
HICKMAN MOTORS LIMITED,hickman motors,HICKMAN MOTORS LIMITED,hickman motors,50,1459393.52,same name (printings),,"printed differently: case, punctuation, apostrophes, spacing or legal suffix",Hickman Motors Limited; Hickman Motors Limited o/a Hickman Truck Centre; Hickman Motors Ltd; Hickman Motors; Hickman Motors Limited o/a Hickman Automotive Group; HICKMAN MOTORS
3 POINTS AVIATION,3 points aviation,3 POINTS AVIATION,3 points aviation,13,1453154.52,same name (printings),,"printed differently: case, punctuation, apostrophes, spacing or legal suffix",3 Points Aviation Corporation
Town of St. Anthony,town of st anthony,Town of St. Anthony,town of st anthony,26,1448030.19,same name (printings),,"printed differently: case, punctuation, apostrophes, spacing or legal suffix",TOWN OF ST. ANTHONY; Town of St Anthony
Gander and Area Chamber of Commerce Inc.,gander and area chamber of commerce,Gander and Area Chamber of Commerce Inc.,gander and area chamber of commerce,36,1443175.5,same name (printings),,"printed differently: case, punctuation, apostrophes, spacing or legal suffix",GANDER AND AREA CHAMBER OF COMMERCE INC; Gander and Area Chamber of Commerce; Gander & Area Chamber of Commerce; Gander & Area Chamber of Commerce Inc.
Allstar Rebar Limited,allstar rebar,Allstar Rebar Limited,allstar rebar,7,1426500.0,same name (printings),,"printed differently: case, punctuation, apostrophes, spacing or legal suffix",Allstar Rebar Ltd.
Shukapesh Construction Limited,shukapesh construction,Shukapesh Construction Limited,shukapesh construction,8,1425351.0,same name (printings),,"printed differently: case, punctuation, apostrophes, spacing or legal suffix",Shukapesh Construction Ltd
Merasheen Oyster Farms Inc.,merasheen oyster farms,Merasheen Oyster Farms Inc.,merasheen oyster farms,10,1421063.6,same name (printings),,"printed differently: case, punctuation, apostrophes, spacing or legal suffix",Merasheen Oyster Farms Inc
Sir Wilfred Thomason Grenfell Historical Society,sir wilfred thomason grenfell historical society,Sir Wilfred Thomason Grenfell Historical Society,sir wilfred thomason grenfell historical society,19,1414203.97,same name (printings),,"printed differently: case, punctuation, apostrophes, spacing or legal suffix",SIR WILFRED THOMASON GRENFELL HISTORICAL SOCIETY
Town of Long Harbour - Mount Arlington Heights,town of long harbour mount arlington heights,Town of Long Harbour - Mount Arlington Heights,town of long harbour mount arlington heights,7,1413121.64,same name (printings),,"printed differently: case, punctuation, apostrophes, spacing or legal suffix",Town of Long Harbour-Mount Arlington Heights
"MICHALAK, Thomas I",michalak thomas i,"MICHALAK, Thomas I",michalak thomas i,2,1409759.0,same name (printings),,"printed differently: case, punctuation, apostrophes, spacing or legal suffix","Michalak, Thomas I"
Abbott Laboratories,abbott laboratories,Abbott Laboratories,abbott laboratories,5,1404348.81,same name (printings),,"printed differently: case, punctuation, apostrophes, spacing or legal suffix",Abbott Laboratories CO
Gros Morne Summer Music Inc.,gros morne summer music,Gros Morne Summer Music Inc.,gros morne summer music,25,1404209.75,same name (printings),,"printed differently: case, punctuation, apostrophes, spacing or legal suffix",GROS MORNE SUMMER MUSIC INC.; Gros Morne Summer Music; Gros Morne Summer Music Inc
Town of Botwood,town of botwood,Town of Botwood,town of botwood,16,1403420.0,same name (printings),,"printed differently: case, punctuation, apostrophes, spacing or legal suffix",TOWN OF BOTWOOD
NavSim Technology Incorporated,navsim technology,NavSim Technology Incorporated,navsim technology,7,1403067.0,same name (printings),,"printed differently: case, punctuation, apostrophes, spacing or legal suffix",NavSim Technology Inc.
EMPOWERING INDIGENOUS WOMEN FOR STRONGER COMMUNITIES,empowering indigenous women for stronger communities,EMPOWERING INDIGENOUS WOMEN FOR STRONGER COMMUNITIES,empowering indigenous women for stronger communities,8,1400024.76,same name (printings),,"printed differently: case, punctuation, apostrophes, spacing or legal suffix",Empowering Indigenous Women for Stronger Communities Inc.; Empowering Indigenous Women For Stronger Communities; EMPOWERING INDIGENOUS WOMEN FOR STRONGER COMMUNITIES INC.; Empowering Indigenous Women for Stronger Communities Inc
Canadian Parks and Wilderness Society,canadian parks and wilderness society,Canadian Parks and Wilderness Society,canadian parks and wilderness society,14,1397326.0,same name (printings),,"printed differently: case, punctuation, apostrophes, spacing or legal suffix",CANADIAN PARKS AND WILDERNESS SOCIETY; Canadian Parks & Wilderness Society
The Community Education Network For Southwestern NF,community education network for southwestern nf,The Community Education Network For Southwestern NF,community education network for southwestern nf,9,1389491.0,same name (printings),,"printed differently: case, punctuation, apostrophes, spacing or legal suffix",The Community Education Network for Southwestern NF
GREENS PRIDE LIMITED,greens pride,GREENS PRIDE LIMITED,greens pride,8,1387945.6,same name (printings),,"printed differently: case, punctuation, apostrophes, spacing or legal suffix",Greens Pride Limited; Green’s Pride Limited; Green's Pride Limited; Greens Pride Ltd
PAULO VENTURES INC.,paulo ventures,PAULO VENTURES INC.,paulo ventures,20,1383787.97,same name (printings),,"printed differently: case, punctuation, apostrophes, spacing or legal suffix",Paulo Ventures Inc.; Paulo Ventures Inc
AVALON CONTROLS LTD,avalon controls,AVALON CONTROLS LTD,avalon controls,15,1378041.44,same name (printings),,"printed differently: case, punctuation, apostrophes, spacing or legal suffix",Avalon Controls Ltd.; Avalon Controls Ltd; AVALON CONTROLS LTD.; Avalon Controls Limited
Central Labrador Economic Development Board Inc.,central labrador economic development board,Central Labrador Economic Development Board Inc.,central labrador economic development board,7,1374935.0,same name (printings),,"printed differently: case, punctuation, apostrophes, spacing or legal suffix",Central Labrador Economic Development Board
Random North Development Association,random north development association,Random North Development Association,random north development association,5,1372009.0,same name (printings),,"printed differently: case, punctuation, apostrophes, spacing or legal suffix",Random North Development Association Incorporated
Trinity Historical Society Inc.,trinity historical society,Trinity Historical Society Inc.,trinity historical society,29,1370510.0,same name (printings),,"printed differently: case, punctuation, apostrophes, spacing or legal suffix",TRINITY HISTORICAL SOCIETY; Trinity Historical Society
LivaNova Canada Inc,livanova canada,LivaNova Canada Inc,livanova canada,4,1363080.0,same name (printings),,"printed differently: case, punctuation, apostrophes, spacing or legal suffix",LivaNova Canada Inc.; LivaNova Canada
Bursey Manufacturing Inc.,bursey manufacturing,Bursey Manufacturing Inc.,bursey manufacturing,13,1350972.13,same name (printings),,"printed differently: case, punctuation, apostrophes, spacing or legal suffix",BURSEY MANUFACTURING INC; Bursey Manufacturing Inc
ERIC TAYLOR LIMITED,eric taylor,ERIC TAYLOR LIMITED,eric taylor,8,1350016.62,same name (printings),,"printed differently: case, punctuation, apostrophes, spacing or legal suffix",Eric Taylor Limited; Eric Taylor Ltd; Eric Taylor Ltd.
SHARING OUR CULTURES INCORPORATED,sharing our cultures,SHARING OUR CULTURES INCORPORATED,sharing our cultures,27,1345881.0,same name (printings),,"printed differently: case, punctuation, apostrophes, spacing or legal suffix",Sharing Our Cultures Incorporated; Sharing our Cultures; Sharing Our Cultures; Sharing Our Cultures Inc.
Oliver POS Inc.,oliver pos,Oliver POS Inc.,oliver pos,15,1342030.75,same name (printings),,"printed differently: case, punctuation, apostrophes, spacing or legal suffix",Oliver POS Inc; Oliver Pos Inc
Corvus Tactical Aircraft Corporation,corvus tactical aircraft,Corvus Tactical Aircraft Corporation,corvus tactical aircraft,8,1339959.0,same name (printings),,"printed differently: case, punctuation, apostrophes, spacing or legal suffix",Corvus Tactical Aircraft Corp
Council of Atlantic Premiers (CAP),council of atlantic premiers,Council of Atlantic Premiers (CAP),council of atlantic premiers,8,1337726.0,same name (printings),,"printed differently: case, punctuation, apostrophes, spacing or legal suffix",Council of Atlantic Premiers; COUNCIL OF ATLANTIC PREMIERS
Terra Nova Trusses (1994) Limited,terra nova trusses 1994,Terra Nova Trusses (1994) Limited,terra nova trusses 1994,15,1336799.0,same name (printings),,"printed differently: case, punctuation, apostrophes, spacing or legal suffix",Terra Nova Trusses (1994) Ltd.
Hologic Canada ULC,hologic canada,Hologic Canada ULC,hologic canada,4,1336730.0,same name (printings),,"printed differently: case, punctuation, apostrophes, spacing or legal suffix",Hologic Canada
Eastern Analytical Limited,eastern analytical,Eastern Analytical Limited,eastern analytical,9,1334000.0,same name (printings),,"printed differently: case, punctuation, apostrophes, spacing or legal suffix",Eastern Analytical Ltd
Southern Shore Folk Arts Council Inc.,southern shore folk arts council,Southern Shore Folk Arts Council Inc.,southern shore folk arts council,33,1333568.11,same name (printings),,"printed differently: case, punctuation, apostrophes, spacing or legal suffix",Southern Shore Folk Arts Council; SOUTHERN SHORE FOLK ARTS COUNCIL INC.
CUSTOM HELICOPTERS LTD.,custom helicopters,CUSTOM HELICOPTERS LTD.,custom helicopters,8,1328076.12,same name (printings),,"printed differently: case, punctuation, apostrophes, spacing or legal suffix",Custom Helicopters Ltd.
TUNDRA SERVICES LIMITED,tundra services,TUNDRA SERVICES LIMITED,tundra services,4,1321986.01,same name (printings),,"printed differently: case, punctuation, apostrophes, spacing or legal suffix",Tundra Services Ltd.; Tundra Services Ltd; Tundra Services Limited
Environment Resources Management Association,environment resources management association,Environment Resources Management Association,environment resources management association,14,1320252.99,same name (printings),,"printed differently: case, punctuation, apostrophes, spacing or legal suffix",ENVIRONMENT RESOURCES MANAGEMENT ASSOCIATION
10112755 Canada Inc.,10112755 canada,10112755 Canada Inc.,10112755 canada,12,1318422.75,same name (printings),,"printed differently: case, punctuation, apostrophes, spacing or legal suffix",10112755 CANADA INC.; 10112755 Canada Inc
Mokami Status of Women Council,mokami status of women council,Mokami Status of Women Council,mokami status of women council,16,1313453.0,same name (printings),,"printed differently: case, punctuation, apostrophes, spacing or legal suffix",MOKAMI STATUS OF WOMEN COUNCIL
TRAYTOWN BUILDERS LTD,traytown builders,TRAYTOWN BUILDERS LTD,traytown builders,9,1310200.18,same name (printings),,"printed differently: case, punctuation, apostrophes, spacing or legal suffix",Traytown Builders Ltd.; Traytown Builders; Traytown Builders Ltd
Compass Group Canada Ltd.,compass group canada,Compass Group Canada Ltd.,compass group canada,2,1304455.22,same name (printings),,"printed differently: case, punctuation, apostrophes, spacing or legal suffix",COMPASS GROUP CANADA LTD
Con-Test,con test,Con-Test,con test,4,1293058.0,same name (printings),,"printed differently: case, punctuation, apostrophes, spacing or legal suffix",Con-Test Limited; CON-TEST
Town of Red Bay,town of red bay,Town of Red Bay,town of red bay,14,1281828.0,same name (printings),,"printed differently: case, punctuation, apostrophes, spacing or legal suffix",TOWN OF RED BAY
Wooden Boat Museum of Newfoundland and Labrador Inc.,wooden boat museum of newfoundland and labrador,Wooden Boat Museum of Newfoundland and Labrador Inc.,wooden boat museum of newfoundland and labrador,17,1277949.0,same name (printings),,"printed differently: case, punctuation, apostrophes, spacing or legal suffix",WOODEN BOAT MUSEUM OF NEWFOUNDLAND AND LABRADOR INC.; Wooden Boat Museum of Newfoundland and Labrador; Wooden Boat Museum of Newfoundland & Labrador Inc.; The Wooden Boat Museum of Newfoundland and Labrador
FOX CHALET RENTALS INC,fox chalet rentals,FOX CHALET RENTALS INC,fox chalet rentals,3,1273102.0,same name (printings),,"printed differently: case, punctuation, apostrophes, spacing or legal suffix",Fox Chalet Rentals Inc.
Humber Arm Environmental Association Inc.,humber arm environmental association,Humber Arm Environmental Association Inc.,humber arm environmental association,22,1268717.87,same name (printings),,"printed differently: case, punctuation, apostrophes, spacing or legal suffix",Humber Arm Environmental Association
K&D Pratt Group Inc.,k and d pratt group,K&D Pratt Group Inc.,k and d pratt group,17,1266536.18,same name (printings),,"printed differently: case, punctuation, apostrophes, spacing or legal suffix",K&D PRATT GROUP INC.; K & D Pratt Group Inc.; K & D PRATT GROUP INC; K&D Pratt Group Inc; K&D PRATT GROUP INC
Petty Harbour Fishermen's Producers Cooperative Society,petty harbour fishermens producers cooperative society,Petty Harbour Fishermen's Producers Cooperative Society,petty harbour fishermens producers cooperative society,10,1266385.93,same name (printings),,"printed differently: case, punctuation, apostrophes, spacing or legal suffix","Petty Harbour Fishermens' Producers Co-operative Society, Limited; Petty Harbour Fishermen's Producers Co-Operative Society; Petty Harbour Fishermens' Producers Co-operative Society Ltd; PETTY HARBOUR FISHERMEN'S PRODUCERS COOPERATIVE SOCIETY"
Women in Resource Development Inc.,women in resource development,Women in Resource Development Inc.,women in resource development,13,1258439.0,same name (printings),,"printed differently: case, punctuation, apostrophes, spacing or legal suffix",Women in Resource Development Corporation; Women In Resource Development Corporation (WRDC); Women in Resource Development Corporation (WRDC); Women in Resource Development Corp; Women in Resource Development Inc
NSB Energy Inc.,nsb energy,NSB Energy Inc.,nsb energy,2,1255566.5,same name (printings),,"printed differently: case, punctuation, apostrophes, spacing or legal suffix",NSB Energy Inc
Deloitte,deloitte,Deloitte,deloitte,6,1255000.0,same name (printings),,"printed differently: case, punctuation, apostrophes, spacing or legal suffix",Deloitte INC; Deloitte Inc.; Deloitte Inc
Newfoundland & Labrador Chamber of Mineral Resources Inc.,newfoundland and labrador chamber of mineral resources,Newfoundland & Labrador Chamber of Mineral Resources Inc.,newfoundland and labrador chamber of mineral resources,5,1253713.0,same name (printings),,"printed differently: case, punctuation, apostrophes, spacing or legal suffix",Newfoundland and Labrador Chamber of Mineral Resources Inc.
Dorset Eskimo Carving Committee Inc.,dorset eskimo carving committee,Dorset Eskimo Carving Committee Inc.,dorset eskimo carving committee,14,1252919.0,same name (printings),,"printed differently: case, punctuation, apostrophes, spacing or legal suffix",Dorset Eskimo Carving Committee Inc; Dorset Eskimo Carving Committee
Destination Labrador Inc.,destination labrador,Destination Labrador Inc.,destination labrador,7,1249608.0,same name (printings),,"printed differently: case, punctuation, apostrophes, spacing or legal suffix",Destination Labrador
WAJAX INDUSTRIAL COMPONENTS,wajax industrial components,WAJAX INDUSTRIAL COMPONENTS,wajax industrial components,32,1249591.55,same name (printings),,"printed differently: case, punctuation, apostrophes, spacing or legal suffix",WAJAX Industrial Components; Wajax Industrial Components
Nu Sea Products Inc.,nu sea products,Nu Sea Products Inc.,nu sea products,5,1245146.45,same name (printings),,"printed differently: case, punctuation, apostrophes, spacing or legal suffix",Nu Sea Products Inc
Enaimco Management Limited,enaimco management,Enaimco Management Limited,enaimco management,11,1238447.0,same name (printings),,"printed differently: case, punctuation, apostrophes, spacing or legal suffix",Enaimco Management Ltd
Saunders Equipment Ltd.,saunders equipment,Saunders Equipment Ltd.,saunders equipment,13,1238300.54,same name (printings),,"printed differently: case, punctuation, apostrophes, spacing or legal suffix",Saunders Equipment Ltd; Saunders Equipment Limited; Saunders Equipment
Quadrangle LGBTQ Community Centre Inc.,quadrangle lgbtq community centre,Quadrangle LGBTQ Community Centre Inc.,quadrangle lgbtq community centre,11,1238031.0,same name (printings),,"printed differently: case, punctuation, apostrophes, spacing or legal suffix",Quadrangle LGBTQ Community Centre Inc
Core Engineering Inc.,core engineering,Core Engineering Inc.,core engineering,12,1236761.34,same name (printings),,"printed differently: case, punctuation, apostrophes, spacing or legal suffix",CORE ENGINEERING INC; CORE Engineering Ltd.; CORE Engineering Inc.
AVALON FORD SALES 1996 LIMITED,avalon ford sales 1996,AVALON FORD SALES 1996 LIMITED,avalon ford sales 1996,24,1232314.04,same name (printings),,"printed differently: case, punctuation, apostrophes, spacing or legal suffix",Avalon Ford Sales 1996 Limited; Avalon Ford Sales 1996 Ltd
Autism Society of Newfoundland and Labrador Inc.,autism society of newfoundland and labrador,Autism Society of Newfoundland and Labrador Inc.,autism society of newfoundland and labrador,28,1227702.0,same name (printings),,"printed differently: case, punctuation, apostrophes, spacing or legal suffix",Autism Society of Newfoundland & Labrador Inc.; Autism Society of Newfoundland and Labrador; Autism Society of Newfoundland and Labrador Inc; The Autism Society of Newfoundland and Labrador; Autism Society of Newfoundland & Labrador; Autism Society of Newfoundland and Labrador (ASNL)
Norstead Village Inc.,norstead village,Norstead Village Inc.,norstead village,17,1221378.0,same name (printings),,"printed differently: case, punctuation, apostrophes, spacing or legal suffix",Norstead Village Inc
FRANCO-JEUNES DE TERRE-NEUVE ET DU LABRADOR INCORPORÉE,franco jeunes de terre neuve et du labrador incorporee,FRANCO-JEUNES DE TERRE-NEUVE ET DU LABRADOR INCORPORÉE,franco jeunes de terre neuve et du labrador incorporee,11,1221147.0,same name (printings),,"printed differently: case, punctuation, apostrophes, spacing or legal suffix",Franco-Jeunes de Terre-Neuve et du Labrador Incorporée
Labrador Hunting and Fishing Association Inc.,labrador hunting and fishing association,Labrador Hunting and Fishing Association Inc.,labrador hunting and fishing association,17,1218698.5,same name (printings),,"printed differently: case, punctuation, apostrophes, spacing or legal suffix",Labrador Hunting and Fishing Association; Labrador Hunting and Fishing Association Inc; Labrador Hunting & Fishing Association Inc.; LABRADOR HUNTING AND FISHING ASSOCIATION INC
NEWFOUNDLAND & LABRADOR HEALTH SERVICES,newfoundland and labrador health services,NEWFOUNDLAND & LABRADOR HEALTH SERVICES,newfoundland and labrador health services,7,1207765.88,same name (printings),,"printed differently: case, punctuation, apostrophes, spacing or legal suffix",NL Health Services; Newfoundland and Labrador Health Services
HealthMark,healthmark,HealthMark,healthmark,3,1204744.34,same name (printings),,"printed differently: case, punctuation, apostrophes, spacing or legal suffix",Healthmark
Abbass & McLean Construction Inc,abbass and mclean construction,Abbass & McLean Construction Inc,abbass and mclean construction,2,1200132.0,same name (printings),,"printed differently: case, punctuation, apostrophes, spacing or legal suffix",Abbass & McLean Construction Inc.
The Boys and Girls Clubs of St. John's Inc.,boys and girls clubs of st johns,The Boys and Girls Clubs of St. John's Inc.,boys and girls clubs of st johns,15,1194422.0,same name (printings),,"printed differently: case, punctuation, apostrophes, spacing or legal suffix",Boys and Girls Clubs of St. John's Inc.; Boys and Girls Clubs of St. John's; The Boys and Girls Clubs of St. John's; The Boys and Girls Clubs of St. John's Inc
Design by Analysis Engineering Inc.,design by analysis engineering,Design by Analysis Engineering Inc.,design by analysis engineering,8,1188384.0,same name (printings),,"printed differently: case, punctuation, apostrophes, spacing or legal suffix",Design by Analysis Engineering Inc; Design By Analysis Engineering Inc
Arxium,arxium,Arxium,arxium,10,1184258.82,same name (printings),,"printed differently: case, punctuation, apostrophes, spacing or legal suffix",Arxium Inc.; Arxium Inc
TOMBOLO MULTICULTURAL FESTIVAL NEWFOUNDLAND AND LABRADOR INC.,tombolo multicultural festival newfoundland and labrador,TOMBOLO MULTICULTURAL FESTIVAL NEWFOUNDLAND AND LABRADOR INC.,tombolo multicultural festival newfoundland and labrador,42,1179700.51,same name (printings),,"printed differently: case, punctuation, apostrophes, spacing or legal suffix",Tombolo Multicultural Festival Newfoundland and Labrador Inc.; Tombolo Multicultural Festival Newfoundland and Labrador Inc
Fugro Canada Corp,fugro canada,Fugro Canada Corp,fugro canada,8,1172233.55,same name (printings),,"printed differently: case, punctuation, apostrophes, spacing or legal suffix",Fugro Canada Corporation; FUGRO CANADA CORP; Fugro Canada Corp.
Froude Avenue Community Centre Inc.,froude avenue community centre,Froude Avenue Community Centre Inc.,froude avenue community centre,30,1171266.0,same name (printings),,"printed differently: case, punctuation, apostrophes, spacing or legal suffix",Froude Avenue Community Centre Inc; Froude Avenue Community Centre; FROUDE AVENUE COMMUNITY CENTRE INC
Nucliq Biologics Inc.,nucliq biologics,Nucliq Biologics Inc.,nucliq biologics,15,1170923.0,same name (printings),,"printed differently: case, punctuation, apostrophes, spacing or legal suffix",Nucliq Biologics Inc
MI'KMAW CULTURAL FOUNDATION INCORPORATED,mikmaw cultural foundation,MI'KMAW CULTURAL FOUNDATION INCORPORATED,mikmaw cultural foundation,13,1169004.0,same name (printings),,"printed differently: case, punctuation, apostrophes, spacing or legal suffix",Mi'kmaw Cultural Foundation
St. Gabriel's Hall Inc.,st gabriels hall,St. Gabriel's Hall Inc.,st gabriels hall,11,1167118.0,same name (printings),,"printed differently: case, punctuation, apostrophes, spacing or legal suffix",St. Gabriel's Hall Inc
Other Ocean Interactive NL Limited,other ocean interactive newfoundland and labrador,Other Ocean Interactive NL Limited,other ocean interactive newfoundland and labrador,8,1166811.0,same name (printings),,"printed differently: case, punctuation, apostrophes, spacing or legal suffix",Other Ocean Interactive NL Company; Other Ocean Interactive NL Ltd.
Stella Burry Community Services,stella burry community services,Stella Burry Community Services,stella burry community services,14,1165560.0,same name (printings),,"printed differently: case, punctuation, apostrophes, spacing or legal suffix","Stella Burry Community Services Inc; Stella Burry Community Services, Inc."
"Aubrey-Bassler, F. Kris",aubrey bassler f kris,"Aubrey-Bassler, F. Kris",aubrey bassler f kris,4,1163976.0,same name (printings),,"printed differently: case, punctuation, apostrophes, spacing or legal suffix","AUBREY-BASSLER, F. Kris"
St. Mary's Bay North Regional Development Association,st marys bay north regional development association,St. Mary's Bay North Regional Development Association,st marys bay north regional development association,21,1163076.81,same name (printings),,"printed differently: case, punctuation, apostrophes, spacing or legal suffix",St. Mary's Bay North Regional development Association; St.Mary's Bay North Regional Development Association; St. Mary’s Bay North Regional Development Association; St Mary's Bay North Regional Development Association
Amazon Web Services,amazon web services,Amazon Web Services,amazon web services,7,1158885.35,same name (printings),,"printed differently: case, punctuation, apostrophes, spacing or legal suffix",Amazon Web Services Inc.; Amazon Web Services INC
KEEP COOL REFRIGERATION &,keep cool refrigeration and,KEEP COOL REFRIGERATION &,keep cool refrigeration and,8,1148721.41,same name (printings),,"printed differently: case, punctuation, apostrophes, spacing or legal suffix",KEEP COOL REFRIGERATION AND; Keep Cool Refrigeration And
"BROSNAN, John (Sean) T",brosnan john sean t,"BROSNAN, John (Sean) T",brosnan john sean t,2,1140415.0,same name (printings),,"printed differently: case, punctuation, apostrophes, spacing or legal suffix","Brosnan, John (Sean) T"
BENNETT'S CONSTRUCTION & SUPPLIES,bennetts construction and supplies,BENNETT'S CONSTRUCTION & SUPPLIES,bennetts construction and supplies,10,1137309.5,same name (printings),,"printed differently: case, punctuation, apostrophes, spacing or legal suffix",BENNETT'S CONSTRUCTION & SUPPLIES LTD; BENNETT'S CONSTRUCTION & SUPPLIES (
Training Works Inc.,training works,Training Works Inc.,training works,9,1133020.0,same name (printings),,"printed differently: case, punctuation, apostrophes, spacing or legal suffix",Training Works Inc
O'Brien Farm Foundation Incorporated,obrien farm foundation,O'Brien Farm Foundation Incorporated,obrien farm foundation,13,1131511.0,same name (printings),,"printed differently: case, punctuation, apostrophes, spacing or legal suffix","O'BRIEN FARM FOUNDATION INCORPORATED; O'Brien Farm Foundation, Inc."
Iceberg Quest Ocean Tours Inc.,iceberg quest ocean tours,Iceberg Quest Ocean Tours Inc.,iceberg quest ocean tours,14,1129581.0,same name (printings),,"printed differently: case, punctuation, apostrophes, spacing or legal suffix",Iceberg Quest Ocean Tours Incorporated; Iceberg Quest Ocean Tours Inc
Healthy Waters Labrador Inc.,healthy waters labrador,Healthy Waters Labrador Inc.,healthy waters labrador,7,1128056.0,same name (printings),,"printed differently: case, punctuation, apostrophes, spacing or legal suffix",Healthy Waters Labrador Inc; Healthy Waters Labrador
The Cape Freels Development Association,cape freels development association,The Cape Freels Development Association,cape freels development association,19,1122974.0,same name (printings),,"printed differently: case, punctuation, apostrophes, spacing or legal suffix",Cape Freels Development Association
The Emerald Zone Corporation,emerald zone,The Emerald Zone Corporation,emerald zone,5,1114457.0,same name (printings),,"printed differently: case, punctuation, apostrophes, spacing or legal suffix",Emerald Zone Corporation
NORTH ATLANTIC PETROLEUM,north atlantic petroleum,NORTH ATLANTIC PETROLEUM,north atlantic petroleum,36,1111882.48,same name (printings),,"printed differently: case, punctuation, apostrophes, spacing or legal suffix",North Atlantic Petroleum
Big Land Networks Ltd.,big land networks,Big Land Networks Ltd.,big land networks,11,1108285.06,same name (printings),,"printed differently: case, punctuation, apostrophes, spacing or legal suffix",Big Land Networks Ltd
TxtSquad Enterprises Inc.,txtsquad enterprises,TxtSquad Enterprises Inc.,txtsquad enterprises,18,1107880.0,same name (printings),,"printed differently: case, punctuation, apostrophes, spacing or legal suffix",TxtSquad Enterprises Inc
"Hirasawa, Michiru",hirasawa michiru,"Hirasawa, Michiru",hirasawa michiru,4,1107425.0,same name (printings),,"printed differently: case, punctuation, apostrophes, spacing or legal suffix","HIRASAWA, Michiru"
White Wolf Snowmobile Club Corporation,white wolf snowmobile club,White Wolf Snowmobile Club Corporation,white wolf snowmobile club,15,1104032.88,same name (printings),,"printed differently: case, punctuation, apostrophes, spacing or legal suffix",WHITE WOLF SNOWMOBILE CLUB CORP.; White Wolf Snowmobile Club Corp.
COUGAR HELICOPTERS INC,cougar helicopters,COUGAR HELICOPTERS INC,cougar helicopters,10,1103665.28,same name (printings),,"printed differently: case, punctuation, apostrophes, spacing or legal suffix",Cougar Helicopters Inc.; Cougar Helicopters; Cougar Helicopters Inc
MDI CONTRACTING,mdi contracting,MDI CONTRACTING,mdi contracting,10,1100290.59,same name (printings),,"printed differently: case, punctuation, apostrophes, spacing or legal suffix",Mdi Contracting
Atlas Salt Inc.,atlas salt,Atlas Salt Inc.,atlas salt,4,1100000.0,same name (printings),,"printed differently: case, punctuation, apostrophes, spacing or legal suffix",Atlas Salt Inc
"Sports Villas Resort, Inc.",sports villas resort,"Sports Villas Resort, Inc.",sports villas resort,5,1099755.0,same name (printings),,"printed differently: case, punctuation, apostrophes, spacing or legal suffix",Sports Villas Resort Inc.
TILLER ENGINEERING INC.,tiller engineering,TILLER ENGINEERING INC.,tiller engineering,35,1097609.68,same name (printings),,"printed differently: case, punctuation, apostrophes, spacing or legal suffix",TILLER ENGINEERING INC; Tiller Engineering Inc.; Tiller Engineering Inc
Ever Green Environmental Corporation,ever green environmental,Ever Green Environmental Corporation,ever green environmental,20,1096408.0,same name (printings),,"printed differently: case, punctuation, apostrophes, spacing or legal suffix",Ever Green Environmental
Funn Food Factory Inc.,funn food factory,Funn Food Factory Inc.,funn food factory,18,1095583.0,same name (printings),,"printed differently: case, punctuation, apostrophes, spacing or legal suffix",Funn Food Factory
EAST COAST HYDRAULICS NFLD LTD.,east coast hydraulics newfoundland,EAST COAST HYDRAULICS NFLD LTD.,east coast hydraulics newfoundland,59,1095153.38,same name (printings),,"printed differently: case, punctuation, apostrophes, spacing or legal suffix",East Coast Hydraulics (NFLD) Limited; East Coast Hydraulics (NFLD) Ltd.; EAST COAST HYDRAULICS (NFLD) LIMITED; East Coast Hydraulics (Nfld) Limited
MacMorran Community Centre,macmorran community centre,MacMorran Community Centre,macmorran community centre,23,1093546.0,same name (printings),,"printed differently: case, punctuation, apostrophes, spacing or legal suffix",MacMorran Community Centre Corp.; Macmorran Community Centre
Oceanic Releaf Inc.,oceanic releaf,Oceanic Releaf Inc.,oceanic releaf,6,1090165.0,same name (printings),,"printed differently: case, punctuation, apostrophes, spacing or legal suffix",Oceanic Releaf Inc
Avalon Laboratories Inc.,avalon laboratories,Avalon Laboratories Inc.,avalon laboratories,10,1085504.47,same name (printings),,"printed differently: case, punctuation, apostrophes, spacing or legal suffix",Avalon Laboratories; Avalon Laboratories .; Avalon Laboratories Inc
Englobe Corp.,englobe,Englobe Corp.,englobe,4,1084240.32,same name (printings),,"printed differently: case, punctuation, apostrophes, spacing or legal suffix",Englobe Corp; Englobe
Festival 500 Corporation,festival 500,Festival 500 Corporation,festival 500,8,1084083.0,same name (printings),,"printed differently: case, punctuation, apostrophes, spacing or legal suffix",Festival 500 Inc.
"LARIJANI, Mani",larijani mani,"LARIJANI, Mani",larijani mani,2,1073126.0,same name (printings),,"printed differently: case, punctuation, apostrophes, spacing or legal suffix","Larijani, Mani"
Historic Sites Association of Newfoundland and Labrador,historic sites association of newfoundland and labrador,Historic Sites Association of Newfoundland and Labrador,historic sites association of newfoundland and labrador,39,1072038.0,same name (printings),,"printed differently: case, punctuation, apostrophes, spacing or legal suffix",Historic Sites Association of Newfoundland and Labrador Inc.; Historic Sites Association of Newfoundland & Labrador; Historic Sites Association of Newfoundland & Labrador Inc.
BASIL FEARN (93) LTD,basil fearn 93,BASIL FEARN (93) LTD,basil fearn 93,65,1070759.36,same name (printings),,"printed differently: case, punctuation, apostrophes, spacing or legal suffix",Basil Fearn (93) Limited; BASIL FEARN (93) LIMITED
Air Borealis Ltd,air borealis,Air Borealis Ltd,air borealis,25,1069418.68,same name (printings),,"printed differently: case, punctuation, apostrophes, spacing or legal suffix",Air Borealis
Horizant,horizant,Horizant,horizant,8,1062813.0,same name (printings),,"printed differently: case, punctuation, apostrophes, spacing or legal suffix",Horizant INC; Horizant Inc.
Hi-Point Industries (1991) Ltd.,hi point industries 1991,Hi-Point Industries (1991) Ltd.,hi point industries 1991,9,1060829.0,same name (printings),,"printed differently: case, punctuation, apostrophes, spacing or legal suffix",Hi-Point Industries (1991) Limited
Herb's Industrial,herbs industrial,Herb's Industrial,herbs industrial,4,1057329.9,same name (printings),,"printed differently: case, punctuation, apostrophes, spacing or legal suffix",HERB'S INDUSTRIAL
eSonar Inc.,esonar,eSonar Inc.,esonar,21,1056667.0,same name (printings),,"printed differently: case, punctuation, apostrophes, spacing or legal suffix",ESonar Inc; ESONAR INC; eSonar Inc
Vera Perlin Society,vera perlin society,Vera Perlin Society,vera perlin society,18,1054115.0,same name (printings),,"printed differently: case, punctuation, apostrophes, spacing or legal suffix","Vera Perlin Society Inc.; Vera Perlin Society, Inc."
Net Benefit Software Inc.,net benefit software,Net Benefit Software Inc.,net benefit software,17,1052295.0,same name (printings),,"printed differently: case, punctuation, apostrophes, spacing or legal suffix",Net Benefit Software Inc
Source Atlantic,source atlantic,Source Atlantic,source atlantic,16,1051698.94,same name (printings),,"printed differently: case, punctuation, apostrophes, spacing or legal suffix",Source Atlantic Ltd.; Source Atlantic Limited; SOURCE ATLANTIC
Harvey & Company Limited,harvey,Harvey & Company Limited,harvey,21,1046126.25,same name (printings),,"printed differently: case, punctuation, apostrophes, spacing or legal suffix",Harvey & Company; Harvey & Company Ltd.; Harvey and Company; Harvey & Co. Limited; Harvey Company Limited; Harvey and Company LTD.; Harvey & Co.; HARVEY & COMPANY LIMITED
Gosse's Landscaping Ltd,gosses landscaping,Gosse's Landscaping Ltd,gosses landscaping,7,1037765.75,same name (printings),,"printed differently: case, punctuation, apostrophes, spacing or legal suffix",Gosse'S Landscaping Limited; GOSSE'S LANDSCAPING LIMITED
Southern Labrador Development Association,southern labrador development association,Southern Labrador Development Association,southern labrador development association,19,1037734.2,same name (printings),,"printed differently: case, punctuation, apostrophes, spacing or legal suffix",SOUTHERN LABRADOR DEVELOPMENT ASSOCIATION; Southern Labrador Development Association (SLDA)
Granville Biomedical Inc.,granville biomedical,Granville Biomedical Inc.,granville biomedical,19,1036113.0,same name (printings),,"printed differently: case, punctuation, apostrophes, spacing or legal suffix",Granville Biomedical Inc
Hyron Regional Economic Development Board,hyron regional economic development board,Hyron Regional Economic Development Board,hyron regional economic development board,4,1035810.0,same name (printings),,"printed differently: case, punctuation, apostrophes, spacing or legal suffix",Hyron Regional Economic Development Board Inc.
Grieg Marine NL Ltd,grieg marine newfoundland and labrador,Grieg Marine NL Ltd,grieg marine newfoundland and labrador,5,1030000.0,same name (printings),,"printed differently: case, punctuation, apostrophes, spacing or legal suffix",Grieg Marine NL Ltd.
Perimeter Solutions Canada Ltd,perimeter solutions canada,Perimeter Solutions Canada Ltd,perimeter solutions canada,5,1023540.45,same name (printings),,"printed differently: case, punctuation, apostrophes, spacing or legal suffix",Perimeter Solutions Canada
Seaformatics Systems Inc.,seaformatics systems,Seaformatics Systems Inc.,seaformatics systems,13,1018262.0,same name (printings),,"printed differently: case, punctuation, apostrophes, spacing or legal suffix",Seaformatics Systems Inc
Town of Burgeo,town of burgeo,Town of Burgeo,town of burgeo,17,1015369.0,same name (printings),,"printed differently: case, punctuation, apostrophes, spacing or legal suffix",TOWN OF BURGEO
The Farm and Market at Clarenville Inn Inc.,farm and market at clarenville inn,The Farm and Market at Clarenville Inn Inc.,farm and market at clarenville inn,20,1014541.0,same name (printings),,"printed differently: case, punctuation, apostrophes, spacing or legal suffix",Farm and Market at Clarenville Inn Inc.; The Farm and Market at Clarenville Inn Inc
Provincial Aerospace Ltd.,provincial aerospace,Provincial Aerospace Ltd.,provincial aerospace,6,1012764.0,same name (printings),,"printed differently: case, punctuation, apostrophes, spacing or legal suffix",Provincial Aerospace Ltd; Provincial Aerospace Limited
"KARWI, QUTUBA G",karwi qutuba g,"KARWI, QUTUBA G",karwi qutuba g,2,1012330.0,same name (printings),,"printed differently: case, punctuation, apostrophes, spacing or legal suffix","Karwi, Qutuba G"
Qiagen Inc.,qiagen,Qiagen Inc.,qiagen,7,1007286.32,same name (printings),,"printed differently: case, punctuation, apostrophes, spacing or legal suffix",Qiagen; Qiagen Inc
"Department of Fisheries, Forestry and Agriculture",department of fisheries forestry and agriculture,"Department of Fisheries, Forestry and Agriculture",department of fisheries forestry and agriculture,2,1000000.0,same name (printings),,"printed differently: case, punctuation, apostrophes, spacing or legal suffix",Department of Fisheries Forestry and Agriculture
"Benoukraf, Touati Memorial University of Newfoundland",benoukraf touati memorial university of newfoundland,"Benoukraf, Touati Memorial University of Newfoundland",benoukraf touati memorial university of newfoundland,2,1000000.0,same name (printings),,"printed differently: case, punctuation, apostrophes, spacing or legal suffix","Benoukraf, Touati-Memorial University of Newfoundland"
Brandt Tractor Ltd,brandt tractor,Brandt Tractor Ltd,brandt tractor,28,997844.8,same name (printings),,"printed differently: case, punctuation, apostrophes, spacing or legal suffix",BRANDT TRACTOR LTD; Brandt Tractor Ltd.; Brandt Tractor; Brandt Tractor LTD
BAFFIN FISHERIES COALITION,baffin fisheries coalition,BAFFIN FISHERIES COALITION,baffin fisheries coalition,6,996100.0,same name (printings),,"printed differently: case, punctuation, apostrophes, spacing or legal suffix",Baffin Fisheries Coalition
DBC MARINE SAFETY SYSTEMS,dbc marine safety systems,DBC MARINE SAFETY SYSTEMS,dbc marine safety systems,22,995868.14,same name (printings),,"printed differently: case, punctuation, apostrophes, spacing or legal suffix",DBC MARINE SAFETY SYSTEMS LTD; DBC Marine Safety Systems Ltd; DBC Marine Safety Systems Ltd.; Dbc Marine Safety Systems Ltd
FLANKER PRESS LTD.,flanker press,FLANKER PRESS LTD.,flanker press,16,994057.09,same name (printings),,"printed differently: case, punctuation, apostrophes, spacing or legal suffix",Flanker Press Ltd; Flanker Press LTD; Flanker Press; Flanker Press Ltd.
Junior Achievement of Newfoundland and Labrador Inc.,junior achievement of newfoundland and labrador,Junior Achievement of Newfoundland and Labrador Inc.,junior achievement of newfoundland and labrador,18,992372.0,same name (printings),,"printed differently: case, punctuation, apostrophes, spacing or legal suffix",Junior Achievement of Newfoundland & Labrador
EASTERN VALVE & CONTROL SPECIALTIES,eastern valve and control specialties,EASTERN VALVE & CONTROL SPECIALTIES,eastern valve and control specialties,42,986426.02,same name (printings),,"printed differently: case, punctuation, apostrophes, spacing or legal suffix",Eastern Valve & Control Specialties; Eastern Valve & Control Specialties Limited; Eastern Valve and Control Specialties Ltd; Eastern Valve and Control Specialties Limited
Guy J. Bailey Limited,guy j bailey,Guy J. Bailey Limited,guy j bailey,7,977835.86,same name (printings),,"printed differently: case, punctuation, apostrophes, spacing or legal suffix",GUY J. BAILEY LIMITED; Guy J Bailey Ltd
HSF Ocean Products Ltd.,hsf ocean products,HSF Ocean Products Ltd.,hsf ocean products,7,974688.0,same name (printings),,"printed differently: case, punctuation, apostrophes, spacing or legal suffix",HSF Ocean Products Limited
Aymes Medical,aymes medical,Aymes Medical,aymes medical,2,973500.0,same name (printings),,"printed differently: case, punctuation, apostrophes, spacing or legal suffix",Aymes Medical Inc.
Deer Lake Motel Limited,deer lake motel,Deer Lake Motel Limited,deer lake motel,6,972568.75,same name (printings),,"printed differently: case, punctuation, apostrophes, spacing or legal suffix",Deer Lake Motel
Town of Twillingate,town of twillingate,Town of Twillingate,town of twillingate,27,970006.0,same name (printings),,"printed differently: case, punctuation, apostrophes, spacing or legal suffix",TOWN OF TWILLINGATE
Holland College,holland college,Holland College,holland college,8,969850.0,same name (printings),,"printed differently: case, punctuation, apostrophes, spacing or legal suffix",HOLLAND COLLEGE
Consolidated Continental Co Ltd.,consolidated continental,Consolidated Continental Co Ltd.,consolidated continental,41,966926.52,same name (printings),,"printed differently: case, punctuation, apostrophes, spacing or legal suffix",Consolidated Continental Co Ltd
Terra Nova Transcription Inc.,terra nova transcription,Terra Nova Transcription Inc.,terra nova transcription,8,965625.0,same name (printings),,"printed differently: case, punctuation, apostrophes, spacing or legal suffix",TERRA NOVA TRANSCRIPTION INC
Nocland Business Inc.,nocland business,Nocland Business Inc.,nocland business,9,965073.0,same name (printings),,"printed differently: case, punctuation, apostrophes, spacing or legal suffix",NOCLAND Business Inc.; Nocland Business Inc
AnânauKatiget Tumingit Regional Inuit Women's Association Inc.,ananaukatiget tumingit regional inuit womens association,AnânauKatiget Tumingit Regional Inuit Women's Association Inc.,ananaukatiget tumingit regional inuit womens association,4,963882.0,same name (printings),,"printed differently: case, punctuation, apostrophes, spacing or legal suffix",AnânauKatiget Tumingit Regional Inuit Women's Association
Futures in Newfoundland and Labrador's Youth Inc.,futures in newfoundland and labradors youth,Futures in Newfoundland and Labrador's Youth Inc.,futures in newfoundland and labradors youth,13,963452.0,same name (printings),,"printed differently: case, punctuation, apostrophes, spacing or legal suffix",Futures in Newfoundland and Labrador's Youth Incorporated; Futures in Newfoundland and Labrador's Youth
Pioneer Enterprises Limited,pioneer enterprises,Pioneer Enterprises Limited,pioneer enterprises,9,963389.0,same name (printings),,"printed differently: case, punctuation, apostrophes, spacing or legal suffix",PIONEER ENTERPRISES LIMITED; Pioneer Enterprises Ltd.
"Canadian Parents for French, Nfld Labrador Inc",canadian parents for french newfoundland labrador,"Canadian Parents for French, Nfld Labrador Inc",canadian parents for french newfoundland labrador,8,954938.0,same name (printings),,"printed differently: case, punctuation, apostrophes, spacing or legal suffix","CANADIAN PARENTS FOR FRENCH (NEWFOUNDLAND / LABRADOR) INC.; CANADIAN PARENTS FOR FRENCH, NFLD/LABRADOR INC.; Canadian Parents for French (Newfoundland/Labrador) Inc.; Canadian Parents for French, Nfld Labrador inc"
Eagle River Development Association,eagle river development association,Eagle River Development Association,eagle river development association,13,953906.87,same name (printings),,"printed differently: case, punctuation, apostrophes, spacing or legal suffix",EAGLE RIVER DEVELOPMENT ASSOCIATION
Eastern Machining & Welding Inc.,eastern machining and welding,Eastern Machining & Welding Inc.,eastern machining and welding,18,950468.05,same name (printings),,"printed differently: case, punctuation, apostrophes, spacing or legal suffix",EASTERN MACHINING & WELDING INC; Eastern Machining & Welding; Eastern Machining and Welding Inc.; EASTERN MACHINING AND WELDING INC.
Novamera Inc.,novamera,Novamera Inc.,novamera,2,950000.0,same name (printings),,"printed differently: case, punctuation, apostrophes, spacing or legal suffix",Novamera Inc
Apple Canada Inc.,apple canada,Apple Canada Inc.,apple canada,10,947447.01,same name (printings),,"printed differently: case, punctuation, apostrophes, spacing or legal suffix",Apple Canada Inc. c/o Lockbox 916170; Apple Canada Inc
Labrador Rewinding Inc.,labrador rewinding,Labrador Rewinding Inc.,labrador rewinding,5,946650.0,same name (printings),,"printed differently: case, punctuation, apostrophes, spacing or legal suffix",Labrador Rewinding Inc
KEEP COOL REFRIGERATION & A/C LTD,keep cool refrigeration and a c,KEEP COOL REFRIGERATION & A/C LTD,keep cool refrigeration and a c,54,941763.22,same name (printings),,"printed differently: case, punctuation, apostrophes, spacing or legal suffix",KEEP COOL REFRIGERATION & A/C LIMIT; Keep Cool Refrigeration & A/C Ltd.
KJL Solutions Inc.,kjl solutions,KJL Solutions Inc.,kjl solutions,8,939981.0,same name (printings),,"printed differently: case, punctuation, apostrophes, spacing or legal suffix",KJL Solutions Inc
Town of Norris Point,town of norris point,Town of Norris Point,town of norris point,20,935702.0,same name (printings),,"printed differently: case, punctuation, apostrophes, spacing or legal suffix",TOWN OF NORRIS POINT
UpToDate Inc.,uptodate,UpToDate Inc.,uptodate,2,933727.0,same name (printings),,"printed differently: case, punctuation, apostrophes, spacing or legal suffix",UpToDate INC
PROV. NEWFOUNDLAND & LABRADOR,prov newfoundland and labrador,PROV. NEWFOUNDLAND & LABRADOR,prov newfoundland and labrador,7,932122.0,same name (printings),,"printed differently: case, punctuation, apostrophes, spacing or legal suffix",Prov. Newfoundland and Labrador; Prov. Newfoundland & Labrador
Infor (Canada) Ltd,infor canada,Infor (Canada) Ltd,infor canada,7,928755.0,same name (printings),,"printed differently: case, punctuation, apostrophes, spacing or legal suffix",Infor Canada; Infor (Canada) LTD; Infor (Canada) Ltd.
Humber Arm Environmental Assoc,humber arm environmental assoc,Humber Arm Environmental Assoc,humber arm environmental assoc,5,928528.8,same name (printings),,"printed differently: case, punctuation, apostrophes, spacing or legal suffix",HUMBER ARM ENVIRONMENTAL ASSOC; Humber Arm Environmental Assoc Inc.
G. J. Cahill,g j cahill,G. J. Cahill,g j cahill,2,926480.0,same name (printings),,"printed differently: case, punctuation, apostrophes, spacing or legal suffix",G.J. Cahill
MAJOR'S CONTRACTING LIMITED,majors contracting,MAJOR'S CONTRACTING LIMITED,majors contracting,17,924243.04,same name (printings),,"printed differently: case, punctuation, apostrophes, spacing or legal suffix",Major'S Contracting Limited; Major's Contracting Ltd; Major's Contracting Limited
DILLON CONSULTING LIMITED,dillon consulting,DILLON CONSULTING LIMITED,dillon consulting,30,922038.95,same name (printings),,"printed differently: case, punctuation, apostrophes, spacing or legal suffix",Dillon Consulting Limited
Grow Twillingate Inc.,grow twillingate,Grow Twillingate Inc.,grow twillingate,24,913503.0,same name (printings),,"printed differently: case, punctuation, apostrophes, spacing or legal suffix",GROW TWILLINGATE INC.; Grow Twillingate Inc
RESOURCE CENTRE FOR THE ARTS,resource centre for arts,RESOURCE CENTRE FOR THE ARTS,resource centre for arts,19,912863.0,same name (printings),,"printed differently: case, punctuation, apostrophes, spacing or legal suffix",Resource Centre for the Arts
Buckmasters Circle Community Centre Inc.,buckmasters circle community centre,Buckmasters Circle Community Centre Inc.,buckmasters circle community centre,20,911100.0,same name (printings),,"printed differently: case, punctuation, apostrophes, spacing or legal suffix",Buckmaster's Circle Community Centre Inc.; Buckmasters Circle Community Centre; BUCKMASTERS CIRCLE COMMUNITY CENTRE
Marble Resort Development Ltd.,marble resort development,Marble Resort Development Ltd.,marble resort development,13,910898.0,same name (printings),,"printed differently: case, punctuation, apostrophes, spacing or legal suffix",Marble Resort Development Limited; Marble Resort Development Ltd; MARBLE RESORT DEVELOPMENT LTD.
"HIRASAWA, Kensuke",hirasawa kensuke,"HIRASAWA, Kensuke",hirasawa kensuke,2,908408.0,same name (printings),,"printed differently: case, punctuation, apostrophes, spacing or legal suffix","Hirasawa, Kensuke"
BAY BULLS-BAULINE ATHLETIC ASSOCIATION INC.,bay bulls bauline athletic association,BAY BULLS-BAULINE ATHLETIC ASSOCIATION INC.,bay bulls bauline athletic association,32,904022.0,same name (printings),,"printed differently: case, punctuation, apostrophes, spacing or legal suffix",Bay Bulls - Bauline Athletic Association; Bay Bulls-Bauline Athletic Association; Bay Bulls Bauline Athletic Association; Bay Bulls - Bauline Athletic Association Inc.
Eastern Audio LTD,eastern audio,Eastern Audio LTD,eastern audio,20,898964.45,same name (printings),,"printed differently: case, punctuation, apostrophes, spacing or legal suffix",Eastern Audio Ltd; Eastern Audio Limited; Eastern Audio Ltd.; Eastern Audio; EASTERN AUDIO LIMITED; EASTERN AUDIO LTD
Business and Arts Inc.,business and arts,Business and Arts Inc.,business and arts,9,898630.0,same name (printings),,"printed differently: case, punctuation, apostrophes, spacing or legal suffix",BUSINESS AND ARTS INC.; Business and Arts inc
Pumps Plus,pumps plus,Pumps Plus,pumps plus,15,897789.13,same name (printings),,"printed differently: case, punctuation, apostrophes, spacing or legal suffix",Pumps Plus Ltd.; PUMPS PLUS LTD; Pumps Plus Ltd
NEWFOUNDLAND DANCE PRESENTERS INC.,newfoundland dance presenters,NEWFOUNDLAND DANCE PRESENTERS INC.,newfoundland dance presenters,23,896963.0,same name (printings),,"printed differently: case, punctuation, apostrophes, spacing or legal suffix",Newfoundland Dance Presenters Inc.; Newfoundland Dance Presenter's Inc.; Newfoundland Dance Presenters Inc
Baker Hughes Energy Services Canada Inc.,baker hughes energy services canada,Baker Hughes Energy Services Canada Inc.,baker hughes energy services canada,7,895425.36,same name (printings),,"printed differently: case, punctuation, apostrophes, spacing or legal suffix",Baker Hughes Energy Services Canada
Our Lady of Mercy Complex Committee Inc.,our lady of mercy complex committee,Our Lady of Mercy Complex Committee Inc.,our lady of mercy complex committee,15,892648.0,same name (printings),,"printed differently: case, punctuation, apostrophes, spacing or legal suffix",OUR LADY OF MERCY COMPLEX COMMITTEE INC.; Our Lady Of Mercy Complex Committee; Our Lady of Mercy Complex Committee Inc
Boston Scientific,boston scientific,Boston Scientific,boston scientific,4,892550.0,same name (printings),,"printed differently: case, punctuation, apostrophes, spacing or legal suffix",Boston Scientific Ltd.
JOHN A GILL,john a gill,JOHN A GILL,john a gill,11,892288.0,same name (printings),,"printed differently: case, punctuation, apostrophes, spacing or legal suffix",John A Gill
Comfort Cove Farms Limited,comfort cove farms,Comfort Cove Farms Limited,comfort cove farms,8,892080.0,same name (printings),,"printed differently: case, punctuation, apostrophes, spacing or legal suffix",Comfort Cove Farms Ltd; Comfort Cove Farms Ltd.
QualiTEAS Inc.,qualiteas,QualiTEAS Inc.,qualiteas,20,891223.5,same name (printings),,"printed differently: case, punctuation, apostrophes, spacing or legal suffix",qualiTEAS Inc.; QualiTEAS Inc
ENVIRONMENT RESOURCES MANAGEMENT,environment resources management,ENVIRONMENT RESOURCES MANAGEMENT,environment resources management,7,881126.53,same name (printings),,"printed differently: case, punctuation, apostrophes, spacing or legal suffix",Environment Resources Management
"Port de Grave Peninsula Heritage Society, Inc.",port de grave peninsula heritage society,"Port de Grave Peninsula Heritage Society, Inc.",port de grave peninsula heritage society,25,877267.0,same name (printings),,"printed differently: case, punctuation, apostrophes, spacing or legal suffix","Port De Grave Peninsula Heritage Society Inc.; PORT DE GRAVE PENINSULA HERITAGE SOCIETY INC.; Port de Grave Peninsula Heritage Society Inc; Port de grave Peninsula Heritage Society Inc.; Port de Grave Peninsula Heritage Society Inc.; Port De Grave Peninsula Heritage Society, Inc; Port de Grave Peninsula Heritage Society"
BURSEY CLEANERS (2010) LIMITED,bursey cleaners 2010,BURSEY CLEANERS (2010) LIMITED,bursey cleaners 2010,10,875323.77,same name (printings),,"printed differently: case, punctuation, apostrophes, spacing or legal suffix",BURSEY CLEANERS (2010) LIMITED.; Bursey Cleaners (2010) Ltd
Tourism Bell Island Inc.,tourism bell island,Tourism Bell Island Inc.,tourism bell island,26,873777.0,same name (printings),,"printed differently: case, punctuation, apostrophes, spacing or legal suffix",TOURISM BELL ISLAND INC.
Canadian Interagency Forest Fire Centre,canadian interagency forest fire centre,Canadian Interagency Forest Fire Centre,canadian interagency forest fire centre,9,873628.07,same name (printings),,"printed differently: case, punctuation, apostrophes, spacing or legal suffix",Canadian Interagency Forest Fire Centre Inc; Canadian Interagency Forest Fire Centre Inc.
NL Kubota Limited,newfoundland and labrador kubota,NL Kubota Limited,newfoundland and labrador kubota,21,863533.23,same name (printings),,"printed differently: case, punctuation, apostrophes, spacing or legal suffix",NL KUBOTA LIMITED; NL Kubota; NL Kubota Ltd.
Compass Seniors' Services Inc,compass seniors services,Compass Seniors' Services Inc,compass seniors services,6,862419.0,same name (printings),,"printed differently: case, punctuation, apostrophes, spacing or legal suffix","Compass Seniors Services Inc; Compass Seniors’ Services Inc.; Compass Senior's Services, INC."
"Parts for Trucks, Inc",parts for trucks,"Parts for Trucks, Inc",parts for trucks,46,861103.14,same name (printings),,"printed differently: case, punctuation, apostrophes, spacing or legal suffix","Parts for Trucks, Inc.; Parts for Trucks; Parts For Trucks, Inc; PARTS FOR TRUCKS, INC; Parts for Trucks Inc.; Parts For Trucks; Parts for Trucks Inc"
Twillingate Islands Tourism Association Inc.,twillingate islands tourism association,Twillingate Islands Tourism Association Inc.,twillingate islands tourism association,6,859980.0,same name (printings),,"printed differently: case, punctuation, apostrophes, spacing or legal suffix",Twillingate Islands Tourism Association
M5 Marketing Communications Inc.,m5 marketing communications,M5 Marketing Communications Inc.,m5 marketing communications,3,849369.56,same name (printings),,"printed differently: case, punctuation, apostrophes, spacing or legal suffix",M5 MARKETING COMMUNICATIONS INC; m5 Marketing Communications
Crowdstrike,crowdstrike,Crowdstrike,crowdstrike,5,846907.55,same name (printings),,"printed differently: case, punctuation, apostrophes, spacing or legal suffix",CrowdStrike; CrowdStrike Inc; Crowdstrike INC
Parsons and Sons Transportation Limited,parsons and sons transportation,Parsons and Sons Transportation Limited,parsons and sons transportation,7,846880.0,same name (printings),,"printed differently: case, punctuation, apostrophes, spacing or legal suffix",Parsons & Sons Transportation LTD
Clarenville Area Recreation Association,clarenville area recreation association,Clarenville Area Recreation Association,clarenville area recreation association,20,844706.0,same name (printings),,"printed differently: case, punctuation, apostrophes, spacing or legal suffix",Clarenville Area Recreation Association Incorporated; Clarenville Area Recreation Association Inc.; CLARENVILLE AREA RECREATION ASSOCIATION; Clarenville area recreation association
BARMAX AUTO LTD.,barmax auto,BARMAX AUTO LTD.,barmax auto,11,844609.0,same name (printings),,"printed differently: case, punctuation, apostrophes, spacing or legal suffix",Barmax Auto Ltd
Biolantic Services Inc.,biolantic services,Biolantic Services Inc.,biolantic services,14,843740.0,same name (printings),,"printed differently: case, punctuation, apostrophes, spacing or legal suffix",Biolantic Services Inc
ICI Innovations Incorporated,ici innovations,ICI Innovations Incorporated,ici innovations,8,839298.66,same name (printings),,"printed differently: case, punctuation, apostrophes, spacing or legal suffix",ici Innovations Incorporated; Ici Innovations Incorporated; ICI INNOVATIONS INC
CARMICHAEL ENGINEERING LTD.,carmichael engineering,CARMICHAEL ENGINEERING LTD.,carmichael engineering,23,837996.88,same name (printings),,"printed differently: case, punctuation, apostrophes, spacing or legal suffix",Carmichael Engineering Ltd.; Carmichael Engineering
EASTERN CONTRACTING LIMITED,eastern contracting,EASTERN CONTRACTING LIMITED,eastern contracting,3,834842.06,same name (printings),,"printed differently: case, punctuation, apostrophes, spacing or legal suffix",EASTERN CONTRACTING LTD.; Eastern Contracting Ltd
Multicultural Women's Organization of Newfoundland and Labrador,multicultural womens organization of newfoundland and labrador,Multicultural Women's Organization of Newfoundland and Labrador,multicultural womens organization of newfoundland and labrador,12,832533.0,same name (printings),,"printed differently: case, punctuation, apostrophes, spacing or legal suffix","Multicultural Women's Organization of Newfoundland and Labrador, Inc.; Multicultural Women's Organization of Newfoundland and Labrador Inc.; Multicultural Women's Organization of Newfoundland and Labrador (MWONL); Multicultural Women's Organization of Newfoundland and Labrador Inc"
BLACKCOMB MATERIALS LTD.,blackcomb materials,BLACKCOMB MATERIALS LTD.,blackcomb materials,3,828357.8,same name (printings),,"printed differently: case, punctuation, apostrophes, spacing or legal suffix",Blackcomb Materials Inc.
Morgan Sculpture Inc.,morgan sculpture,Morgan Sculpture Inc.,morgan sculpture,6,827817.42,same name (printings),,"printed differently: case, punctuation, apostrophes, spacing or legal suffix",Morgan Sculpture Inc; MORGAN SCULPTURE INC
FUGRO GEOSURVEYS,fugro geosurveys,FUGRO GEOSURVEYS,fugro geosurveys,8,827676.8,same name (printings),,"printed differently: case, punctuation, apostrophes, spacing or legal suffix",Fugro Geosurveys Inc; Fugro Geosurveys
Pasadena Ski and Nature Park Inc.,pasadena ski and nature park,Pasadena Ski and Nature Park Inc.,pasadena ski and nature park,2,822894.0,same name (printings),,"printed differently: case, punctuation, apostrophes, spacing or legal suffix",Pasadena Ski and Nature Park Inc
Labrador Straits Historical Development Corporation,labrador straits historical development,Labrador Straits Historical Development Corporation,labrador straits historical development,18,821925.0,same name (printings),,"printed differently: case, punctuation, apostrophes, spacing or legal suffix",LABRADOR STRAITS HISTORICAL DEVELOPMENT CORPORATION
Deloitte LLP,deloitte llp,Deloitte LLP,deloitte llp,4,820000.0,same name (printings),,"printed differently: case, punctuation, apostrophes, spacing or legal suffix","Deloitte, LLP"
Seafood Processors of Newfoundland and Labrador Inc.,seafood processors of newfoundland and labrador,Seafood Processors of Newfoundland and Labrador Inc.,seafood processors of newfoundland and labrador,8,817203.18,same name (printings),,"printed differently: case, punctuation, apostrophes, spacing or legal suffix",Seafood Processors of NL Inc; Seafood Processors of Newfoundland & Labrador Inc; Seafood Processors of Newfoundland and Labrador Inc
The Menihek Nordic Ski Club Association,menihek nordic ski club association,The Menihek Nordic Ski Club Association,menihek nordic ski club association,7,817119.0,same name (printings),,"printed differently: case, punctuation, apostrophes, spacing or legal suffix",Menihek Nordic Ski Club Association
Rigolet Inuit Community Government,rigolet inuit community government,Rigolet Inuit Community Government,rigolet inuit community government,8,814998.39,same name (printings),,"printed differently: case, punctuation, apostrophes, spacing or legal suffix",RIGOLET INUIT COMMUNITY GOVERNMENT
NL Association for Community Living,newfoundland and labrador association for community living,NL Association for Community Living,newfoundland and labrador association for community living,8,811850.0,same name (printings),,"printed differently: case, punctuation, apostrophes, spacing or legal suffix",Newfoundland and Labrador Association for Community Living; Newfoundland & Labrador Association for Community Living
Conservation Corps Newfoundland and Labrador,conservation corps newfoundland and labrador,Conservation Corps Newfoundland and Labrador,conservation corps newfoundland and labrador,28,811539.0,same name (printings),,"printed differently: case, punctuation, apostrophes, spacing or legal suffix","Conservation Corps Newfoundland & Labrador; Conservation Corps Newfoundland and Labrador Inc; Conservation Corps Newfoundland & Labrador Inc.; Conservation Corps Newfoundland and Labrador, Inc."
Airport Nordic Ski Club Inc.,airport nordic ski club,Airport Nordic Ski Club Inc.,airport nordic ski club,5,811295.0,same name (printings),,"printed differently: case, punctuation, apostrophes, spacing or legal suffix",Airport Nordic Ski Club Inc
Mid-Island Marine & Fabrication Ltd.,mid island marine and fabrication,Mid-Island Marine & Fabrication Ltd.,mid island marine and fabrication,2,810674.41,same name (printings),,"printed differently: case, punctuation, apostrophes, spacing or legal suffix",Mid-Island Marine and Fabrication Ltd
Newcomp Analytics,newcomp analytics,Newcomp Analytics,newcomp analytics,10,809889.66,same name (printings),,"printed differently: case, punctuation, apostrophes, spacing or legal suffix",Newcomp Analytics INC; NewComp Analytics; Newcomp Analytics Inc.; NewComp Analytics Inc.
GFL ENVIRONMENTAL SERVICES INC,gfl environmental services,GFL ENVIRONMENTAL SERVICES INC,gfl environmental services,16,809308.98,same name (printings),,"printed differently: case, punctuation, apostrophes, spacing or legal suffix",GFL Environmental Services Inc; GFL Environmental Services Inc.
Town of Arnold's Cove,town of arnolds cove,Town of Arnold's Cove,town of arnolds cove,14,808290.6,same name (printings),,"printed differently: case, punctuation, apostrophes, spacing or legal suffix",The Town of Arnolds Cove
Consumers' Health Awareness Network Newfoundland and Labrador Incorporated,consumers health awareness network newfoundland and labrador,Consumers' Health Awareness Network Newfoundland and Labrador Incorporated,consumers health awareness network newfoundland and labrador,4,807721.0,same name (printings),,"printed differently: case, punctuation, apostrophes, spacing or legal suffix",Consumers Health Awareness Network Newfoundland and Labrador; Consumer’s Health Awareness Network Newfoundland and Labrador
Birch Brook Nordic Ski Club Inc.,birch brook nordic ski club,Birch Brook Nordic Ski Club Inc.,birch brook nordic ski club,8,802974.53,same name (printings),,"printed differently: case, punctuation, apostrophes, spacing or legal suffix",Birch Brook Nordic Ski Club
ENGLISH HARBOUR ARTS ASSOCIATION LTD.,english harbour arts association,ENGLISH HARBOUR ARTS ASSOCIATION LTD.,english harbour arts association,14,801058.0,same name (printings),,"printed differently: case, punctuation, apostrophes, spacing or legal suffix",English Harbour Arts Association Ltd.; English Harbour Arts Association
EASTPORT PENINSULA HERITAGE SOCIETY INC.,eastport peninsula heritage society,EASTPORT PENINSULA HERITAGE SOCIETY INC.,eastport peninsula heritage society,17,798243.0,same name (printings),,"printed differently: case, punctuation, apostrophes, spacing or legal suffix",Eastport Peninsula Heritage Society Incorporated; Eastport Peninsula Heritage Society Inc; Eastport Peninsula Heritage Society Inc.
Sebia Diagnostics Canada,sebia diagnostics canada,Sebia Diagnostics Canada,sebia diagnostics canada,4,796582.78,same name (printings),,"printed differently: case, punctuation, apostrophes, spacing or legal suffix",Sebia Diagnostics Canada Inc.
GATEWAY LABRADOR INC.,gateway labrador,GATEWAY LABRADOR INC.,gateway labrador,22,793553.0,same name (printings),,"printed differently: case, punctuation, apostrophes, spacing or legal suffix",Gateway Labrador Inc.; Gateway Labrador Inc; Gateway Labrador Incorporated; Gateway Labrador INC.
Downtown Stephenville Business Improvement Association Corporation,downtown stephenville business improvement association,Downtown Stephenville Business Improvement Association Corporation,downtown stephenville business improvement association,7,793130.0,same name (printings),,"printed differently: case, punctuation, apostrophes, spacing or legal suffix",Downtown Stephenville Business Improvement Association
DSS PROTECTION (NL) INC,dss protection newfoundland and labrador,DSS PROTECTION (NL) INC,dss protection newfoundland and labrador,28,792036.75,same name (printings),,"printed differently: case, punctuation, apostrophes, spacing or legal suffix",DSS Protection (NL) Inc.; DSS Protection (NL) Inc; DSS PROTECTION (NL) INC.
Medtronic Canada,medtronic canada,Medtronic Canada,medtronic canada,4,788899.0,same name (printings),,"printed differently: case, punctuation, apostrophes, spacing or legal suffix",Medtronic Canada ULC
Somagen Diagnostics,somagen diagnostics,Somagen Diagnostics,somagen diagnostics,11,788879.05,same name (printings),,"printed differently: case, punctuation, apostrophes, spacing or legal suffix",Somagen Diagnostics Inc; Somagen Diagnostics Inc.
"LEROUX, SHAWN",leroux shawn,"LEROUX, SHAWN",leroux shawn,4,788413.0,same name (printings),,"printed differently: case, punctuation, apostrophes, spacing or legal suffix","Leroux, Shawn"
MICHAEL A. DOBBIN ENT LTD,michael a dobbin ent,MICHAEL A. DOBBIN ENT LTD,michael a dobbin ent,5,787550.0,same name (printings),,"printed differently: case, punctuation, apostrophes, spacing or legal suffix",Michael A. Dobbin Ent Ltd; Michael A Dobbin Ent Ltd
ARCTIC FISHERY ALLIANCE LP,arctic fishery alliance lp,ARCTIC FISHERY ALLIANCE LP,arctic fishery alliance lp,6,785902.0,same name (printings),,"printed differently: case, punctuation, apostrophes, spacing or legal suffix",Arctic Fishery Alliance Lp; Arctic Fishery Alliance LP
FRACFLOW CONSULTANTS INC.,fracflow consultants,FRACFLOW CONSULTANTS INC.,fracflow consultants,18,783569.37,same name (printings),,"printed differently: case, punctuation, apostrophes, spacing or legal suffix",Fracflow Consultants Inc
GOSS GILROY INC.,goss gilroy,GOSS GILROY INC.,goss gilroy,3,780869.13,same name (printings),,"printed differently: case, punctuation, apostrophes, spacing or legal suffix",Goss Gilroy Inc.
Mobia Technology Innovations,mobia technology innovations,Mobia Technology Innovations,mobia technology innovations,8,777391.88,same name (printings),,"printed differently: case, punctuation, apostrophes, spacing or legal suffix",MOBIA Technology Innovations Incorporated; Mobia Technology innovations; MOBIA Technology Innovations; Mobia Technology Innovations Inc
ATLANTIC ELECTRONICS LIMITED,atlantic electronics,ATLANTIC ELECTRONICS LIMITED,atlantic electronics,28,776178.97,same name (printings),,"printed differently: case, punctuation, apostrophes, spacing or legal suffix",Atlantic Electronics Ltd
C & W Industrial Fabrication & Marine Equipment Ltd.,c and w industrial fabrication and marine equipment,C & W Industrial Fabrication & Marine Equipment Ltd.,c and w industrial fabrication and marine equipment,10,774441.84,same name (printings),,"printed differently: case, punctuation, apostrophes, spacing or legal suffix",C&W Industrial Fabrication & Marine Equipment Ltd.; C & W INDUSTRIAL FABRICATION & MARINE EQUIPMENT LTD.
Sysmex Canada,sysmex canada,Sysmex Canada,sysmex canada,5,771259.97,same name (printings),,"printed differently: case, punctuation, apostrophes, spacing or legal suffix","Sysmex Canada Inc; Sysmex Canada, Inc.; Sysmex Canada Inc."
FOUGERE MENCHENTON ARCHITECTURE INC,fougere menchenton architecture,FOUGERE MENCHENTON ARCHITECTURE INC,fougere menchenton architecture,13,770465.59,same name (printings),,"printed differently: case, punctuation, apostrophes, spacing or legal suffix",Fougere Menchenton Architecture Inc; Fougere Menchenton Architecture; FOUGERE MENCHENTON ARCHITECTURE
United Seal Industry Association of Newfoundland and Labrador Inc.,united seal industry association of newfoundland and labrador,United Seal Industry Association of Newfoundland and Labrador Inc.,united seal industry association of newfoundland and labrador,2,766875.0,same name (printings),,"printed differently: case, punctuation, apostrophes, spacing or legal suffix",United Seal Industry Association of Newfoundland and Labrador Inc
EXTREME EAST RIGGING SERVICES LTD,extreme east rigging services,EXTREME EAST RIGGING SERVICES LTD,extreme east rigging services,16,765827.44,same name (printings),,"printed differently: case, punctuation, apostrophes, spacing or legal suffix",Extreme East Rigging Services Limited
Charles J. Andrew Youth Treatment Centre Inc.,charles j andrew youth treatment centre,Charles J. Andrew Youth Treatment Centre Inc.,charles j andrew youth treatment centre,11,765301.0,same name (printings),,"printed differently: case, punctuation, apostrophes, spacing or legal suffix",Charles J. Andrew Youth Treatment Centre Inc; CHARLES J. ANDREW YOUTH TREATMENT CENTRE
St. John's Women's Centre,st johns womens centre,St. John's Women's Centre,st johns womens centre,11,762804.0,same name (printings),,"printed differently: case, punctuation, apostrophes, spacing or legal suffix","St. John's Women's Centre Inc.; St John's Women's Centre Inc; St. John's Women's Centre Inc; ST. JOHN'S WOMEN'S CENTRE, INC.; St Johns Women's Centre Inc"
Western Hydraulic & Mechanical Ltd,western hydraulic and mechanical,Western Hydraulic & Mechanical Ltd,western hydraulic and mechanical,24,760787.6,same name (printings),,"printed differently: case, punctuation, apostrophes, spacing or legal suffix",WESTERN HYDRAULIC & MECHANICAL LTD; Western Hydraulic and Mechanical; Western Hydraulic & Mechanical; Western Hydraulic & Mechanical Ltd.
Zoom Video Communications,zoom video communications,Zoom Video Communications,zoom video communications,4,759385.79,same name (printings),,"printed differently: case, punctuation, apostrophes, spacing or legal suffix",Zoom Video Communications Inc.; Zoom Video Communications INC
Audyse Technology Incorporated,audyse technology,Audyse Technology Incorporated,audyse technology,8,757680.0,same name (printings),,"printed differently: case, punctuation, apostrophes, spacing or legal suffix",Audyse Technology Inc.
People of the Dawn Indigenous Friendship Centre,people of dawn indigenous friendship centre,People of the Dawn Indigenous Friendship Centre,people of dawn indigenous friendship centre,29,756238.5,same name (printings),,"printed differently: case, punctuation, apostrophes, spacing or legal suffix",PEOPLE OF THE DAWN INDIGENOUS FRIENDSHIP CENTRE INC.; People of the Dawn Indigenous Friendship Centre Inc.
Affinity Staffing Inc,affinity staffing,Affinity Staffing Inc,affinity staffing,3,756106.0,same name (printings),,"printed differently: case, punctuation, apostrophes, spacing or legal suffix",Affinity Staffing Inc.
3M Canada,3m canada,3M Canada,3m canada,4,755763.52,same name (printings),,"printed differently: case, punctuation, apostrophes, spacing or legal suffix",3M Canada Company; 3M Canada Co.
Industrial Engineering & Automation Solutions Ltd.,industrial engineering and automation solutions,Industrial Engineering & Automation Solutions Ltd.,industrial engineering and automation solutions,8,754831.0,same name (printings),,"printed differently: case, punctuation, apostrophes, spacing or legal suffix",Industrial Engineering & Automation Solutions Limited
St. John's Aquarium Incorporated,st johns aquarium,St. John's Aquarium Incorporated,st johns aquarium,16,752295.85,same name (printings),,"printed differently: case, punctuation, apostrophes, spacing or legal suffix",ST JOHN'S AQUARIUM INC; St. John's Aquarium Inc.; St. John’s Aquarium Inc.
Trinity Resources Ltd.,trinity resources,Trinity Resources Ltd.,trinity resources,9,751474.0,same name (printings),,"printed differently: case, punctuation, apostrophes, spacing or legal suffix",Trinity Resources Ltd
Harbour Breton Community Youth Network Inc.,harbour breton community youth network,Harbour Breton Community Youth Network Inc.,harbour breton community youth network,23,749993.0,same name (printings),,"printed differently: case, punctuation, apostrophes, spacing or legal suffix",Harbour Breton Community Youth Network
Western Steel Works Incorporated,western steel works,Western Steel Works Incorporated,western steel works,7,748856.32,same name (printings),,"printed differently: case, punctuation, apostrophes, spacing or legal suffix",WESTERN STEEL WORKS INC
International Communications and Navigation Ltd.,international communications and navigation,International Communications and Navigation Ltd.,international communications and navigation,7,748826.0,same name (printings),,"printed differently: case, punctuation, apostrophes, spacing or legal suffix",International Communications And Navigation Ltd.
North Shore Roofing Ltd,north shore roofing,North Shore Roofing Ltd,north shore roofing,5,748138.25,same name (printings),,"printed differently: case, punctuation, apostrophes, spacing or legal suffix",North Shore Roofing Ltd.; NORTH SHORE ROOFING LTD.; North Shore Roofing
Glen & Jerry Fisheries Inc.,glen and jerry fisheries,Glen & Jerry Fisheries Inc.,glen and jerry fisheries,14,746768.4,same name (printings),,"printed differently: case, punctuation, apostrophes, spacing or legal suffix",Glen & Jerry Fisheries Inc; GLEN & JERRY FISHERIES INC; Glen and Jerry Fisheries Inc.; Glen& Jerry Fisheries Inc.; Glen and Jerry fisheries Inc.; Glen&Jerry Fisheries Inc.
Indian Bay Ecosystem Corporation,indian bay ecosystem,Indian Bay Ecosystem Corporation,indian bay ecosystem,19,745371.15,same name (printings),,"printed differently: case, punctuation, apostrophes, spacing or legal suffix",INDIAN BAY ECOSYSTEM CORP.; Indian Bay Ecosystem Corp.
ST. JOHN'S NATIVE FRIENDSHIP CENTRE ASSOCIATION (THE),st johns native friendship centre association,ST. JOHN'S NATIVE FRIENDSHIP CENTRE ASSOCIATION (THE),st johns native friendship centre association,11,742862.79,same name (printings),,"printed differently: case, punctuation, apostrophes, spacing or legal suffix",St. John's Native Friendship Centre Association
TriNav Marine Design Inc.,trinav marine design,TriNav Marine Design Inc.,trinav marine design,8,738084.08,same name (printings),,"printed differently: case, punctuation, apostrophes, spacing or legal suffix",TRINAV MARINE DESIGN INC.; TRINAV MARINE DESIGN; TriNav Marine Design Inc
Anchor Inn Motel (1999) Ltd,anchor inn motel 1999,Anchor Inn Motel (1999) Ltd,anchor inn motel 1999,12,735238.0,same name (printings),,"printed differently: case, punctuation, apostrophes, spacing or legal suffix",Anchor Inn Motel (1999) Limited; Anchor Inn Motel(1999) Limited
Newfoundland and Labrador Laubach Literacy Council,newfoundland and labrador laubach literacy council,Newfoundland and Labrador Laubach Literacy Council,newfoundland and labrador laubach literacy council,30,735127.0,same name (printings),,"printed differently: case, punctuation, apostrophes, spacing or legal suffix",Newfoundland and Labrador Laubach Literacy Council Inc.; Newfoundland and Labrador Laubach Literacy Council Incorporated
Salesforce Canada Corporation,salesforce canada,Salesforce Canada Corporation,salesforce canada,3,728551.64,same name (printings),,"printed differently: case, punctuation, apostrophes, spacing or legal suffix",Salesforce Canada Corp
Canadian Aerial Services Inc.,canadian aerial services,Canadian Aerial Services Inc.,canadian aerial services,12,728500.0,same name (printings),,"printed differently: case, punctuation, apostrophes, spacing or legal suffix",Canadian Aerial Services Inc
Acoustic Zoom Inc.,acoustic zoom,Acoustic Zoom Inc.,acoustic zoom,6,728137.75,same name (printings),,"printed differently: case, punctuation, apostrophes, spacing or legal suffix","Acoustic Zoom, Inc."
ATLANTIC TRAILER & EQUIPMENT LIMITED,atlantic trailer and equipment,ATLANTIC TRAILER & EQUIPMENT LIMITED,atlantic trailer and equipment,20,725448.39,same name (printings),,"printed differently: case, punctuation, apostrophes, spacing or legal suffix",Atlantic Trailer & Equipment; ATLANTIC TRAILER & EQUIPMENT LTD; Atlantic Trailer and Equipment; Atlantic Trailer and Equipment Ltd; ATLANTIC TRAILER & EQUIPMENT LTD.; Atlantic Trailer & Equipment Ltd.
Uniform Works Limited,uniform works,Uniform Works Limited,uniform works,21,721677.42,same name (printings),,"printed differently: case, punctuation, apostrophes, spacing or legal suffix",UNIFORM WORKS LIMITED; Uniform Works
PETRO PLUS INC,petro plus,PETRO PLUS INC,petro plus,19,718364.75,same name (printings),,"printed differently: case, punctuation, apostrophes, spacing or legal suffix",Petro Plus Inc
BOULDER BOOKS LTD.,boulder books,BOULDER BOOKS LTD.,boulder books,13,715910.0,same name (printings),,"printed differently: case, punctuation, apostrophes, spacing or legal suffix",Boulder Books Ltd
Mount Pearl Soccer Association,mount pearl soccer association,Mount Pearl Soccer Association,mount pearl soccer association,17,715700.0,same name (printings),,"printed differently: case, punctuation, apostrophes, spacing or legal suffix",MOUNT PEARL SOCCER ASSOCIATION
"7 Fathoms Skin Care, Ltd.",7 fathoms skin care,"7 Fathoms Skin Care, Ltd.",7 fathoms skin care,7,713407.0,same name (printings),,"printed differently: case, punctuation, apostrophes, spacing or legal suffix",7 Fathoms Skin Care Ltd
Pelley Inn Limited,pelley inn,Pelley Inn Limited,pelley inn,4,710618.0,same name (printings),,"printed differently: case, punctuation, apostrophes, spacing or legal suffix",Pelley Inn Ltd.
BELFOR PROPERTY RESTORATION,belfor property restoration,BELFOR PROPERTY RESTORATION,belfor property restoration,6,710436.33,same name (printings),,"printed differently: case, punctuation, apostrophes, spacing or legal suffix",Belfor Property Restoration
DRIVE ELECTRIC NL,drive electric newfoundland and labrador,DRIVE ELECTRIC NL,drive electric newfoundland and labrador,4,709929.0,same name (printings),,"printed differently: case, punctuation, apostrophes, spacing or legal suffix",Drive Electric NL Inc.; Drive Electric NL
Flowserve Corporation,flowserve,Flowserve Corporation,flowserve,6,709318.0,same name (printings),,"printed differently: case, punctuation, apostrophes, spacing or legal suffix",Flowserve
JEWER BAILEY CONSULTANTS ULC,jewer bailey consultants,JEWER BAILEY CONSULTANTS ULC,jewer bailey consultants,19,708241.95,same name (printings),,"printed differently: case, punctuation, apostrophes, spacing or legal suffix",JEWER BAILEY CONSULTANTS; Jewer Bailey Consultants; Jewer Bailey Consultants ULC
WESTOWER COMMUNICATIONS LTD,westower communications,WESTOWER COMMUNICATIONS LTD,westower communications,11,706579.35,same name (printings),,"printed differently: case, punctuation, apostrophes, spacing or legal suffix",WESTOWER COMMUNICATIONS LTD.
Redwood Construction,redwood construction,Redwood Construction,redwood construction,3,706018.48,same name (printings),,"printed differently: case, punctuation, apostrophes, spacing or legal suffix",REDWOOD CONSTRUCTION LTD.; Redwood Construction Limited
Discovery UNESCO Global Geopark,discovery unesco global geopark,Discovery UNESCO Global Geopark,discovery unesco global geopark,6,704150.18,same name (printings),,"printed differently: case, punctuation, apostrophes, spacing or legal suffix",Discovery UNESCO Global Geopark Inc; Discovery UNESCO Global Geopark Inc.
Carter Holdings Incorporated,carter holdings,Carter Holdings Incorporated,carter holdings,10,704107.0,same name (printings),,"printed differently: case, punctuation, apostrophes, spacing or legal suffix",Carter Holdings Inc.
CORNER BROOK ARTS CENTRE ASSOCIATION INC.,corner brook arts centre association,CORNER BROOK ARTS CENTRE ASSOCIATION INC.,corner brook arts centre association,17,699056.0,same name (printings),,"printed differently: case, punctuation, apostrophes, spacing or legal suffix",Corner Brook Arts Centre Association Inc.; The Corner Brook Arts Centre Association; The Corner Brook Arts Centre Association Inc; Corner Brook Arts Centre Association Incorporated
"ZENDEHBOUDI, Sohrab",zendehboudi sohrab,"ZENDEHBOUDI, Sohrab",zendehboudi sohrab,5,693520.0,same name (printings),,"printed differently: case, punctuation, apostrophes, spacing or legal suffix","Zendehboudi, Sohrab"
Lighthouse Productions Inc.,lighthouse productions,Lighthouse Productions Inc.,lighthouse productions,13,690662.0,same name (printings),,"printed differently: case, punctuation, apostrophes, spacing or legal suffix",LIGHTHOUSE PRODUCTIONS INC.; Lighthouse Productions Inc
GIP Technical Solutions Ltd,gip technical solutions,GIP Technical Solutions Ltd,gip technical solutions,30,690401.28,same name (printings),,"printed differently: case, punctuation, apostrophes, spacing or legal suffix",GIP TECHNICAL SOLUTIONS LTD; GIP Technical Solutions; GIP Technical Solutions Ltd.
Sheaves Cove Recreation Committee Corporation,sheaves cove recreation committee,Sheaves Cove Recreation Committee Corporation,sheaves cove recreation committee,14,689412.0,same name (printings),,"printed differently: case, punctuation, apostrophes, spacing or legal suffix",Sheaves Cove Recreation Committee
Westwood Global Energy Inc.,westwood global energy,Westwood Global Energy Inc.,westwood global energy,4,688878.55,same name (printings),,"printed differently: case, punctuation, apostrophes, spacing or legal suffix",Westwood Global Energy Inc
Filmtec Corporation,filmtec,Filmtec Corporation,filmtec,2,684187.35,same name (printings),,"printed differently: case, punctuation, apostrophes, spacing or legal suffix",FilmTec Corporation
Linde Canada Inc.,linde canada,Linde Canada Inc.,linde canada,12,683647.48,same name (printings),,"printed differently: case, punctuation, apostrophes, spacing or legal suffix",Linde Canada Inc; LINDE CANADA INC
Lower Trinity South Regional Development Association,lower trinity south regional development association,Lower Trinity South Regional Development Association,lower trinity south regional development association,13,682186.0,same name (printings),,"printed differently: case, punctuation, apostrophes, spacing or legal suffix",The Lower Trinity South Regional Development Association
Canadian Parks and Wilderness Society Newfoundland and Labrador Chapter,canadian parks and wilderness society newfoundland and labrador chapter,Canadian Parks and Wilderness Society Newfoundland and Labrador Chapter,canadian parks and wilderness society newfoundland and labrador chapter,10,681650.0,same name (printings),,"printed differently: case, punctuation, apostrophes, spacing or legal suffix",Canadian Parks and Wilderness Society - Newfoundland and Labrador Chapter; Canadian Parks and Wilderness Society - NL Chapter; 'Canadian Parks and Wilderness Society - Newfoundland and Labrador Chapter-; CANADIAN PARKS AND WILDERNESS SOCIETY - Newfoundland and Labrador Chapter (CPAWS); Canadian Parks and Wilderness Society – NL Chapter
Town of Springdale,town of springdale,Town of Springdale,town of springdale,21,681013.0,same name (printings),,"printed differently: case, punctuation, apostrophes, spacing or legal suffix",TOWN OF SPRINGDALE; Town Of Springdale
Town of Fogo Island,town of fogo island,Town of Fogo Island,town of fogo island,15,680463.0,same name (printings),,"printed differently: case, punctuation, apostrophes, spacing or legal suffix",The Town of Fogo Island
Bilroc Industries Ltd.,bilroc industries,Bilroc Industries Ltd.,bilroc industries,6,680024.0,same name (printings),,"printed differently: case, punctuation, apostrophes, spacing or legal suffix",Bilroc Industries Limited; BilRoc Industries Ltd.
Cain's Quest Inc.,cains quest,Cain's Quest Inc.,cains quest,8,679600.0,same name (printings),,"printed differently: case, punctuation, apostrophes, spacing or legal suffix",Cain's Quest Inc
Canadian Medical Products Inc.,canadian medical products,Canadian Medical Products Inc.,canadian medical products,8,678825.35,same name (printings),,"printed differently: case, punctuation, apostrophes, spacing or legal suffix",Canadian Medical Products; CANADIAN MEDICAL PRODUCTS INC; Canadian Medical Products Inc
Aldera Communications Inc,aldera communications,Aldera Communications Inc,aldera communications,5,678012.0,same name (printings),,"printed differently: case, punctuation, apostrophes, spacing or legal suffix",Aldera Communications Inc.
Harbour Authority of Petty Harbour,harbour authority of petty harbour,Harbour Authority of Petty Harbour,harbour authority of petty harbour,19,677098.88,same name (printings),,"printed differently: case, punctuation, apostrophes, spacing or legal suffix",HARBOUR AUTHORITY OF PETTY HARBOUR
WSS (12308487 CANADA INC),wss 12308487 canada,WSS (12308487 CANADA INC),wss 12308487 canada,3,676192.0,same name (printings),,"printed differently: case, punctuation, apostrophes, spacing or legal suffix",WSS (12308487 Canada Inc)
WONDERBOLT PRODUCTIONS INC.,wonderbolt productions,WONDERBOLT PRODUCTIONS INC.,wonderbolt productions,24,673745.0,same name (printings),,"printed differently: case, punctuation, apostrophes, spacing or legal suffix",Wonderbolt Productions Inc.; Wonderbolt Productions Inc
Film Producers Association of Newfoundland Inc.,film producers association of newfoundland,Film Producers Association of Newfoundland Inc.,film producers association of newfoundland,9,673490.0,same name (printings),,"printed differently: case, punctuation, apostrophes, spacing or legal suffix",Film Producers' Association of Newfoundland
World Education Network Newfoundland and Labrador Incorporated,world education network newfoundland and labrador,World Education Network Newfoundland and Labrador Incorporated,world education network newfoundland and labrador,6,671881.0,same name (printings),,"printed differently: case, punctuation, apostrophes, spacing or legal suffix",World Education Network Newfoundland and Labrador Inc
WLH CONTRACTING LTD,wlh contracting,WLH CONTRACTING LTD,wlh contracting,10,671729.45,same name (printings),,"printed differently: case, punctuation, apostrophes, spacing or legal suffix",WLH CONTRACTING LIMITED; WLH Contracting; WLH Contracting Ltd.; WLH Contracting Ltd
Town of Harbour Breton,town of harbour breton,Town of Harbour Breton,town of harbour breton,17,669800.6,same name (printings),,"printed differently: case, punctuation, apostrophes, spacing or legal suffix",TOWN OF HARBOUR BRETON
THEM DAYS INCORPORATED,them days,THEM DAYS INCORPORATED,them days,23,666359.0,same name (printings),,"printed differently: case, punctuation, apostrophes, spacing or legal suffix",Them Days Incorporated; Them Days
NGC Nunatsiavut Construction Inc.,ngc nunatsiavut construction,NGC Nunatsiavut Construction Inc.,ngc nunatsiavut construction,4,665576.83,same name (printings),,"printed differently: case, punctuation, apostrophes, spacing or legal suffix",NGC Nunatsiavut Construction Inc
Standard Aero,standard aero,Standard Aero,standard aero,2,658420.67,same name (printings),,"printed differently: case, punctuation, apostrophes, spacing or legal suffix",Standard Aero Limited
R & D Construction Ltd,r and d construction,R & D Construction Ltd,r and d construction,5,655258.9,same name (printings),,"printed differently: case, punctuation, apostrophes, spacing or legal suffix",R&D Construction Ltd.; R & D CONSTRUCTION LTD.
MALONEY DIVING INC.,maloney diving,MALONEY DIVING INC.,maloney diving,45,655079.6,same name (printings),,"printed differently: case, punctuation, apostrophes, spacing or legal suffix",Maloney Diving Incorporated; Maloney Diving Inc.
Golden Shell Fisheries (2014) Limited,golden shell fisheries 2014,Golden Shell Fisheries (2014) Limited,golden shell fisheries 2014,6,654458.4,same name (printings),,"printed differently: case, punctuation, apostrophes, spacing or legal suffix",Golden Shell Fisheries (2014) Limit; Golden Shell Fisheries (2014) Ltd.
"Inergex Canada Inc., dba Crossfuze",inergex canada,"Inergex Canada Inc., dba Crossfuze",inergex canada,2,651102.04,same name (printings),,"printed differently: case, punctuation, apostrophes, spacing or legal suffix","Inergex Canada, Inc. (dba Crossfuze)"
TOP NOTCH ELECTRICAL LTD,top notch electrical,TOP NOTCH ELECTRICAL LTD,top notch electrical,8,650448.66,same name (printings),,"printed differently: case, punctuation, apostrophes, spacing or legal suffix",Top Notch Electrical Ltd; TOP NOTCH ELECTRICAL LTD.; Top Notch Electrical Ltd.
Newfoundland & Labrador Construction Association,newfoundland and labrador construction association,Newfoundland & Labrador Construction Association,newfoundland and labrador construction association,10,648082.0,same name (printings),,"printed differently: case, punctuation, apostrophes, spacing or legal suffix",The Newfoundland and Labrador Construction Association
Versaterm Public Safety Inc.,versaterm public safety,Versaterm Public Safety Inc.,versaterm public safety,3,647747.9,same name (printings),,"printed differently: case, punctuation, apostrophes, spacing or legal suffix",VERSATERM PUBLIC SAFETY INC; Versaterm Public Safety Inc
Hoskin Scientific Limited,hoskin scientific,Hoskin Scientific Limited,hoskin scientific,32,647354.0,same name (printings),,"printed differently: case, punctuation, apostrophes, spacing or legal suffix",HOSKIN SCIENTIFIC LIMITED; Hoskin Scientific Ltd.; Hoskin Scientific
H&F ELECTRICAL LIMITED,h and f electrical,H&F ELECTRICAL LIMITED,h and f electrical,6,646742.75,same name (printings),,"printed differently: case, punctuation, apostrophes, spacing or legal suffix",H & F ELECTRICAL LIMITED; H&F Electrical Limited; H&F Electrical
NotificationAPI Software Inc.,notificationapi software,NotificationAPI Software Inc.,notificationapi software,7,646575.0,same name (printings),,"printed differently: case, punctuation, apostrophes, spacing or legal suffix",NotificationAPI Software Inc
TARGET MARKETING & COMMUNICATIONS I,target marketing and communications i,TARGET MARKETING & COMMUNICATIONS I,target marketing and communications i,5,644464.05,same name (printings),,"printed differently: case, punctuation, apostrophes, spacing or legal suffix",Target Marketing & Communications I
Altomaxx Technologies Inc.,altomaxx technologies,Altomaxx Technologies Inc.,altomaxx technologies,17,643115.14,same name (printings),,"printed differently: case, punctuation, apostrophes, spacing or legal suffix",ALTOMAXX TECHNOLOGIES INC.; AltoMaxx Technologies Inc.; ALTOMAXX TECHNOLOGIES; AltoMaxx Technologies Inc; ALTOMAXX TECHNOLOGIES INC; AltoMaxx Technologies Ltd.
iSYS - Intelligent System Solutions Corporation,isys intelligent system solutions,iSYS - Intelligent System Solutions Corporation,isys intelligent system solutions,14,642358.09,same name (printings),,"printed differently: case, punctuation, apostrophes, spacing or legal suffix",ISYS INTELLIGENT SYSTEM SOLUTIONS; ISYS-INTELLIGENT SYSTEM SOLUTIONS CORP
Stantec Consulting Ltd.,stantec consulting,Stantec Consulting Ltd.,stantec consulting,10,641806.5,same name (printings),,"printed differently: case, punctuation, apostrophes, spacing or legal suffix",STANTEC CONSULTING LTD; Stantec Consulting Ltd; Stantec Consulting Limited
Micronostyx,micronostyx,Micronostyx,micronostyx,5,641111.09,same name (printings),,"printed differently: case, punctuation, apostrophes, spacing or legal suffix",Micronostyx Inc
STAPLES PROFESSIONAL INC,staples professional,STAPLES PROFESSIONAL INC,staples professional,680,640428.93,same name (printings),,"printed differently: case, punctuation, apostrophes, spacing or legal suffix",Staples Professional Inc; Staples Professional Inc.
Societe De Protection Des Forets,societe de protection des forets,Societe De Protection Des Forets,societe de protection des forets,3,640419.32,same name (printings),,"printed differently: case, punctuation, apostrophes, spacing or legal suffix",SOCIETE DE PROTECTION DES FORETS
Mobia Health Innovations,mobia health innovations,Mobia Health Innovations,mobia health innovations,6,634543.0,same name (printings),,"printed differently: case, punctuation, apostrophes, spacing or legal suffix",Mobia Health Innovations Inc.
Gros Morne Co-op Association,gros morne cooperative association,Gros Morne Co-op Association,gros morne cooperative association,5,634344.99,same name (printings),,"printed differently: case, punctuation, apostrophes, spacing or legal suffix",Gros Morne Co-Op Association
WESTERN HYDRAULIC 2000 LTD,western hydraulic 2000,WESTERN HYDRAULIC 2000 LTD,western hydraulic 2000,20,632445.4,same name (printings),,"printed differently: case, punctuation, apostrophes, spacing or legal suffix",Western Hydraulic 2000 Ltd; Western Hydraulic 2000 Ltd.
Martin & Levesque Inc,martin and levesque,Martin & Levesque Inc,martin and levesque,10,630976.2,same name (printings),,"printed differently: case, punctuation, apostrophes, spacing or legal suffix",Martin & Levesque Inc.; MARTIN & LEVESQUE INC.; Martin & Levesque
Quadient Canada Ltd,quadient canada,Quadient Canada Ltd,quadient canada,3,628000.0,same name (printings),,"printed differently: case, punctuation, apostrophes, spacing or legal suffix",Quadient Canada
"Bell Island Sobriety, Housing and Employment Inc.",bell island sobriety housing and employment,"Bell Island Sobriety, Housing and Employment Inc.",bell island sobriety housing and employment,2,626575.0,same name (printings),,"printed differently: case, punctuation, apostrophes, spacing or legal suffix",Bell Island Sobriety Housing and Employment Inc
UNITED RENTALS OF CANADA INC,united rentals of canada,UNITED RENTALS OF CANADA INC,united rentals of canada,24,626007.38,same name (printings),,"printed differently: case, punctuation, apostrophes, spacing or legal suffix","United Rentals of Canada; UNITED RENTALS OF CANADA, INC; United Rentals of Canada, Inc; UNITED RENTALS OF CANADA, INC.; United Rentals Of Canada Inc"
Three Rivers Mi'kmaq Band Inc.,three rivers mikmaq band,Three Rivers Mi'kmaq Band Inc.,three rivers mikmaq band,8,624374.0,same name (printings),,"printed differently: case, punctuation, apostrophes, spacing or legal suffix",Three Rivers Mi'kmaq Band Inc; THREE RIVERS MI'KMAQ BAND INC.; THREE RIVERS MI'KMAQ BAND INC; Three Rivers Mi'Kmaq Band Inc
Riverwood Holdings Inc.,riverwood holdings,Riverwood Holdings Inc.,riverwood holdings,13,623840.0,same name (printings),,"printed differently: case, punctuation, apostrophes, spacing or legal suffix",Riverwood Holdings Inc; Riverwood Holdings INC
Hotel Port Aux Basques Limited,hotel port aux basques,Hotel Port Aux Basques Limited,hotel port aux basques,13,622348.68,same name (printings),,"printed differently: case, punctuation, apostrophes, spacing or legal suffix",Hotel Port aux Basques; Hotel Port Aux Basques; Hotel Port aux Basques Limited
N.E. PARROTT SURVEYS LTD.,n e parrott surveys,N.E. PARROTT SURVEYS LTD.,n e parrott surveys,12,621120.8,same name (printings),,"printed differently: case, punctuation, apostrophes, spacing or legal suffix",N.E. Parrott Surveys Limited; N.E. Parrott Surveys Ltd.; N. E. Parrott Surveys ltd
The Heart's Content Mizzen Heritage Society Inc.,hearts content mizzen heritage society,The Heart's Content Mizzen Heritage Society Inc.,hearts content mizzen heritage society,15,616208.0,same name (printings),,"printed differently: case, punctuation, apostrophes, spacing or legal suffix",Heart's Content Mizzen Heritage Society Inc.; HEART'S CONTENT MIZZEN HERITAGE SOCIETY INC. (THE); THE HEART'S CONTENT MIZZEN HERITAGE SOCIETY INC.; Heart's Content Mizzen Heritage Society Inc
"ZOU, TING",zou ting,"ZOU, TING",zou ting,5,616075.0,same name (printings),,"printed differently: case, punctuation, apostrophes, spacing or legal suffix","Zou, Ting"
Phocalux International Inc.,phocalux international,Phocalux International Inc.,phocalux international,9,615162.0,same name (printings),,"printed differently: case, punctuation, apostrophes, spacing or legal suffix",Phocalux International Inc
Komatik Support Services Inc.,komatik support services,Komatik Support Services Inc.,komatik support services,7,613924.0,same name (printings),,"printed differently: case, punctuation, apostrophes, spacing or legal suffix",Komatik Support Services Inc
Corduroy Brook Enhancement Association Inc.,corduroy brook enhancement association,Corduroy Brook Enhancement Association Inc.,corduroy brook enhancement association,15,613533.0,same name (printings),,"printed differently: case, punctuation, apostrophes, spacing or legal suffix",Corduroy Brook Enhancement Association; Corduroy Brook Enhancement Association INC.
MetaCrust Services Ltd.,metacrust services,MetaCrust Services Ltd.,metacrust services,7,612408.0,same name (printings),,"printed differently: case, punctuation, apostrophes, spacing or legal suffix",MetaCrust Services Ltd
Goulds Recreation Association Corporation,goulds recreation association,Goulds Recreation Association Corporation,goulds recreation association,21,611839.0,same name (printings),,"printed differently: case, punctuation, apostrophes, spacing or legal suffix",GOULDS RECREATION ASSOCIATION CORPORATION; Goulds Recreation Association
Ricoh Canada Inc.,ricoh canada,Ricoh Canada Inc.,ricoh canada,5,609473.52,same name (printings),,"printed differently: case, punctuation, apostrophes, spacing or legal suffix",Ricoh Canada
Newfoundland & Labrador Folk Arts Society Inc.,newfoundland and labrador folk arts society,Newfoundland & Labrador Folk Arts Society Inc.,newfoundland and labrador folk arts society,16,607433.0,same name (printings),,"printed differently: case, punctuation, apostrophes, spacing or legal suffix",NEWFOUNDLAND AND LABRADOR FOLK ARTS SOCIETY INC.; Newfoundland and Labrador Folk Arts Society Inc.; NEWFOUNDLAND & LABRADOR FOLK ARTS SOCIETY INC.; The Newfoundland & Labrador Folk Arts Society INC.
De Havilland Aircraft of Canada Limited,de havilland aircraft of canada,De Havilland Aircraft of Canada Limited,de havilland aircraft of canada,21,606780.08,same name (printings),,"printed differently: case, punctuation, apostrophes, spacing or legal suffix",DE HAVILLAND AIRCRAFT OF CANADA LIMITED; De Havilland Aircraft Of Canada Limited; DE Havilland Aircraft of Canada Limited
McCarthy's Party Limited,mccarthys party,McCarthy's Party Limited,mccarthys party,7,606395.0,same name (printings),,"printed differently: case, punctuation, apostrophes, spacing or legal suffix",McCarthy's Party Ltd; McCarthy's Party Ltd.
B & S TRUCKING LTD,b and s trucking,B & S TRUCKING LTD,b and s trucking,94,605759.03,same name (printings),,"printed differently: case, punctuation, apostrophes, spacing or legal suffix",B & S Trucking Ltd; B & S Trucking Ltd.; B&S Trucking Ltd; B & S TRUCKING LTD.
Gary Budden Janitorial Services,gary budden janitorial services,Gary Budden Janitorial Services,gary budden janitorial services,6,605038.49,same name (printings),,"printed differently: case, punctuation, apostrophes, spacing or legal suffix",GARY BUDDEN JANITORIAL SERVICES
Biomerieux Canada Inc.,biomerieux canada,Biomerieux Canada Inc.,biomerieux canada,2,602424.0,same name (printings),,"printed differently: case, punctuation, apostrophes, spacing or legal suffix",BioMérieux Canada Inc.
Softchoice LP,softchoice lp,Softchoice LP,softchoice lp,6,600751.04,same name (printings),,"printed differently: case, punctuation, apostrophes, spacing or legal suffix",SOFTCHOICE LP
Atlantic Maintenance Services Ltd.,atlantic maintenance services,Atlantic Maintenance Services Ltd.,atlantic maintenance services,4,600000.0,same name (printings),,"printed differently: case, punctuation, apostrophes, spacing or legal suffix",Atlantic Maintenance Services Ltd
Tacamor Holdings Inc.,tacamor holdings,Tacamor Holdings Inc.,tacamor holdings,3,599000.0,same name (printings),,"printed differently: case, punctuation, apostrophes, spacing or legal suffix",Tacamor Holdings Incorporated
FLOYD'S CONSTRUCTION LTD,floyds construction,FLOYD'S CONSTRUCTION LTD,floyds construction,23,597931.0,same name (printings),,"printed differently: case, punctuation, apostrophes, spacing or legal suffix",Floyd's Construction Limited; Floyd’s Construction Limited; Floyd'S Construction Ltd; Floyd's Construction Ltd.; Floyd’s Construction Ltd.
JAT EXCAVATING INC,jat excavating,JAT EXCAVATING INC,jat excavating,10,597863.85,same name (printings),,"printed differently: case, punctuation, apostrophes, spacing or legal suffix",JAT Excavating Inc.; JAT Excavating Inc; JAT Excavating
Placentia Area Chamber of Commerce,placentia area chamber of commerce,Placentia Area Chamber of Commerce,placentia area chamber of commerce,39,597137.0,same name (printings),,"printed differently: case, punctuation, apostrophes, spacing or legal suffix",PLACENTIA AREA CHAMBER OF COMMERCE
Literacy Coalition of Newfoundland and Labrador,literacy coalition of newfoundland and labrador,Literacy Coalition of Newfoundland and Labrador,literacy coalition of newfoundland and labrador,5,596570.0,same name (printings),,"printed differently: case, punctuation, apostrophes, spacing or legal suffix",Literacy Coalition of NL
Dell Canada Inc.,dell canada,Dell Canada Inc.,dell canada,9,595346.24,same name (printings),,"printed differently: case, punctuation, apostrophes, spacing or legal suffix",Dell Canada Inc; DELL CANADA INC; DELL CANADA
Laerdal Medical Canada Ltd.,laerdal medical canada,Laerdal Medical Canada Ltd.,laerdal medical canada,7,592408.19,same name (printings),,"printed differently: case, punctuation, apostrophes, spacing or legal suffix",Laerdal Medical Canada LTD; Laerdal Medical Canada; Laerdal Medical Canada Ltd
Town of Lumsden,town of lumsden,Town of Lumsden,town of lumsden,6,591908.0,same name (printings),,"printed differently: case, punctuation, apostrophes, spacing or legal suffix",TOWN OF LUMSDEN
SYSCO CANADA INC,sysco canada,SYSCO CANADA INC,sysco canada,23,590365.38,same name (printings),,"printed differently: case, punctuation, apostrophes, spacing or legal suffix",Sysco Canada Inc
Jeremy's Construction Ltd.,jeremys construction,Jeremy's Construction Ltd.,jeremys construction,3,587395.0,same name (printings),,"printed differently: case, punctuation, apostrophes, spacing or legal suffix",Jeremy's Construction Ltd
Grieg NL Seafarms Ltd.,grieg newfoundland and labrador seafarms,Grieg NL Seafarms Ltd.,grieg newfoundland and labrador seafarms,6,586062.6,same name (printings),,"printed differently: case, punctuation, apostrophes, spacing or legal suffix",Grieg NL Seafarms Ltd; Grieg Nl Seafarms Ltd.
Hyke Technologies Inc.,hyke technologies,Hyke Technologies Inc.,hyke technologies,13,584190.0,same name (printings),,"printed differently: case, punctuation, apostrophes, spacing or legal suffix",HYKE Technologies Inc.; HYKE Technologies Inc
Barrington Consulting Group Inc.,barrington consulting group,Barrington Consulting Group Inc.,barrington consulting group,2,580873.0,same name (printings),,"printed differently: case, punctuation, apostrophes, spacing or legal suffix",Barrington Consulting Group
Leaside Manor Inc.,leaside manor,Leaside Manor Inc.,leaside manor,7,580795.25,same name (printings),,"printed differently: case, punctuation, apostrophes, spacing or legal suffix",Leaside Manor Inc; LEASIDE MANOR INC
Home from the Sea Foundation Inc.,home from sea foundation,Home from the Sea Foundation Inc.,home from sea foundation,15,579413.0,same name (printings),,"printed differently: case, punctuation, apostrophes, spacing or legal suffix",HOME FROM THE SEA FOUNDATION INC.; Home from The Sea Foundation Inc.; Home from the Sea Foundation Inc
Evoqua Water Technologies,evoqua water technologies,Evoqua Water Technologies,evoqua water technologies,7,579154.91,same name (printings),,"printed differently: case, punctuation, apostrophes, spacing or legal suffix",Evoqua Water Technologies LLC.; Evoqua Water Technologies Ltd.
Focus Field Solutions Inc.,focus field solutions,Focus Field Solutions Inc.,focus field solutions,7,578441.52,same name (printings),,"printed differently: case, punctuation, apostrophes, spacing or legal suffix",Focus Field Solutions
Resource Innovations Inc.,resource innovations,Resource Innovations Inc.,resource innovations,10,574429.0,same name (printings),,"printed differently: case, punctuation, apostrophes, spacing or legal suffix",Resource Innovations Inc
Labrador West Chamber of Commerce,labrador west chamber of commerce,Labrador West Chamber of Commerce,labrador west chamber of commerce,18,573901.99,same name (printings),,"printed differently: case, punctuation, apostrophes, spacing or legal suffix",LABRADOR WEST CHAMBER OF COMMERCE
Burtons Cove Logging & Lumber Limited,burtons cove logging and lumber,Burtons Cove Logging & Lumber Limited,burtons cove logging and lumber,6,573750.0,same name (printings),,"printed differently: case, punctuation, apostrophes, spacing or legal suffix",BURTONS COVE LOGGING & LUMBER LIMITED; Burton's Cove Logging and Lumber Co. Ltd
West Coast Cycling Association Inc.,west coast cycling association,West Coast Cycling Association Inc.,west coast cycling association,8,573485.0,same name (printings),,"printed differently: case, punctuation, apostrophes, spacing or legal suffix",West Coast Cycling Association
"Schlumberger Canada Limited, Software Integrated Solutions,",schlumberger canada software integrated solutions,"Schlumberger Canada Limited, Software Integrated Solutions,",schlumberger canada software integrated solutions,2,572292.84,same name (printings),,"printed differently: case, punctuation, apostrophes, spacing or legal suffix","Schlumberger Canada Limited, Software Integrated Solutions"
GE Renewable Energy Canada Inc,ge renewable energy canada,GE Renewable Energy Canada Inc,ge renewable energy canada,5,572267.0,same name (printings),,"printed differently: case, punctuation, apostrophes, spacing or legal suffix",GE Renewable Energy Canada Inc.
ATLANTIC BUSINESS INTERIORS,atlantic business interiors,ATLANTIC BUSINESS INTERIORS,atlantic business interiors,25,571483.74,same name (printings),,"printed differently: case, punctuation, apostrophes, spacing or legal suffix",Atlantic Business Interiors
Trans Support NL Inc.,trans support newfoundland and labrador,Trans Support NL Inc.,trans support newfoundland and labrador,2,571415.0,same name (printings),,"printed differently: case, punctuation, apostrophes, spacing or legal suffix",Trans Support NL
Iris Kirby House Inc.,iris kirby house,Iris Kirby House Inc.,iris kirby house,12,570469.0,same name (printings),,"printed differently: case, punctuation, apostrophes, spacing or legal suffix",Iris Kirby House Inc
SOUTHERN SHORE ARENA ASSOCIATION,southern shore arena association,SOUTHERN SHORE ARENA ASSOCIATION,southern shore arena association,7,567081.6,same name (printings),,"printed differently: case, punctuation, apostrophes, spacing or legal suffix",Southern Shore Arena Association
VitalSine,vitalsine,VitalSine,vitalsine,11,563637.28,same name (printings),,"printed differently: case, punctuation, apostrophes, spacing or legal suffix",Vitalsine; Vitalsine inc; VitalSine Inc.; Vitalsine Inc.; VITALSINE INC.; VitalSine Inc
Independent Fish Harvesters Inc.,independent fish harvesters,Independent Fish Harvesters Inc.,independent fish harvesters,2,561125.8,same name (printings),,"printed differently: case, punctuation, apostrophes, spacing or legal suffix",Independent Fish Harvesters Inc
ECO CONTRACTING LIMITED,eco contracting,ECO CONTRACTING LIMITED,eco contracting,5,559758.52,same name (printings),,"printed differently: case, punctuation, apostrophes, spacing or legal suffix",ECO CONTRACTING LTD; Eco Contracting Limited; Eco Contracting Ltd
Young's Industrial Refrigeration Ltd.,youngs industrial refrigeration,Young's Industrial Refrigeration Ltd.,youngs industrial refrigeration,6,558521.12,same name (printings),,"printed differently: case, punctuation, apostrophes, spacing or legal suffix",Young's Industrial Refrigeration Ltd; YOUNG'S INDUSTRIAL REFRIGERATION LT
totaliQ Technology Inc,totaliq technology,totaliQ Technology Inc,totaliq technology,5,558108.0,same name (printings),,"printed differently: case, punctuation, apostrophes, spacing or legal suffix",totaliQ Technology Inc.
HARBOUR AUTHORITY OF PORT DE GRAVE,harbour authority of port de grave,HARBOUR AUTHORITY OF PORT DE GRAVE,harbour authority of port de grave,15,557694.78,same name (printings),,"printed differently: case, punctuation, apostrophes, spacing or legal suffix",Harbour Authority of Port de Grave; Harbour Authority of Port De Grave
Pathway Construction Ltd.,pathway construction,Pathway Construction Ltd.,pathway construction,5,557670.02,same name (printings),,"printed differently: case, punctuation, apostrophes, spacing or legal suffix",PATHWAY CONSTRUCTION LTD
Construction Signs Limited,construction signs,Construction Signs Limited,construction signs,14,556185.0,same name (printings),,"printed differently: case, punctuation, apostrophes, spacing or legal suffix",CONSTRUCTION SIGNS LIMITED; Construction Signs Ltd; CONSTRUCTION SIGNS LTD
ELECTRIC MOTOR & PUMP,electric motor and pump,ELECTRIC MOTOR & PUMP,electric motor and pump,29,555624.7,same name (printings),,"printed differently: case, punctuation, apostrophes, spacing or legal suffix",Electric Motor & Pump; Electric Motor and Pump
Orcinus Technologies Inc.,orcinus technologies,Orcinus Technologies Inc.,orcinus technologies,4,554546.0,same name (printings),,"printed differently: case, punctuation, apostrophes, spacing or legal suffix",Orcinus Technologies Inc
Broadening Horizons Recycling Inc.,broadening horizons recycling,Broadening Horizons Recycling Inc.,broadening horizons recycling,8,554305.0,same name (printings),,"printed differently: case, punctuation, apostrophes, spacing or legal suffix",Broadening Horizons Recycling Inc
FTS Forest Technology Systems Ltd.,fts forest technology systems,FTS Forest Technology Systems Ltd.,fts forest technology systems,6,553935.04,same name (printings),,"printed differently: case, punctuation, apostrophes, spacing or legal suffix",FTS Forest Technology Systems Ltd
Jenso Consulting & Design Ltd,jenso consulting and design,Jenso Consulting & Design Ltd,jenso consulting and design,7,552506.6,same name (printings),,"printed differently: case, punctuation, apostrophes, spacing or legal suffix",Jenso Consulting & Design Ltd.
Inclusion Canada Newfoundland and Labrador Inc.,inclusion canada newfoundland and labrador,Inclusion Canada Newfoundland and Labrador Inc.,inclusion canada newfoundland and labrador,4,552008.0,same name (printings),,"printed differently: case, punctuation, apostrophes, spacing or legal suffix",Inclusion Canada Newfoundland & Labrador INC
RODNEY BUDDEN,rodney budden,RODNEY BUDDEN,rodney budden,9,550344.34,same name (printings),,"printed differently: case, punctuation, apostrophes, spacing or legal suffix",Rodney Budden
Sparrow Acoustics Inc.,sparrow acoustics,Sparrow Acoustics Inc.,sparrow acoustics,4,550000.0,same name (printings),,"printed differently: case, punctuation, apostrophes, spacing or legal suffix",Sparrow Acoustics Inc
Cape Random Trust Inc.,cape random trust,Cape Random Trust Inc.,cape random trust,13,545345.0,same name (printings),,"printed differently: case, punctuation, apostrophes, spacing or legal suffix",CAPE RANDOM TRUST INC.; Cape Random Trust Inc
TOYOTA PLAZA,toyota plaza,TOYOTA PLAZA,toyota plaza,24,545003.0,same name (printings),,"printed differently: case, punctuation, apostrophes, spacing or legal suffix",Toyota Plaza
INNU DEVELOPMENT LIMITED PARTNERSHIP,innu development lp,INNU DEVELOPMENT LIMITED PARTNERSHIP,innu development lp,3,542980.0,same name (printings),,"printed differently: case, punctuation, apostrophes, spacing or legal suffix",Innu Development Limited Partnership
WH Parsons Ltd,wh parsons,WH Parsons Ltd,wh parsons,2,541815.12,same name (printings),,"printed differently: case, punctuation, apostrophes, spacing or legal suffix",WH Parsons
Nufeeds Inc.,nufeeds,Nufeeds Inc.,nufeeds,4,537373.0,same name (printings),,"printed differently: case, punctuation, apostrophes, spacing or legal suffix",Nufeeds Incorporated; Nufeeds Inc
Schneider Electric Canada Inc.,schneider electric canada,Schneider Electric Canada Inc.,schneider electric canada,15,535275.6,same name (printings),,"printed differently: case, punctuation, apostrophes, spacing or legal suffix",SCHNEIDER ELECTRIC CANADA; Schneider Electric Canada INC; Schneider Electric Canada
Majestic Metals Ltd.,majestic metals,Majestic Metals Ltd.,majestic metals,6,535000.0,same name (printings),,"printed differently: case, punctuation, apostrophes, spacing or legal suffix",Majestic Metals Ltd
Heddle Marine Service (NL) Inc.,heddle marine service newfoundland and labrador,Heddle Marine Service (NL) Inc.,heddle marine service newfoundland and labrador,3,534854.32,same name (printings),,"printed differently: case, punctuation, apostrophes, spacing or legal suffix",Heddle Marine Service (NL) Inc
ACKLANDS-GRAINGER INC.,acklands grainger,ACKLANDS-GRAINGER INC.,acklands grainger,31,534737.1,same name (printings),,"printed differently: case, punctuation, apostrophes, spacing or legal suffix",Acklands-Grainger Inc.; Acklands - Grainger Inc
Friends of Writers at Woody Point Inc.,friends of writers at woody point,Friends of Writers at Woody Point Inc.,friends of writers at woody point,22,533931.0,same name (printings),,"printed differently: case, punctuation, apostrophes, spacing or legal suffix",FRIENDS OF WRITERS AT WOODY POINT INC.; Friends of Writers at Woody Point Inc; Friends of Writers at Woody Point inc
KAREN MICHELLE BURKE,karen michelle burke,KAREN MICHELLE BURKE,karen michelle burke,4,533322.6,same name (printings),,"printed differently: case, punctuation, apostrophes, spacing or legal suffix",Karen Michelle Burke
Conception Bay South Parks Commission Inc.,conception bay south parks commission,Conception Bay South Parks Commission Inc.,conception bay south parks commission,18,532894.0,same name (printings),,"printed differently: case, punctuation, apostrophes, spacing or legal suffix",Conception Bay South Parks Commission
Port Blandford - Winter Brook Development Association,port blandford winter brook development association,Port Blandford - Winter Brook Development Association,port blandford winter brook development association,9,532798.0,same name (printings),,"printed differently: case, punctuation, apostrophes, spacing or legal suffix",Port Blandford Winter Brook Development Association
LGL LIMITED,lgl,LGL LIMITED,lgl,12,532048.53,same name (printings),,"printed differently: case, punctuation, apostrophes, spacing or legal suffix",LGL Limited
Town of Portugal Cove - St. Philip's,town of portugal cove st philips,Town of Portugal Cove - St. Philip's,town of portugal cove st philips,13,531701.0,same name (printings),,"printed differently: case, punctuation, apostrophes, spacing or legal suffix",Town of Portugal Cove-St. Philip's; The town of Portugal Cove - St. Philip's; The Town of Portugal Cove- St. Philip's
Ocean Quest Inc.,ocean quest,Ocean Quest Inc.,ocean quest,14,530268.0,same name (printings),,"printed differently: case, punctuation, apostrophes, spacing or legal suffix",Ocean Quest Inc; OCEAN QUEST INC
STACEY CONTRACTING LTD,stacey contracting,STACEY CONTRACTING LTD,stacey contracting,33,528719.38,same name (printings),,"printed differently: case, punctuation, apostrophes, spacing or legal suffix",Stacey Contracting Ltd
"The Anna Templeton Centre for Craft, Art and Design, Inc",anna templeton centre for craft art and design,"The Anna Templeton Centre for Craft, Art and Design, Inc",anna templeton centre for craft art and design,14,528088.0,same name (printings),,"printed differently: case, punctuation, apostrophes, spacing or legal suffix","The Anna Templeton Centre for Craft, Art and Design, Inc.; Anna Templeton Centre for Craft Art & Design; The Anna Templeton Centre for Craft, Art and Design Inc"
TROY LIFE & FIRE SAFETY LTD,troy life and fire safety,TROY LIFE & FIRE SAFETY LTD,troy life and fire safety,30,526811.27,same name (printings),,"printed differently: case, punctuation, apostrophes, spacing or legal suffix",Troy Life & Fire Safety Ltd.; Troy Life and Fire Safety Ltd.; Troy Life & Fire Safety Ltd
Kean Marine Inc.,kean marine,Kean Marine Inc.,kean marine,8,525046.0,same name (printings),,"printed differently: case, punctuation, apostrophes, spacing or legal suffix",Kean Marine Limited
LIEUTENANT GOVERNOR OF NEWFOUNDLAND AND LABRADOR,lieutenant governor of newfoundland and labrador,LIEUTENANT GOVERNOR OF NEWFOUNDLAND AND LABRADOR,lieutenant governor of newfoundland and labrador,12,524540.0,same name (printings),,"printed differently: case, punctuation, apostrophes, spacing or legal suffix",Lieutenant Governor of Newfoundland and Labrador
H.J. BARTLETT ELECTRIC INC,h j bartlett electric,H.J. BARTLETT ELECTRIC INC,h j bartlett electric,2,523919.9,same name (printings),,"printed differently: case, punctuation, apostrophes, spacing or legal suffix",H. J. Bartlett Electric Inc
Newfoundland Styro Inc,newfoundland styro,Newfoundland Styro Inc,newfoundland styro,6,523659.0,same name (printings),,"printed differently: case, punctuation, apostrophes, spacing or legal suffix",Newfoundland Styro; Newfoundland Styro Inc.
Login Canada,login canada,Login Canada,login canada,37,520523.75,same name (printings),,"printed differently: case, punctuation, apostrophes, spacing or legal suffix",LOGIN CANADA
Bonavista Biennale Inc.,bonavista biennale,Bonavista Biennale Inc.,bonavista biennale,9,520147.0,same name (printings),,"printed differently: case, punctuation, apostrophes, spacing or legal suffix",BONAVISTA BIENNALE INC.
Fédération des francophones de Terre-Neuve-et-Labrador Inc,federation des francophones de terre neuve et labrador,Fédération des francophones de Terre-Neuve-et-Labrador Inc,federation des francophones de terre neuve et labrador,6,520000.0,same name (printings),,"printed differently: case, punctuation, apostrophes, spacing or legal suffix",Fédération des francophones de Terre-Neuve et Labrador
Stephenville Festival Inc.,stephenville festival,Stephenville Festival Inc.,stephenville festival,18,517314.0,same name (printings),,"printed differently: case, punctuation, apostrophes, spacing or legal suffix",STEPHENVILLE FESTIVAL INC.; Stephenville Festival inc.; Stephenville Festival Inc
Arthur Arthur Foods (2003) Ltd.,arthur arthur foods 2003,Arthur Arthur Foods (2003) Ltd.,arthur arthur foods 2003,5,517250.0,same name (printings),,"printed differently: case, punctuation, apostrophes, spacing or legal suffix","Arthur, Arthur Foods (2003) Ltd."
Morris Foods Ltd.,morris foods,Morris Foods Ltd.,morris foods,6,515551.0,same name (printings),,"printed differently: case, punctuation, apostrophes, spacing or legal suffix",Morris Foods Ltd
Fisher Scientific,fisher scientific,Fisher Scientific,fisher scientific,9,514918.6,same name (printings),,"printed differently: case, punctuation, apostrophes, spacing or legal suffix",FISHER SCIENTIFIC COMPANY; Fisher Scientific Company
Association of Seafood Producers Inc.,association of seafood producers,Association of Seafood Producers Inc.,association of seafood producers,8,514202.2,same name (printings),,"printed differently: case, punctuation, apostrophes, spacing or legal suffix",Association of Seafood Producers Inc; Association of Seafood Producers
Glasshouse Systems,glasshouse systems,Glasshouse Systems,glasshouse systems,5,513769.05,same name (printings),,"printed differently: case, punctuation, apostrophes, spacing or legal suffix",GlassHouse Systems Inc.
The Royal Newfoundland Yacht Club,royal newfoundland yacht club,The Royal Newfoundland Yacht Club,royal newfoundland yacht club,14,513481.0,same name (printings),,"printed differently: case, punctuation, apostrophes, spacing or legal suffix",Royal Newfoundland Yacht Club; The Royal Newfoundland Yacht CLub
Atlantic Controls Ltd,atlantic controls,Atlantic Controls Ltd,atlantic controls,20,511512.1,same name (printings),,"printed differently: case, punctuation, apostrophes, spacing or legal suffix",Atlantic Controls Ltd.
Gerry Brenton Services Inc.,gerry brenton services,Gerry Brenton Services Inc.,gerry brenton services,7,511287.0,same name (printings),,"printed differently: case, punctuation, apostrophes, spacing or legal suffix",Gerry Brenton Services Inc
"PayByPhone Technologies Inc.,",paybyphone technologies,"PayByPhone Technologies Inc.,",paybyphone technologies,2,510750.0,same name (printings),,"printed differently: case, punctuation, apostrophes, spacing or legal suffix",Paybyphone Technologies Inc.
Arc Ent Ltd.,arc ent,Arc Ent Ltd.,arc ent,3,510142.85,same name (printings),,"printed differently: case, punctuation, apostrophes, spacing or legal suffix",ARC ENT LTD; ARC Ent Ltd.
Kountry Korner Inc.,kountry korner,Kountry Korner Inc.,kountry korner,9,509763.0,same name (printings),,"printed differently: case, punctuation, apostrophes, spacing or legal suffix",Kountry Korner Inc
Derek Penney Electrical Ltd,derek penney electrical,Derek Penney Electrical Ltd,derek penney electrical,4,509600.0,same name (printings),,"printed differently: case, punctuation, apostrophes, spacing or legal suffix",Derek Penney Electrical Ltd.
Clarenville Nordic Ski Club Inc.,clarenville nordic ski club,Clarenville Nordic Ski Club Inc.,clarenville nordic ski club,6,509375.0,same name (printings),,"printed differently: case, punctuation, apostrophes, spacing or legal suffix",Clarenville Nordic Ski Club
Town of Logy Bay-Middle Cove-Outer Cove,town of logy bay middle cove outer cove,Town of Logy Bay-Middle Cove-Outer Cove,town of logy bay middle cove outer cove,15,508858.0,same name (printings),,"printed differently: case, punctuation, apostrophes, spacing or legal suffix","TOWN OF LOGY BAY-MIDDLE COVE-OUTER COVE; TOWN OF LOGY BAY, MIDDLE COVE, OUTER COVE"
HARBOUR AUTHORITY OF TRITON,harbour authority of triton,HARBOUR AUTHORITY OF TRITON,harbour authority of triton,4,508396.0,same name (printings),,"printed differently: case, punctuation, apostrophes, spacing or legal suffix",Harbour Authority of Triton
ION Beam Applications,ion beam applications,ION Beam Applications,ion beam applications,3,508102.33,same name (printings),,"printed differently: case, punctuation, apostrophes, spacing or legal suffix",Ion Beam Applications (IBA)
Town of Pasadena,town of pasadena,Town of Pasadena,town of pasadena,19,506057.0,same name (printings),,"printed differently: case, punctuation, apostrophes, spacing or legal suffix",TOWN OF PASADENA
Holyrood Marina Park Corporation,holyrood marina park,Holyrood Marina Park Corporation,holyrood marina park,9,505420.0,same name (printings),,"printed differently: case, punctuation, apostrophes, spacing or legal suffix",Holyrood Marina Park
SucSeed Social Enterprises Inc.,sucseed social enterprises,SucSeed Social Enterprises Inc.,sucseed social enterprises,16,505323.0,same name (printings),,"printed differently: case, punctuation, apostrophes, spacing or legal suffix",SucSeed Social Enterprises; SucSeed Social Enterprises Incorporated
Lee & Sons Ltd.,lee and sons,Lee & Sons Ltd.,lee and sons,9,504580.85,same name (printings),,"printed differently: case, punctuation, apostrophes, spacing or legal suffix",Lee & Sons Ltd o/a Drive Line Machine Shop; LEE & SONS LTD; Lee & Sons Ltd; Lee & Sons Ltd. (o/a Drive Line Machine Shop); Lee & Sons Ltd ( o/a Drive Line Machine Shop)
Ledonis Ltd.,ledonis,Ledonis Ltd.,ledonis,6,503928.0,same name (printings),,"printed differently: case, punctuation, apostrophes, spacing or legal suffix",Ledonis Limited; Ledonis Ltd
Oceans Learning Partnership Inc.,oceans learning partnership,Oceans Learning Partnership Inc.,oceans learning partnership,11,503353.0,same name (printings),,"printed differently: case, punctuation, apostrophes, spacing or legal suffix",Oceans Learning Partnership Inc
The Gathering Place Incorporated,gathering place,The Gathering Place Incorporated,gathering place,14,501313.6,same name (printings),,"printed differently: case, punctuation, apostrophes, spacing or legal suffix",The Gathering Place Inc.; The Gathering Place; The Gathering Place Inc
MechMonkey Solutions Inc.,mechmonkey solutions,MechMonkey Solutions Inc.,mechmonkey solutions,8,500897.0,same name (printings),,"printed differently: case, punctuation, apostrophes, spacing or legal suffix",MechMonkey Solutions Inc
Freedom Holdings & Consulting Ltd.,freedom holdings and consulting,Freedom Holdings & Consulting Ltd.,freedom holdings and consulting,2,500000.0,same name (printings),,"printed differently: case, punctuation, apostrophes, spacing or legal suffix",Freedom Holdings and Consulting Ltd
Eastern Arm Enterprises Ltd.,eastern arm enterprises,Eastern Arm Enterprises Ltd.,eastern arm enterprises,7,498402.0,same name (printings),,"printed differently: case, punctuation, apostrophes, spacing or legal suffix",Eastern Arm Enterprises Ltd; Eastern Arm Enterprises; Eastern Arm Enterprises Limited
Smokey Mountain Ski Club,smokey mountain ski club,Smokey Mountain Ski Club,smokey mountain ski club,4,498141.0,same name (printings),,"printed differently: case, punctuation, apostrophes, spacing or legal suffix",Smokey Mountain Ski Club Ltd.
Beothic Fish Processors Limited,beothic fish processors,Beothic Fish Processors Limited,beothic fish processors,9,497502.0,same name (printings),,"printed differently: case, punctuation, apostrophes, spacing or legal suffix",Beothic Fish Processors Ltd; Beothic Fish Processors Ltd.
Town of Trinity,town of trinity,Town of Trinity,town of trinity,8,496608.0,same name (printings),,"printed differently: case, punctuation, apostrophes, spacing or legal suffix",TOWN OF TRINITY
EASTPORT PENINSULA ARTS AND HERITAGE SOCIETY INC.,eastport peninsula arts and heritage society,EASTPORT PENINSULA ARTS AND HERITAGE SOCIETY INC.,eastport peninsula arts and heritage society,15,496323.0,same name (printings),,"printed differently: case, punctuation, apostrophes, spacing or legal suffix",Eastport Peninsula Arts and Heritage Society Inc.; Eastport Peninsula Arts & Heritage Society Inc
TOWN OF GAMBO,town of gambo,TOWN OF GAMBO,town of gambo,16,496051.57,same name (printings),,"printed differently: case, punctuation, apostrophes, spacing or legal suffix",Town of Gambo
Cytochrome Technologies Inc.,cytochrome technologies,Cytochrome Technologies Inc.,cytochrome technologies,5,495945.0,same name (printings),,"printed differently: case, punctuation, apostrophes, spacing or legal suffix",Cytochrome Technologies Inc
Cupids Legacy Inc.,cupids legacy,Cupids Legacy Inc.,cupids legacy,19,495319.0,same name (printings),,"printed differently: case, punctuation, apostrophes, spacing or legal suffix",CUPIDS LEGACY INC.; Cupids Legacy Inc; CUPIDS LEGACY INC
Festo Didactic Ltee/Ltd,festo didactic,Festo Didactic Ltee/Ltd,festo didactic,7,495196.41,same name (printings),,"printed differently: case, punctuation, apostrophes, spacing or legal suffix",Festo Didactic LTEE/LTD; FESTO DIDACTIC LTEE/LTD; Festo Didactic LTEE; Festo Didactic Ltee/LTD
QALIPU DEVELOPMENT CORPORATION,qalipu development,QALIPU DEVELOPMENT CORPORATION,qalipu development,9,495178.5,same name (printings),,"printed differently: case, punctuation, apostrophes, spacing or legal suffix",Qalipu Development Corporation
Cummins Canada ULC,cummins canada,Cummins Canada ULC,cummins canada,11,494229.69,same name (printings),,"printed differently: case, punctuation, apostrophes, spacing or legal suffix",CUMMINS CANADA ULC
Labrador Industrial Solutions Limited,labrador industrial solutions,Labrador Industrial Solutions Limited,labrador industrial solutions,3,494228.0,same name (printings),,"printed differently: case, punctuation, apostrophes, spacing or legal suffix",Labrador Industrial Solutions
TUCKER ELECTRONICS LIMITED,tucker electronics,TUCKER ELECTRONICS LIMITED,tucker electronics,20,494133.43,same name (printings),,"printed differently: case, punctuation, apostrophes, spacing or legal suffix",TUCKER ELECTRONICS LTD; Tucker Electronics Limited; Tucker Electronics Ltd.; TUCKER ELECTRONICS LTD.; Tucker Electronics Ltd
E.C. Boone Ltd.,e c boone,E.C. Boone Ltd.,e c boone,11,493322.09,same name (printings),,"printed differently: case, punctuation, apostrophes, spacing or legal suffix",E C Boone Limited; E C BOONE LIMITED; E. C. Boone Limited
Kadex Aero Supply Ltd,kadex aero supply,Kadex Aero Supply Ltd,kadex aero supply,29,493319.28,same name (printings),,"printed differently: case, punctuation, apostrophes, spacing or legal suffix",KADEX AERO SUPPLY LTD; Kadex Aero Supply Ltd.; Kadex Aero Supply LTD
Integra Canada,integra canada,Integra Canada,integra canada,5,493036.47,same name (printings),,"printed differently: case, punctuation, apostrophes, spacing or legal suffix",Integra Canada ULC
M D Charlton Co Ltd,m d charlton,M D Charlton Co Ltd,m d charlton,15,492231.57,same name (printings),,"printed differently: case, punctuation, apostrophes, spacing or legal suffix",M D CHARLTON CO LTD; M D Charlton Co Ltd.; M.D. Charlton
Waterax Inc.,waterax,Waterax Inc.,waterax,9,491012.71,same name (printings),,"printed differently: case, punctuation, apostrophes, spacing or legal suffix",Waterax Inc; Waterax
Ronald McDonald House of Newfoundland and Labrador Inc.,ronald mcdonald house of newfoundland and labrador,Ronald McDonald House of Newfoundland and Labrador Inc.,ronald mcdonald house of newfoundland and labrador,11,488711.0,same name (printings),,"printed differently: case, punctuation, apostrophes, spacing or legal suffix",Ronald McDonald House of Newfoundland and Labrador Inc
MATTHEW MALONEY,matthew maloney,MATTHEW MALONEY,matthew maloney,32,488213.24,same name (printings),,"printed differently: case, punctuation, apostrophes, spacing or legal suffix",Matthew Maloney
King's Point Heritage Society Inc.,kings point heritage society,King's Point Heritage Society Inc.,kings point heritage society,10,487474.0,same name (printings),,"printed differently: case, punctuation, apostrophes, spacing or legal suffix",Kings Point Heritage Society Inc.; KING'S POINT HERITAGE SOCIETY INC.; King's Point Heritage Society Incorporated
EASTERN EDGE ART GALLERY INC.,eastern edge art gallery,EASTERN EDGE ART GALLERY INC.,eastern edge art gallery,15,486845.0,same name (printings),,"printed differently: case, punctuation, apostrophes, spacing or legal suffix",Eastern Edge Art Gallery Inc.; Eastern Edge Art Gallery Inc; Eastern Edge Art Gallery inc.
Harbour Authority of Fortune,harbour authority of fortune,Harbour Authority of Fortune,harbour authority of fortune,13,486614.0,same name (printings),,"printed differently: case, punctuation, apostrophes, spacing or legal suffix",Harbour Authority of Fortune Incorporated; Harbour Authority Of Fortune
Draeger Medical Canada,draeger medical canada,Draeger Medical Canada,draeger medical canada,3,486488.46,same name (printings),,"printed differently: case, punctuation, apostrophes, spacing or legal suffix",Draeger Medical Canada Inc
SOLAR WINDS ENERGY INC,solar winds energy,SOLAR WINDS ENERGY INC,solar winds energy,14,486111.96,same name (printings),,"printed differently: case, punctuation, apostrophes, spacing or legal suffix",SOLAR WINDS ENERGY INC.; Solar Winds Energy Inc.
Audio Systems Limited,audio systems,Audio Systems Limited,audio systems,9,485770.2,same name (printings),,"printed differently: case, punctuation, apostrophes, spacing or legal suffix",Audio Systems; Audio Systems Ltd; Audio Systems Ltd.; Audio Systems Inc
Edward Collins Contracting Ltd.,edward collins contracting,Edward Collins Contracting Ltd.,edward collins contracting,2,481457.0,same name (printings),,"printed differently: case, punctuation, apostrophes, spacing or legal suffix",Edward Collins Contracting Ltd
TECHNICAL ROPE & RESCUE INC,technical rope and rescue,TECHNICAL ROPE & RESCUE INC,technical rope and rescue,14,478925.12,same name (printings),,"printed differently: case, punctuation, apostrophes, spacing or legal suffix",TECHNICAL ROPE & RESCUE INC.; Technical Rope and Rescue Inc; Technical Rope & Rescue Inc.
Fetal Alcohol Spectrum Disorder Newfoundland and Labrador Inc,fetal alcohol spectrum disorder newfoundland and labrador,Fetal Alcohol Spectrum Disorder Newfoundland and Labrador Inc,fetal alcohol spectrum disorder newfoundland and labrador,3,478408.0,same name (printings),,"printed differently: case, punctuation, apostrophes, spacing or legal suffix",Fetal Alcohol Spectrum Disorder NL Inc.
The Opportunity Project Youth Association,opportunity project youth association,The Opportunity Project Youth Association,opportunity project youth association,11,475097.0,same name (printings),,"printed differently: case, punctuation, apostrophes, spacing or legal suffix",Opportunity Project Youth Association
Town of Humber Arm South,town of humber arm south,Town of Humber Arm South,town of humber arm south,7,475036.0,same name (printings),,"printed differently: case, punctuation, apostrophes, spacing or legal suffix",TOWN OF HUMBER ARM SOUTH
Rainbow Riders - Therapeutic Riding Newfoundland and Labrador Inc.,rainbow riders therapeutic riding newfoundland and labrador,Rainbow Riders - Therapeutic Riding Newfoundland and Labrador Inc.,rainbow riders therapeutic riding newfoundland and labrador,10,474064.0,same name (printings),,"printed differently: case, punctuation, apostrophes, spacing or legal suffix",Rainbow Riders Therapeutic Riding NL Inc.; Rainbow Riders Therapeutic Riding NL; Rainbow Riders-Therapeutic Riding NL Inc.
FUSION MECHANICAL INDUSTRIES,fusion mechanical industries,FUSION MECHANICAL INDUSTRIES,fusion mechanical industries,33,470246.71,same name (printings),,"printed differently: case, punctuation, apostrophes, spacing or legal suffix",Fusion Mechanical Industries Ltd
Qualisys Diagnostics Inc.,qualisys diagnostics,Qualisys Diagnostics Inc.,qualisys diagnostics,2,470000.0,same name (printings),,"printed differently: case, punctuation, apostrophes, spacing or legal suffix","Qualisys Diagnostics, Inc."
St. John's Tennis Association,st johns tennis association,St. John's Tennis Association,st johns tennis association,9,469132.0,same name (printings),,"printed differently: case, punctuation, apostrophes, spacing or legal suffix",St. John's Tennis Association Inc.; St. John's Tennis Association Inc
Carl Zeiss Canada Ltd,carl zeiss canada,Carl Zeiss Canada Ltd,carl zeiss canada,7,468071.08,same name (printings),,"printed differently: case, punctuation, apostrophes, spacing or legal suffix",Carl Zeiss Canada LTD; Carl Zeiss Canada Inc; Carl Zeiss Canada Ltd.
RIDEOUT TOOL & MACHINE INC,rideout tool and machine,RIDEOUT TOOL & MACHINE INC,rideout tool and machine,25,467879.69,same name (printings),,"printed differently: case, punctuation, apostrophes, spacing or legal suffix",Rideout Tool and Machine Inc.; RIDEOUT TOOL & MACHINE INC.; Rideout Tool & Machine; Rideout Tool and Machine Inc
HARBOUR AUTHORITY OF FOGO ISLAND,harbour authority of fogo island,HARBOUR AUTHORITY OF FOGO ISLAND,harbour authority of fogo island,17,466974.24,same name (printings),,"printed differently: case, punctuation, apostrophes, spacing or legal suffix",Harbour Authority of Fogo Island; Harbour Authority Of Fogo Island
Platinum Construction Company Limited,platinum construction,Platinum Construction Company Limited,platinum construction,3,466018.9,same name (printings),,"printed differently: case, punctuation, apostrophes, spacing or legal suffix",PLATINUM CONSTRUCTION COMPANY LTD; Platinum Construction Co Ltd
BELL MOBILITY INC,bell mobility,BELL MOBILITY INC,bell mobility,44,465674.51,same name (printings),,"printed differently: case, punctuation, apostrophes, spacing or legal suffix",Bell Mobility Inc.; Bell Mobility; Bell Mobility Inc
David D Williams Enterprises Ltd.,david d williams enterprises,David D Williams Enterprises Ltd.,david d williams enterprises,7,465346.62,same name (printings),,"printed differently: case, punctuation, apostrophes, spacing or legal suffix",David D Williams Enterprises Ltd; David D Williams Enterprises
Murray Premises Hotel Inc.,murray premises hotel,Murray Premises Hotel Inc.,murray premises hotel,4,465097.98,same name (printings),,"printed differently: case, punctuation, apostrophes, spacing or legal suffix",The Murray Premises Hotel; Murray Premises Hotel Inc
ABB Inc.,abb,ABB Inc.,abb,11,464753.71,same name (printings),,"printed differently: case, punctuation, apostrophes, spacing or legal suffix",ABB INC; ABB; ABB Inc
Arluk Outfitters Ltd.,arluk outfitters,Arluk Outfitters Ltd.,arluk outfitters,7,463302.0,same name (printings),,"printed differently: case, punctuation, apostrophes, spacing or legal suffix",Arluk Outfitters Ltd; Arluk Outfitters Limited
STEELE HOTELS LIMITED,steele hotels,STEELE HOTELS LIMITED,steele hotels,22,462182.16,same name (printings),,"printed differently: case, punctuation, apostrophes, spacing or legal suffix",Steele Hotels Limited; Steele Hotels Ltd.; Steele Hotels Limited o/a Capital Hotel; Steele Hotels Ltd
Aqua Crab Producers Inc.,aqua crab producers,Aqua Crab Producers Inc.,aqua crab producers,3,462038.7,same name (printings),,"printed differently: case, punctuation, apostrophes, spacing or legal suffix",Aqua Crab Producers Inc
Rabbittown Community Centre Inc.,rabbittown community centre,Rabbittown Community Centre Inc.,rabbittown community centre,10,461677.0,same name (printings),,"printed differently: case, punctuation, apostrophes, spacing or legal suffix",Rabbittown Community Centre Inc; Rabbittown Community Centre
50906 NEWFOUNDLAND & LABRADOR Ltd.,50906 newfoundland and labrador,50906 NEWFOUNDLAND & LABRADOR Ltd.,50906 newfoundland and labrador,15,461419.32,same name (printings),,"printed differently: case, punctuation, apostrophes, spacing or legal suffix",50906 Nfld & Labrador Ltd. o/a Platinum Builders; 50906 Newfoundland & Labrador Ltd
North Atlantic Aviation Museum,north atlantic aviation museum,North Atlantic Aviation Museum,north atlantic aviation museum,13,458880.0,same name (printings),,"printed differently: case, punctuation, apostrophes, spacing or legal suffix",NORTH ATLANTIC AVIATION MUSEUM
Bay Roberts Special Events Inc.,bay roberts special events,Bay Roberts Special Events Inc.,bay roberts special events,9,458141.0,same name (printings),,"printed differently: case, punctuation, apostrophes, spacing or legal suffix",Bay Roberts Special Events Inc
East-Glo Electric Ltd,east glo electric,East-Glo Electric Ltd,east glo electric,7,457526.98,same name (printings),,"printed differently: case, punctuation, apostrophes, spacing or legal suffix",EAST-GLO ELECTRIC LTD.; East-Glo Electric Ltd.; East-Glo Electric Limited
S & P Global Inc.,s and p global,S & P Global Inc.,s and p global,3,452749.09,same name (printings),,"printed differently: case, punctuation, apostrophes, spacing or legal suffix",S & P Global Inc. o/a S & P Global Commodity Insights
NuMink Inc.,numink,NuMink Inc.,numink,4,452373.0,same name (printings),,"printed differently: case, punctuation, apostrophes, spacing or legal suffix",Numink Incorporated; Numink Inc
Lawnya Vawnya Inc.,lawnya vawnya,Lawnya Vawnya Inc.,lawnya vawnya,14,450377.0,same name (printings),,"printed differently: case, punctuation, apostrophes, spacing or legal suffix",LAWNYA VAWNYA INC.; Lawnya Vawnya
Rogers Enterprises Ltd.,rogers enterprises,Rogers Enterprises Ltd.,rogers enterprises,8,450071.0,same name (printings),,"printed differently: case, punctuation, apostrophes, spacing or legal suffix",Rogers Enterprises Limited; ROGERS ENTERPRISES LIMITED; ROGERS ENTERPRISES LTD.
Gros Morne Inn Inc.,gros morne inn,Gros Morne Inn Inc.,gros morne inn,2,450000.0,same name (printings),,"printed differently: case, punctuation, apostrophes, spacing or legal suffix",Gros Morne Inn Inc
Terra Vista Limited,terra vista,Terra Vista Limited,terra vista,4,447975.0,same name (printings),,"printed differently: case, punctuation, apostrophes, spacing or legal suffix",Terra Vista Ltd
BARRETT BROWN BUILDERS INC.,barrett brown builders,BARRETT BROWN BUILDERS INC.,barrett brown builders,14,447048.74,same name (printings),,"printed differently: case, punctuation, apostrophes, spacing or legal suffix",Barrett Brown Builders Inc.
HARBOUR AUTHORITY OF MARY'S HARBOUR,harbour authority of marys harbour,HARBOUR AUTHORITY OF MARY'S HARBOUR,harbour authority of marys harbour,13,446552.15,same name (printings),,"printed differently: case, punctuation, apostrophes, spacing or legal suffix",Harbour Authority of Mary's Harbour; Harbour authority of Mary's Harbour
Smith's Snack Service Limited,smiths snack service,Smith's Snack Service Limited,smiths snack service,4,445000.0,same name (printings),,"printed differently: case, punctuation, apostrophes, spacing or legal suffix",Smiths Snack Service Limited
CBS Soccer Association Inc,cbs soccer association,CBS Soccer Association Inc,cbs soccer association,9,444329.0,same name (printings),,"printed differently: case, punctuation, apostrophes, spacing or legal suffix",CBS Soccer Association Inc.
Tier 1 Capital Corporation,tier 1 capital,Tier 1 Capital Corporation,tier 1 capital,2,442983.35,same name (printings),,"printed differently: case, punctuation, apostrophes, spacing or legal suffix",TIER 1 CAPITAL CORPORATION
CB NUIT INCORPORATED,cb nuit,CB NUIT INCORPORATED,cb nuit,14,442334.0,same name (printings),,"printed differently: case, punctuation, apostrophes, spacing or legal suffix",CB Nuit Incorporated
Best Boy Productions Ltd.,best boy productions,Best Boy Productions Ltd.,best boy productions,5,440480.0,same name (printings),,"printed differently: case, punctuation, apostrophes, spacing or legal suffix",Best Boy Productions Limited
Strata Decision Technology,strata decision technology,Strata Decision Technology,strata decision technology,4,440008.9,same name (printings),,"printed differently: case, punctuation, apostrophes, spacing or legal suffix","Strata Decision Technology, LLC"
Power Advisory LLC,power advisory,Power Advisory LLC,power advisory,4,439500.0,same name (printings),,"printed differently: case, punctuation, apostrophes, spacing or legal suffix",Power Advisory
HOTEL GANDER,hotel gander,HOTEL GANDER,hotel gander,2,439381.02,same name (printings),,"printed differently: case, punctuation, apostrophes, spacing or legal suffix",Hotel Gander Limited
Marble Zip Tours Inc,marble zip tours,Marble Zip Tours Inc,marble zip tours,12,439030.68,same name (printings),,"printed differently: case, punctuation, apostrophes, spacing or legal suffix",Marble Zip Tours Inc.; MARBLE ZIP TOURS; Marble Zip Tours; Marble Zip Tours inc
Upland Software INC,upland software,Upland Software INC,upland software,4,438655.68,same name (printings),,"printed differently: case, punctuation, apostrophes, spacing or legal suffix",Upland Software Inc; Upland Software INC.
Blow-Me-Down Cross Country Ski Club Inc.,blow me down cross country ski club,Blow-Me-Down Cross Country Ski Club Inc.,blow me down cross country ski club,4,438075.25,same name (printings),,"printed differently: case, punctuation, apostrophes, spacing or legal suffix",BLOW-ME-DOWN CROSS COUNTRY SKI CLUB
HORIZON MARITIME SERVICES LTD,horizon maritime services,HORIZON MARITIME SERVICES LTD,horizon maritime services,5,437920.0,same name (printings),,"printed differently: case, punctuation, apostrophes, spacing or legal suffix",Horizon Maritime Services Ltd; Horizon Maritime Services Ltd.
GMK Equipment Rentals Ltd,gmk equipment rentals,GMK Equipment Rentals Ltd,gmk equipment rentals,2,435455.09,same name (printings),,"printed differently: case, punctuation, apostrophes, spacing or legal suffix",GMK Equipment Rentals Ltd.
NAVIGATOR INC. (THE),navigator,NAVIGATOR INC. (THE),navigator,11,435205.78,same name (printings),,"printed differently: case, punctuation, apostrophes, spacing or legal suffix",THE NAVIGATOR INC; THE NAVIGATOR INC.
The Newfoundland Distillery Company Inc.,newfoundland distillery,The Newfoundland Distillery Company Inc.,newfoundland distillery,6,433786.79,same name (printings),,"printed differently: case, punctuation, apostrophes, spacing or legal suffix",The Newfoundland Distillery Co; The Newfoundland Distillery Company Inc
Milk Moovement Inc.,milk moovement,Milk Moovement Inc.,milk moovement,6,433146.0,same name (printings),,"printed differently: case, punctuation, apostrophes, spacing or legal suffix",Milk Moovement Inc
Town of Port Blandford,town of port blandford,Town of Port Blandford,town of port blandford,13,430817.0,same name (printings),,"printed differently: case, punctuation, apostrophes, spacing or legal suffix",TOWN OF PORT BLANDFORD
NORTHPOINT TECHNICAL SERVICES ULC,northpoint technical services,NORTHPOINT TECHNICAL SERVICES ULC,northpoint technical services,6,429786.34,same name (printings),,"printed differently: case, punctuation, apostrophes, spacing or legal suffix","NorthPoint Technical Services, ULC; NorthPoint Technical Services"
Town of George's Brook-Milton,town of georges brook milton,Town of George's Brook-Milton,town of georges brook milton,4,427234.86,same name (printings),,"printed differently: case, punctuation, apostrophes, spacing or legal suffix",Town of George's Brook- Milton; TOWN OF GEORGE'S BROOK-MILTON
New Wood Manufacturers Inc.,new wood manufacturers,New Wood Manufacturers Inc.,new wood manufacturers,6,426961.0,same name (printings),,"printed differently: case, punctuation, apostrophes, spacing or legal suffix",New Wood Manufacturers Inc
La fédération des parents francophones de Terre-Neuve et du Labrador inc,la federation des parents francophones de terre neuve et du labrador,La fédération des parents francophones de Terre-Neuve et du Labrador inc,la federation des parents francophones de terre neuve et du labrador,5,426000.0,same name (printings),,"printed differently: case, punctuation, apostrophes, spacing or legal suffix",LA FÉDÉRATION DES PARENTS FRANCOPHONES DE TERRE-NEUVE ET DU LABRADOR INC.; La Fédération des Parents francophones de Terre-Neuve et du Labrador inc; La fédération des parents francophones de Terre-Neuve et du Labrador Inc
Murray's Horticultural Services Limited,murrays horticultural services,Murray's Horticultural Services Limited,murrays horticultural services,7,425053.0,same name (printings),,"printed differently: case, punctuation, apostrophes, spacing or legal suffix",Murray's Horticultural Services Ltd.; Murray's Horticultural Services
Hitachi Energy USA Inc,hitachi energy usa,Hitachi Energy USA Inc,hitachi energy usa,21,422528.0,same name (printings),,"printed differently: case, punctuation, apostrophes, spacing or legal suffix",Hitachi Energy USA Inc.
Camber Arts,camber arts,Camber Arts,camber arts,8,420816.3,same name (printings),,"printed differently: case, punctuation, apostrophes, spacing or legal suffix","Camber Arts, Incorporated; CAMBER ARTS, INCORPORATED; Camber Arts Incorporated"
Town of South Brook,town of south brook,Town of South Brook,town of south brook,12,420539.0,same name (printings),,"printed differently: case, punctuation, apostrophes, spacing or legal suffix",TOWN OF SOUTH BROOK
SHEARS HOLDINGS LTD,shears holdings,SHEARS HOLDINGS LTD,shears holdings,7,418707.6,same name (printings),,"printed differently: case, punctuation, apostrophes, spacing or legal suffix",Shears Holdings Ltd.; Shears Holdings Ltd
WESTERN REGIONAL HEALTH AUTHORITY,western regional health authority,WESTERN REGIONAL HEALTH AUTHORITY,western regional health authority,6,418324.25,same name (printings),,"printed differently: case, punctuation, apostrophes, spacing or legal suffix",Western Regional Health Authority
Community Mental Health Initiative Inc.,community mental health initiative,Community Mental Health Initiative Inc.,community mental health initiative,10,416892.0,same name (printings),,"printed differently: case, punctuation, apostrophes, spacing or legal suffix",COMMUNITY MENTAL HEALTH INITIATIVE INC; Community Mental Health Initiative
GANDER BAY INDIAN BAND COUNCIL,gander bay indian band council,GANDER BAY INDIAN BAND COUNCIL,gander bay indian band council,7,416767.0,same name (printings),,"printed differently: case, punctuation, apostrophes, spacing or legal suffix",Gander Bay Indian Band Council
AXIELL ALM CANADA INC,axiell alm canada,AXIELL ALM CANADA INC,axiell alm canada,5,415697.0,same name (printings),,"printed differently: case, punctuation, apostrophes, spacing or legal suffix",Axiell ALM Canada Inc.; Axiell Alm Canada Inc.; Axiell ALM Canada Inc
QuidelOrtho Canada Corp,quidelortho canada,QuidelOrtho Canada Corp,quidelortho canada,4,414097.0,same name (printings),,"printed differently: case, punctuation, apostrophes, spacing or legal suffix",QuidelOrtho Canada Corporation; Quidelortho Canada Co.
UAP Inc o/a Traction,uap,UAP Inc o/a Traction,uap,26,413618.39,same name (printings),,"printed differently: case, punctuation, apostrophes, spacing or legal suffix","UAP Inc; UAP Inc. o/a Traction; UAP, Inc.; UAP INC; UAP O/A Traction; UAP INC.; UAP INC o/a Traction; Uap Inc. o/a Traction; UAP INC (o/a Traction)"
ABYDOZ ENVIRONMENTAL INC.,abydoz environmental,ABYDOZ ENVIRONMENTAL INC.,abydoz environmental,9,413458.0,same name (printings),,"printed differently: case, punctuation, apostrophes, spacing or legal suffix",Abydoz Environmental Inc.; Abydoz Environmental Inc
Federation des Francophones du Terre-Neuve et du Labrador,federation des francophones du terre neuve et du labrador,Federation des Francophones du Terre-Neuve et du Labrador,federation des francophones du terre neuve et du labrador,2,412363.0,same name (printings),,"printed differently: case, punctuation, apostrophes, spacing or legal suffix",Fédération des Francophones du Terre-Neuve et du Labrador
atlantiq AI Automation Solutions Ltd.,atlantiq ai automation solutions,atlantiq AI Automation Solutions Ltd.,atlantiq ai automation solutions,6,412332.0,same name (printings),,"printed differently: case, punctuation, apostrophes, spacing or legal suffix",ATLANTIQ AI AUTOMATION SOLUTIONS LTD.
Women in Science and Engineering Newfoundland and Labrador,women in science and engineering newfoundland and labrador,Women in Science and Engineering Newfoundland and Labrador,women in science and engineering newfoundland and labrador,23,412215.0,same name (printings),,"printed differently: case, punctuation, apostrophes, spacing or legal suffix",Women in Science and Engineering NL; Women in Science and Engineering Newfoundland and Labrador Incorporated; Women in Science & Engineering Newfoundland & Labrador; Women in Science & Engineering NL; Women in Science & Engineering Newfoundland and Labrador
BLACK DIAMOND CONSTRUCTION LIMITED,black diamond construction,BLACK DIAMOND CONSTRUCTION LIMITED,black diamond construction,3,411708.0,same name (printings),,"printed differently: case, punctuation, apostrophes, spacing or legal suffix",Black Diamond Construction Ltd; Black Diamond Construction Limited
Tourism Southwest Inc.,tourism southwest,Tourism Southwest Inc.,tourism southwest,7,410915.0,same name (printings),,"printed differently: case, punctuation, apostrophes, spacing or legal suffix",Tourism Southwest Inc
Eagle Vision Leadership Training,eagle vision leadership training,Eagle Vision Leadership Training,eagle vision leadership training,5,409007.24,same name (printings),,"printed differently: case, punctuation, apostrophes, spacing or legal suffix",EAGLE VISION LEADERSHIP TRAINING; Eagle Vision Leadership Training Inc
PROVINCE OF NOVA SCOTIA,province of nova scotia,PROVINCE OF NOVA SCOTIA,province of nova scotia,2,407958.75,same name (printings),,"printed differently: case, punctuation, apostrophes, spacing or legal suffix",Province of Nova Scotia
Feltham's Construction Limited,felthams construction,Feltham's Construction Limited,felthams construction,10,407806.2,same name (printings),,"printed differently: case, punctuation, apostrophes, spacing or legal suffix",Felthams Construction; Feltham's Construction; FELTHAM'S CONSTRUCTION LTD; FELTHAM'S CONSTRUCTION LTD.; Feltham'S Construction Limited; FELTHAM'S CONSTRUCTION LIMITED; Feltham's Construction Ltd
Sonova Group o/a Phonak Canada,sonova group,Sonova Group o/a Phonak Canada,sonova group,9,405823.86,same name (printings),,"printed differently: case, punctuation, apostrophes, spacing or legal suffix",SONOVA GROUP; Sonova Group o/a Phonak Group; SONOVA GROUP (o/a Phonak Canada)
Western Environment Centre,western environment centre,Western Environment Centre,western environment centre,10,404514.0,same name (printings),,"printed differently: case, punctuation, apostrophes, spacing or legal suffix",Western Environment Centre Inc.
Community Association of Virginia Park,community association of virginia park,Community Association of Virginia Park,community association of virginia park,13,404418.0,same name (printings),,"printed differently: case, punctuation, apostrophes, spacing or legal suffix",Community Association of Virginia Park Inc.; Community Association of Virginia Park Inc
CANSEL SURVEY EQUIPMENT INC,cansel survey equipment,CANSEL SURVEY EQUIPMENT INC,cansel survey equipment,61,402815.0,same name (printings),,"printed differently: case, punctuation, apostrophes, spacing or legal suffix",Cansel Survey Equipment; Cansel Survey Equipment Inc.; Cansel Survey Equipment Inc
Island Propane Ltd.,island propane,Island Propane Ltd.,island propane,6,402552.56,same name (printings),,"printed differently: case, punctuation, apostrophes, spacing or legal suffix",Island Propane Limited; ISLAND PROPANE LTD.
"Cote, Isabelle",cote isabelle,"Cote, Isabelle",cote isabelle,2,401980.0,same name (printings),,"printed differently: case, punctuation, apostrophes, spacing or legal suffix","Côté, Isabelle"
The Glynmill Inn Incorporated,glynmill inn,The Glynmill Inn Incorporated,glynmill inn,11,400621.13,same name (printings),,"printed differently: case, punctuation, apostrophes, spacing or legal suffix",Glynmill Inn; The Glynmill Inn; The Glynmill Inn Inc.; Glynmill Inn Incorporated
Illumina Canada,illumina canada,Illumina Canada,illumina canada,2,400040.43,same name (printings),,"printed differently: case, punctuation, apostrophes, spacing or legal suffix",Illumina Canada ULC
MOUNT PEARL FROSTY FESTIVAL INC.,mount pearl frosty festival,MOUNT PEARL FROSTY FESTIVAL INC.,mount pearl frosty festival,8,398570.17,same name (printings),,"printed differently: case, punctuation, apostrophes, spacing or legal suffix",Mount Pearl Frosty Festival
Design Manufacturing Inc.,design manufacturing,Design Manufacturing Inc.,design manufacturing,4,398420.0,same name (printings),,"printed differently: case, punctuation, apostrophes, spacing or legal suffix",DESIGN MANUFACTURING INC
JANICA II ENTERPRISE LTD,janica ii enterprise,JANICA II ENTERPRISE LTD,janica ii enterprise,3,397722.0,same name (printings),,"printed differently: case, punctuation, apostrophes, spacing or legal suffix",Janica II Enterprise Ltd
Aucure Inc.,aucure,Aucure Inc.,aucure,4,397500.0,same name (printings),,"printed differently: case, punctuation, apostrophes, spacing or legal suffix",Aucure Inc
RMS POPE INCORPORATED,rms pope,RMS POPE INCORPORATED,rms pope,2,396749.32,same name (printings),,"printed differently: case, punctuation, apostrophes, spacing or legal suffix",RMS Pope Incorporated
Ladder Spike Incorporated,ladder spike,Ladder Spike Incorporated,ladder spike,8,396488.0,same name (printings),,"printed differently: case, punctuation, apostrophes, spacing or legal suffix",Ladder Spike Inc.; Ladder Spike Inc
EcoAxis Inc,ecoaxis,EcoAxis Inc,ecoaxis,3,396463.0,same name (printings),,"printed differently: case, punctuation, apostrophes, spacing or legal suffix",EcoAxis Inc.
"Department of Industry, Energy and Technology",department of industry energy and technology,"Department of Industry, Energy and Technology",department of industry energy and technology,6,394436.0,same name (printings),,"printed differently: case, punctuation, apostrophes, spacing or legal suffix",Department of Industry Energy and Technology
ROCK CONSTRUCTION COMPANY LIMITED.,rock construction,ROCK CONSTRUCTION COMPANY LIMITED.,rock construction,7,393683.41,same name (printings),,"printed differently: case, punctuation, apostrophes, spacing or legal suffix",Rock Construction Company Limited
"Standardaero Atlantic, Inc",standardaero atlantic,"Standardaero Atlantic, Inc",standardaero atlantic,2,393502.22,same name (printings),,"printed differently: case, punctuation, apostrophes, spacing or legal suffix",Standardaero Atlantic Inc
Town of Petty Harbour-Maddox Cove,town of petty harbour maddox cove,Town of Petty Harbour-Maddox Cove,town of petty harbour maddox cove,18,393414.0,same name (printings),,"printed differently: case, punctuation, apostrophes, spacing or legal suffix",TOWN OF PETTY HARBOUR / MADDOX COVE
Golf Newfoundland Labrador Inc.,golf newfoundland labrador,Golf Newfoundland Labrador Inc.,golf newfoundland labrador,34,391303.0,same name (printings),,"printed differently: case, punctuation, apostrophes, spacing or legal suffix",Golf Newfoundland Labrador Inc; Golf Newfoundland Labrador Incorporated
Controlpro Distributors Inc.,controlpro distributors,Controlpro Distributors Inc.,controlpro distributors,8,385264.3,same name (printings),,"printed differently: case, punctuation, apostrophes, spacing or legal suffix",CONTROLPRO DISTRIBUTORS INC; CONTROLPRO DISTRIBUTORS LTD.; ControlPro Distributors Inc.; ControlPro Distributors; Controlpro Distributors
Grace Sparkes House Inc,grace sparkes house,Grace Sparkes House Inc,grace sparkes house,5,385235.0,same name (printings),,"printed differently: case, punctuation, apostrophes, spacing or legal suffix",Grace Sparkes House Incorporated; Grace Sparkes House
Amal Youth and Family Centre Inc.,amal youth and family centre,Amal Youth and Family Centre Inc.,amal youth and family centre,3,384913.72,same name (printings),,"printed differently: case, punctuation, apostrophes, spacing or legal suffix",Amal Youth and Family Centre
Gilmore Global Logistics Services Inc,gilmore global logistics services,Gilmore Global Logistics Services Inc,gilmore global logistics services,3,384453.82,same name (printings),,"printed differently: case, punctuation, apostrophes, spacing or legal suffix",Gilmore Global Logistics Services INC
SIEMENS CANADA LIMITED,siemens canada,SIEMENS CANADA LIMITED,siemens canada,7,384001.9,same name (printings),,"printed differently: case, punctuation, apostrophes, spacing or legal suffix",Siemens Canada Limited
New World Theatre Project Inc.,new world theatre project,New World Theatre Project Inc.,new world theatre project,14,382657.0,same name (printings),,"printed differently: case, punctuation, apostrophes, spacing or legal suffix",New World Theatre Project Inc; NEW WORLD THEATRE PROJECT INC.
Werfen,werfen,Werfen,werfen,4,382217.2,same name (printings),,"printed differently: case, punctuation, apostrophes, spacing or legal suffix",Werfen O/A Instrumentation Laboratories
GIBBONS & SNOW ARCHITECTS INC.,gibbons and snow architects,GIBBONS & SNOW ARCHITECTS INC.,gibbons and snow architects,4,382040.0,same name (printings),,"printed differently: case, punctuation, apostrophes, spacing or legal suffix",Gibbons and Snow Architects
St. John's Status of Women Council,st johns status of women council,St. John's Status of Women Council,st johns status of women council,4,380500.0,same name (printings),,"printed differently: case, punctuation, apostrophes, spacing or legal suffix",ST. JOHN'S STATUS OF WOMEN COUNCIL
TaskForce NL Inc.,taskforce newfoundland and labrador,TaskForce NL Inc.,taskforce newfoundland and labrador,4,380250.0,same name (printings),,"printed differently: case, punctuation, apostrophes, spacing or legal suffix",TaskForce NL Inc
MathResources Inc.,mathresources,MathResources Inc.,mathresources,3,379996.5,same name (printings),,"printed differently: case, punctuation, apostrophes, spacing or legal suffix",Mathresources Incorporated; MATHRESOURCES INCORPORATED
Sir William Ford Coaker Heritage Foundation,sir william ford coaker heritage foundation,Sir William Ford Coaker Heritage Foundation,sir william ford coaker heritage foundation,12,379657.0,same name (printings),,"printed differently: case, punctuation, apostrophes, spacing or legal suffix",SIR WILLIAM FORD COAKER HERITAGE FOUNDATION INC.; Sir William Ford Coaker Heritage Foundation Inc; Sir William Ford Coaker Heritage Foundation Incorporated
81903 Newfoundland & Labrador Inc.,81903 newfoundland and labrador,81903 Newfoundland & Labrador Inc.,81903 newfoundland and labrador,5,378949.0,same name (printings),,"printed differently: case, punctuation, apostrophes, spacing or legal suffix",81903 Newfoundland and Labrador Inc.
ANOTHER NEWFOUNDLAND DRAMA COMPANY INC,another newfoundland drama,ANOTHER NEWFOUNDLAND DRAMA COMPANY INC,another newfoundland drama,21,378773.87,same name (printings),,"printed differently: case, punctuation, apostrophes, spacing or legal suffix",Another Newfoundland Drama Company Inc.; Another Newfoundland Drama Company Inc
Labrador Heritage Society,labrador heritage society,Labrador Heritage Society,labrador heritage society,22,378081.51,same name (printings),,"printed differently: case, punctuation, apostrophes, spacing or legal suffix",LABRADOR HERITAGE SOCIETY
Champney's West Heritage Group Inc.,champneys west heritage group,Champney's West Heritage Group Inc.,champneys west heritage group,16,376417.0,same name (printings),,"printed differently: case, punctuation, apostrophes, spacing or legal suffix",CHAMPNEY'S WEST HERITAGE GROUP INC.; Champney's West Heritage Group; Champneys West Heritage Group
Vertical Software International Inc.,vertical software international,Vertical Software International Inc.,vertical software international,5,376268.03,same name (printings),,"printed differently: case, punctuation, apostrophes, spacing or legal suffix",VERTICAL SOFTWARE INTERNATIONAL INC; Vertical Software International Inc
Forward Advantage,forward advantage,Forward Advantage,forward advantage,5,374820.1,same name (printings),,"printed differently: case, punctuation, apostrophes, spacing or legal suffix",Forward Advantage Inc.
Bell Island Heritage Society Inc.,bell island heritage society,Bell Island Heritage Society Inc.,bell island heritage society,15,373788.39,same name (printings),,"printed differently: case, punctuation, apostrophes, spacing or legal suffix",BELL ISLAND HERITAGE SOCIETY INC. (THE); THE BELL ISLAND HERITAGE SOCIETY INC.
Anixter Canada Inc,anixter canada,Anixter Canada Inc,anixter canada,15,373751.82,same name (printings),,"printed differently: case, punctuation, apostrophes, spacing or legal suffix","ANIXTER CANADA INC; Anixter Canada, Inc"
OVERHEAD DOOR COMPANY (NFLD) LIMITE,overhead door newfoundland,OVERHEAD DOOR COMPANY (NFLD) LIMITE,overhead door newfoundland,20,373502.19,same name (printings),,"printed differently: case, punctuation, apostrophes, spacing or legal suffix",OVERHEAD DOOR (NFLD) LIMITED; OVERHEAD DOOR COMPANY (NFLD) LIMITE D; Overhead Door (NFLD) Ltd
Harbour Authority Association of Newfoundland and Labrador Inc,harbour authority association of newfoundland and labrador,Harbour Authority Association of Newfoundland and Labrador Inc,harbour authority association of newfoundland and labrador,5,372614.0,same name (printings),,"printed differently: case, punctuation, apostrophes, spacing or legal suffix",Harbour Authority Association Of Newfoundland And Labrador Inc; The Harbour Authority Association of Newfoundland and Labrador Inc.
Stephenville Business Campus Inc.,stephenville business campus,Stephenville Business Campus Inc.,stephenville business campus,3,372164.0,same name (printings),,"printed differently: case, punctuation, apostrophes, spacing or legal suffix",Stephenville Business campus Inc
S&S Supply Ltd.,s and s supply,S&S Supply Ltd.,s and s supply,14,371297.74,same name (printings),,"printed differently: case, punctuation, apostrophes, spacing or legal suffix",S & S Supply Ltd; S & S Supply Ltd.; S & S SUPPLY LTD; S & S Supply; S & S Supply Ltd o/a Crosstown Rentals; S&S SUPPLY LTD
Northern Optotronics Inc,northern optotronics,Northern Optotronics Inc,northern optotronics,4,370160.0,same name (printings),,"printed differently: case, punctuation, apostrophes, spacing or legal suffix",Northern Optotronics; Northern Optotronics Inc.
L'Association francophone du Labrador,lassociation francophone du labrador,L'Association francophone du Labrador,lassociation francophone du labrador,8,368013.09,same name (printings),,"printed differently: case, punctuation, apostrophes, spacing or legal suffix",L'ASSOCIATION FRANCOPHONE DU LABRADOR; L'Association Francophone du Labrador
Macgregor USA Inc.,macgregor usa,Macgregor USA Inc.,macgregor usa,7,367783.59,same name (printings),,"printed differently: case, punctuation, apostrophes, spacing or legal suffix",MACGREGOR USA INC; MacGregor USA Inc.
PROVINCIAL FENCE PRODUCTS LTD,provincial fence products,PROVINCIAL FENCE PRODUCTS LTD,provincial fence products,11,367595.85,same name (printings),,"printed differently: case, punctuation, apostrophes, spacing or legal suffix",Provincial Fence Products Limited; PROVINCIAL FENCE PRODUCTS; PROVINCIAL FENCE PRODUCTS LIMITED
Codroy Seafoods Inc.,codroy seafoods,Codroy Seafoods Inc.,codroy seafoods,3,366717.83,same name (printings),,"printed differently: case, punctuation, apostrophes, spacing or legal suffix",Codroy Seafoods Inc
Infor,infor,Infor,infor,2,366658.84,same name (printings),,"printed differently: case, punctuation, apostrophes, spacing or legal suffix",Infor INC
HARBOUR AUTHORITY OF TWILLINGATE,harbour authority of twillingate,HARBOUR AUTHORITY OF TWILLINGATE,harbour authority of twillingate,10,366147.65,same name (printings),,"printed differently: case, punctuation, apostrophes, spacing or legal suffix",Harbour Authority of Twillingate
CENTRAL DIVING LIMITED,central diving,CENTRAL DIVING LIMITED,central diving,25,365856.44,same name (printings),,"printed differently: case, punctuation, apostrophes, spacing or legal suffix",Central Diving Limited; Central Diving Ltd
J&T Construction Limited,j and t construction,J&T Construction Limited,j and t construction,4,364964.94,same name (printings),,"printed differently: case, punctuation, apostrophes, spacing or legal suffix",J & T CONSTRUCTION LTD; J & T CONSTRUCTION LIMITED
Eastern Roof and Floor Truss Manufacturing (2008) Inc.,eastern roof and floor truss manufacturing 2008,Eastern Roof and Floor Truss Manufacturing (2008) Inc.,eastern roof and floor truss manufacturing 2008,5,364500.0,same name (printings),,"printed differently: case, punctuation, apostrophes, spacing or legal suffix",Eastern Roof and Floor Truss Manufacturing (2008) Inc
Bell Aliant,bell aliant,Bell Aliant,bell aliant,8,364001.39,same name (printings),,"printed differently: case, punctuation, apostrophes, spacing or legal suffix",BELL ALIANT
NEWFOUNDLAND INDIGENOUS PEOPLES ALLIANCE INC.,newfoundland indigenous peoples alliance,NEWFOUNDLAND INDIGENOUS PEOPLES ALLIANCE INC.,newfoundland indigenous peoples alliance,13,363425.0,same name (printings),,"printed differently: case, punctuation, apostrophes, spacing or legal suffix",Newfoundland Indigenous Peoples Alliance
MICHAEL & MARK CONSTRUCTION,michael and mark construction,MICHAEL & MARK CONSTRUCTION,michael and mark construction,5,362924.55,same name (printings),,"printed differently: case, punctuation, apostrophes, spacing or legal suffix",Michael & Mark Construction Ltd.
Gander Flight Training Limited,gander flight training,Gander Flight Training Limited,gander flight training,11,362518.68,same name (printings),,"printed differently: case, punctuation, apostrophes, spacing or legal suffix",Gander Flight Training Ltd; Gander Flight Training Ltd.
Dildo Island Boat Tours & Adventures Ltd.,dildo island boat tours and adventures,Dildo Island Boat Tours & Adventures Ltd.,dildo island boat tours and adventures,7,362340.0,same name (printings),,"printed differently: case, punctuation, apostrophes, spacing or legal suffix",Dildo Island Boat Tours & Adventures Ltd; Dildo Island Boat Tours& Adventures Ltd
St. John's International Women's Film & Video Festival,st johns international womens film and video festival,St. John's International Women's Film & Video Festival,st johns international womens film and video festival,11,361517.0,same name (printings),,"printed differently: case, punctuation, apostrophes, spacing or legal suffix",St. John's International Women's Film & Video Festival Inc.; St. John's International Women's Film and Video Festival Inc.
Lifemark Health Corp o/a Fit For Work,lifemark health,Lifemark Health Corp o/a Fit For Work,lifemark health,6,360262.5,same name (printings),,"printed differently: case, punctuation, apostrophes, spacing or legal suffix",Lifemark Health Corp; LIFEMARK HEALTH CORP; Lifemark Health Corp (o/a Fit for Work)
Smartsheet,smartsheet,Smartsheet,smartsheet,3,359942.49,same name (printings),,"printed differently: case, punctuation, apostrophes, spacing or legal suffix",Smartsheet INC.; Smartsheet INC
Thermo-Fisher Scientific,thermo fisher scientific,Thermo-Fisher Scientific,thermo fisher scientific,4,358544.87,same name (printings),,"printed differently: case, punctuation, apostrophes, spacing or legal suffix",Thermo Fisher Scientific; Thermo Fisher Scientific Inc.; THERMO FISHER SCIENTIFIC
Casa Duro Inc.,casa duro,Casa Duro Inc.,casa duro,7,358069.0,same name (printings),,"printed differently: case, punctuation, apostrophes, spacing or legal suffix",Casa Duro Inc
Makkovik Inuit Community Government,makkovik inuit community government,Makkovik Inuit Community Government,makkovik inuit community government,9,356995.45,same name (printings),,"printed differently: case, punctuation, apostrophes, spacing or legal suffix",MAKKOVIK INUIT COMMUNITY GOVERNMENT
Buckle's Enterprise LTD,buckles enterprise,Buckle's Enterprise LTD,buckles enterprise,4,356897.0,same name (printings),,"printed differently: case, punctuation, apostrophes, spacing or legal suffix",Buckle's Enterprise Ltd
TOWN OF FORTEAU,town of forteau,TOWN OF FORTEAU,town of forteau,21,356279.72,same name (printings),,"printed differently: case, punctuation, apostrophes, spacing or legal suffix",Town of Forteau
Mercedes-Benz St. John's,mercedes benz st johns,Mercedes-Benz St. John's,mercedes benz st johns,6,355209.43,same name (printings),,"printed differently: case, punctuation, apostrophes, spacing or legal suffix",MERCEDES-BENZ ST JOHN'S
WESTERN KIA,western kia,WESTERN KIA,western kia,14,354375.0,same name (printings),,"printed differently: case, punctuation, apostrophes, spacing or legal suffix",Western Kia
Edgewise Environmental Consultancy Ltd.,edgewise environmental consultancy,Edgewise Environmental Consultancy Ltd.,edgewise environmental consultancy,9,354185.56,same name (printings),,"printed differently: case, punctuation, apostrophes, spacing or legal suffix",EDGEWISE ENVIRONMENTAL CONSULTANCY; EDGEWISE Environmental Consultancy Ltd
"J D IRVING, LIMITED",j d irving,"J D IRVING, LIMITED",j d irving,20,353790.78,same name (printings),,"printed differently: case, punctuation, apostrophes, spacing or legal suffix","J D Irving, Limited o/a Kent Building Supplies; J D Irving, Limited"
Dorman Roberts Ltd.,dorman roberts,Dorman Roberts Ltd.,dorman roberts,12,353732.0,same name (printings),,"printed differently: case, punctuation, apostrophes, spacing or legal suffix",Dorman Roberts Limited; Dorman Roberts Ltd; DORMAN ROBERTS LIMITED
Grand Bank Heritage Society,grand bank heritage society,Grand Bank Heritage Society,grand bank heritage society,10,353506.0,same name (printings),,"printed differently: case, punctuation, apostrophes, spacing or legal suffix",Grand Bank Heritage Society Inc.; GRAND BANK HERITAGE SOCIETY INC.
Airco Sheetmetal Inc.,airco sheetmetal,Airco Sheetmetal Inc.,airco sheetmetal,7,352240.0,same name (printings),,"printed differently: case, punctuation, apostrophes, spacing or legal suffix",AirCo SheetMetal Inc
Newfoundland - Labrador Federation of Co-Operatives,newfoundland labrador federation of operatives,Newfoundland - Labrador Federation of Co-Operatives,newfoundland labrador federation of operatives,6,350578.0,same name (printings),,"printed differently: case, punctuation, apostrophes, spacing or legal suffix",Newfoundland-Labrador Federation of Co-operatives
POSEIDON MARINE CONSULTANTS,poseidon marine consultants,POSEIDON MARINE CONSULTANTS,poseidon marine consultants,18,350407.5,same name (printings),,"printed differently: case, punctuation, apostrophes, spacing or legal suffix",Poseidon Marine Consultants Limited; POSEIDON MARINE CONSULTANTS LIMITED; Poseidon Marine Consultants
NORTHRIDGE DEVELOPMENTS LTD.,northridge developments,NORTHRIDGE DEVELOPMENTS LTD.,northridge developments,13,350274.08,same name (printings),,"printed differently: case, punctuation, apostrophes, spacing or legal suffix",Northridge Developments Ltd.; Northridge Developments; NORTHRIDGE DEVELOPMENTS LTD
81027 Newfoundland & Labrador Inc.,81027 newfoundland and labrador,81027 Newfoundland & Labrador Inc.,81027 newfoundland and labrador,4,350000.0,same name (printings),,"printed differently: case, punctuation, apostrophes, spacing or legal suffix",81027 Newfoundland and Labrador Inc
"YMCA of Western NL, Inc.",ymca of western newfoundland and labrador,"YMCA of Western NL, Inc.",ymca of western newfoundland and labrador,8,349902.0,same name (printings),,"printed differently: case, punctuation, apostrophes, spacing or legal suffix","YMCA of Western NL Inc; YMCA of Western NL; YMCA of Western NL, INC"
Life Technologies,life technologies,Life Technologies,life technologies,6,349824.3,same name (printings),,"printed differently: case, punctuation, apostrophes, spacing or legal suffix",Life Technologies Inc.; Life Technologies INC
Norpen Status of Women Council Inc,norpen status of women council,Norpen Status of Women Council Inc,norpen status of women council,3,347829.0,same name (printings),,"printed differently: case, punctuation, apostrophes, spacing or legal suffix",NorPen Status of Women Council Inc.
HARBOUR AUTHORITY BURIN,harbour authority burin,HARBOUR AUTHORITY BURIN,harbour authority burin,5,347266.25,same name (printings),,"printed differently: case, punctuation, apostrophes, spacing or legal suffix",Harbour authority Burin; Harbour Authority Burin
Vardy Villa LTD,vardy villa,Vardy Villa LTD,vardy villa,4,346848.0,same name (printings),,"printed differently: case, punctuation, apostrophes, spacing or legal suffix",Vardy Villa; Vardy Villa Limited
Town of Avondale,town of avondale,Town of Avondale,town of avondale,6,345670.49,same name (printings),,"printed differently: case, punctuation, apostrophes, spacing or legal suffix",TOWN OF AVONDALE
PICIS Clinical Solutions,picis clinical solutions,PICIS Clinical Solutions,picis clinical solutions,4,344497.25,same name (printings),,"printed differently: case, punctuation, apostrophes, spacing or legal suffix",Picis Clinical Solutions; PICIS Clinical Solutions INC
CHRISTIE LITES SALES LTD,christie lites sales,CHRISTIE LITES SALES LTD,christie lites sales,6,343112.84,same name (printings),,"printed differently: case, punctuation, apostrophes, spacing or legal suffix",Christie Lites Sales; Christie Lites Sales Ltd
Wrecking Harbour Hospitalities Inc.,wrecking harbour hospitalities,Wrecking Harbour Hospitalities Inc.,wrecking harbour hospitalities,4,342500.0,same name (printings),,"printed differently: case, punctuation, apostrophes, spacing or legal suffix",Wrecking Harbour Hospitalities Inc
MADSEN CONSTRUCTION EQUIPMENT,madsen construction equipment,MADSEN CONSTRUCTION EQUIPMENT,madsen construction equipment,11,342469.0,same name (printings),,"printed differently: case, punctuation, apostrophes, spacing or legal suffix",Madsen Construction Equipment Inc.; Madsen Construction Equipment
O'Brien's Trucking Ltd,obriens trucking,O'Brien's Trucking Ltd,obriens trucking,2,342410.0,same name (printings),,"printed differently: case, punctuation, apostrophes, spacing or legal suffix",O'BRIEN'S TRUCKING LTD
Sharp Reflections Inc.,sharp reflections,Sharp Reflections Inc.,sharp reflections,2,341095.85,same name (printings),,"printed differently: case, punctuation, apostrophes, spacing or legal suffix",Sharp Reflections Inc
ST. GEORGE'S INDIAN BAND COUNCIL INC.,st georges indian band council,ST. GEORGE'S INDIAN BAND COUNCIL INC.,st georges indian band council,11,340628.0,same name (printings),,"printed differently: case, punctuation, apostrophes, spacing or legal suffix",St. George's Indian Band Council Inc.
Islands Villa Incorporated,islands villa,Islands Villa Incorporated,islands villa,2,340127.0,same name (printings),,"printed differently: case, punctuation, apostrophes, spacing or legal suffix",Islands' Villa Incorporated
Kleinschmidt Associates Canada,kleinschmidt associates canada,Kleinschmidt Associates Canada,kleinschmidt associates canada,3,339234.0,same name (printings),,"printed differently: case, punctuation, apostrophes, spacing or legal suffix",Kleinschmidt Associates Canada Inc.
Hyland Software Canada ULC,hyland software canada,Hyland Software Canada ULC,hyland software canada,4,338282.64,same name (printings),,"printed differently: case, punctuation, apostrophes, spacing or legal suffix",Hyland Software Canada; HYLAND SOFTWARE CANADA ULC
TOWN OF WABANA,town of wabana,TOWN OF WABANA,town of wabana,19,337789.27,same name (printings),,"printed differently: case, punctuation, apostrophes, spacing or legal suffix",Town of Wabana; Town of wabana
Lewisporte & Area Heritage Society Inc.,lewisporte and area heritage society,Lewisporte & Area Heritage Society Inc.,lewisporte and area heritage society,16,337467.0,same name (printings),,"printed differently: case, punctuation, apostrophes, spacing or legal suffix",LEWISPORTE AND AREA HERITAGE SOCIETY; Lewisporte and Area Heritage Society Inc.; LEWISPORTE AND AREA HERITAGE SOCIETY INC
THE SUNDAY HERALD LIMITED,sunday herald,THE SUNDAY HERALD LIMITED,sunday herald,2,337068.68,same name (printings),,"printed differently: case, punctuation, apostrophes, spacing or legal suffix",SUNDAY HERALD LIMITED
Sheraton Hotel Newfoundland,sheraton hotel newfoundland,Sheraton Hotel Newfoundland,sheraton hotel newfoundland,6,336511.26,same name (printings),,"printed differently: case, punctuation, apostrophes, spacing or legal suffix",SHERATON HOTEL NEWFOUNDLAND
Mazol Shriners Charitable Trust Inc.,mazol shriners charitable trust,Mazol Shriners Charitable Trust Inc.,mazol shriners charitable trust,5,335033.0,same name (printings),,"printed differently: case, punctuation, apostrophes, spacing or legal suffix",MAZOL SHRINERS CHARITABLE TRUST INC
The Lions Club of Channel-Port aux Basques,lions club of channel port aux basques,The Lions Club of Channel-Port aux Basques,lions club of channel port aux basques,5,334829.84,same name (printings),,"printed differently: case, punctuation, apostrophes, spacing or legal suffix",The Lions Club of Channel-Port-aux-Basques; The Lions Club of Channel Port aux Basques
Lloyd Libke Law Enforcement Sales Inc,lloyd libke law enforcement sales,Lloyd Libke Law Enforcement Sales Inc,lloyd libke law enforcement sales,3,333760.0,same name (printings),,"printed differently: case, punctuation, apostrophes, spacing or legal suffix",LLOYD LIBKE LAW ENFORCEMENT SALES INC
Arnold's Cove Inn Inc.,arnolds cove inn,Arnold's Cove Inn Inc.,arnolds cove inn,3,331005.0,same name (printings),,"printed differently: case, punctuation, apostrophes, spacing or legal suffix",Arnold's Cove Inn
R & K Construction,r and k construction,R & K Construction,r and k construction,2,330930.9,same name (printings),,"printed differently: case, punctuation, apostrophes, spacing or legal suffix",R&K CONSTRUCTION LTD
Becton Dickinson Canada Inc.,becton dickinson canada,Becton Dickinson Canada Inc.,becton dickinson canada,5,330781.36,same name (printings),,"printed differently: case, punctuation, apostrophes, spacing or legal suffix",Becton Dickinson Canada; Becton Dickinson Canada Inc
Gateway Inn (1993) Ltd,gateway inn 1993,Gateway Inn (1993) Ltd,gateway inn 1993,3,330511.0,same name (printings),,"printed differently: case, punctuation, apostrophes, spacing or legal suffix",Gateway Inn (1993) Ltd.
BENOIT FIRST NATION INC,benoit first nation,BENOIT FIRST NATION INC,benoit first nation,20,330496.0,same name (printings),,"printed differently: case, punctuation, apostrophes, spacing or legal suffix",Benoit First Nation Inc; BENOIT FIRST NATION INC.; Benoit First Nation Inc.; Benoit First Nation
Dildo Brewing Company Ltd.,dildo brewing,Dildo Brewing Company Ltd.,dildo brewing,8,329750.0,same name (printings),,"printed differently: case, punctuation, apostrophes, spacing or legal suffix",Dildo Brewing Company Limited; DILDO BREWING COMPANY LTD; Dildo Brewing Company LTD.; Dildo Brewing Company Ltd
Artisan Inn Twine Loft Ltd.,artisan inn twine loft,Artisan Inn Twine Loft Ltd.,artisan inn twine loft,5,329214.0,same name (printings),,"printed differently: case, punctuation, apostrophes, spacing or legal suffix",Artisan Inn Twine Loft Ltd; Artisan inn Twine Loft Ltd.
TOWN OF POINT LANCE,town of point lance,TOWN OF POINT LANCE,town of point lance,10,328420.0,same name (printings),,"printed differently: case, punctuation, apostrophes, spacing or legal suffix",Town of Point Lance
BK Medical Holding Company Inc.,bk medical holding,BK Medical Holding Company Inc.,bk medical holding,2,327645.87,same name (printings),,"printed differently: case, punctuation, apostrophes, spacing or legal suffix",BK Medical Holding Company Inc
Bailey'S Marine Service Ltd,baileys marine service,Bailey'S Marine Service Ltd,baileys marine service,5,326951.82,same name (printings),,"printed differently: case, punctuation, apostrophes, spacing or legal suffix",BAILEY'S MARINE SERVICE; Bailey's Marine Service Ltd
KIKMANAQ INDIGENOUS CULTURAL REVIVAL ASSOCIATION,kikmanaq indigenous cultural revival association,KIKMANAQ INDIGENOUS CULTURAL REVIVAL ASSOCIATION,kikmanaq indigenous cultural revival association,9,325790.83,same name (printings),,"printed differently: case, punctuation, apostrophes, spacing or legal suffix",Kikmanaq Indigenous Cultural Revival Association
Rystad Energy Canada Inc.,rystad energy canada,Rystad Energy Canada Inc.,rystad energy canada,4,325436.09,same name (printings),,"printed differently: case, punctuation, apostrophes, spacing or legal suffix",RYSTAD ENERGY CANADA INC.; RYSTAD ENERGY CANADA INC; Rystad Energy Canada Inc
OnX Enterprise Solutions Canada,onx enterprise solutions canada,OnX Enterprise Solutions Canada,onx enterprise solutions canada,3,324223.03,same name (printings),,"printed differently: case, punctuation, apostrophes, spacing or legal suffix",ONX Enterprise Solutions Canada
Ron Fougere Associates Ltd.,ron fougere associates,Ron Fougere Associates Ltd.,ron fougere associates,2,322479.55,same name (printings),,"printed differently: case, punctuation, apostrophes, spacing or legal suffix",RON FOUGERE ASSOCIATES LTD.
Bonne Bay Cottage Hospital Heritage Corporation,bonne bay cottage hospital heritage,Bonne Bay Cottage Hospital Heritage Corporation,bonne bay cottage hospital heritage,16,322274.47,same name (printings),,"printed differently: case, punctuation, apostrophes, spacing or legal suffix",BONNE BAY COTTAGE HOSPITAL HERITAGE CORPORATION; Bonne Bay cottage hospital heritage corporation
Brown Derby Wholesale,brown derby wholesale,Brown Derby Wholesale,brown derby wholesale,20,322044.36,same name (printings),,"printed differently: case, punctuation, apostrophes, spacing or legal suffix",Brown Derby Wholesale Limited; Brown Derby Wholesale Ltd.
HARBOUR AUTHORITY OF HARBOUR BRETON,harbour authority of harbour breton,HARBOUR AUTHORITY OF HARBOUR BRETON,harbour authority of harbour breton,9,321828.67,same name (printings),,"printed differently: case, punctuation, apostrophes, spacing or legal suffix",Harbour Authority of Harbour Breton
Murphy Centre Inc.,murphy centre,Murphy Centre Inc.,murphy centre,6,321473.0,same name (printings),,"printed differently: case, punctuation, apostrophes, spacing or legal suffix",Murphy Centre Inc
Goose Cove Retreat Inc.,goose cove retreat,Goose Cove Retreat Inc.,goose cove retreat,4,320000.0,same name (printings),,"printed differently: case, punctuation, apostrophes, spacing or legal suffix",Goose Cove Retreat Inc
MARINE INSTITUTE,marine institute,MARINE INSTITUTE,marine institute,14,318991.14,same name (printings),,"printed differently: case, punctuation, apostrophes, spacing or legal suffix",Marine Institute
Pearson Canada Assessment Inc.,pearson canada assessment,Pearson Canada Assessment Inc.,pearson canada assessment,2,318962.8,same name (printings),,"printed differently: case, punctuation, apostrophes, spacing or legal suffix",Pearson Canada Assessment Inc
French Shore Historical Society,french shore historical society,French Shore Historical Society,french shore historical society,12,317723.0,same name (printings),,"printed differently: case, punctuation, apostrophes, spacing or legal suffix","French Shore Historical Society, Inc.; FRENCH SHORE HISTORICAL SOCIETY, INC."
Greater Corner Brook Board of Trade,greater corner brook board of trade,Greater Corner Brook Board of Trade,greater corner brook board of trade,34,317715.56,same name (printings),,"printed differently: case, punctuation, apostrophes, spacing or legal suffix",Greater Corner Brook Board of Trade Inc.; GREATER CORNER BROOK BOARD OF TRADE INC; Greater Corner Brook Board of Trade Inc
North Atlantic Aquaponics Ltd.,north atlantic aquaponics,North Atlantic Aquaponics Ltd.,north atlantic aquaponics,5,316613.1,same name (printings),,"printed differently: case, punctuation, apostrophes, spacing or legal suffix",North Atlantic Aquaponics Ltd
The University of British Columbia,university of british columbia,The University of British Columbia,university of british columbia,4,316340.0,same name (printings),,"printed differently: case, punctuation, apostrophes, spacing or legal suffix",THE UNIVERSITY OF BRITISH COLUMBIA
Burin Peninsula Chamber Of Commerce,burin peninsula chamber of commerce,Burin Peninsula Chamber Of Commerce,burin peninsula chamber of commerce,8,314199.86,same name (printings),,"printed differently: case, punctuation, apostrophes, spacing or legal suffix",Burin Peninsula Chamber of Commerce
Random Discoveries LTD,random discoveries,Random Discoveries LTD,random discoveries,9,314191.0,same name (printings),,"printed differently: case, punctuation, apostrophes, spacing or legal suffix",Random Discoveries Ltd.; Random Discoveries Limited; random Discoveries LTD
Maynard Limited,maynard,Maynard Limited,maynard,6,313980.0,same name (printings),,"printed differently: case, punctuation, apostrophes, spacing or legal suffix",Maynard Ltd; Maynard Ltd.
International Lounge Foundation Inc.,international lounge foundation,International Lounge Foundation Inc.,international lounge foundation,3,313900.0,same name (printings),,"printed differently: case, punctuation, apostrophes, spacing or legal suffix",International Lounge Foundation Inc
"PLACENTIA WEST HERITAGE COMMITTEE, INC.",placentia west heritage committee,"PLACENTIA WEST HERITAGE COMMITTEE, INC.",placentia west heritage committee,9,312952.0,same name (printings),,"printed differently: case, punctuation, apostrophes, spacing or legal suffix","Placentia West Heritage Committee, Inc.; Placentia West Heritage Committee; Placentia West heritage Committee"
ST. JOHN'S AFRICAN ROOTS FESTIVAL INC.,st johns african roots festival,ST. JOHN'S AFRICAN ROOTS FESTIVAL INC.,st johns african roots festival,12,312800.0,same name (printings),,"printed differently: case, punctuation, apostrophes, spacing or legal suffix",St. John's African Roots Festival inc; St. John's African Roots Festival Inc.
FEAVER'S LANE ENTERPRISES INC.,feavers lane enterprises,FEAVER'S LANE ENTERPRISES INC.,feavers lane enterprises,14,311728.5,same name (printings),,"printed differently: case, punctuation, apostrophes, spacing or legal suffix",FEAVERS LANE ENTERPRISES INC; Feaver’s Lane Enterprises Inc.; Feaver's Lane Enterprises Inc.
PERSISTENCE THEATRE COMPANY INC,persistence theatre,PERSISTENCE THEATRE COMPANY INC,persistence theatre,33,311647.0,same name (printings),,"printed differently: case, punctuation, apostrophes, spacing or legal suffix",PERSISTENCE THEATRE COMPANY INC.; Persistence Theatre Company Inc.; Persistence Theatre Company; PerSIStence Theatre Company Inc.
Verdant Networks Inc.,verdant networks,Verdant Networks Inc.,verdant networks,5,311310.0,same name (printings),,"printed differently: case, punctuation, apostrophes, spacing or legal suffix",Verdant Networks Inc
Goulds Arena Association,goulds arena association,Goulds Arena Association,goulds arena association,7,310431.57,same name (printings),,"printed differently: case, punctuation, apostrophes, spacing or legal suffix",Goulds Arena Association Inc.; GOULDS ARENA ASSOCIATION INC
Haemonetics,haemonetics,Haemonetics,haemonetics,3,310277.0,same name (printings),,"printed differently: case, punctuation, apostrophes, spacing or legal suffix",Haemonetics corporation
Harbour Authority of Old Perlican,harbour authority of old perlican,Harbour Authority of Old Perlican,harbour authority of old perlican,8,307870.6,same name (printings),,"printed differently: case, punctuation, apostrophes, spacing or legal suffix",Harbour Authority of Old Perlican Inc.
Fortune Head ECO Friends Inc.,fortune head eco friends,Fortune Head ECO Friends Inc.,fortune head eco friends,8,307685.0,same name (printings),,"printed differently: case, punctuation, apostrophes, spacing or legal suffix",Fortune Head ECO Friends Inc; Fortune Head ECO Friends Incorporated; Fortune Head Eco Friends Inc; Fortune Head Eco Friends; Fortune Head ECO FRIENDS INC.
THE ROYAL ST JOHN'S REGATTA COMMITTEE,royal st johns regatta committee,THE ROYAL ST JOHN'S REGATTA COMMITTEE,royal st johns regatta committee,32,307416.0,same name (printings),,"printed differently: case, punctuation, apostrophes, spacing or legal suffix",Royal St. John's Regatta Committee Inc.; Royal St. John's Regatta Committee; The Royal St. John's Regatta Committee Inc.; Royal St John's Regatta Committee Inc.
ACTION CAR AND TRUCK ACCESSORIES,action car and truck accessories,ACTION CAR AND TRUCK ACCESSORIES,action car and truck accessories,15,307135.9,same name (printings),,"printed differently: case, punctuation, apostrophes, spacing or legal suffix",Action Car and Truck Accessories; Action Car and Truck Accessories Inc.; Action Car and Truck Accessories Inc o/a Action Car and Truck Accessories; ACTION CAR & TRUCK ACCESSORIES
Placentia Rowing Club Inc.,placentia rowing club,Placentia Rowing Club Inc.,placentia rowing club,9,307048.25,same name (printings),,"printed differently: case, punctuation, apostrophes, spacing or legal suffix",PLACENTIA ROWING CLUB INC
K&D Pratt,k and d pratt,K&D Pratt,k and d pratt,7,306922.41,same name (printings),,"printed differently: case, punctuation, apostrophes, spacing or legal suffix",K&D PRATT; K & D Pratt Ltd.; K& D Pratt
84653 NEWFOUNDLAND AND LABRADOR INC,84653 newfoundland and labrador,84653 NEWFOUNDLAND AND LABRADOR INC,84653 newfoundland and labrador,3,304934.99,same name (printings),,"printed differently: case, punctuation, apostrophes, spacing or legal suffix",84653 Newfoundland And Labrador Inc
Atlantic XL Inc.,atlantic xl,Atlantic XL Inc.,atlantic xl,8,304745.0,same name (printings),,"printed differently: case, punctuation, apostrophes, spacing or legal suffix",ATLANTIC XL INC.; Atlantic XL
FISHERIES & MARINE INSTITUTE OF MEM,fisheries and marine institute of mem,FISHERIES & MARINE INSTITUTE OF MEM,fisheries and marine institute of mem,2,303930.25,same name (printings),,"printed differently: case, punctuation, apostrophes, spacing or legal suffix",Fisheries & Marine Institute of Mem
Momentum Healthware Inc.,momentum healthware,Momentum Healthware Inc.,momentum healthware,3,302824.26,same name (printings),,"printed differently: case, punctuation, apostrophes, spacing or legal suffix",Momentum Healthware Inc; Momentum Healthware
Lester Farms Incorporated,lester farms,Lester Farms Incorporated,lester farms,8,302617.0,same name (printings),,"printed differently: case, punctuation, apostrophes, spacing or legal suffix",Lester Farms Inc; Lester Farms INC
Murray's Landscape Services Limited,murrays landscape services,Murray's Landscape Services Limited,murrays landscape services,6,302023.75,same name (printings),,"printed differently: case, punctuation, apostrophes, spacing or legal suffix",MURRAYS LANDSCAPE SERVICES LIMITED; Murray's Landscape Services Limited.; Murray's Landscape Services Ltd.
Prima Information Solutions,prima information solutions,Prima Information Solutions,prima information solutions,5,300152.7,same name (printings),,"printed differently: case, punctuation, apostrophes, spacing or legal suffix",Prima Information Solutions Inc.
Sturge Properties Inc.,sturge properties,Sturge Properties Inc.,sturge properties,2,300000.0,same name (printings),,"printed differently: case, punctuation, apostrophes, spacing or legal suffix",Sturge Properties Inc
Wabana Boys & Girls Club,wabana boys and girls club,Wabana Boys & Girls Club,wabana boys and girls club,11,298096.0,same name (printings),,"printed differently: case, punctuation, apostrophes, spacing or legal suffix",Wabana Boys and Girls Club
R. & M. Fisheries Limited,r and m fisheries,R. & M. Fisheries Limited,r and m fisheries,7,296266.88,same name (printings),,"printed differently: case, punctuation, apostrophes, spacing or legal suffix",R & M Fisheries Limited; R & M FISHERIES LIMITED; R&M Fisheries Ltd.
KEY ASSETS NEWFOUNDLAND AND LABRADOR INC.,key assets newfoundland and labrador,KEY ASSETS NEWFOUNDLAND AND LABRADOR INC.,key assets newfoundland and labrador,7,295800.0,same name (printings),,"printed differently: case, punctuation, apostrophes, spacing or legal suffix",Key Assets Newfoundland and Labrador; Key Assets Newfoundland and Labrador Inc
Iron Rock Brewing Company Ltd.,iron rock brewing,Iron Rock Brewing Company Ltd.,iron rock brewing,8,295646.5,same name (printings),,"printed differently: case, punctuation, apostrophes, spacing or legal suffix",Iron Rock Brewing Co.
ROGERS COMMUNICATIONS INC,rogers communications,ROGERS COMMUNICATIONS INC,rogers communications,559,295640.58,same name (printings),,"printed differently: case, punctuation, apostrophes, spacing or legal suffix",Rogers Communications Inc.; Rogers Communications
S&P Global Platts,s and p global platts,S&P Global Platts,s and p global platts,3,295589.42,same name (printings),,"printed differently: case, punctuation, apostrophes, spacing or legal suffix",S & P Global Platts
NUNAVUT EXCAVATING 2007 INC,nunavut excavating 2007,NUNAVUT EXCAVATING 2007 INC,nunavut excavating 2007,21,294883.35,same name (printings),,"printed differently: case, punctuation, apostrophes, spacing or legal suffix",Nunavut Excavating 2007 Ltd; Nunavut Excavating 2007 Inc.
Camp Connect Services Ltd,camp connect services,Camp Connect Services Ltd,camp connect services,10,293585.34,same name (printings),,"printed differently: case, punctuation, apostrophes, spacing or legal suffix",CAMP CONNECT SERVICES LTD; CAMP CONNECT SERVICES LTD o/a Flash Wildfire Services; Camp Connect Services Ltd o/a Flash Wildlife Services; Camp Connect Services; Camp Connect Services Ltd o/a Flash Wildfire Services; Camp Connect Services Ltd (o/a Flash Wildfire Services)
GEAR CORP LTD,gear,GEAR CORP LTD,gear,2,293246.3,same name (printings),,"printed differently: case, punctuation, apostrophes, spacing or legal suffix",Gear Corporation
Metrics Flow Inc.,metrics flow,Metrics Flow Inc.,metrics flow,7,292585.0,same name (printings),,"printed differently: case, punctuation, apostrophes, spacing or legal suffix",metrics flow Inc.
Plumbing Plus,plumbing plus,Plumbing Plus,plumbing plus,5,291393.88,same name (printings),,"printed differently: case, punctuation, apostrophes, spacing or legal suffix",Plumbing Plus Ltd; PLUMBING PLUS LTD
KMKA VOYAGER ENTERPRISES LTD,kmka voyager enterprises,KMKA VOYAGER ENTERPRISES LTD,kmka voyager enterprises,3,290949.4,same name (printings),,"printed differently: case, punctuation, apostrophes, spacing or legal suffix",Kmka Voyager Enterprises Ltd
VOLKSWAGEN ST. JOHN'S,volkswagen st johns,VOLKSWAGEN ST. JOHN'S,volkswagen st johns,9,290000.0,same name (printings),,"printed differently: case, punctuation, apostrophes, spacing or legal suffix",Volkswagen St. John's; Volkswagen St John's
Central Square Canada Software Inc.,central square canada software,Central Square Canada Software Inc.,central square canada software,4,289827.71,same name (printings),,"printed differently: case, punctuation, apostrophes, spacing or legal suffix",Central Square Canada Software Inc; Central Square Canada Software
Bishop's Falls Heritage Society,bishops falls heritage society,Bishop's Falls Heritage Society,bishops falls heritage society,13,289324.0,same name (printings),,"printed differently: case, punctuation, apostrophes, spacing or legal suffix",BISHOP'S FALLS HERITAGE SOCIETY INC.
Green Bay Youth Centre Inc.,green bay youth centre,Green Bay Youth Centre Inc.,green bay youth centre,12,288940.0,same name (printings),,"printed differently: case, punctuation, apostrophes, spacing or legal suffix",Green Bay Youth Centre Inc
ALLROCK CONSULTING LTD,allrock consulting,ALLROCK CONSULTING LTD,allrock consulting,4,288851.41,same name (printings),,"printed differently: case, punctuation, apostrophes, spacing or legal suffix",ALLROCK CONSULTING LIMITED; AllRock Consulting Limited; AllRock Consulting Ltd
"MATHEWS, Maria",mathews maria,"MATHEWS, Maria",mathews maria,2,288624.0,same name (printings),,"printed differently: case, punctuation, apostrophes, spacing or legal suffix","Mathews, Maria"
The Lion Max Simms Memorial Camp Foundation,lion max simms memorial camp foundation,The Lion Max Simms Memorial Camp Foundation,lion max simms memorial camp foundation,4,288366.0,same name (printings),,"printed differently: case, punctuation, apostrophes, spacing or legal suffix",LION MAX SIMMS MEMORIAL CAMP FOUNDATION; Lion Max Simms Memorial Camp Foundation
SEA-FORCE DIVING LTD.,sea force diving,SEA-FORCE DIVING LTD.,sea force diving,5,287711.79,same name (printings),,"printed differently: case, punctuation, apostrophes, spacing or legal suffix",Sea-Force Diving Ltd
Civica Solutions Canada Inc,civica solutions canada,Civica Solutions Canada Inc,civica solutions canada,2,287106.21,same name (printings),,"printed differently: case, punctuation, apostrophes, spacing or legal suffix",Civica Solutions Canada INC
TREVOR BESSETTE (RECYCLE ON THE ROC,trevor bessette recycle on roc,TREVOR BESSETTE (RECYCLE ON THE ROC,trevor bessette recycle on roc,2,286738.03,same name (printings),,"printed differently: case, punctuation, apostrophes, spacing or legal suffix",Trevor Bessette (Recycle On the Roc
C.W. Parsons Limited,c w parsons,C.W. Parsons Limited,c w parsons,4,285829.47,same name (printings),,"printed differently: case, punctuation, apostrophes, spacing or legal suffix",C W Parsons Limited
Wild Gros Morne Outdoor Experience Incorporated,wild gros morne outdoor experience,Wild Gros Morne Outdoor Experience Incorporated,wild gros morne outdoor experience,10,285562.0,same name (printings),,"printed differently: case, punctuation, apostrophes, spacing or legal suffix",Wild Gros Morne Outdoor Experience
SQUEEKLEEN HOLDINGS INC,squeekleen holdings,SQUEEKLEEN HOLDINGS INC,squeekleen holdings,3,283250.41,same name (printings),,"printed differently: case, punctuation, apostrophes, spacing or legal suffix",Squeekleen Holdings Inc.; SqueeKleen Holdings Inc
TRIPP MARINE CONSTRUCTION CORP,tripp marine construction,TRIPP MARINE CONSTRUCTION CORP,tripp marine construction,8,282784.0,same name (printings),,"printed differently: case, punctuation, apostrophes, spacing or legal suffix","Tripp Marine Construction, Corp; Tripp Marine Construction corp.; Tripp Marine Construction Corp"
Grand Lake Centre of Economic Development,grand lake centre of economic development,Grand Lake Centre of Economic Development,grand lake centre of economic development,8,282665.0,same name (printings),,"printed differently: case, punctuation, apostrophes, spacing or legal suffix",grand lake centre of economic development; Grand Lake Centre of Economic Development Inc.
HICKEY'S BUILDING SUPPLIES LTD.,hickeys building supplies,HICKEY'S BUILDING SUPPLIES LTD.,hickeys building supplies,14,282545.88,same name (printings),,"printed differently: case, punctuation, apostrophes, spacing or legal suffix",HICKEY'S BUILDING SUPPLIES LIMITED (o/a Hickey's Timber Mart); HICKEY'S BUILDING SUPPLIES; HICKEY'S BUILDING SUPPLIES LIMITED
Shakespeare by the Sea Festival Inc.,shakespeare by sea festival,Shakespeare by the Sea Festival Inc.,shakespeare by sea festival,19,281683.0,same name (printings),,"printed differently: case, punctuation, apostrophes, spacing or legal suffix",Shakespeare By the Sea Festival Inc.; SHAKESPEARE BY THE SEA FESTIVAL INC.; Shakespeare By The Sea Festival Inc.; Shakespeare by the Sea Festival Inc
Salmon Cove Future Development Association Inc.,salmon cove future development association,Salmon Cove Future Development Association Inc.,salmon cove future development association,5,281573.0,same name (printings),,"printed differently: case, punctuation, apostrophes, spacing or legal suffix",Salmon Cove Future Development Association
Receiver General for Canada,receiver general for canada,Receiver General for Canada,receiver general for canada,16,281419.18,same name (printings),,"printed differently: case, punctuation, apostrophes, spacing or legal suffix",RECEIVER GENERAL FOR CANADA; Receiver General For Canada
KELLY FORD,kelly ford,KELLY FORD,kelly ford,10,281360.65,same name (printings),,"printed differently: case, punctuation, apostrophes, spacing or legal suffix",Kelly Ford
Sansom Equipment Limited,sansom equipment,Sansom Equipment Limited,sansom equipment,9,279692.17,same name (printings),,"printed differently: case, punctuation, apostrophes, spacing or legal suffix",SANSOM EQUIPMENT LIMITED; Sansom Equipment Ltd.; Sansom Equipment Ltd
NEWFOUNDLAND BROADCASTING COMPANY,newfoundland broadcasting,NEWFOUNDLAND BROADCASTING COMPANY,newfoundland broadcasting,7,278082.36,same name (printings),,"printed differently: case, punctuation, apostrophes, spacing or legal suffix",Newfoundland Broadcasting Co. Ltd.; Newfoundland Broadcasting Co Ltd.; NEWFOUNDLAND BROADCASTING COMPANY LIMITED; Newfoundland Broadcasting Company Limited
"Nuance Communications, Inc.",nuance communications,"Nuance Communications, Inc.",nuance communications,2,277776.7,same name (printings),,"printed differently: case, punctuation, apostrophes, spacing or legal suffix",Nuance Communications Inc.
94747 NEWFOUNDLAND & LABRADOR INC,94747 newfoundland and labrador,94747 NEWFOUNDLAND & LABRADOR INC,94747 newfoundland and labrador,7,276901.6,same name (printings),,"printed differently: case, punctuation, apostrophes, spacing or legal suffix",94747 NEWFOUNDLAND & LABRADOR INC. o/a Big Erics Inc.; 94747 Newfoundland & Labrador Inc.; 94747 Newfoundland and Labrador Inc.
Placentia Area Theatre d'Heritage,placentia area theatre dheritage,Placentia Area Theatre d'Heritage,placentia area theatre dheritage,7,276793.0,same name (printings),,"printed differently: case, punctuation, apostrophes, spacing or legal suffix",Placentia Area Theatre D'Heritage Corporation; Placentia Area Theatre d'Heritage Inc.; Placentia Area Theatre d'Heritage INc
Transition House Association of NL (2007) Inc.,transition house association of newfoundland and labrador 2007,Transition House Association of NL (2007) Inc.,transition house association of newfoundland and labrador 2007,2,276666.0,same name (printings),,"printed differently: case, punctuation, apostrophes, spacing or legal suffix",Transition House Association of NL (2007) Inc
Gale's Septic Cleaning Ltd,gales septic cleaning,Gale's Septic Cleaning Ltd,gales septic cleaning,6,276384.04,same name (printings),,"printed differently: case, punctuation, apostrophes, spacing or legal suffix",Gale's Septic Cleaning Ltd.
ARNOLD'S COVE AREA CHAMBER OF COMMERCE,arnolds cove area chamber of commerce,ARNOLD'S COVE AREA CHAMBER OF COMMERCE,arnolds cove area chamber of commerce,4,275935.0,same name (printings),,"printed differently: case, punctuation, apostrophes, spacing or legal suffix",Arnold's Cove Area Chamber of Commerce Inc.
LSW Wear Parts Ltd.,lsw wear parts,LSW Wear Parts Ltd.,lsw wear parts,3,275100.0,same name (printings),,"printed differently: case, punctuation, apostrophes, spacing or legal suffix",LSW Wear Parts Limited; LSW Wear Parts
Rock Safety Industrial Ltd.,rock safety industrial,Rock Safety Industrial Ltd.,rock safety industrial,8,274004.62,same name (printings),,"printed differently: case, punctuation, apostrophes, spacing or legal suffix",Rock Safety Industrial; Rock Safety Industrial Ltd
Pinnacle Solutions INC,pinnacle solutions,Pinnacle Solutions INC,pinnacle solutions,3,272690.0,same name (printings),,"printed differently: case, punctuation, apostrophes, spacing or legal suffix",Pinnacle Solutions Inc.
W REID CONSTRUCTION LTD,w reid construction,W REID CONSTRUCTION LTD,w reid construction,77,272629.16,same name (printings),,"printed differently: case, punctuation, apostrophes, spacing or legal suffix",W. Reid Construction Ltd.; W. Reid Construction Ltd
Gander Boys and Girls Club,gander boys and girls club,Gander Boys and Girls Club,gander boys and girls club,15,271045.0,same name (printings),,"printed differently: case, punctuation, apostrophes, spacing or legal suffix",Gander Boys & Girls Club
Town of Cape St. George,town of cape st george,Town of Cape St. George,town of cape st george,15,270748.0,same name (printings),,"printed differently: case, punctuation, apostrophes, spacing or legal suffix",Town of Cape St George; TOWN OF CAPE ST. GEORGE
Gander Community Tennis Association Inc.,gander community tennis association,Gander Community Tennis Association Inc.,gander community tennis association,11,270716.0,same name (printings),,"printed differently: case, punctuation, apostrophes, spacing or legal suffix",Gander Community Tennis Association; Gander Community Tennis association Inc.
Main Brook Research and Development Corporation,main brook research and development,Main Brook Research and Development Corporation,main brook research and development,3,270461.0,same name (printings),,"printed differently: case, punctuation, apostrophes, spacing or legal suffix",Main Brook Research & Development Corporation
VANESSA J. MCCARTHY PLC INC.,vanessa j mccarthy,VANESSA J. MCCARTHY PLC INC.,vanessa j mccarthy,2,269713.48,same name (printings),,"printed differently: case, punctuation, apostrophes, spacing or legal suffix",Vanessa J. McCarthy PLC Inc.
CHANDLER,chandler,CHANDLER,chandler,15,269584.25,same name (printings),,"printed differently: case, punctuation, apostrophes, spacing or legal suffix",Chandler
Eastern Labrador Arts Alliance Inc.,eastern labrador arts alliance,Eastern Labrador Arts Alliance Inc.,eastern labrador arts alliance,6,268507.23,same name (printings),,"printed differently: case, punctuation, apostrophes, spacing or legal suffix",EASTERN LABRADOR ARTS ALLIANCE INC.
Town of Ferryland,town of ferryland,Town of Ferryland,town of ferryland,4,268447.0,same name (printings),,"printed differently: case, punctuation, apostrophes, spacing or legal suffix",TOWN OF FERRYLAND
TOWN OF DEER LAKE,town of deer lake,TOWN OF DEER LAKE,town of deer lake,11,268076.0,same name (printings),,"printed differently: case, punctuation, apostrophes, spacing or legal suffix",Town of Deer Lake; THE TOWN OF DEER LAKE
CDW CANADA INC,cdw canada,CDW CANADA INC,cdw canada,7,267662.68,same name (printings),,"printed differently: case, punctuation, apostrophes, spacing or legal suffix",CDW Canada Inc.; CDW Canada; CDW Canada Inc
Makkovimiut Trust Incorporated,makkovimiut trust,Makkovimiut Trust Incorporated,makkovimiut trust,2,267192.04,same name (printings),,"printed differently: case, punctuation, apostrophes, spacing or legal suffix",Makkovimiut Trust Inc.
HARBOUR AUTHORITY HARBOUR GRACE,harbour authority harbour grace,HARBOUR AUTHORITY HARBOUR GRACE,harbour authority harbour grace,11,266908.41,same name (printings),,"printed differently: case, punctuation, apostrophes, spacing or legal suffix",Harbour Authority Harbour Grace
Blizzard Corporation Limited,blizzard,Blizzard Corporation Limited,blizzard,3,266835.0,same name (printings),,"printed differently: case, punctuation, apostrophes, spacing or legal suffix",Blizzard Corporation Ltd.
Argentia Management Authority Inc.,argentia management authority,Argentia Management Authority Inc.,argentia management authority,6,266571.0,same name (printings),,"printed differently: case, punctuation, apostrophes, spacing or legal suffix",Argentia Management Authority
BAY ST. GEORGE MI'KMAQ CULTURAL REVIVAL COMMITTEE INC.,bay st george mikmaq cultural revival committee,BAY ST. GEORGE MI'KMAQ CULTURAL REVIVAL COMMITTEE INC.,bay st george mikmaq cultural revival committee,15,266506.0,same name (printings),,"printed differently: case, punctuation, apostrophes, spacing or legal suffix",Bay St. George Mi'kmaq Cultural Revival Committee Inc.
Kelloway Construction Limited,kelloway construction,Kelloway Construction Limited,kelloway construction,3,266358.0,same name (printings),,"printed differently: case, punctuation, apostrophes, spacing or legal suffix",Kelloway Construction
OFFSHORE TECHNOLOGY CONFERENCE,offshore technology conference,OFFSHORE TECHNOLOGY CONFERENCE,offshore technology conference,4,265033.5,same name (printings),,"printed differently: case, punctuation, apostrophes, spacing or legal suffix",Offshore Technology Conference
Core Equipment Inc,core equipment,Core Equipment Inc,core equipment,15,264613.33,same name (printings),,"printed differently: case, punctuation, apostrophes, spacing or legal suffix",Core Equipment Inc.; Core Equipment; CORE EQUIPMENT INC
ATLANTIC RESTAURANT SUPPLIES,atlantic restaurant supplies,ATLANTIC RESTAURANT SUPPLIES,atlantic restaurant supplies,20,263910.56,same name (printings),,"printed differently: case, punctuation, apostrophes, spacing or legal suffix",Atlantic Restaurant Supplies Limited; Atlantic Restaurant Supplies; Atlantic Restaurant Supplies Ltd.; Atlantic Restaurant supplies LTD; ATLANTIC RESTAURANT SUPPLIES LTD; Atlantic Restaurant Supplies Limite
Kilmory Ventures Inc.,kilmory ventures,Kilmory Ventures Inc.,kilmory ventures,8,263296.0,same name (printings),,"printed differently: case, punctuation, apostrophes, spacing or legal suffix",Kilmory Ventures Inc
Dildo Outport Heritage Museum Inc.,dildo outport heritage museum,Dildo Outport Heritage Museum Inc.,dildo outport heritage museum,7,262831.0,same name (printings),,"printed differently: case, punctuation, apostrophes, spacing or legal suffix",Dildo Outport Heritage Museum Incorporated; Dildo Outport Heritage Museum
COW HEAD CONSERVATION AND HERITAGE COMMITTEE,cow head conservation and heritage committee,COW HEAD CONSERVATION AND HERITAGE COMMITTEE,cow head conservation and heritage committee,18,262800.0,same name (printings),,"printed differently: case, punctuation, apostrophes, spacing or legal suffix",Cow Head Conservation And Heritage Committee Inc.; Cow Head Conservation and Heritage Committee; Cow Head Conservation & Heritage Committee; Cow Head Conservation and Heritage Committee Inc.
Collective Interchange Cooperative Inc,collective interchange cooperative,Collective Interchange Cooperative Inc,collective interchange cooperative,4,262086.0,same name (printings),,"printed differently: case, punctuation, apostrophes, spacing or legal suffix",Collective Interchange Cooperative; Collective Interchange Co-operative
ACE LOCKSMITHING LTD,ace locksmithing,ACE LOCKSMITHING LTD,ace locksmithing,12,261932.46,same name (printings),,"printed differently: case, punctuation, apostrophes, spacing or legal suffix",Ace Locksmithing Ltd.; Ace Locksmithing; ACE Locksmithing Ltd.
Scale Shop (1985) Limited,scale shop 1985,Scale Shop (1985) Limited,scale shop 1985,5,261803.84,same name (printings),,"printed differently: case, punctuation, apostrophes, spacing or legal suffix",THE SCALE SHOP (1985) LTD
Norris Arm Boys and Girls Club Inc.,norris arm boys and girls club,Norris Arm Boys and Girls Club Inc.,norris arm boys and girls club,14,261113.0,same name (printings),,"printed differently: case, punctuation, apostrophes, spacing or legal suffix",Norris Arm Boys and Girls Club; Norris Arm Boys & Girls Club; NORRIS ARM BOYS AND GIRLS CLUB
CABOT FORD LINCOLN,cabot ford lincoln,CABOT FORD LINCOLN,cabot ford lincoln,12,260110.0,same name (printings),,"printed differently: case, punctuation, apostrophes, spacing or legal suffix",Cabot Ford Lincoln
Newfoundland Coastal Cruising Ltd.,newfoundland coastal cruising,Newfoundland Coastal Cruising Ltd.,newfoundland coastal cruising,11,259948.0,same name (printings),,"printed differently: case, punctuation, apostrophes, spacing or legal suffix",Newfoundland Coastal Cruising Limited
BELFOR (CANADA) INC,belfor canada,BELFOR (CANADA) INC,belfor canada,6,259388.07,same name (printings),,"printed differently: case, punctuation, apostrophes, spacing or legal suffix",Belfor (Canada) Inc.
RUSSEL METALS INC,russel metals,RUSSEL METALS INC,russel metals,13,259220.39,same name (printings),,"printed differently: case, punctuation, apostrophes, spacing or legal suffix",Russel Metals Inc; RUSSEL METALS INC.; Russel Metals; Russel Metals Inc.
Smallwood Era Development Corporation,smallwood era development,Smallwood Era Development Corporation,smallwood era development,17,259167.0,same name (printings),,"printed differently: case, punctuation, apostrophes, spacing or legal suffix",SMALLWOOD ERA DEVELOPMENT CORPORATION (SEDCOR); Smallwood Era Development Corporation (SEDCOR)
Baie Verte Peninsula Chamber of Commerce Corporation,baie verte peninsula chamber of commerce,Baie Verte Peninsula Chamber of Commerce Corporation,baie verte peninsula chamber of commerce,13,257947.8,same name (printings),,"printed differently: case, punctuation, apostrophes, spacing or legal suffix",Baie Verte Peninsula Chamber of Commerce; The Baie Verte Peninsula Chamber of Commerce; BAIE VERTE PENINSULA CHAMBER OF COMMERCE
Atlantek Computer Power Solutions Inc,atlantek computer power solutions,Atlantek Computer Power Solutions Inc,atlantek computer power solutions,6,257657.25,same name (printings),,"printed differently: case, punctuation, apostrophes, spacing or legal suffix",Atlantek Computer Power Solutions Inc.; ATLANTEK COMPUTER POWER SOLUTIONS INC
Dungeons Distillery Ltd.,dungeons distillery,Dungeons Distillery Ltd.,dungeons distillery,4,256505.0,same name (printings),,"printed differently: case, punctuation, apostrophes, spacing or legal suffix",Dungeons Distillery Limited; Dungeons Distillery Ltd
McGraw Hill,mcgraw hill,McGraw Hill,mcgraw hill,13,255464.37,same name (printings),,"printed differently: case, punctuation, apostrophes, spacing or legal suffix",MCGRAW HILL
Town of Steady Brook,town of steady brook,Town of Steady Brook,town of steady brook,13,254898.0,same name (printings),,"printed differently: case, punctuation, apostrophes, spacing or legal suffix",TOWN OF STEADY BROOK
Town of Harbour Main-Chapel's Cove-Lakeview,town of harbour main chapels cove lakeview,Town of Harbour Main-Chapel's Cove-Lakeview,town of harbour main chapels cove lakeview,7,254479.46,same name (printings),,"printed differently: case, punctuation, apostrophes, spacing or legal suffix",Town of Harbour Main Chapel's Cove Lakeview
90973 Newfoundland & Labrador Corp.,90973 newfoundland and labrador,90973 Newfoundland & Labrador Corp.,90973 newfoundland and labrador,3,253228.0,same name (printings),,"printed differently: case, punctuation, apostrophes, spacing or legal suffix",90973 Newfoundland and Labrador Corp
Grand Falls-Windsor Minor Baseball Association,grand falls windsor minor baseball association,Grand Falls-Windsor Minor Baseball Association,grand falls windsor minor baseball association,8,253212.0,same name (printings),,"printed differently: case, punctuation, apostrophes, spacing or legal suffix",Grand Falls-Windsor Minor Baseball Association Inc.; Grand Falls Windsor Minor Baseball Association
Rebecca Redmond MacLean Law Office PLC Inc,rebecca redmond maclean law office,Rebecca Redmond MacLean Law Office PLC Inc,rebecca redmond maclean law office,4,252192.26,same name (printings),,"printed differently: case, punctuation, apostrophes, spacing or legal suffix",REBECCA REDMOND MACLEAN LAW OFFICE
TC Media Livres Inc,tc media livres,TC Media Livres Inc,tc media livres,4,251663.38,same name (printings),,"printed differently: case, punctuation, apostrophes, spacing or legal suffix",TC MEDIA LIVRES INC
Town of Brigus,town of brigus,Town of Brigus,town of brigus,11,251071.0,same name (printings),,"printed differently: case, punctuation, apostrophes, spacing or legal suffix",TOWN OF BRIGUS
MADSEN POWER SYSTEMS INC,madsen power systems,MADSEN POWER SYSTEMS INC,madsen power systems,9,250689.69,same name (printings),,"printed differently: case, punctuation, apostrophes, spacing or legal suffix",Madsen Power Systems Inc.; Madsen Power Systems Inc
OCEANEX INCORPORATED,oceanex,OCEANEX INCORPORATED,oceanex,8,250389.41,same name (printings),,"printed differently: case, punctuation, apostrophes, spacing or legal suffix",Oceanex Inc.; Oceanex Inc
Burnt Islands Fishermens Committee Inc,burnt islands fishermens committee,Burnt Islands Fishermens Committee Inc,burnt islands fishermens committee,3,250078.0,same name (printings),,"printed differently: case, punctuation, apostrophes, spacing or legal suffix",Burnt Islands Fishermens Committee Inc.
81633 Newfoundland & Labrador Limited,81633 newfoundland and labrador,81633 Newfoundland & Labrador Limited,81633 newfoundland and labrador,2,250000.0,same name (printings),,"printed differently: case, punctuation, apostrophes, spacing or legal suffix",81633 Newfoundland and Labrador Limited
"MAH, Catherine L",mah catherine l,"MAH, Catherine L",mah catherine l,2,249953.0,same name (printings),,"printed differently: case, punctuation, apostrophes, spacing or legal suffix","Mah, Catherine L"
Albatross Hotel,albatross hotel,Albatross Hotel,albatross hotel,8,249030.39,same name (printings),,"printed differently: case, punctuation, apostrophes, spacing or legal suffix",ALBATROSS HOTEL LIMITED
A & P Manufacturing Limited,a and p manufacturing,A & P Manufacturing Limited,a and p manufacturing,4,248470.0,same name (printings),,"printed differently: case, punctuation, apostrophes, spacing or legal suffix",A&P Manufacturing Ltd.; A&P Manufacturing Ltd
HARBOUR AUTHORITY BAY DE VERDE,harbour authority bay de verde,HARBOUR AUTHORITY BAY DE VERDE,harbour authority bay de verde,8,247999.8,same name (printings),,"printed differently: case, punctuation, apostrophes, spacing or legal suffix",Harbour Authority Bay De Verde; Harbour Authority Bay de Verde
CAE Healthcare,cae healthcare,CAE Healthcare,cae healthcare,4,247485.4,same name (printings),,"printed differently: case, punctuation, apostrophes, spacing or legal suffix",CAE Healthcare INC
The Placentia Area Historical Society,placentia area historical society,The Placentia Area Historical Society,placentia area historical society,12,246806.0,same name (printings),,"printed differently: case, punctuation, apostrophes, spacing or legal suffix",Placentia Area Historical Society; THE PLACENTIA AREA HISTORICAL SOCIETY; PLACENTIA AREA HISTORICAL SOCIETY (THE)
Torngat Fish Producers Co-operative Society Limited,torngat fish producers cooperative society,Torngat Fish Producers Co-operative Society Limited,torngat fish producers cooperative society,3,246582.0,same name (printings),,"printed differently: case, punctuation, apostrophes, spacing or legal suffix",Torngat Fish Producers Co-operative Society Ltd
By the Sea Resort Inc.,by sea resort,By the Sea Resort Inc.,by sea resort,9,246004.0,same name (printings),,"printed differently: case, punctuation, apostrophes, spacing or legal suffix",By The Sea Resort Inc.
Town of Witless Bay,town of witless bay,Town of Witless Bay,town of witless bay,10,244698.0,same name (printings),,"printed differently: case, punctuation, apostrophes, spacing or legal suffix",TOWN OF WITLESS BAY
Enterprise Canada Inc,enterprise canada,Enterprise Canada Inc,enterprise canada,3,244000.0,same name (printings),,"printed differently: case, punctuation, apostrophes, spacing or legal suffix",Enterprise Canada Inc.
CBS KIWANIS MINOR BASEBALL ASSOCIATION,cbs kiwanis minor baseball association,CBS KIWANIS MINOR BASEBALL ASSOCIATION,cbs kiwanis minor baseball association,13,243957.0,same name (printings),,"printed differently: case, punctuation, apostrophes, spacing or legal suffix",CBS Kiwanis Minor Baseball Association
Pennecon Energy Technical Services,pennecon energy technical services,Pennecon Energy Technical Services,pennecon energy technical services,2,243900.0,same name (printings),,"printed differently: case, punctuation, apostrophes, spacing or legal suffix",Pennecon Energy Technical Services Ltd.
Xerox Canada Ltd.,xerox canada,Xerox Canada Ltd.,xerox canada,6,243602.06,same name (printings),,"printed differently: case, punctuation, apostrophes, spacing or legal suffix",Xerox Canada Ltd; Xerox Canada
Abbott Rapid Diagnostics,abbott rapid diagnostics,Abbott Rapid Diagnostics,abbott rapid diagnostics,5,243013.8,same name (printings),,"printed differently: case, punctuation, apostrophes, spacing or legal suffix",Abbott Rapid Diagnostics ULC
"First Technology Association, Inc.",first technology association,"First Technology Association, Inc.",first technology association,3,242201.0,same name (printings),,"printed differently: case, punctuation, apostrophes, spacing or legal suffix",FIRST Technology Association Inc.
Millbrook Tactical Inc,millbrook tactical,Millbrook Tactical Inc,millbrook tactical,3,241254.58,same name (printings),,"printed differently: case, punctuation, apostrophes, spacing or legal suffix",MILLBROOK TACTICAL INC
AON Reed Stenhouse Inc.,aon reed stenhouse,AON Reed Stenhouse Inc.,aon reed stenhouse,6,240760.25,same name (printings),,"printed differently: case, punctuation, apostrophes, spacing or legal suffix",AON Reed Stenhouse Inc; AON REED STENHOUSE INC; Aon Reed Stenhouse Inc
Bay St. George South Area Development Association,bay st george south area development association,Bay St. George South Area Development Association,bay st george south area development association,12,240667.0,same name (printings),,"printed differently: case, punctuation, apostrophes, spacing or legal suffix",Bay ST. George South Area Development Association; BAY ST GEORGE SOUTH AREA DEVELOPMENT ASSOCIATION; Bay St George South Area Development Association
LOU'S ELECTRICAL LTD,lous electrical,LOU'S ELECTRICAL LTD,lous electrical,8,238745.08,same name (printings),,"printed differently: case, punctuation, apostrophes, spacing or legal suffix",Lou's Electrical; Lous Electrical
Old Sam's Swiss Farm Ltd.,old sams swiss farm,Old Sam's Swiss Farm Ltd.,old sams swiss farm,4,238245.0,same name (printings),,"printed differently: case, punctuation, apostrophes, spacing or legal suffix",Old Sams Swiss Farm; Old Sams Swiss Farm Ltd.
Frozen In Time Ltd.,frozen in time,Frozen In Time Ltd.,frozen in time,10,238129.02,same name (printings),,"printed differently: case, punctuation, apostrophes, spacing or legal suffix",Frozen in Time Ltd.; Frozen In Time Inc.; Frozen in Time Ltd; Frozen In Time Ltd
PLACENTIA AREA HARBOUR AUTHORITY,placentia area harbour authority,PLACENTIA AREA HARBOUR AUTHORITY,placentia area harbour authority,10,238023.1,same name (printings),,"printed differently: case, punctuation, apostrophes, spacing or legal suffix",Placentia Area Harbour Authority
HODGE BROS LIMITED,hodge bros,HODGE BROS LIMITED,hodge bros,4,237947.65,same name (printings),,"printed differently: case, punctuation, apostrophes, spacing or legal suffix",Hodge Bros. Ltd
Reefer Repair Corner Brook Limited,reefer repair corner brook,Reefer Repair Corner Brook Limited,reefer repair corner brook,2,237500.0,same name (printings),,"printed differently: case, punctuation, apostrophes, spacing or legal suffix",Reefer Repair Corner Brook Ltd
Irving,irving,Irving,irving,16,237206.04,same name (printings),,"printed differently: case, punctuation, apostrophes, spacing or legal suffix",irving; IRVING
T&M Construction Ltd,t and m construction,T&M Construction Ltd,t and m construction,6,236641.0,same name (printings),,"printed differently: case, punctuation, apostrophes, spacing or legal suffix",T & M CONSTRUCTION LTD; T & M Construction Ltd
BURSEY CLEANERS LIMITED,bursey cleaners,BURSEY CLEANERS LIMITED,bursey cleaners,6,235964.24,same name (printings),,"printed differently: case, punctuation, apostrophes, spacing or legal suffix",Bursey Cleaners Ltd; Bursey Cleaners Limited
Safety Source Fire Inc,safety source fire,Safety Source Fire Inc,safety source fire,11,235831.11,same name (printings),,"printed differently: case, punctuation, apostrophes, spacing or legal suffix",Safety Source Fire; Safety Source Fire Inc.; SAFETY SOURCE FIRE INC
"LA FÉDÉRATION DES FRANCOPHONES DE TERRE-NEUVE ET DU LABRADOR, INC.",la federation des francophones de terre neuve et du labrador,"LA FÉDÉRATION DES FRANCOPHONES DE TERRE-NEUVE ET DU LABRADOR, INC.",la federation des francophones de terre neuve et du labrador,15,233402.0,same name (printings),,"printed differently: case, punctuation, apostrophes, spacing or legal suffix",La Fédération des francophones de Terre-Neuve et du Labrador inc; La Fédération des francophones de Terre-Neuve et du Labrador Inc; LA FÉDÉRATION DES FRANCOPHONES DE TERRE-NEUVE ET DU LABRADOR
"Royal Canadian Legion, Branch #3",royal canadian legion branch 3,"Royal Canadian Legion, Branch #3",royal canadian legion branch 3,13,232459.0,same name (printings),,"printed differently: case, punctuation, apostrophes, spacing or legal suffix",Royal Canadian Legion Branch 3; Royal Canadian Legion Branch #3; The Royal Canadian Legion Branch #3
RB Lighthouse Incorporated,rb lighthouse,RB Lighthouse Incorporated,rb lighthouse,7,232267.0,same name (printings),,"printed differently: case, punctuation, apostrophes, spacing or legal suffix",RB LIGHTHOUSE INCORPORATED; RB Lighthouse Inc.
Audmet Canada Ltd. o/a Frontrow,audmet canada,Audmet Canada Ltd. o/a Frontrow,audmet canada,2,231698.0,same name (printings),,"printed differently: case, punctuation, apostrophes, spacing or legal suffix",AUDMET CANADA LTD o/a Frontrow
St. John's Senior Soccer Association Inc.,st johns senior soccer association,St. John's Senior Soccer Association Inc.,st johns senior soccer association,8,231666.0,same name (printings),,"printed differently: case, punctuation, apostrophes, spacing or legal suffix",St. John's Senior Soccer Association
SAP Canada Inc.,sap canada,SAP Canada Inc.,sap canada,3,230838.07,same name (printings),,"printed differently: case, punctuation, apostrophes, spacing or legal suffix",SAP Canada INC; SAP Canada
61353 Newfoundland and Labrador Ltd.,61353 newfoundland and labrador,61353 Newfoundland and Labrador Ltd.,61353 newfoundland and labrador,7,230110.0,same name (printings),,"printed differently: case, punctuation, apostrophes, spacing or legal suffix",61353 Newfoundland and Labrador Ltd
Coastal Mechanical Limited,coastal mechanical,Coastal Mechanical Limited,coastal mechanical,2,230000.0,same name (printings),,"printed differently: case, punctuation, apostrophes, spacing or legal suffix",Coastal Mechanical
Islander Pools Inc.,islander pools,Islander Pools Inc.,islander pools,2,230000.0,same name (printings),,"printed differently: case, punctuation, apostrophes, spacing or legal suffix",Islander Pools Inc
Pouch Cove Lions Club Corp.,pouch cove lions club,Pouch Cove Lions Club Corp.,pouch cove lions club,3,229957.0,same name (printings),,"printed differently: case, punctuation, apostrophes, spacing or legal suffix",Pouch Cove Lions Club; Pouch Cove Lions Club Corp
MELTING BOUNDARIES FILM AND SCIENCE INC.,melting boundaries film and science,MELTING BOUNDARIES FILM AND SCIENCE INC.,melting boundaries film and science,2,229503.32,same name (printings),,"printed differently: case, punctuation, apostrophes, spacing or legal suffix",Melting Boundaries Film and Science
11196235 Canada Corporation,11196235 canada,11196235 Canada Corporation,11196235 canada,5,229328.0,same name (printings),,"printed differently: case, punctuation, apostrophes, spacing or legal suffix",11196235 Canada Corp dba/ Bumblebee Bight Inn & Brewery Co.; 11196235 Canada Corp
Fab-Tech Industries Inc.,fab tech industries,Fab-Tech Industries Inc.,fab tech industries,6,228734.25,same name (printings),,"printed differently: case, punctuation, apostrophes, spacing or legal suffix",FAB-TECH INDUSTRIES INC.; FAB-TECH Industries Inc.
DAVTEC MARINE INC.,davtec marine,DAVTEC MARINE INC.,davtec marine,11,228188.86,same name (printings),,"printed differently: case, punctuation, apostrophes, spacing or legal suffix",DAVTEC MARINE INC; DAVTEC MARINE
St. Lawrence Soccer Association,st lawrence soccer association,St. Lawrence Soccer Association,st lawrence soccer association,8,227264.0,same name (printings),,"printed differently: case, punctuation, apostrophes, spacing or legal suffix",St. Lawrence Soccer Association Inc.; St. Lawrence Soccer Association Inc
AIMS,aims,AIMS,aims,14,226695.92,same name (printings),,"printed differently: case, punctuation, apostrophes, spacing or legal suffix",AIMS LIMITED
Salty Bay Cabins Ltd.,salty bay cabins,Salty Bay Cabins Ltd.,salty bay cabins,8,226680.0,same name (printings),,"printed differently: case, punctuation, apostrophes, spacing or legal suffix",Salty Bay Cabin's Ltd
HERCULES SLR INC,hercules slr,HERCULES SLR INC,hercules slr,13,225854.68,same name (printings),,"printed differently: case, punctuation, apostrophes, spacing or legal suffix",Hercules SLR Inc; Hercules SLR; Hercules SLR Inc.
TOWN OF PARSONS POND,town of parsons pond,TOWN OF PARSONS POND,town of parsons pond,11,224775.63,same name (printings),,"printed differently: case, punctuation, apostrophes, spacing or legal suffix",Town of Parsons Pond; TOWN OF PARSON'S POND
Battlefield Equipment Rentals,battlefield equipment rentals,Battlefield Equipment Rentals,battlefield equipment rentals,5,224702.31,same name (printings),,"printed differently: case, punctuation, apostrophes, spacing or legal suffix",BATTLEFIELD EQUIPMENT RENTALS
NOTRE DAME AGENCIES LIMITED,notre dame agencies,NOTRE DAME AGENCIES LIMITED,notre dame agencies,11,224646.43,same name (printings),,"printed differently: case, punctuation, apostrophes, spacing or legal suffix",NOTRE DAME AGENCIES; Notre Dame Agencies Limited; Notre Dame Agencies Limited o/a Gander Home Furnishing; Notre Dame Agencies Limited o/a Notre Dame Recreation; NOTRE DAME AGENCIES LTD
Corner Brook Museum and Archives Society Inc.,corner brook museum and archives society,Corner Brook Museum and Archives Society Inc.,corner brook museum and archives society,12,224357.0,same name (printings),,"printed differently: case, punctuation, apostrophes, spacing or legal suffix",CORNER BROOK MUSEUM AND ARCHIVES SOCIETY INC.; Corner Brook Museum and Archives Society Limited; Corner Brook Museum and Archives Society Incorporated
Cegal Geoscience Inc,cegal geoscience,Cegal Geoscience Inc,cegal geoscience,4,224299.8,same name (printings),,"printed differently: case, punctuation, apostrophes, spacing or legal suffix",Cegal Geoscience Inc.
Town of St. Lewis,town of st lewis,Town of St. Lewis,town of st lewis,3,222451.0,same name (printings),,"printed differently: case, punctuation, apostrophes, spacing or legal suffix",Town of St Lewis
SCOTT ANDERSON LIMITED,scott anderson,SCOTT ANDERSON LIMITED,scott anderson,5,222062.78,same name (printings),,"printed differently: case, punctuation, apostrophes, spacing or legal suffix",Scott Anderson Ltd.; Scott Anderson
"Chapel Restoration Committee - Blackhead, Cape Spear Inc.",chapel restoration committee blackhead cape spear,"Chapel Restoration Committee - Blackhead, Cape Spear Inc.",chapel restoration committee blackhead cape spear,11,220779.0,same name (printings),,"printed differently: case, punctuation, apostrophes, spacing or legal suffix","CHAPEL RESTORATION COMMITTEE - BLACKHEAD, CAPE SPEAR INC.; Chapel Restoration Committee - Blackhead Cape Spear Incorporated"
Rampart International Corporation,rampart international,Rampart International Corporation,rampart international,6,220510.36,same name (printings),,"printed differently: case, punctuation, apostrophes, spacing or legal suffix",Rampart International
J And Y Fishing Inc.,j and y fishing,J And Y Fishing Inc.,j and y fishing,5,220219.43,same name (printings),,"printed differently: case, punctuation, apostrophes, spacing or legal suffix",J and Y Fishing Inc; J AND Y FISHING INC; J and Y Fishing Inc.
MECHANICAL COMPONENTS LTD.,mechanical components,MECHANICAL COMPONENTS LTD.,mechanical components,4,218961.2,same name (printings),,"printed differently: case, punctuation, apostrophes, spacing or legal suffix",Mechanical Components Limited (MCL); Mechanical Components Ltd; MECHANICAL COMPONENTS LIMITED
YMCA of Exploits Valley,ymca of exploits valley,YMCA of Exploits Valley,ymca of exploits valley,13,218813.0,same name (printings),,"printed differently: case, punctuation, apostrophes, spacing or legal suffix",YMCA Of Exploits Valley
TOWN OF CHARLOTTETOWN,town of charlottetown,TOWN OF CHARLOTTETOWN,town of charlottetown,6,218527.0,same name (printings),,"printed differently: case, punctuation, apostrophes, spacing or legal suffix",Town of Charlottetown
Sunrise Fish Farms Inc.,sunrise fish farms,Sunrise Fish Farms Inc.,sunrise fish farms,4,218381.7,same name (printings),,"printed differently: case, punctuation, apostrophes, spacing or legal suffix",Sunrise Fish Farms Incorporated; Sunrise Fish Farms Inc; Sunrise Fish Farms
HAROLD SNOW SERVICE GROUP,harold snow service group,HAROLD SNOW SERVICE GROUP,harold snow service group,6,218240.82,same name (printings),,"printed differently: case, punctuation, apostrophes, spacing or legal suffix",Harold Snow Service Group
Sugar Hill Inn Inc.,sugar hill inn,Sugar Hill Inn Inc.,sugar hill inn,4,218000.0,same name (printings),,"printed differently: case, punctuation, apostrophes, spacing or legal suffix",Sugar Hill Inn Inc
Newfoundland and Labrador Environmental Association,newfoundland and labrador environmental association,Newfoundland and Labrador Environmental Association,newfoundland and labrador environmental association,5,217267.28,same name (printings),,"printed differently: case, punctuation, apostrophes, spacing or legal suffix",Newfoundland & Labrador Environmental Association Inc; Newfoundland and Labrador Environmental Association Incorporated (NLEA)
HARBOUR AUTHORITY OF LA SCIE,harbour authority of la scie,HARBOUR AUTHORITY OF LA SCIE,harbour authority of la scie,15,216751.05,same name (printings),,"printed differently: case, punctuation, apostrophes, spacing or legal suffix",Harbour Authority of La Scie; harbour authority of la scie; Harbour Authority of la Scie
Oozoa Biomedical,oozoa biomedical,Oozoa Biomedical,oozoa biomedical,2,216000.0,same name (printings),,"printed differently: case, punctuation, apostrophes, spacing or legal suffix",Oozoa BioMedical Inc.
Coastline Specialties,coastline specialties,Coastline Specialties,coastline specialties,5,215813.5,same name (printings),,"printed differently: case, punctuation, apostrophes, spacing or legal suffix",Coastline Specialties LTD; Coastline Specialties Ltd.; Coastline Specialties ltd.
Cahill Fabrication Structural,cahill fabrication structural,Cahill Fabrication Structural,cahill fabrication structural,2,215000.0,same name (printings),,"printed differently: case, punctuation, apostrophes, spacing or legal suffix",Cahill Fabrication Structural Limited
Swiftsure Innovations Inc.,swiftsure innovations,Swiftsure Innovations Inc.,swiftsure innovations,3,214912.0,same name (printings),,"printed differently: case, punctuation, apostrophes, spacing or legal suffix",Swiftsure Innovations Inc
PRO-DIVE MARINE SERVICES,pro dive marine services,PRO-DIVE MARINE SERVICES,pro dive marine services,13,213998.01,same name (printings),,"printed differently: case, punctuation, apostrophes, spacing or legal suffix",Pro-Dive Marine Services
E J Logging Ltd.,e j logging,E J Logging Ltd.,e j logging,6,213874.36,same name (printings),,"printed differently: case, punctuation, apostrophes, spacing or legal suffix",E.J. LOGGING LTD; E J LOGGING LTD; E J Logging Ltd
ICAN LTD DBA CNS SYSTEMS,ican,ICAN LTD DBA CNS SYSTEMS,ican,8,213374.28,same name (printings),,"printed differently: case, punctuation, apostrophes, spacing or legal suffix",ICAN LTD DBA CNS SYSTEMS (INTERNATIONAL COMMUNICATIONS AND
Labrador Straits Regional Recreation Board Inc.,labrador straits regional recreation board,Labrador Straits Regional Recreation Board Inc.,labrador straits regional recreation board,2,212850.0,same name (printings),,"printed differently: case, punctuation, apostrophes, spacing or legal suffix",Labrador Straits Regional Recreation Board Inc
Town of Conception Harbour,town of conception harbour,Town of Conception Harbour,town of conception harbour,12,212843.34,same name (printings),,"printed differently: case, punctuation, apostrophes, spacing or legal suffix",TOWN OF CONCEPTION HARBOUR
GUILLEVIN INTERNATIONAL INC,guillevin international,GUILLEVIN INTERNATIONAL INC,guillevin international,5,211926.16,same name (printings),,"printed differently: case, punctuation, apostrophes, spacing or legal suffix",Guillevin International Co; Guillevin International Co.
Pyramid Construction Limited,pyramid construction,Pyramid Construction Limited,pyramid construction,3,210737.25,same name (printings),,"printed differently: case, punctuation, apostrophes, spacing or legal suffix",PYRAMID CONSTRUCTION LIMITED
Petroleum & Environmental,petroleum and environmental,Petroleum & Environmental,petroleum and environmental,3,210593.75,same name (printings),,"printed differently: case, punctuation, apostrophes, spacing or legal suffix",PETROLEUM AND ENVIRONMENTAL
St. John's Farmers' Market Cooperative,st johns farmers market cooperative,St. John's Farmers' Market Cooperative,st johns farmers market cooperative,10,209924.0,same name (printings),,"printed differently: case, punctuation, apostrophes, spacing or legal suffix",The St. John's Farmers' Market Co-Operative Ltd.
Central Truck Caps & Accessories Ltd o/a Action Truck and Cars Accessories,central truck caps and accessories,Central Truck Caps & Accessories Ltd o/a Action Truck and Cars Accessories,central truck caps and accessories,3,209376.4,same name (printings),,"printed differently: case, punctuation, apostrophes, spacing or legal suffix",Central Truck Caps And Accessories; CENTRAL TRUCK CAPS & ACCESSORIES LTD
Flatwater Campgrounds Inc.,flatwater campgrounds,Flatwater Campgrounds Inc.,flatwater campgrounds,10,209120.0,same name (printings),,"printed differently: case, punctuation, apostrophes, spacing or legal suffix",FLATWATER CAMPGROUNDS INC.; Flatwater Campgrounds Inc
Univar Canada Ltd,univar canada,Univar Canada Ltd,univar canada,3,208711.54,same name (printings),,"printed differently: case, punctuation, apostrophes, spacing or legal suffix",Univar Canada Inc.
"LeBlanc, James",leblanc james,"LeBlanc, James",leblanc james,2,208360.0,same name (printings),,"printed differently: case, punctuation, apostrophes, spacing or legal suffix","Leblanc, James"
Provall Parts Ltd.,provall parts,Provall Parts Ltd.,provall parts,5,208250.61,same name (printings),,"printed differently: case, punctuation, apostrophes, spacing or legal suffix",Provall Parts Ltd; PROVALL PARTS LTD
Cellebrite USA Inc,cellebrite usa,Cellebrite USA Inc,cellebrite usa,5,207769.02,same name (printings),,"printed differently: case, punctuation, apostrophes, spacing or legal suffix",CELLEBRITE USA INC.; CELLEBRITE USA INC; Cellebrite USA Inc.
The Governing Council of The Salvation Army in Canada,governing council of salvation army in canada [bn 107951618],The Governing Council of The Salvation Army in Canada,governing council of salvation army in canada [bn 107951618],17,207069.0,same name (printings),,"printed differently: case, punctuation, apostrophes, spacing or legal suffix",The Governing Council of the Salvation Army in Canada
Newfoundland & Labrador Housing & Homelessness Network Inc.,newfoundland and labrador housing and homelessness network,Newfoundland & Labrador Housing & Homelessness Network Inc.,newfoundland and labrador housing and homelessness network,3,206220.0,same name (printings),,"printed differently: case, punctuation, apostrophes, spacing or legal suffix",Newfoundland & Labrador Housing and Homelessness Network inc.; Newfoundland & Labrador Housing and Homelessness Network
C&E GROUP LTD,c and e group,C&E GROUP LTD,c and e group,3,206067.13,same name (printings),,"printed differently: case, punctuation, apostrophes, spacing or legal suffix",C&E Group Ltd.
INTEGRATED DISTRIBUTION SYSTEMS LP o/a WAJAX,integrated distribution systems lp,INTEGRATED DISTRIBUTION SYSTEMS LP o/a WAJAX,integrated distribution systems lp,3,206025.71,same name (printings),,"printed differently: case, punctuation, apostrophes, spacing or legal suffix",INTEGRATED DISTRIBUTION SYSTEMS LP o/a Wajax Equipment; Integrated Distribution Systems LP o/a Wajax
C.K.W FISHERIES LTD,c k w fisheries,C.K.W FISHERIES LTD,c k w fisheries,3,205171.1,same name (printings),,"printed differently: case, punctuation, apostrophes, spacing or legal suffix",C. K. W. Fisheries Ltd.
Killick Hospice Care Inc.,killick hospice care,Killick Hospice Care Inc.,killick hospice care,4,204716.05,same name (printings),,"printed differently: case, punctuation, apostrophes, spacing or legal suffix",KILLICK HOSPICE CARE INC.
Heritage Foundation for Terra Nova National Park,heritage foundation for terra nova national park,Heritage Foundation for Terra Nova National Park,heritage foundation for terra nova national park,5,204398.0,same name (printings),,"printed differently: case, punctuation, apostrophes, spacing or legal suffix",HERITAGE FOUNDATION FOR TERRA NOVA NATIONAL PARK
Quidi Vidi Rennies River Development Foundation,quidi vidi rennies river development foundation,Quidi Vidi Rennies River Development Foundation,quidi vidi rennies river development foundation,9,203884.0,same name (printings),,"printed differently: case, punctuation, apostrophes, spacing or legal suffix",Quidi Vidi/Rennies River Development Foundation
Baie Verte Peninsula Economic Development Association,baie verte peninsula economic development association,Baie Verte Peninsula Economic Development Association,baie verte peninsula economic development association,9,203843.0,same name (printings),,"printed differently: case, punctuation, apostrophes, spacing or legal suffix",BAIE VERTE PENINSULA ECONOMIC DEVELOPMENT ASSOCIATION
AUDI ST. JOHN'S,audi st johns,AUDI ST. JOHN'S,audi st johns,12,203750.0,same name (printings),,"printed differently: case, punctuation, apostrophes, spacing or legal suffix",Audi St. John's
Viking Air Limited,viking air,Viking Air Limited,viking air,11,203727.17,same name (printings),,"printed differently: case, punctuation, apostrophes, spacing or legal suffix",VIKING AIR LIMITED; Viking Air
WOODWARD AVIATION SERVICES,woodward aviation services,WOODWARD AVIATION SERVICES,woodward aviation services,10,203449.67,same name (printings),,"printed differently: case, punctuation, apostrophes, spacing or legal suffix",Woodward Aviation Services
Portugal Cove Agrifood Processing Ltd.,portugal cove agrifood processing,Portugal Cove Agrifood Processing Ltd.,portugal cove agrifood processing,2,202400.0,same name (printings),,"printed differently: case, punctuation, apostrophes, spacing or legal suffix",Portugal Cove Agrifood Processing Ltd
Armtec Inc.,armtec,Armtec Inc.,armtec,15,202360.64,same name (printings),,"printed differently: case, punctuation, apostrophes, spacing or legal suffix",Armtec Inc; ARMTEC INC
NICKEL INDEPENDENT FILM FESTIVAL INC.,nickel independent film festival,NICKEL INDEPENDENT FILM FESTIVAL INC.,nickel independent film festival,9,201881.0,same name (printings),,"printed differently: case, punctuation, apostrophes, spacing or legal suffix","Nickel Independent Film Festival; Nickel Independent Film Festival, Inc."
Levio Conseils Inc.,levio conseils,Levio Conseils Inc.,levio conseils,2,201866.87,same name (printings),,"printed differently: case, punctuation, apostrophes, spacing or legal suffix",LEVIO CONSEILS INC
Gosecure Inc.,gosecure,Gosecure Inc.,gosecure,2,201744.0,same name (printings),,"printed differently: case, punctuation, apostrophes, spacing or legal suffix",GOSECURE INC
Labrador Straits Museum & Craft Shop Inc.,labrador straits museum and craft shop,Labrador Straits Museum & Craft Shop Inc.,labrador straits museum and craft shop,3,201075.0,same name (printings),,"printed differently: case, punctuation, apostrophes, spacing or legal suffix",Labrador Straits Museum and Craft Shop Incorporated
Olivic Fisheries Inc.,olivic fisheries,Olivic Fisheries Inc.,olivic fisheries,5,201038.29,same name (printings),,"printed differently: case, punctuation, apostrophes, spacing or legal suffix",Olivic Fisheries Ltd.; Olivic Fisheries Ltd; OLIVIC FISHERIES LTD
STINGRAY RADIO INC,stingray radio,STINGRAY RADIO INC,stingray radio,28,200775.86,same name (printings),,"printed differently: case, punctuation, apostrophes, spacing or legal suffix",Stingray Radio Inc.; Stingray Radio Inc
SEAFAIR CAPITAL INC,seafair capital,SEAFAIR CAPITAL INC,seafair capital,10,200442.0,same name (printings),,"printed differently: case, punctuation, apostrophes, spacing or legal suffix",Seafair Capital Inc.
Abbass & McLean Holdings Inc.,abbass and mclean holdings,Abbass & McLean Holdings Inc.,abbass and mclean holdings,2,200000.0,same name (printings),,"printed differently: case, punctuation, apostrophes, spacing or legal suffix",Abbass and McLean Holdings Inc
HARBOUR AUTHORITY BAINE HARBOUR,harbour authority baine harbour,HARBOUR AUTHORITY BAINE HARBOUR,harbour authority baine harbour,8,199795.35,same name (printings),,"printed differently: case, punctuation, apostrophes, spacing or legal suffix",Harbour Authority Baine Harbour
VFAIRS EVENTS INC,vfairs events,VFAIRS EVENTS INC,vfairs events,2,198948.5,same name (printings),,"printed differently: case, punctuation, apostrophes, spacing or legal suffix",vFairs Events
Mount Pearl Paradise Chamber of Commerce,mount pearl paradise chamber of commerce,Mount Pearl Paradise Chamber of Commerce,mount pearl paradise chamber of commerce,10,198157.81,same name (printings),,"printed differently: case, punctuation, apostrophes, spacing or legal suffix",Mount Pearl Paradise Chamber of Commerce Inc.; Mount Pearl/Paradise Chamber of Commerce
BMW/MINI ST.JOHN'S,bmw mini st johns,BMW/MINI ST.JOHN'S,bmw mini st johns,16,198125.0,same name (printings),,"printed differently: case, punctuation, apostrophes, spacing or legal suffix",BMW/MINI ST. JOHN'S
NunaKatiget Inuit Community Corporation Inc.,nunakatiget inuit community,NunaKatiget Inuit Community Corporation Inc.,nunakatiget inuit community,7,197484.0,same name (printings),,"printed differently: case, punctuation, apostrophes, spacing or legal suffix",NUNAKATIGET INUIT COMMUNITY CORPORATION INC.
HARBOUR AUTHORITY OF ARNOLD'S COVE,harbour authority of arnolds cove,HARBOUR AUTHORITY OF ARNOLD'S COVE,harbour authority of arnolds cove,8,197251.75,same name (printings),,"printed differently: case, punctuation, apostrophes, spacing or legal suffix",Harbour Authority of Arnold's Cove
Carino Processing Ltd,carino processing,Carino Processing Ltd,carino processing,4,196820.0,same name (printings),,"printed differently: case, punctuation, apostrophes, spacing or legal suffix",Carino Processing Ltd.
SO CLEAN JANITORIAL + RESTORATION INC,so clean janitorial restoration,SO CLEAN JANITORIAL + RESTORATION INC,so clean janitorial restoration,2,196591.53,same name (printings),,"printed differently: case, punctuation, apostrophes, spacing or legal suffix",SO CLEAN JANITORIAL + RESTORATION INC.
Upper Island Cove Parks and Recreation Association,upper island cove parks and recreation association,Upper Island Cove Parks and Recreation Association,upper island cove parks and recreation association,7,196525.0,same name (printings),,"printed differently: case, punctuation, apostrophes, spacing or legal suffix",Upper Island Cove Parks & Recreation Association
Efford Enterprises Limited,efford enterprises,Efford Enterprises Limited,efford enterprises,5,196465.0,same name (printings),,"printed differently: case, punctuation, apostrophes, spacing or legal suffix",EFFORD ENTERPRISES LIMITED
Westside Asphalt and Concrete Inc.,westside asphalt and concrete,Westside Asphalt and Concrete Inc.,westside asphalt and concrete,7,196274.0,same name (printings),,"printed differently: case, punctuation, apostrophes, spacing or legal suffix",Westside Asphalt & Concrete Inc.
Alcon Canada Inc.,alcon canada,Alcon Canada Inc.,alcon canada,3,196176.99,same name (printings),,"printed differently: case, punctuation, apostrophes, spacing or legal suffix",Alcon Canada Inc..; Alcon Canada
Rolen Holdings Inc.,rolen holdings,Rolen Holdings Inc.,rolen holdings,8,195110.0,same name (printings),,"printed differently: case, punctuation, apostrophes, spacing or legal suffix",Rolen Holdings Inc
Shaw Ventures Company Limited,shaw ventures,Shaw Ventures Company Limited,shaw ventures,3,194623.86,same name (printings),,"printed differently: case, punctuation, apostrophes, spacing or legal suffix",SHAW VENTURES COMPANY LTD; Shaw Ventures Company Ltd.
Coish's Trucking & Excavating,coishs trucking and excavating,Coish's Trucking & Excavating,coishs trucking and excavating,3,194410.4,same name (printings),,"printed differently: case, punctuation, apostrophes, spacing or legal suffix",COISH'S TRUCKING & EXCAVATING LTD
Anthony Developments Ltd,anthony developments,Anthony Developments Ltd,anthony developments,7,194370.0,same name (printings),,"printed differently: case, punctuation, apostrophes, spacing or legal suffix",Anthony Developments Ltd.
Leica Geosystems Ltd.,leica geosystems,Leica Geosystems Ltd.,leica geosystems,4,194306.95,same name (printings),,"printed differently: case, punctuation, apostrophes, spacing or legal suffix",Leica Geosystems Ltd; Leica Geosystems
Ashco Fishing Limited,ashco fishing,Ashco Fishing Limited,ashco fishing,3,194298.3,same name (printings),,"printed differently: case, punctuation, apostrophes, spacing or legal suffix",Ashco Fishing Ltd
Spirity Pond Ltd.,spirity pond,Spirity Pond Ltd.,spirity pond,9,193542.0,same name (printings),,"printed differently: case, punctuation, apostrophes, spacing or legal suffix",Spirity Pond Ltd
JetVac,jetvac,JetVac,jetvac,9,192634.4,same name (printings),,"printed differently: case, punctuation, apostrophes, spacing or legal suffix",Jetvac Inc; JetVac Inc.; JETVAC Inc.; Jetvac; JETVAC INC; JETVAC Inc
Quest Software Canada Inc.,quest software canada,Quest Software Canada Inc.,quest software canada,3,192183.53,same name (printings),,"printed differently: case, punctuation, apostrophes, spacing or legal suffix",QUEST SOFTWARE CANADA INC; Quest Software Canada Inc
R Randell & Sons Ltd,r randell and sons,R Randell & Sons Ltd,r randell and sons,3,192029.8,same name (printings),,"printed differently: case, punctuation, apostrophes, spacing or legal suffix",R. Randell and Sons Ltd.; R.Randell and Sons Ltd.
Eagle Vision Leadership Training Solutions Inc.,eagle vision leadership training solutions,Eagle Vision Leadership Training Solutions Inc.,eagle vision leadership training solutions,7,191824.47,same name (printings),,"printed differently: case, punctuation, apostrophes, spacing or legal suffix",Eagle Vision Leadership Training Solutions Inc; Eagle Vision Leadership Training Solutions
Calvary Baptist Church Incorporated,calvary baptist church,Calvary Baptist Church Incorporated,calvary baptist church,7,191421.0,same name (printings),,"printed differently: case, punctuation, apostrophes, spacing or legal suffix",Calvary Baptist Church Inc.
Onco Inc,onco,Onco Inc,onco,3,191374.77,same name (printings),,"printed differently: case, punctuation, apostrophes, spacing or legal suffix","Onco, INC; Onco INC"
Botwood Heritage Society,botwood heritage society,Botwood Heritage Society,botwood heritage society,11,190760.0,same name (printings),,"printed differently: case, punctuation, apostrophes, spacing or legal suffix",BOTWOOD HERITAGE SOCIETY
ADB Safegate Canada Inc,adb safegate canada,ADB Safegate Canada Inc,adb safegate canada,12,190471.49,same name (printings),,"printed differently: case, punctuation, apostrophes, spacing or legal suffix",ADB Safegate Canada Inc.
Conception Bay Museum,conception bay museum,Conception Bay Museum,conception bay museum,13,189277.0,same name (printings),,"printed differently: case, punctuation, apostrophes, spacing or legal suffix",CONCEPTION BAY MUSEUM (THE); THE CONCEPTION BAY MUSEUM
Pikes Service Station Ltd,pikes service station,Pikes Service Station Ltd,pikes service station,3,188720.0,same name (printings),,"printed differently: case, punctuation, apostrophes, spacing or legal suffix",Pike's Service Station Ltd
Hartensons Enterprises Inc.,hartensons enterprises,Hartensons Enterprises Inc.,hartensons enterprises,5,188499.22,same name (printings),,"printed differently: case, punctuation, apostrophes, spacing or legal suffix",HARTENSONS ENTERPRISES; Hartensons Enterprises Inc
Lakeside Cabins Ltd.,lakeside cabins,Lakeside Cabins Ltd.,lakeside cabins,4,188134.0,same name (printings),,"printed differently: case, punctuation, apostrophes, spacing or legal suffix",Lakeside Cabins Ltd; Lakeside Cabins Limited
Town of Rose Blanche-Harbour Le Cou,town of rose blanche harbour le cou,Town of Rose Blanche-Harbour Le Cou,town of rose blanche harbour le cou,5,187896.0,same name (printings),,"printed differently: case, punctuation, apostrophes, spacing or legal suffix",TOWN OF ROSE BLANCHE - HARBOUR LE COU; Town of Rose Blanche-Harbour le Cou
Brenton Rentals and Sales Limited,brenton rentals and sales,Brenton Rentals and Sales Limited,brenton rentals and sales,6,187483.0,same name (printings),,"printed differently: case, punctuation, apostrophes, spacing or legal suffix",Brenton Rentals & Sales Limited; Brenton Rentals & Sales Ltd.; Brenton Rentals & Sales Ltd
Town of Eastport,town of eastport,Town of Eastport,town of eastport,8,187137.0,same name (printings),,"printed differently: case, punctuation, apostrophes, spacing or legal suffix",The Town of Eastport
J-1 Contracting Limited,j 1 contracting,J-1 Contracting Limited,j 1 contracting,4,187000.0,same name (printings),,"printed differently: case, punctuation, apostrophes, spacing or legal suffix",J-1 Contracting
Bauline Community Committee Inc,bauline community committee,Bauline Community Committee Inc,bauline community committee,6,186766.0,same name (printings),,"printed differently: case, punctuation, apostrophes, spacing or legal suffix",Bauline Community Committee Inc.; Bauline Community Committee
Town of Glenburnie-Birchy Head-Shoal Brook,town of glenburnie birchy head shoal brook,Town of Glenburnie-Birchy Head-Shoal Brook,town of glenburnie birchy head shoal brook,8,186087.0,same name (printings),,"printed differently: case, punctuation, apostrophes, spacing or legal suffix",TOWN OF GLENBURNIE-BIRCHY HEAD-SHOAL BROOK; Town of Glenburnie – Birchy Head – Shoal Brook
Sea of Whales Adventures Ltd,sea of whales adventures,Sea of Whales Adventures Ltd,sea of whales adventures,7,185399.0,same name (printings),,"printed differently: case, punctuation, apostrophes, spacing or legal suffix",Sea of Whales Adventures Ltd.
ST. LAWRENCE COMMUNITY YOUTH NETWORK INC.,st lawrence community youth network,ST. LAWRENCE COMMUNITY YOUTH NETWORK INC.,st lawrence community youth network,18,184846.0,same name (printings),,"printed differently: case, punctuation, apostrophes, spacing or legal suffix",St. Lawrence Community Youth Network Inc.; St. Lawrence Community Youth Network Incorporated; St. Lawrence Community Youth Network
REXEL CANADA ELECTRICAL INC,rexel canada electrical,REXEL CANADA ELECTRICAL INC,rexel canada electrical,8,184284.28,same name (printings),,"printed differently: case, punctuation, apostrophes, spacing or legal suffix",Rexel Canada Electrical Inc; Rexel Canada Electrical; Rexel Canada Electrical Ltd
Hicks Fisheries Ltd,hicks fisheries,Hicks Fisheries Ltd,hicks fisheries,5,183787.34,same name (printings),,"printed differently: case, punctuation, apostrophes, spacing or legal suffix",Hicks Fisheries Ltd.; HICKS FISHERIES LTD
Raleigh Historical Corporation Inc.,raleigh historical,Raleigh Historical Corporation Inc.,raleigh historical,9,182733.54,same name (printings),,"printed differently: case, punctuation, apostrophes, spacing or legal suffix",Raleigh Historical Corporation Inc; Raleigh Historical Corporation; RALEIGH HISTORICAL CORPORATION
ARMOUR LOCK AND SECURITY SYSTEMS LT,armour lock and security systems,ARMOUR LOCK AND SECURITY SYSTEMS LT,armour lock and security systems,12,182374.04,same name (printings),,"printed differently: case, punctuation, apostrophes, spacing or legal suffix",Armour Lock and Security Systems LT; Armour Lock and Security Systems LTD.; Armour Lock and Security Systems Ltd; Armour Lock and Security Systems ltd
Campia Gymnastics Club Inc.,campia gymnastics club,Campia Gymnastics Club Inc.,campia gymnastics club,9,182189.0,same name (printings),,"printed differently: case, punctuation, apostrophes, spacing or legal suffix",Campia Gymnastics Club Inc; CAMPIA GYMNASTICS CLUB INC
Trinity Chocolate Company Ltd.,trinity chocolate,Trinity Chocolate Company Ltd.,trinity chocolate,14,182135.0,same name (printings),,"printed differently: case, punctuation, apostrophes, spacing or legal suffix",Trinity Chocolate Company Ltd
HARBOUR AUTHORITY OF FLOWER'S COVE,harbour authority of flowers cove,HARBOUR AUTHORITY OF FLOWER'S COVE,harbour authority of flowers cove,9,181868.65,same name (printings),,"printed differently: case, punctuation, apostrophes, spacing or legal suffix",Harbour Authority of Flowers Cove; Harbour Authority of Flower's Cove
Aviation Solutions Inc,aviation solutions,Aviation Solutions Inc,aviation solutions,12,180566.01,same name (printings),,"printed differently: case, punctuation, apostrophes, spacing or legal suffix",Aviation Solutions Inc.; Aviation Solutions; AVIATION SOLUTIONS INC.
Tuckamore Festival Inc.,tuckamore festival,Tuckamore Festival Inc.,tuckamore festival,15,180532.0,same name (printings),,"printed differently: case, punctuation, apostrophes, spacing or legal suffix",TUCKAMORE FESTIVAL INC. (THE); Tuckamore Festival Inc
Hare Bay Recreation Committee,hare bay recreation committee,Hare Bay Recreation Committee,hare bay recreation committee,15,179984.0,same name (printings),,"printed differently: case, punctuation, apostrophes, spacing or legal suffix",HARE BAY RECREATION COMMITTEE
"Beyond The Overpass Theatre Company, Inc.",beyond overpass theatre,"Beyond The Overpass Theatre Company, Inc.",beyond overpass theatre,7,179203.0,same name (printings),,"printed differently: case, punctuation, apostrophes, spacing or legal suffix","Beyond the Overpass Theatre Company Inc.; Beyond The Overpass Theatre Company Inc; Beyond The Overpass Theatre Company, Inc"
Recreation of Mainland Inc.,recreation of mainland,Recreation of Mainland Inc.,recreation of mainland,13,178977.0,same name (printings),,"printed differently: case, punctuation, apostrophes, spacing or legal suffix",Recreation of Mainland Inc; Recreation of Mainland Incorporated
Fish Food and Allied Workers (FFAW-Unifor),fish food and allied workers ffaw unifor,Fish Food and Allied Workers (FFAW-Unifor),fish food and allied workers ffaw unifor,4,178671.0,same name (printings),,"printed differently: case, punctuation, apostrophes, spacing or legal suffix","FISH, FOOD AND ALLIED WORKERS (FFAW/Unifor); Fish, Food and Allied Workers (FFAW-Unifor)"
Shoreline Lube Distribution Inc.,shoreline lube distribution,Shoreline Lube Distribution Inc.,shoreline lube distribution,14,178214.29,same name (printings),,"printed differently: case, punctuation, apostrophes, spacing or legal suffix",Shoreline Lube Distribution Inc; SHORELINE LUBE DISTRIBUTION INC.; SHORELINE LUBE DISTRIBUTION INC
Brothers Five Fisheries Ltd,brothers five fisheries,Brothers Five Fisheries Ltd,brothers five fisheries,4,178183.8,same name (printings),,"printed differently: case, punctuation, apostrophes, spacing or legal suffix",Brothers Five Fisheries Ltd.
Spaniard's Bay Recreation Commission,spaniards bay recreation commission,Spaniard's Bay Recreation Commission,spaniards bay recreation commission,8,178004.0,same name (printings),,"printed differently: case, punctuation, apostrophes, spacing or legal suffix",Spaniards Bay Recreation Commission
Royal Freightliner Inc,royal freightliner,Royal Freightliner Inc,royal freightliner,9,177694.23,same name (printings),,"printed differently: case, punctuation, apostrophes, spacing or legal suffix",ROYAL FREIGHTLINER INC; Royal Freightliner; Royal Freightliner Inc.
Railway Society of Newfoundland Incorporated,railway society of newfoundland,Railway Society of Newfoundland Incorporated,railway society of newfoundland,12,177598.0,same name (printings),,"printed differently: case, punctuation, apostrophes, spacing or legal suffix",Railway Society of Newfoundland Inc.; RAILWAY SOCIETY OF NEWFOUNDLAND INC; Railway Society of Newfoundland Inc
Spence's Service Station Limited,spences service station,Spence's Service Station Limited,spences service station,4,177552.64,same name (printings),,"printed differently: case, punctuation, apostrophes, spacing or legal suffix",Spence's Service Station Ltd
Del Equipment Limited,del equipment,Del Equipment Limited,del equipment,9,175925.39,same name (printings),,"printed differently: case, punctuation, apostrophes, spacing or legal suffix",DEL EQUIPMENT LIMITED
FLEXTRACK INC,flextrack,FLEXTRACK INC,flextrack,3,175765.6,same name (printings),,"printed differently: case, punctuation, apostrophes, spacing or legal suffix",Flextrack Inc.
Three Arms Enterprises Ltd.,three arms enterprises,Three Arms Enterprises Ltd.,three arms enterprises,4,174896.4,same name (printings),,"printed differently: case, punctuation, apostrophes, spacing or legal suffix",Three Arms Enterprises Ltd
80354 Newfoundland and Labrador Limited,80354 newfoundland and labrador,80354 Newfoundland and Labrador Limited,80354 newfoundland and labrador,10,174573.0,same name (printings),,"printed differently: case, punctuation, apostrophes, spacing or legal suffix",80354 Newfoundland and Labrador Ltd.; 80354 Newfoundland and Labrador Ltd; 80354 NEWFOUNDLAND AND LABRADOR
Brookdale Adventures Limited,brookdale adventures,Brookdale Adventures Limited,brookdale adventures,4,174409.0,same name (printings),,"printed differently: case, punctuation, apostrophes, spacing or legal suffix",Brookdale Adventures Ltd.; Brookdale Adventures Ltd
Harbour Authority of Foxtrap,harbour authority of foxtrap,Harbour Authority of Foxtrap,harbour authority of foxtrap,11,174358.3,same name (printings),,"printed differently: case, punctuation, apostrophes, spacing or legal suffix",HARBOUR AUTHORITY OF FOXTRAP
Under the Stump Incorporated,under stump,Under the Stump Incorporated,under stump,4,174133.0,same name (printings),,"printed differently: case, punctuation, apostrophes, spacing or legal suffix",Under the Stump Inc.
HOLLY HOGAN,holly hogan,HOLLY HOGAN,holly hogan,7,173999.0,same name (printings),,"printed differently: case, punctuation, apostrophes, spacing or legal suffix",Holly Hogan
Long & McQuade,long and mcquade,Long & McQuade,long and mcquade,6,173828.96,same name (printings),,"printed differently: case, punctuation, apostrophes, spacing or legal suffix",Long & McQuade Limited; Long & Mcquade Limited
Shea Heights Development Association Inc,shea heights development association,Shea Heights Development Association Inc,shea heights development association,9,173614.0,same name (printings),,"printed differently: case, punctuation, apostrophes, spacing or legal suffix",Shea Heights Development Association Inc.
FLYNN CANADA LTD.,flynn canada,FLYNN CANADA LTD.,flynn canada,6,173061.3,same name (printings),,"printed differently: case, punctuation, apostrophes, spacing or legal suffix",Flynn Canada Ltd.; Flynn Canada
Town of Hawkes Bay,town of hawkes bay,Town of Hawkes Bay,town of hawkes bay,8,172560.0,same name (printings),,"printed differently: case, punctuation, apostrophes, spacing or legal suffix",Town Of Hawkes Bay; Town of Hawke's Bay
B.A.D.S. Fisheries Ltd.,b a d s fisheries,B.A.D.S. Fisheries Ltd.,b a d s fisheries,6,172154.21,same name (printings),,"printed differently: case, punctuation, apostrophes, spacing or legal suffix",B.A.D.S. Fisheries Ltd; B.A.D.S. FISHERIES LTD
Lion Max Simms Memorial Camp,lion max simms memorial camp,Lion Max Simms Memorial Camp,lion max simms memorial camp,7,171704.75,same name (printings),,"printed differently: case, punctuation, apostrophes, spacing or legal suffix",LION MAX SIMMS MEMORIAL CAMP
Clarenville Yacht Club Inc,clarenville yacht club,Clarenville Yacht Club Inc,clarenville yacht club,7,171216.0,same name (printings),,"printed differently: case, punctuation, apostrophes, spacing or legal suffix",Clarenville Yacht Club Inc.; Clarenville Yacht Club INC
Arctic West Limited,arctic west,Arctic West Limited,arctic west,6,170792.0,same name (printings),,"printed differently: case, punctuation, apostrophes, spacing or legal suffix",ARCTIC WEST LIMITED
Goose Bay Military Family Resource Centre Inc,goose bay military family resource centre,Goose Bay Military Family Resource Centre Inc,goose bay military family resource centre,8,170574.0,same name (printings),,"printed differently: case, punctuation, apostrophes, spacing or legal suffix",Goose Bay Military Family Resource Centre Incorporated; Goose Bay Military Family Resource Centre
CENTINEL SERVICES,centinel services,CENTINEL SERVICES,centinel services,6,170526.14,same name (printings),,"printed differently: case, punctuation, apostrophes, spacing or legal suffix",Centinel Services; Centinel Services Ltd.
"Andrews, Evan J",andrews evan j,"Andrews, Evan J",andrews evan j,2,170000.0,same name (printings),,"printed differently: case, punctuation, apostrophes, spacing or legal suffix","Andrews, Evan J."
WESTERN SIGNS LIMITED,western signs,WESTERN SIGNS LIMITED,western signs,8,169937.72,same name (printings),,"printed differently: case, punctuation, apostrophes, spacing or legal suffix",Western Signs Limited; WESTERN SIGNS LTD; Western Signs Ltd
Communications Ten Limited,communications ten,Communications Ten Limited,communications ten,2,169322.0,same name (printings),,"printed differently: case, punctuation, apostrophes, spacing or legal suffix",COMMUNICATIONS TEN LTD
Freshwater Community Centre Inc,freshwater community centre,Freshwater Community Centre Inc,freshwater community centre,8,167034.0,same name (printings),,"printed differently: case, punctuation, apostrophes, spacing or legal suffix",Freshwater Community Centre; Freshwater Community Centre INC.
GRAND & TOY LIMITED,grand and toy,GRAND & TOY LIMITED,grand and toy,844,166917.18,same name (printings),,"printed differently: case, punctuation, apostrophes, spacing or legal suffix",Grand & Toy Limited
Vic Store Fixtures Inc.,vic store fixtures,Vic Store Fixtures Inc.,vic store fixtures,3,165359.36,same name (printings),,"printed differently: case, punctuation, apostrophes, spacing or legal suffix",Vic Store Fixtures Inc
TPW Pharmacy Inc. o/a White's Pharmasave,tpw pharmacy,TPW Pharmacy Inc. o/a White's Pharmasave,tpw pharmacy,2,165000.0,same name (printings),,"printed differently: case, punctuation, apostrophes, spacing or legal suffix",TPW PHARMACY INC
L'Association régionale de la côte ouest inc,lassociation regionale de la cote ouest,L'Association régionale de la côte ouest inc,lassociation regionale de la cote ouest,10,164995.0,same name (printings),,"printed differently: case, punctuation, apostrophes, spacing or legal suffix",L'Association régionale de la côte ouest Inc.; L'Association régionale de la côte ouest Inc; L'Association Régionale de la Côte Ouest Inc.; L'Association régionale de la côte Ouest Inc
Pitney Bowes of Canada,pitney bowes of canada,Pitney Bowes of Canada,pitney bowes of canada,2,164826.01,same name (printings),,"printed differently: case, punctuation, apostrophes, spacing or legal suffix",Pitney Bowes of Canada Ltd
Avondale Recreation Committee Inc.,avondale recreation committee,Avondale Recreation Committee Inc.,avondale recreation committee,11,164599.0,same name (printings),,"printed differently: case, punctuation, apostrophes, spacing or legal suffix",AVONDALE RECREATION COMMITTEE INC.; Avondale Recreation Committee INC; AVONDALE RECREATION COMMITTEE
DALHOUSIE UNIVERSITY,dalhousie university,DALHOUSIE UNIVERSITY,dalhousie university,2,164555.92,same name (printings),,"printed differently: case, punctuation, apostrophes, spacing or legal suffix",Dalhousie University
WEIR'S CONSTRUCTION LTD.,weirs construction,WEIR'S CONSTRUCTION LTD.,weirs construction,3,163988.28,same name (printings),,"printed differently: case, punctuation, apostrophes, spacing or legal suffix",Weirs Construction Limited
Mandel Scientific Company Inc.,mandel scientific,Mandel Scientific Company Inc.,mandel scientific,3,163895.85,same name (printings),,"printed differently: case, punctuation, apostrophes, spacing or legal suffix",Mandel Scientific Company Inc; Mandel Scientific Company
ISLAND FURNITURE ASSOCIATION,island furniture association,ISLAND FURNITURE ASSOCIATION,island furniture association,10,163581.21,same name (printings),,"printed differently: case, punctuation, apostrophes, spacing or legal suffix",Island Furniture Association o/a Island Office Furniture; Island Furniture Association
AMARUK GOLF & SPORTS CLUB,amaruk golf and sports club,AMARUK GOLF & SPORTS CLUB,amaruk golf and sports club,10,162930.0,same name (printings),,"printed differently: case, punctuation, apostrophes, spacing or legal suffix",Amaruk Golf & Sports Club Inc.; Amaruk Golf & Sports Club; Amaruk Golf and Sports Club; AMARUK GOLF & SPORTS CLUB INC
Abicon Assets Inc.,abicon assets,Abicon Assets Inc.,abicon assets,3,162500.0,same name (printings),,"printed differently: case, punctuation, apostrophes, spacing or legal suffix",Abicon Assets Inc
Saltbox Cafe Inc,saltbox cafe,Saltbox Cafe Inc,saltbox cafe,10,162387.0,same name (printings),,"printed differently: case, punctuation, apostrophes, spacing or legal suffix",Saltbox Cafe Inc.; Saltbox Café Inc
EASTCHEM (NL) INC,eastchem newfoundland and labrador,EASTCHEM (NL) INC,eastchem newfoundland and labrador,10,162381.94,same name (printings),,"printed differently: case, punctuation, apostrophes, spacing or legal suffix",Eastchem (NL) Inc; EASTCHEM (NL) INC.; Eastchem (NL) Inc.
Sun Heating & Air Conditioning Ltd,sun heating and air conditioning,Sun Heating & Air Conditioning Ltd,sun heating and air conditioning,12,162363.08,same name (printings),,"printed differently: case, punctuation, apostrophes, spacing or legal suffix",sun heating & air conditioning ltd; SUN HEATING & AIR CONDITIONING LTD; Sun Heating & Air Conditioning Limited; Sun Heating and Air Conditioning Ltd.; Sun Heating & Air Conditioning Ltd.
VERTICAL SPECIALTIES INC,vertical specialties,VERTICAL SPECIALTIES INC,vertical specialties,5,162212.45,same name (printings),,"printed differently: case, punctuation, apostrophes, spacing or legal suffix",Vertical Specialties Inc.
"IRVING WEST, LIMITED",irving west,"IRVING WEST, LIMITED",irving west,2,162141.05,same name (printings),,"printed differently: case, punctuation, apostrophes, spacing or legal suffix","IRVING WEST, LIMITED o/a The Irving West Hotel"
12308487 CANADA INC - o/a WSS,12308487 canada,12308487 CANADA INC - o/a WSS,12308487 canada,2,162000.0,same name (printings),,"printed differently: case, punctuation, apostrophes, spacing or legal suffix",12308487 CANADA INC (o/a WSS)
HARBOUR AUTHORITY SALVAGE,harbour authority salvage,HARBOUR AUTHORITY SALVAGE,harbour authority salvage,4,161953.1,same name (printings),,"printed differently: case, punctuation, apostrophes, spacing or legal suffix",Harbour Authority Salvage
Brigus Historical and Conservation Society,brigus historical and conservation society,Brigus Historical and Conservation Society,brigus historical and conservation society,11,161605.0,same name (printings),,"printed differently: case, punctuation, apostrophes, spacing or legal suffix",BRIGUS HISTORICAL AND CONSERVATION SOCIETY; Brigus Historical and Conservation Society Inc.
DICKS AND COMPANY LIMITED,dicks,DICKS AND COMPANY LIMITED,dicks,2284,159803.09,same name (printings),,"printed differently: case, punctuation, apostrophes, spacing or legal suffix",Dicks and Company Limited; Dicks & Company Limited; Dicks and Company Limited.; Dicks and Company
Heave Away Waste Management Ltd.,heave away waste management,Heave Away Waste Management Ltd.,heave away waste management,5,159592.88,same name (printings),,"printed differently: case, punctuation, apostrophes, spacing or legal suffix",HEAVE AWAY WASTE MANAGEMENT LTD; HEAVE AWAY WASTE MANAGEMENT LTD.; Heave Away Waste Management Ltd
TOWN OF PORT HOPE SIMPSON,town of port hope simpson,TOWN OF PORT HOPE SIMPSON,town of port hope simpson,2,159195.0,same name (printings),,"printed differently: case, punctuation, apostrophes, spacing or legal suffix",Town of Port Hope Simpson
Bureau Veritas Canada (2019) Inc.,bureau veritas canada 2019,Bureau Veritas Canada (2019) Inc.,bureau veritas canada 2019,2,159170.74,same name (printings),,"printed differently: case, punctuation, apostrophes, spacing or legal suffix",Bureau Veritas Canada (2019) Inc
St. Anthony and Area Chamber of Commerce Inc.,st anthony and area chamber of commerce,St. Anthony and Area Chamber of Commerce Inc.,st anthony and area chamber of commerce,11,157918.0,same name (printings),,"printed differently: case, punctuation, apostrophes, spacing or legal suffix",ST ANTHONY AND AREA CHAMBER OF COMMERCE; St Anthony and Area Chamber of Commerce Inc.; St Anthony and Area Chamber of Commerce; St. Anthony and Area Chamber of Commerce Inc; St. Anthony and Area Chamber of Commerce
James Hornell Boys & Girls Club Inc.,james hornell boys and girls club,James Hornell Boys & Girls Club Inc.,james hornell boys and girls club,12,157805.0,same name (printings),,"printed differently: case, punctuation, apostrophes, spacing or legal suffix",James Hornell Boys and Girls Club; JAMES HORNELL BOYS & GIRLS CLUB INC.; James Hornell Boys and Girls Club Incorporated; James Hornell Boys & Girls Club; James Hornell Boys and Girls Club Inc
Burin Peninsula Motel,burin peninsula motel,Burin Peninsula Motel,burin peninsula motel,7,157682.96,same name (printings),,"printed differently: case, punctuation, apostrophes, spacing or legal suffix",Burin Peninsula Motel Ltd; Burin Peninsula Motel Limited; Burin Peninsula Motel Ltd.
Coast to Coast Construction and Property Maintenance LTD,coast to coast construction and property maintenance,Coast to Coast Construction and Property Maintenance LTD,coast to coast construction and property maintenance,2,157500.0,same name (printings),,"printed differently: case, punctuation, apostrophes, spacing or legal suffix",Coast to Coast Construction and Property Maintenance Ltd.
Sound Listening Environments Inc,sound listening environments,Sound Listening Environments Inc,sound listening environments,5,157293.85,same name (printings),,"printed differently: case, punctuation, apostrophes, spacing or legal suffix",Sound Listening Environments Inc.; SOUND LISTENING ENVIRONMENTS INC.
Samantha Lynette Limited,samantha lynette,Samantha Lynette Limited,samantha lynette,3,156901.5,same name (printings),,"printed differently: case, punctuation, apostrophes, spacing or legal suffix",Samantha Lynette Ltd; Samantha Lynette Ltd.
Mom's Place Limited,moms place,Mom's Place Limited,moms place,4,156752.0,same name (printings),,"printed differently: case, punctuation, apostrophes, spacing or legal suffix",MOM'S PLACE LIMITED
Enterprise Rent a Car,enterprise rent a car,Enterprise Rent a Car,enterprise rent a car,3,156577.5,same name (printings),,"printed differently: case, punctuation, apostrophes, spacing or legal suffix",ENTERPRISE RENT-A-CAR
Town of Hants Harbour,town of hants harbour,Town of Hants Harbour,town of hants harbour,8,156484.0,same name (printings),,"printed differently: case, punctuation, apostrophes, spacing or legal suffix",TOWN OF HANT'S HARBOUR; Town of Hant's Harbour
Fisher Scientific Company (Canada),fisher scientific canada,Fisher Scientific Company (Canada),fisher scientific canada,9,156427.37,same name (printings),,"printed differently: case, punctuation, apostrophes, spacing or legal suffix",FISHER SCIENTIFIC COMPANY (CANADA)
Marantz & Sons Ltd,marantz and sons,Marantz & Sons Ltd,marantz and sons,5,155976.82,same name (printings),,"printed differently: case, punctuation, apostrophes, spacing or legal suffix",Marantz and Sons; Marantz & Sons Ltd.
Port aux Basques and Area Chamber of Commerce,port aux basques and area chamber of commerce,Port aux Basques and Area Chamber of Commerce,port aux basques and area chamber of commerce,10,155741.0,same name (printings),,"printed differently: case, punctuation, apostrophes, spacing or legal suffix",Port Aux Basques and Area Chamber of Commerce; Port aux Basques & Area Chamber of Commerce; Port aux Basques & Area Chamber of Commerce Inc.; Port aux Basques and area Chamber of Commerce
ST. JOHN'S PRIDE INC.,st johns pride,ST. JOHN'S PRIDE INC.,st johns pride,5,155454.0,same name (printings),,"printed differently: case, punctuation, apostrophes, spacing or legal suffix",St. John’s Pride Incorporated
Jennings Holdings Ltd.,jennings holdings,Jennings Holdings Ltd.,jennings holdings,2,155112.0,same name (printings),,"printed differently: case, punctuation, apostrophes, spacing or legal suffix",Jennings Holdings Limited
Twillingate Adventure Tours Inc.,twillingate adventure tours,Twillingate Adventure Tours Inc.,twillingate adventure tours,3,154627.0,same name (printings),,"printed differently: case, punctuation, apostrophes, spacing or legal suffix",Twillingate Adventure Tours Inc
Carbonear Heritage Society,carbonear heritage society,Carbonear Heritage Society,carbonear heritage society,11,154509.0,same name (printings),,"printed differently: case, punctuation, apostrophes, spacing or legal suffix",Carbonear Heritage Society Inc.; The Carbonear Heritage society Inc.; THE CARBONEAR HERITAGE SOCIETY INC.; The Carbonear Heritage Society
Macgregor Sweden AB,macgregor sweden ab,Macgregor Sweden AB,macgregor sweden ab,9,153650.45,same name (printings),,"printed differently: case, punctuation, apostrophes, spacing or legal suffix",MacGregor Sweden AB; MACGREGOR SWEDEN AB
Gander Heritage Trails Inc.,gander heritage trails,Gander Heritage Trails Inc.,gander heritage trails,2,153417.0,same name (printings),,"printed differently: case, punctuation, apostrophes, spacing or legal suffix",GANDER HERITAGE TRAILS INC.
Audio Bee Technologies Inc.,audio bee technologies,Audio Bee Technologies Inc.,audio bee technologies,2,153000.0,same name (printings),,"printed differently: case, punctuation, apostrophes, spacing or legal suffix","Audio Bee Technologies, Inc."
PORT AUX BASQUES SNOW CLEARING LTD,port aux basques snow clearing,PORT AUX BASQUES SNOW CLEARING LTD,port aux basques snow clearing,5,152403.68,same name (printings),,"printed differently: case, punctuation, apostrophes, spacing or legal suffix",Port aux Basques Snow Clearing Ltd.
Navigator's Fisheries Ltd.,navigators fisheries,Navigator's Fisheries Ltd.,navigators fisheries,3,152321.53,same name (printings),,"printed differently: case, punctuation, apostrophes, spacing or legal suffix",NAVIGATOR'S FISHERIES LTD
Westlund,westlund,Westlund,westlund,6,152008.12,same name (printings),,"printed differently: case, punctuation, apostrophes, spacing or legal suffix",WESTLUND
QALIPU CULTURAL FOUNDATION INCORPORATED,qalipu cultural foundation,QALIPU CULTURAL FOUNDATION INCORPORATED,qalipu cultural foundation,14,151457.0,same name (printings),,"printed differently: case, punctuation, apostrophes, spacing or legal suffix",Qalipu Cultural Foundation Incorporated
Stella Jones Inc.,stella jones,Stella Jones Inc.,stella jones,8,151136.6,same name (printings),,"printed differently: case, punctuation, apostrophes, spacing or legal suffix",Stella-Jones Inc.
PHOTON ETC.INC.,photon etc,PHOTON ETC.INC.,photon etc,2,150900.0,same name (printings),,"printed differently: case, punctuation, apostrophes, spacing or legal suffix",Photon Etc Inc.
Grace Hotel Ltd.,grace hotel,Grace Hotel Ltd.,grace hotel,3,150857.46,same name (printings),,"printed differently: case, punctuation, apostrophes, spacing or legal suffix",Grace Hotel ltd
"Tyco Integrated Fire & Security, Inc.",tyco integrated fire and security,"Tyco Integrated Fire & Security, Inc.",tyco integrated fire and security,8,150398.08,same name (printings),,"printed differently: case, punctuation, apostrophes, spacing or legal suffix",TYCO INTEGRATED FIRE & SECURITY; Tyco Integrated Fire & Security
Planned Parenthood Newfoundland and Labrador Sexual Health Centre,planned parenthood newfoundland and labrador sexual health centre,Planned Parenthood Newfoundland and Labrador Sexual Health Centre,planned parenthood newfoundland and labrador sexual health centre,7,150348.0,same name (printings),,"printed differently: case, punctuation, apostrophes, spacing or legal suffix","PLANNED PARENTHOOD - NEWFOUNDLAND AND LABRADOR SEXUAL HEALTH CENTRE, INC."
Gateway Buslines LTD,gateway buslines,Gateway Buslines LTD,gateway buslines,2,150019.3,same name (printings),,"printed differently: case, punctuation, apostrophes, spacing or legal suffix",Gateway Buslines Ltd.
Torvan Medical Inc.,torvan medical,Torvan Medical Inc.,torvan medical,2,149815.02,same name (printings),,"printed differently: case, punctuation, apostrophes, spacing or legal suffix",Torvan Medical
86232 Newfoundland & Labrador Inc.,86232 newfoundland and labrador,86232 Newfoundland & Labrador Inc.,86232 newfoundland and labrador,5,149469.34,same name (printings),,"printed differently: case, punctuation, apostrophes, spacing or legal suffix",86232 NEWFOUNDLAND & LABRADOR INC
L. & M. Harvesters Ltd,l and m harvesters,L. & M. Harvesters Ltd,l and m harvesters,3,149313.83,same name (printings),,"printed differently: case, punctuation, apostrophes, spacing or legal suffix",L. & M. Harvesters Ltd.; L. & M. HARVESTERS LTD
Regina Mundi Building Committee,regina mundi building committee,Regina Mundi Building Committee,regina mundi building committee,9,148989.57,same name (printings),,"printed differently: case, punctuation, apostrophes, spacing or legal suffix",Regina Mundi Building committee; Regina Mundi Building Committee Inc.
Petty Harbour-Maddox Cove Recreation Commission,petty harbour maddox cove recreation commission,Petty Harbour-Maddox Cove Recreation Commission,petty harbour maddox cove recreation commission,6,148869.0,same name (printings),,"printed differently: case, punctuation, apostrophes, spacing or legal suffix",Petty Harbour / Maddox Cove Recreation Commission; Petty Harbour Maddox Cove Recreation Commission
Brogan Fire and Safety,brogan fire and safety,Brogan Fire and Safety,brogan fire and safety,2,148604.0,same name (printings),,"printed differently: case, punctuation, apostrophes, spacing or legal suffix",Brogan Fire & Safety
Cornick Enterprises Ltd.,cornick enterprises,Cornick Enterprises Ltd.,cornick enterprises,3,148057.7,same name (printings),,"printed differently: case, punctuation, apostrophes, spacing or legal suffix",Cornick Enterprises Ltd
J & W Harvesters Ltd,j and w harvesters,J & W Harvesters Ltd,j and w harvesters,3,147935.53,same name (printings),,"printed differently: case, punctuation, apostrophes, spacing or legal suffix",J & W Harvesters Ltd.; J & W HARVESTERS LTD
Newfoundland Railway Coastal Museum Foundation Inc.,newfoundland railway coastal museum foundation,Newfoundland Railway Coastal Museum Foundation Inc.,newfoundland railway coastal museum foundation,9,147711.0,same name (printings),,"printed differently: case, punctuation, apostrophes, spacing or legal suffix",NEWFOUNDLAND RAILWAY - COASTAL MUSEUM FOUNDATION INC.; Newfoundland Railway - Coastal Museum Foundation Inc.; Newfoundland Railway Coastal Museum Foundation Incorporated
"Fishing For Success, Inc.",fishing for success,"Fishing For Success, Inc.",fishing for success,11,147113.0,same name (printings),,"printed differently: case, punctuation, apostrophes, spacing or legal suffix","FISHING FOR SUCCESS; FISHING FOR SUCCESS, INC."
St. John's Lodge #245 of the Elks of Canada Inc.,st johns lodge 245 of elks of canada,St. John's Lodge #245 of the Elks of Canada Inc.,st johns lodge 245 of elks of canada,3,147107.0,same name (printings),,"printed differently: case, punctuation, apostrophes, spacing or legal suffix",St. John's Lodge #245 of the Elks of Canada; St John's Lodge 245 of the Elks of Canada Inc
Themes & Variations Inc.,themes and variations,Themes & Variations Inc.,themes and variations,4,147040.0,same name (printings),,"printed differently: case, punctuation, apostrophes, spacing or legal suffix",Themes & Variations Inc; Themes and Variations Inc.
George's Brook Fur Farm Inc,georges brook fur farm,George's Brook Fur Farm Inc,georges brook fur farm,6,146605.0,same name (printings),,"printed differently: case, punctuation, apostrophes, spacing or legal suffix",Georges Brook Fur Farm Inc.
ELMASTUKWEK MAWIO'MI INC.,elmastukwek mawiomi,ELMASTUKWEK MAWIO'MI INC.,elmastukwek mawiomi,5,146563.0,same name (printings),,"printed differently: case, punctuation, apostrophes, spacing or legal suffix",Elmastukwek Mawio'mi Inc.
Cyclomedica Canada,cyclomedica canada,Cyclomedica Canada,cyclomedica canada,4,146282.21,same name (printings),,"printed differently: case, punctuation, apostrophes, spacing or legal suffix",Cyclomedica Canada Ltd.
Hodder's Shellfish Inc,hodders shellfish,Hodder's Shellfish Inc,hodders shellfish,3,145061.0,same name (printings),,"printed differently: case, punctuation, apostrophes, spacing or legal suffix",Hodder's Shellfish Inc.
TGM Tours Inc,tgm tours,TGM Tours Inc,tgm tours,2,145030.0,same name (printings),,"printed differently: case, punctuation, apostrophes, spacing or legal suffix",TGM Tours Inc.
Town of Garnish,town of garnish,Town of Garnish,town of garnish,7,144436.44,same name (printings),,"printed differently: case, punctuation, apostrophes, spacing or legal suffix",TOWN OF GARNISH
SNOW & WATER SPORTS LTD,snow and water sports,SNOW & WATER SPORTS LTD,snow and water sports,8,143890.19,same name (printings),,"printed differently: case, punctuation, apostrophes, spacing or legal suffix",Snow & Water Sports Ltd.; Snow & Water Sports; Snow and Water Sports Ltd.
SOUND ARTS INITIATIVES INC.,sound arts initiatives,SOUND ARTS INITIATIVES INC.,sound arts initiatives,7,143179.0,same name (printings),,"printed differently: case, punctuation, apostrophes, spacing or legal suffix",Sound Arts Initiatives Inc.
ENERGY RESEARCH & INNOVATION,energy research and innovation,ENERGY RESEARCH & INNOVATION,energy research and innovation,2,143049.0,same name (printings),,"printed differently: case, punctuation, apostrophes, spacing or legal suffix",Energy Research & Innovation
K & R SERVICES C/O KELSEY ROSE,k and r services,K & R SERVICES C/O KELSEY ROSE,k and r services,5,142676.0,same name (printings),,"printed differently: case, punctuation, apostrophes, spacing or legal suffix",K & R SERVICES; K & R Services
Atlantic Avionics Inc,atlantic avionics,Atlantic Avionics Inc,atlantic avionics,7,142668.23,same name (printings),,"printed differently: case, punctuation, apostrophes, spacing or legal suffix",Atlantic Avionics Inc.; ATLANTIC AVIONICS INC
Hope Aero Propeller Components Inc.,hope aero propeller components,Hope Aero Propeller Components Inc.,hope aero propeller components,3,142370.58,same name (printings),,"printed differently: case, punctuation, apostrophes, spacing or legal suffix",Hope Aero Propeller Components
PLACENTIA 350 INC.,placentia 350,PLACENTIA 350 INC.,placentia 350,15,142366.0,same name (printings),,"printed differently: case, punctuation, apostrophes, spacing or legal suffix",Placentia 350 Incorporated
Long Pond Harbour Authority,long pond harbour authority,Long Pond Harbour Authority,long pond harbour authority,2,142175.0,same name (printings),,"printed differently: case, punctuation, apostrophes, spacing or legal suffix",Long Pond Harbour Authority Inc.
HOLDEN'S TRANSPORT LIMITED,holdens transport,HOLDEN'S TRANSPORT LIMITED,holdens transport,6,142151.4,same name (printings),,"printed differently: case, punctuation, apostrophes, spacing or legal suffix",HOLDEN'S TRANSPORT LTD
Atlantic Treasure Seafoods Limited,atlantic treasure seafoods,Atlantic Treasure Seafoods Limited,atlantic treasure seafoods,3,142035.1,same name (printings),,"printed differently: case, punctuation, apostrophes, spacing or legal suffix",Atlantic Treasure Seafoods Ltd
Snowbirds Gymnastics Club Inc,snowbirds gymnastics club,Snowbirds Gymnastics Club Inc,snowbirds gymnastics club,8,142016.0,same name (printings),,"printed differently: case, punctuation, apostrophes, spacing or legal suffix",Snowbirds Gymnastics Club Inc.
Tri-star,tri star,Tri-star,tri star,2,141960.0,same name (printings),,"printed differently: case, punctuation, apostrophes, spacing or legal suffix",Tri-Star
Northern Auk Fisheries Inc,northern auk fisheries,Northern Auk Fisheries Inc,northern auk fisheries,4,141794.1,same name (printings),,"printed differently: case, punctuation, apostrophes, spacing or legal suffix",Northern Auk Fisheries Inc.
Invertebrate Management Ltd.,invertebrate management,Invertebrate Management Ltd.,invertebrate management,9,141683.0,same name (printings),,"printed differently: case, punctuation, apostrophes, spacing or legal suffix",Invertebrate Management Limited
City Tire & Auto Centre Limited,city tire and auto centre,City Tire & Auto Centre Limited,city tire and auto centre,7,141474.67,same name (printings),,"printed differently: case, punctuation, apostrophes, spacing or legal suffix",CITY TIRE & AUTO CENTRE LIMITED; City Tire & Auto Centre Ltd.
BROOK CONSTRUCTION (2017) INC.,brook construction 2017,BROOK CONSTRUCTION (2017) INC.,brook construction 2017,2,141335.0,same name (printings),,"printed differently: case, punctuation, apostrophes, spacing or legal suffix",Brook Construction (2017) Inc.
"Intersectionalities: A Global Journal of Social Work Analysis, Research, Polity and Practice",intersectionalities a global journal of social work analysis research polity and practice,"Intersectionalities: A Global Journal of Social Work Analysis, Research, Polity and Practice",intersectionalities a global journal of social work analysis research polity and practice,2,141085.0,same name (printings),,"printed differently: case, punctuation, apostrophes, spacing or legal suffix","Intersectionalities: A Global Journal of Social Work Analysis, Research, Polity, and Practice"
Heritage Foundation of Newfoundland and Labrador,heritage foundation of newfoundland and labrador,Heritage Foundation of Newfoundland and Labrador,heritage foundation of newfoundland and labrador,7,140610.0,same name (printings),,"printed differently: case, punctuation, apostrophes, spacing or legal suffix",Heritage Foundation of Newfoundland & Labrador
St. John's Sports and Entertainment Limited,st johns sports and entertainment,St. John's Sports and Entertainment Limited,st johns sports and entertainment,4,140000.0,same name (printings),,"printed differently: case, punctuation, apostrophes, spacing or legal suffix",St. John's Sports & Entertainment Ltd.; St. John's Sports & Entertainment Ltd
Teema Solutions Group Inc,teema solutions group,Teema Solutions Group Inc,teema solutions group,2,139965.0,same name (printings),,"printed differently: case, punctuation, apostrophes, spacing or legal suffix",Teema Solutions Group
Town of King's Point,town of kings point,Town of King's Point,town of kings point,12,139878.0,same name (printings),,"printed differently: case, punctuation, apostrophes, spacing or legal suffix",TOWN OF KING'S POINT
Atlantic Providence Incorporated,atlantic providence,Atlantic Providence Incorporated,atlantic providence,2,139860.0,same name (printings),,"printed differently: case, punctuation, apostrophes, spacing or legal suffix",Atlantic Providence Inc.
SGR Fisheries Ltd.,sgr fisheries,SGR Fisheries Ltd.,sgr fisheries,3,139860.0,same name (printings),,"printed differently: case, punctuation, apostrophes, spacing or legal suffix",SGR FISHERIES LIMITED; SGR Fisheries Limited
Nutri-Lawn Newfoundland and Labrador Lawn Care Ltd.,nutri lawn newfoundland and labrador lawn care,Nutri-Lawn Newfoundland and Labrador Lawn Care Ltd.,nutri lawn newfoundland and labrador lawn care,4,139780.0,same name (printings),,"printed differently: case, punctuation, apostrophes, spacing or legal suffix",Nutri-Lawn Newfoundland and Labrador Lawn Care Ltd
Eldred G. Burden Co. Ltd,eldred g burden,Eldred G. Burden Co. Ltd,eldred g burden,2,139580.0,same name (printings),,"printed differently: case, punctuation, apostrophes, spacing or legal suffix",Eldred G. Burden Co. Ltd.
Southern Labrador/Strait of Belle Isle Community Youth Network,southern labrador strait of belle isle community youth network,Southern Labrador/Strait of Belle Isle Community Youth Network,southern labrador strait of belle isle community youth network,14,139547.0,same name (printings),,"printed differently: case, punctuation, apostrophes, spacing or legal suffix",Southern Labrador/Strait of Belle Isle Community Youth Network Inc.
Patey and Spence Limited,patey and spence,Patey and Spence Limited,patey and spence,2,138887.0,same name (printings),,"printed differently: case, punctuation, apostrophes, spacing or legal suffix",Patey & Spence Limited
KAL TIRE LTD,kal tire,KAL TIRE LTD,kal tire,9,138866.62,same name (printings),,"printed differently: case, punctuation, apostrophes, spacing or legal suffix",Kal Tire Ltd
MUMMERS FESTIVAL INCORPORATED,mummers festival,MUMMERS FESTIVAL INCORPORATED,mummers festival,9,138808.0,same name (printings),,"printed differently: case, punctuation, apostrophes, spacing or legal suffix",Mummers Festival Inc.
St John's Retired Citizens Association,st johns retired citizens association,St John's Retired Citizens Association,st johns retired citizens association,4,138750.0,same name (printings),,"printed differently: case, punctuation, apostrophes, spacing or legal suffix",St. John's Retired Citizens' Association Inc.; St. John's Retired Citizens Association
LOCAL SERVICE DISTRICT OF SHEAVES COVE CORP,local service district of sheaves cove,LOCAL SERVICE DISTRICT OF SHEAVES COVE CORP,local service district of sheaves cove,12,138500.0,same name (printings),,"printed differently: case, punctuation, apostrophes, spacing or legal suffix",LOCAL SERVICE DISTRICT OF SHEAVES COVE
PBO INDUSTRIAL DISPOSAL INC,pbo industrial disposal,PBO INDUSTRIAL DISPOSAL INC,pbo industrial disposal,4,138000.0,same name (printings),,"printed differently: case, punctuation, apostrophes, spacing or legal suffix",PBO Industrial Disposal Inc.
Gander Golf Club Incorporated,gander golf club,Gander Golf Club Incorporated,gander golf club,8,137969.93,same name (printings),,"printed differently: case, punctuation, apostrophes, spacing or legal suffix","Gander Golf Club Inc.; Gander Golf Club Inc; Gander Golf Club Inc,"
Smith & Nephew,smith and nephew,Smith & Nephew,smith and nephew,2,137710.64,same name (printings),,"printed differently: case, punctuation, apostrophes, spacing or legal suffix",Smith and Nephew
Grand Falls - Windsor Heritage Society Inc.,grand falls windsor heritage society,Grand Falls - Windsor Heritage Society Inc.,grand falls windsor heritage society,11,137538.0,same name (printings),,"printed differently: case, punctuation, apostrophes, spacing or legal suffix",GRAND FALLS-WINDSOR HERITAGE SOCIETY INC.; Grand Falls-Windsor Heritage Society Inc.; GRAND FALLS-WINDSOR HERITAGE SOCIETY INCORPORATED
"RUNNING THE GOAT, BOOKS & BROADSIDES INC.",running goat books and broadsides,"RUNNING THE GOAT, BOOKS & BROADSIDES INC.",running goat books and broadsides,13,137335.75,same name (printings),,"printed differently: case, punctuation, apostrophes, spacing or legal suffix","Running the Goat, Books & Broadsides Inc."
MCLOUGHLAN SUPPLIES LIMITED,mcloughlan supplies,MCLOUGHLAN SUPPLIES LIMITED,mcloughlan supplies,9,136811.4,same name (printings),,"printed differently: case, punctuation, apostrophes, spacing or legal suffix",McLoughlan Supplies Limited; Mcloughlan Supplies Limited; McLoughlan Supplies Ltd.
O M B Parts & Industrial Ltd,o m b parts and industrial,O M B Parts & Industrial Ltd,o m b parts and industrial,6,136677.6,same name (printings),,"printed differently: case, punctuation, apostrophes, spacing or legal suffix",O M B Parts & Industrial LTD; O M B Parts & Industrial Ltd.
Dempsters Fisheries Ltd.,dempsters fisheries,Dempsters Fisheries Ltd.,dempsters fisheries,2,136225.6,same name (printings),,"printed differently: case, punctuation, apostrophes, spacing or legal suffix",Dempster's Fisheries Limited
Strait Star Ltd.,strait star,Strait Star Ltd.,strait star,2,136225.6,same name (printings),,"printed differently: case, punctuation, apostrophes, spacing or legal suffix",Strait Star Limited
East Chem Inc,east chem,East Chem Inc,east chem,4,136102.4,same name (printings),,"printed differently: case, punctuation, apostrophes, spacing or legal suffix",East Chem
JB RV Holdings Ltd.,jb rv holdings,JB RV Holdings Ltd.,jb rv holdings,5,135485.0,same name (printings),,"printed differently: case, punctuation, apostrophes, spacing or legal suffix",JB RV Holdings Ltd..
Saltwater Community Association Inc.,saltwater community association,Saltwater Community Association Inc.,saltwater community association,5,135065.0,same name (printings),,"printed differently: case, punctuation, apostrophes, spacing or legal suffix",SaltWater Community Association Inc.; Saltwater Community Association Inc
"Kiwanis Club of Kelligrews, Newfoundland",kiwanis club of kelligrews newfoundland,"Kiwanis Club of Kelligrews, Newfoundland",kiwanis club of kelligrews newfoundland,2,134949.61,same name (printings),,"printed differently: case, punctuation, apostrophes, spacing or legal suffix","KIWANIS CLUB OF KELLIGREWS, NEWFOUNDLAND"
G D SALES SERVICE AND RENTALS,g d sales service and rentals,G D SALES SERVICE AND RENTALS,g d sales service and rentals,9,134084.2,same name (printings),,"printed differently: case, punctuation, apostrophes, spacing or legal suffix",G.D. SALES SERVICE AND RENTALS LTD
ABB Enterprise Software Inc,abb enterprise software,ABB Enterprise Software Inc,abb enterprise software,5,133978.0,same name (printings),,"printed differently: case, punctuation, apostrophes, spacing or legal suffix",ABB Enterprise Software Inc.
FORTEAU LIONS CLUB,forteau lions club,FORTEAU LIONS CLUB,forteau lions club,8,133800.0,same name (printings),,"printed differently: case, punctuation, apostrophes, spacing or legal suffix",Forteau Lions Club Inc.; FORTEAU LIONS CLUB INC.
Trout River Heritage Committee,trout river heritage committee,Trout River Heritage Committee,trout river heritage committee,8,133580.0,same name (printings),,"printed differently: case, punctuation, apostrophes, spacing or legal suffix",Trout River Heritage Committee Corporation
Mills and Wright Landscape Architecture,mills and wright landscape architecture,Mills and Wright Landscape Architecture,mills and wright landscape architecture,2,133505.0,same name (printings),,"printed differently: case, punctuation, apostrophes, spacing or legal suffix",Mills & Wright Landscape Architecture Inc.
Three (L) Training and Employment Board Inc.,three l training and employment board,Three (L) Training and Employment Board Inc.,three l training and employment board,4,133498.0,same name (printings),,"printed differently: case, punctuation, apostrophes, spacing or legal suffix",Three (L) Training and Employment Board Incorporated
Rockwell Automation Canada LTD,rockwell automation canada,Rockwell Automation Canada LTD,rockwell automation canada,2,133230.55,same name (printings),,"printed differently: case, punctuation, apostrophes, spacing or legal suffix",Rockwell Automation Canada Ltd
GUILDFORDS (2005) INC,guildfords 2005,GUILDFORDS (2005) INC,guildfords 2005,7,132636.34,same name (printings),,"printed differently: case, punctuation, apostrophes, spacing or legal suffix",GUILDFORDS (2005) INC.
JSR Holdings Inc.,jsr holdings,JSR Holdings Inc.,jsr holdings,10,132629.0,same name (printings),,"printed differently: case, punctuation, apostrophes, spacing or legal suffix",JSR Holdings Inc
J&T Welding & Construction Limited,j and t welding and construction,J&T Welding & Construction Limited,j and t welding and construction,3,132126.28,same name (printings),,"printed differently: case, punctuation, apostrophes, spacing or legal suffix",J & T Welding & Construction; J & T Welding & Construction Ltd.
Target Linens Ltd,target linens,Target Linens Ltd,target linens,5,131840.9,same name (printings),,"printed differently: case, punctuation, apostrophes, spacing or legal suffix",Target Linens; Target Linens Ltd.; TARGET LINENS LTD
Straits Venture Inc,straits venture,Straits Venture Inc,straits venture,2,131803.0,same name (printings),,"printed differently: case, punctuation, apostrophes, spacing or legal suffix",Straits Venture Inc.
Gros Morne Adventure Guides Incorporated,gros morne adventure guides,Gros Morne Adventure Guides Incorporated,gros morne adventure guides,8,131745.0,same name (printings),,"printed differently: case, punctuation, apostrophes, spacing or legal suffix",Gros Morne Adventure Guides Inc.; Gros Morne Adventure Guides Inc
M & M Farming Company Ltd.,m and m farming,M & M Farming Company Ltd.,m and m farming,2,131310.0,same name (printings),,"printed differently: case, punctuation, apostrophes, spacing or legal suffix",M&M Farming Ltd.
The Community Food Sharing Association Inc.,community food sharing association,The Community Food Sharing Association Inc.,community food sharing association,11,130715.0,same name (printings),,"printed differently: case, punctuation, apostrophes, spacing or legal suffix",The Community Food Sharing Association
CAHILL INSTRUMENTATION & TECHNICAL,cahill instrumentation and technical,CAHILL INSTRUMENTATION & TECHNICAL,cahill instrumentation and technical,3,130536.72,same name (printings),,"printed differently: case, punctuation, apostrophes, spacing or legal suffix",Cahill Instrumentation and Technical
Spirit of Newfoundland Productions Ltd.,spirit of newfoundland productions,Spirit of Newfoundland Productions Ltd.,spirit of newfoundland productions,3,130179.0,same name (printings),,"printed differently: case, punctuation, apostrophes, spacing or legal suffix",Spirit of Newfoundland Productions
DEER LAKE HARDWARE LIMITED,deer lake hardware,DEER LAKE HARDWARE LIMITED,deer lake hardware,5,130027.0,same name (printings),,"printed differently: case, punctuation, apostrophes, spacing or legal suffix",Deer Lake Hardware Ltd; DEER LAKE HARDWARE LIMITED o/a Home Hardware
B & N Enterprises Inc,b and n enterprises,B & N Enterprises Inc,b and n enterprises,2,129501.4,same name (printings),,"printed differently: case, punctuation, apostrophes, spacing or legal suffix",B & N Enterprises Inc.
HARBOUR AUTHORITY HANTS HR.,harbour authority hants hr,HARBOUR AUTHORITY HANTS HR.,harbour authority hants hr,5,129488.28,same name (printings),,"printed differently: case, punctuation, apostrophes, spacing or legal suffix",HARBOUR AUTHORITY HANT'S HR.
Botwood Mural Arts Society Inc.,botwood mural arts society,Botwood Mural Arts Society Inc.,botwood mural arts society,7,128915.0,same name (printings),,"printed differently: case, punctuation, apostrophes, spacing or legal suffix",BOTWOOD MURAL ARTS SOCIETY INC.
Mainland Heritage Committee Corporation,mainland heritage committee,Mainland Heritage Committee Corporation,mainland heritage committee,19,128675.0,same name (printings),,"printed differently: case, punctuation, apostrophes, spacing or legal suffix",MAINLAND HERITAGE COMMITTEE CORPORATION
Grand Lake Adventures Inc.,grand lake adventures,Grand Lake Adventures Inc.,grand lake adventures,3,128000.0,same name (printings),,"printed differently: case, punctuation, apostrophes, spacing or legal suffix",Grand Lake Adventures Inc
St. Jacques-Coomb's Cove Recreation Committee,st jacques coombs cove recreation committee,St. Jacques-Coomb's Cove Recreation Committee,st jacques coombs cove recreation committee,8,127963.0,same name (printings),,"printed differently: case, punctuation, apostrophes, spacing or legal suffix",St Jacques-Coomb's Cove Recreation Committee; St. Jacques Coomb's Cove Recreation Committee; St Jacques Coombs Cove Recreation Committee
EXTREME FABRICATORS LTD.,extreme fabricators,EXTREME FABRICATORS LTD.,extreme fabricators,2,127120.0,same name (printings),,"printed differently: case, punctuation, apostrophes, spacing or legal suffix",Extreme Fabricators
"Society of St Vincent De Paul, St Patrick's Conference",society of st vincent de paul st patricks conference,"Society of St Vincent De Paul, St Patrick's Conference",society of st vincent de paul st patricks conference,6,126636.0,same name (printings),,"printed differently: case, punctuation, apostrophes, spacing or legal suffix","Society of St. Vincent de Paul - St. Patrick's Conference; Society of St. Vincent de Paul, St. Patrick's Conference; Society of St Vincent de Paul, St. Patrick's Conference; Society of St Vincent de Paul, St Patrick's Conference"
North East United Soccer Club,north east united soccer club,North East United Soccer Club,north east united soccer club,8,126347.0,same name (printings),,"printed differently: case, punctuation, apostrophes, spacing or legal suffix",North East United Soccer Club Inc.; NORTH EAST UNITED SOCCER CLUB
Hyland Software Inc.,hyland software,Hyland Software Inc.,hyland software,3,126208.92,same name (printings),,"printed differently: case, punctuation, apostrophes, spacing or legal suffix",HYLAND SOFTWARE INC
NGC Nunatsiavut Inc.,ngc nunatsiavut,NGC Nunatsiavut Inc.,ngc nunatsiavut,4,126195.0,same name (printings),,"printed differently: case, punctuation, apostrophes, spacing or legal suffix",NGC NUNATSIAVUT INC.; NGC Nunatsiavut Inc
Port Union-Catalina-Little Catalina Women's Institute,port union catalina little catalina womens institute,Port Union-Catalina-Little Catalina Women's Institute,port union catalina little catalina womens institute,12,125438.0,same name (printings),,"printed differently: case, punctuation, apostrophes, spacing or legal suffix",Port Union - Catalina - Little Catalina Women's Institute
EVERETT TURNBULL,everett turnbull,EVERETT TURNBULL,everett turnbull,2,125317.0,same name (printings),,"printed differently: case, punctuation, apostrophes, spacing or legal suffix",Everett Turnbull
BentleySystems Inc. (Canadian Account),bentleysystems canadian account,BentleySystems Inc. (Canadian Account),bentleysystems canadian account,3,125257.38,same name (printings),,"printed differently: case, punctuation, apostrophes, spacing or legal suffix",BentleySystems Inc (Canadian Account)
CADILLAC SERVICES LIMITED,cadillac services,CADILLAC SERVICES LIMITED,cadillac services,2,125028.16,same name (printings),,"printed differently: case, punctuation, apostrophes, spacing or legal suffix",Cadillac Services Limited
Montanna Investments Inc.,montanna investments,Montanna Investments Inc.,montanna investments,2,125000.0,same name (printings),,"printed differently: case, punctuation, apostrophes, spacing or legal suffix",Montanna Investments Inc
"Wang, Peizhong P",wang peizhong p,"Wang, Peizhong P",wang peizhong p,2,124952.0,same name (printings),,"printed differently: case, punctuation, apostrophes, spacing or legal suffix","Wang, Peizhong P."
SOUTH WEST COAST HISTORICAL SOCIETY,south west coast historical society,SOUTH WEST COAST HISTORICAL SOCIETY,south west coast historical society,17,124808.0,same name (printings),,"printed differently: case, punctuation, apostrophes, spacing or legal suffix",South West Coast Historical Society
Hydrogarden Supply Services Inc,hydrogarden supply services,Hydrogarden Supply Services Inc,hydrogarden supply services,8,124787.54,same name (printings),,"printed differently: case, punctuation, apostrophes, spacing or legal suffix",Hydrogarden Supply Services Inc.; Hydrogarden Supply Services; HYDROGARDEN SUPPLY SERVICES INC
Petty Harbour-Maddox Cove Building Improvements Committee,petty harbour maddox cove building improvements committee,Petty Harbour-Maddox Cove Building Improvements Committee,petty harbour maddox cove building improvements committee,8,124736.0,same name (printings),,"printed differently: case, punctuation, apostrophes, spacing or legal suffix",Petty Harbour/Maddox Cove Building Improvements Committee; Petty Harbour Maddox Cove Building Improvements Committee; Petty Harbour / Maddox Cove Building Improvements Committee
Thorne Enterprises Ltd,thorne enterprises,Thorne Enterprises Ltd,thorne enterprises,4,124692.15,same name (printings),,"printed differently: case, punctuation, apostrophes, spacing or legal suffix",Thorne Enterprises Limited
Twillingate Historic Fishing Vessels Inc.,twillingate historic fishing vessels,Twillingate Historic Fishing Vessels Inc.,twillingate historic fishing vessels,9,124371.0,same name (printings),,"printed differently: case, punctuation, apostrophes, spacing or legal suffix",TWILLINGATE HISTORIC FISHING VESSELS INC.; Twillingate Historic Fishing Vessels Inc
ATLAS-APEX ROOFING (NL) INC,atlas apex roofing newfoundland and labrador,ATLAS-APEX ROOFING (NL) INC,atlas apex roofing newfoundland and labrador,2,124303.25,same name (printings),,"printed differently: case, punctuation, apostrophes, spacing or legal suffix",Atlas-Apex Roofing (NL) Inc
Larch Grove Farm Ltd.,larch grove farm,Larch Grove Farm Ltd.,larch grove farm,7,124241.05,same name (printings),,"printed differently: case, punctuation, apostrophes, spacing or legal suffix",Larch Grove Farm Ltd
CRANE SUPPLY,crane supply,CRANE SUPPLY,crane supply,8,124096.79,same name (printings),,"printed differently: case, punctuation, apostrophes, spacing or legal suffix",Crane Supply
Wolseley Canada Inc.,wolseley canada,Wolseley Canada Inc.,wolseley canada,9,124088.92,same name (printings),,"printed differently: case, punctuation, apostrophes, spacing or legal suffix",WOLSELEY CANADA INC.; Wolseley Canada
TRINITY-PLACENTIA STADIUM COMMISSION,trinity placentia stadium commission,TRINITY-PLACENTIA STADIUM COMMISSION,trinity placentia stadium commission,8,123891.0,same name (printings),,"printed differently: case, punctuation, apostrophes, spacing or legal suffix",Trinity-Placentia Stadium Commission
Harbour Authority of Harbour Round,harbour authority of harbour round,Harbour Authority of Harbour Round,harbour authority of harbour round,8,123886.55,same name (printings),,"printed differently: case, punctuation, apostrophes, spacing or legal suffix",HARBOUR AUTHORITY OF HARBOUR ROUND; HARBOUR AUTHORITY OF HARBOUR ROUND INC.
Canadian National Institute for the Blind,canadian national institute for blind,Canadian National Institute for the Blind,canadian national institute for blind,11,123195.0,same name (printings),,"printed differently: case, punctuation, apostrophes, spacing or legal suffix",The Canadian National Institute for the Blind
CONCEPTION BAY AREA CHAMBER OF COMMERCE,conception bay area chamber of commerce,CONCEPTION BAY AREA CHAMBER OF COMMERCE,conception bay area chamber of commerce,12,122657.5,same name (printings),,"printed differently: case, punctuation, apostrophes, spacing or legal suffix",Conception Bay Area Chamber of Commerce; Conception Bay Area Chamber of Commerce Inc.
WennSoft Inc.,wennsoft,WennSoft Inc.,wennsoft,2,122200.0,same name (printings),,"printed differently: case, punctuation, apostrophes, spacing or legal suffix",WennSoft Inc
Basilica Heritage Foundation Inc.,basilica heritage foundation,Basilica Heritage Foundation Inc.,basilica heritage foundation,10,121798.0,same name (printings),,"printed differently: case, punctuation, apostrophes, spacing or legal suffix","BASILICA HERITAGE FOUNDATION INC.; Basilica Heritage Foundation Inc; Basilica Heritage Foundation, Inc."
Carmanville Habitat Committee Inc.,carmanville habitat committee,Carmanville Habitat Committee Inc.,carmanville habitat committee,9,121369.0,same name (printings),,"printed differently: case, punctuation, apostrophes, spacing or legal suffix","Carmanville Habitat Committee, Inc.; Carmanville Habitat Committee Incorporated; Carmanville Habitat Committee, Inc; Carmanville Habitat Committee Inc"
85176 NEWFOUNDLAND & LABRADOR INC. O/A AVALON READY MIX,85176 newfoundland and labrador,85176 NEWFOUNDLAND & LABRADOR INC. O/A AVALON READY MIX,85176 newfoundland and labrador,2,121335.0,same name (printings),,"printed differently: case, punctuation, apostrophes, spacing or legal suffix",85176 Newfoundland and Labrador Inc
Bonavista Recreation Committee,bonavista recreation committee,Bonavista Recreation Committee,bonavista recreation committee,8,121267.0,same name (printings),,"printed differently: case, punctuation, apostrophes, spacing or legal suffix",bonavista recreation committee
Diversified Business Communications UK Ltd,diversified business communications uk,Diversified Business Communications UK Ltd,diversified business communications uk,2,120668.08,same name (printings),,"printed differently: case, punctuation, apostrophes, spacing or legal suffix",DIVERSIFIED BUSINESS COMMUNICATIONS UK LTD
Memorial University of Newfoundland Gardiner Centre,memorial university of newfoundland gardiner centre,Memorial University of Newfoundland Gardiner Centre,memorial university of newfoundland gardiner centre,3,120057.5,same name (printings),,"printed differently: case, punctuation, apostrophes, spacing or legal suffix",MEMORIAL UNIVERSITY OF NEWFOUNDLAND (GARDINER CENTRE)
Gambo Community Youth Centre,gambo community youth centre,Gambo Community Youth Centre,gambo community youth centre,9,119640.0,same name (printings),,"printed differently: case, punctuation, apostrophes, spacing or legal suffix",Gambo Community Youth Centre (GCYC)
Air Liquide Canada Inc,air liquide canada,Air Liquide Canada Inc,air liquide canada,6,119613.61,same name (printings),,"printed differently: case, punctuation, apostrophes, spacing or legal suffix",AIR LIQUIDE CANADA INC; Air Liquide Canada Inc.
Juniper BBQ Scraper Ltd,juniper bbq scraper,Juniper BBQ Scraper Ltd,juniper bbq scraper,5,119600.0,same name (printings),,"printed differently: case, punctuation, apostrophes, spacing or legal suffix",Juniper BBQ Scraper Ltd.
ARMOUR LOCK AND SAFE LTD,armour lock and safe,ARMOUR LOCK AND SAFE LTD,armour lock and safe,6,119481.15,same name (printings),,"printed differently: case, punctuation, apostrophes, spacing or legal suffix",ARMOUR LOCK AND SAFE LTD.; ARMOUR LOCK AND SAFE
NEWFOUNDLAND TRANSSHIPMENT LIMITED,newfoundland transshipment,NEWFOUNDLAND TRANSSHIPMENT LIMITED,newfoundland transshipment,2,119471.76,same name (printings),,"printed differently: case, punctuation, apostrophes, spacing or legal suffix",Newfoundland Transshipment Ltd
Canadian AV,canadian av,Canadian AV,canadian av,4,119312.18,same name (printings),,"printed differently: case, punctuation, apostrophes, spacing or legal suffix",CANADIAN AV INC.
STEELFAB INDUSTRIES LTD,steelfab industries,STEELFAB INDUSTRIES LTD,steelfab industries,9,119224.19,same name (printings),,"printed differently: case, punctuation, apostrophes, spacing or legal suffix",STEELFAB INDUSTRIES LIMITED
2 Rooms Contemporary Art Projects Corp,2 rooms contemporary art projects,2 Rooms Contemporary Art Projects Corp,2 rooms contemporary art projects,3,119197.0,same name (printings),,"printed differently: case, punctuation, apostrophes, spacing or legal suffix",2 ROOMS CONTEMPORARY ART PROJECTS CORP
Clode Sound Village Resort Inc.,clode sound village resort,Clode Sound Village Resort Inc.,clode sound village resort,9,118821.0,same name (printings),,"printed differently: case, punctuation, apostrophes, spacing or legal suffix","Clode Sound Village Resort, Inc.; Clode Sound Village Resort Inc; Clode Sound Village Resort, Inc"
HARBOUR AUTHORITY OF LAMALINE,harbour authority of lamaline,HARBOUR AUTHORITY OF LAMALINE,harbour authority of lamaline,7,118142.37,same name (printings),,"printed differently: case, punctuation, apostrophes, spacing or legal suffix",Harbour Authority of Lamaline
Spindrift Motel Ltd.,spindrift motel,Spindrift Motel Ltd.,spindrift motel,17,117734.16,same name (printings),,"printed differently: case, punctuation, apostrophes, spacing or legal suffix",Spindrift Motel
Clarenville Area Soccer Association,clarenville area soccer association,Clarenville Area Soccer Association,clarenville area soccer association,8,117421.0,same name (printings),,"printed differently: case, punctuation, apostrophes, spacing or legal suffix",clarenville area soccer association
Jones & Bartlett Learning,jones and bartlett learning,Jones & Bartlett Learning,jones and bartlett learning,10,117275.15,same name (printings),,"printed differently: case, punctuation, apostrophes, spacing or legal suffix",JONES & Bartlett Learning; Jones and Bartlett Learning
Bursey's Taxi Inc,burseys taxi,Bursey's Taxi Inc,burseys taxi,3,117250.0,same name (printings),,"printed differently: case, punctuation, apostrophes, spacing or legal suffix",Bursey's taxi inc; Bursey's Taxi Inc.
HARBOUR AUTHORITY OF ST. BERNARD'S,harbour authority of st bernards,HARBOUR AUTHORITY OF ST. BERNARD'S,harbour authority of st bernards,6,116770.2,same name (printings),,"printed differently: case, punctuation, apostrophes, spacing or legal suffix",Harbour authority of St. Bernard's
Bosch Rexroth Canada Corp,bosch rexroth canada,Bosch Rexroth Canada Corp,bosch rexroth canada,6,116718.89,same name (printings),,"printed differently: case, punctuation, apostrophes, spacing or legal suffix",BOSCH REXROTH CANADA CORP; Bosch Rexroth Canada Corp.
3D Datacomm,3d datacomm,3D Datacomm,3d datacomm,6,116703.78,same name (printings),,"printed differently: case, punctuation, apostrophes, spacing or legal suffix",3D Datacomm Inc.
Grant's Footwear Limited,grants footwear,Grant's Footwear Limited,grants footwear,8,116489.23,same name (printings),,"printed differently: case, punctuation, apostrophes, spacing or legal suffix",Grant's Footwear; GRANT'S FOOTWEAR LIMITED
Canadian Global Maritime Ltd.,canadian global maritime,Canadian Global Maritime Ltd.,canadian global maritime,2,116080.38,same name (printings),,"printed differently: case, punctuation, apostrophes, spacing or legal suffix",Canadian Global Maritime Limited
Town of L'Anse au Clair,town of lanse au clair,Town of L'Anse au Clair,town of lanse au clair,4,115661.66,same name (printings),,"printed differently: case, punctuation, apostrophes, spacing or legal suffix",TOWN OF L'ANSE AU CLAIR
NL Off Grid Solutions Inc.,newfoundland and labrador off grid solutions,NL Off Grid Solutions Inc.,newfoundland and labrador off grid solutions,4,115455.99,same name (printings),,"printed differently: case, punctuation, apostrophes, spacing or legal suffix",NL OFF GRID SOLUTIONS INC.
Bowring Park Foundation Inc.,bowring park foundation,Bowring Park Foundation Inc.,bowring park foundation,11,114687.0,same name (printings),,"printed differently: case, punctuation, apostrophes, spacing or legal suffix",The Bowring Park Foundation Inc.; BOWRING PARK FOUNDATION INC. (THE)
McCarthy Council Association Inc.,mccarthy council association,McCarthy Council Association Inc.,mccarthy council association,8,114591.0,same name (printings),,"printed differently: case, punctuation, apostrophes, spacing or legal suffix",McCarthy Council Association Inc; McCarthy Council Association Inc..
Sound Venture Enterprise Ltd.,sound venture enterprise,Sound Venture Enterprise Ltd.,sound venture enterprise,3,114539.77,same name (printings),,"printed differently: case, punctuation, apostrophes, spacing or legal suffix",Sound Venture Enterprise Ltd; SOUND VENTURE ENTERPRISE LTD
CPKN NETWORK INC,cpkn network,CPKN NETWORK INC,cpkn network,2,114000.0,same name (printings),,"printed differently: case, punctuation, apostrophes, spacing or legal suffix",CPKN Network Inc
Classic Truck & Trailer Limited,classic truck and trailer,Classic Truck & Trailer Limited,classic truck and trailer,8,113063.88,same name (printings),,"printed differently: case, punctuation, apostrophes, spacing or legal suffix",CLASSIC TRUCK & TRAILER LIMITED
GRAND BANK SPECIAL EVENTS COMMITTEE,grand bank special events committee,GRAND BANK SPECIAL EVENTS COMMITTEE,grand bank special events committee,16,112877.0,same name (printings),,"printed differently: case, punctuation, apostrophes, spacing or legal suffix",Grand Bank Special Events Committee
TOWN OF HEART'S CONTENT,town of hearts content,TOWN OF HEART'S CONTENT,town of hearts content,11,112861.0,same name (printings),,"printed differently: case, punctuation, apostrophes, spacing or legal suffix",Town of Heart's Content
Town of Main Brook,town of main brook,Town of Main Brook,town of main brook,7,112789.0,same name (printings),,"printed differently: case, punctuation, apostrophes, spacing or legal suffix",TOWN OF MAIN BROOK
TORRENT RIVER DEVELOPMENT CORPORATION INC.,torrent river development,TORRENT RIVER DEVELOPMENT CORPORATION INC.,torrent river development,8,112164.0,same name (printings),,"printed differently: case, punctuation, apostrophes, spacing or legal suffix",Torrent River Development Corp; Torrent River Development Corporation; Torrent River Development Corp.; Torrent River Development corp.; Torrent River Development Corporation inc
ESTEEM Women Inc.,esteem women,ESTEEM Women Inc.,esteem women,10,112059.0,same name (printings),,"printed differently: case, punctuation, apostrophes, spacing or legal suffix",ESTEEM Women Inc; Esteem Women Inc.; Esteem Women Incorporated
80994 Newfoundland & Labrador Inc.,80994 newfoundland and labrador,80994 Newfoundland & Labrador Inc.,80994 newfoundland and labrador,4,112031.0,same name (printings),,"printed differently: case, punctuation, apostrophes, spacing or legal suffix",80994 NL Inc.
Zoetis Canada Inc,zoetis canada,Zoetis Canada Inc,zoetis canada,8,111546.9,same name (printings),,"printed differently: case, punctuation, apostrophes, spacing or legal suffix",ZOETIS CANADA INC; ZOETIS CANADA INC.
Natures Edge Inc.,natures edge,Natures Edge Inc.,natures edge,4,111219.0,same name (printings),,"printed differently: case, punctuation, apostrophes, spacing or legal suffix",Natures Edge Inc
EBSCO Publishing,ebsco publishing,EBSCO Publishing,ebsco publishing,3,111001.0,same name (printings),,"printed differently: case, punctuation, apostrophes, spacing or legal suffix",Ebsco Publishing
P K Limited,p k,P K Limited,p k,2,110824.0,same name (printings),,"printed differently: case, punctuation, apostrophes, spacing or legal suffix",P.K. Limited
C&K Gould Enterprises Ltd.,c and k gould enterprises,C&K Gould Enterprises Ltd.,c and k gould enterprises,2,110824.0,same name (printings),,"printed differently: case, punctuation, apostrophes, spacing or legal suffix",C & K Gould Enterprises Ltd.
DOMTAR INC,domtar,DOMTAR INC,domtar,23,110749.89,same name (printings),,"printed differently: case, punctuation, apostrophes, spacing or legal suffix",Domtar o/a Ariva; Domtar Inc o/a Ariva; Domtar Inc. o/a Ariva; Domtar Inc; Domtar Inc.
Bennett's Refrigeration Ltd,bennetts refrigeration,Bennett's Refrigeration Ltd,bennetts refrigeration,5,110588.05,same name (printings),,"printed differently: case, punctuation, apostrophes, spacing or legal suffix",Bennett's Refrigeration Ltd.; Bennett's Refrigeration; BENNETT'S REFRIGERATION LTD; Bennett's Refrigeration LTD
Dover & Area Community Family Coalition,dover and area community family coalition,Dover & Area Community Family Coalition,dover and area community family coalition,9,110412.0,same name (printings),,"printed differently: case, punctuation, apostrophes, spacing or legal suffix",Dover and Area Community Family Coalition; Dover and Area Community Family Coalition Inc
ACAP HUMBER ARM,acap humber arm,ACAP HUMBER ARM,acap humber arm,6,109675.42,same name (printings),,"printed differently: case, punctuation, apostrophes, spacing or legal suffix",Acap Humber Arm; ACAP Humber Arm
Rough Waters Brewing Company Ltd.,rough waters brewing,Rough Waters Brewing Company Ltd.,rough waters brewing,4,109651.0,same name (printings),,"printed differently: case, punctuation, apostrophes, spacing or legal suffix",Rough Waters Brewing Company Ltd
MARYSTOWN HERITAGE MUSEUM CORPORATION,marystown heritage museum,MARYSTOWN HERITAGE MUSEUM CORPORATION,marystown heritage museum,9,109513.0,same name (printings),,"printed differently: case, punctuation, apostrophes, spacing or legal suffix",Marystown Heritage Museum; Marystown Heritage Museum Corp.; Marystown Heritage-Museum Corporation; MARYSTOWN HERITAGE- MUSEUM CORPORATION; Marystown Heritage Museum Corporation
Town of Englee,town of englee,Town of Englee,town of englee,17,109471.0,same name (printings),,"printed differently: case, punctuation, apostrophes, spacing or legal suffix",TOWN OF ENGLEE
CKC CONSTRUCTION LTD,ckc construction,CKC CONSTRUCTION LTD,ckc construction,2,109363.18,same name (printings),,"printed differently: case, punctuation, apostrophes, spacing or legal suffix",CKC Construction Ltd.
Concept Controls,concept controls,Concept Controls,concept controls,2,109362.84,same name (printings),,"printed differently: case, punctuation, apostrophes, spacing or legal suffix",Concept Controls Inc
Penney's Pitstop,penneys pitstop,Penney's Pitstop,penneys pitstop,6,109128.34,same name (printings),,"printed differently: case, punctuation, apostrophes, spacing or legal suffix",Penney's Pitstop Ltd.; Penney's Pitstop Ltd
NIMBLE INFORMATION STRATEGIES INC,nimble information strategies,NIMBLE INFORMATION STRATEGIES INC,nimble information strategies,5,108963.0,same name (printings),,"printed differently: case, punctuation, apostrophes, spacing or legal suffix",Nimble Information Strategies Inc.; Nimble Information Strategies Inc
Portugal Cove St. Philips Minor Soccer Association,portugal cove st philips minor soccer association,Portugal Cove St. Philips Minor Soccer Association,portugal cove st philips minor soccer association,3,108774.0,same name (printings),,"printed differently: case, punctuation, apostrophes, spacing or legal suffix",Portugal Cove - St. Philip's Minor Soccer Association
AVI-SPL Canada Ltd,avi spl canada,AVI-SPL Canada Ltd,avi spl canada,5,108757.2,same name (printings),,"printed differently: case, punctuation, apostrophes, spacing or legal suffix",AVI-SPL Canada Ltd.; Avi-Spl Canada Ltd
CCG CAPITAL INC.,ccg capital,CCG CAPITAL INC.,ccg capital,3,108750.0,same name (printings),,"printed differently: case, punctuation, apostrophes, spacing or legal suffix",CCG Capital Inc.
Trica CXM Solutions Ltd.,trica cxm solutions,Trica CXM Solutions Ltd.,trica cxm solutions,2,107953.0,same name (printings),,"printed differently: case, punctuation, apostrophes, spacing or legal suffix",Trica CXM Solutions Ltd
ASSOCIATION FOR THE ARTS IN MOUNT PEARL INCORPORATED (THE),association for arts in mount pearl,ASSOCIATION FOR THE ARTS IN MOUNT PEARL INCORPORATED (THE),association for arts in mount pearl,16,107644.0,same name (printings),,"printed differently: case, punctuation, apostrophes, spacing or legal suffix",Association for the Arts in Mount Pearl; THE ASSOCIATION FOR THE ARTS IN MOUNT PEARL INCORPORATED; Association for the Arts in Mount Pearl Incorporated
Baie Vista Inn,baie vista inn,Baie Vista Inn,baie vista inn,7,107521.86,same name (printings),,"printed differently: case, punctuation, apostrophes, spacing or legal suffix",Baie Vista Inn Limited; baie vista inn ltd
BGC BOTWOOD INC.,bgc botwood,BGC BOTWOOD INC.,bgc botwood,8,107509.0,same name (printings),,"printed differently: case, punctuation, apostrophes, spacing or legal suffix",BGC Botwood Inc.
Twin Girls Fishing Inc.,twin girls fishing,Twin Girls Fishing Inc.,twin girls fishing,3,107453.2,same name (printings),,"printed differently: case, punctuation, apostrophes, spacing or legal suffix",TWIN GIRLS FISHING INC.
TRC HYDRAULICS INC,trc hydraulics,TRC HYDRAULICS INC,trc hydraulics,8,107369.57,same name (printings),,"printed differently: case, punctuation, apostrophes, spacing or legal suffix",TRC Hydraulics Inc.
Bridges Employment Corporation,bridges employment,Bridges Employment Corporation,bridges employment,9,107111.0,same name (printings),,"printed differently: case, punctuation, apostrophes, spacing or legal suffix",Bridge's Employment Corporation
Stan Dawe Limited,stan dawe,Stan Dawe Limited,stan dawe,16,107076.55,same name (printings),,"printed differently: case, punctuation, apostrophes, spacing or legal suffix",STAN DAWE LIMITED; Stan Dawe Ltd.; STAN DAWE LTD
Big Scoop Enterprises Ltd,big scoop enterprises,Big Scoop Enterprises Ltd,big scoop enterprises,5,106659.0,same name (printings),,"printed differently: case, punctuation, apostrophes, spacing or legal suffix",Big Scoop Enterprises Ltd.
Burin Eco-Tours Limited,burin eco tours,Burin Eco-Tours Limited,burin eco tours,5,106454.0,same name (printings),,"printed differently: case, punctuation, apostrophes, spacing or legal suffix",Burin Eco Tours
Labrador West Minor Soccer Association,labrador west minor soccer association,Labrador West Minor Soccer Association,labrador west minor soccer association,8,106451.0,same name (printings),,"printed differently: case, punctuation, apostrophes, spacing or legal suffix",Labrador West Minor Soccer Association Incorporated; Labrador West Minor Soccer Association Inc.
Agilent Technologies Canada Inc.,agilent technologies canada,Agilent Technologies Canada Inc.,agilent technologies canada,2,106382.57,same name (printings),,"printed differently: case, punctuation, apostrophes, spacing or legal suffix",Agilent Technologies Canada Inc
Community Youth Network St. John's Inc.,community youth network st johns,Community Youth Network St. John's Inc.,community youth network st johns,2,106351.0,same name (printings),,"printed differently: case, punctuation, apostrophes, spacing or legal suffix","Community Youth Network,St. John's, Inc."
Goodfellow Inc,goodfellow,Goodfellow Inc,goodfellow,4,106328.0,same name (printings),,"printed differently: case, punctuation, apostrophes, spacing or legal suffix",GOODFELLOW INC; Goodfellow Inc.
"LANDY, Rachel",landy rachel,"LANDY, Rachel",landy rachel,2,106300.0,same name (printings),,"printed differently: case, punctuation, apostrophes, spacing or legal suffix","Landy, Rachel"
BAKER FLOORING CONTRACTS LTD,baker flooring contracts,BAKER FLOORING CONTRACTS LTD,baker flooring contracts,4,105982.57,same name (printings),,"printed differently: case, punctuation, apostrophes, spacing or legal suffix",BAKER FLOORING CONTRACTS LIMITED; Baker Flooring Contracts Limited
Treehouse Daycare Ltd.,treehouse daycare,Treehouse Daycare Ltd.,treehouse daycare,3,105253.0,same name (printings),,"printed differently: case, punctuation, apostrophes, spacing or legal suffix",Treehouse Daycare
New Fun Land Limited,new fun land,New Fun Land Limited,new fun land,10,105190.0,same name (printings),,"printed differently: case, punctuation, apostrophes, spacing or legal suffix",New Fun Land Ltd.; New Fun Land Ltd
3075109 Canada Inc (Thermofin),3075109 canada thermofin,3075109 Canada Inc (Thermofin),3075109 canada thermofin,4,104899.0,same name (printings),,"printed differently: case, punctuation, apostrophes, spacing or legal suffix",3075109 Canada Inc. (Thermofin)
MongoDB,mongodb,MongoDB,mongodb,2,104757.0,same name (printings),,"printed differently: case, punctuation, apostrophes, spacing or legal suffix",MongoDB INC
Clarke & Sons Fishing Ltd,clarke and sons fishing,Clarke & Sons Fishing Ltd,clarke and sons fishing,2,104637.87,same name (printings),,"printed differently: case, punctuation, apostrophes, spacing or legal suffix",CLARKE & SONS FISHING LTD
Headline Holsteins Ltd.,headline holsteins,Headline Holsteins Ltd.,headline holsteins,3,104630.0,same name (printings),,"printed differently: case, punctuation, apostrophes, spacing or legal suffix",Headline Holsteins Limited
Soundbone Traditional Arts Foundation Inc.,soundbone traditional arts foundation,Soundbone Traditional Arts Foundation Inc.,soundbone traditional arts foundation,12,103851.0,same name (printings),,"printed differently: case, punctuation, apostrophes, spacing or legal suffix",Soundbone Traditional Arts Foundation Inc
Royal Canadian Legion Branch 35,royal canadian legion branch 35,Royal Canadian Legion Branch 35,royal canadian legion branch 35,15,103701.0,same name (printings),,"printed differently: case, punctuation, apostrophes, spacing or legal suffix","ROYAL CANADIAN LEGION BRANCH 35; Royal Canadian Legion-Branch #35; Royal Canadian Legion, Branch 35; Royal Canadian legion Branch 35"
Ms. Roseann White,ms roseann white,Ms. Roseann White,ms roseann white,2,103500.0,same name (printings),,"printed differently: case, punctuation, apostrophes, spacing or legal suffix",MS. ROSEANN WHITE
SOLOTECH INC,solotech,SOLOTECH INC,solotech,7,103431.62,same name (printings),,"printed differently: case, punctuation, apostrophes, spacing or legal suffix",Solotech Inc; Solotech Inc.
Florian Properties Inc.,florian properties,Florian Properties Inc.,florian properties,3,102344.0,same name (printings),,"printed differently: case, punctuation, apostrophes, spacing or legal suffix",Florian Properties Inc
Bay St George South Historical Society,bay st george south historical society,Bay St George South Historical Society,bay st george south historical society,8,102255.0,same name (printings),,"printed differently: case, punctuation, apostrophes, spacing or legal suffix",Bay St. George South Historical Society
St. Lunaire-Griquet Ambulance Committee,st lunaire griquet ambulance committee,St. Lunaire-Griquet Ambulance Committee,st lunaire griquet ambulance committee,5,102150.0,same name (printings),,"printed differently: case, punctuation, apostrophes, spacing or legal suffix",St. Lunaire- Griquet Ambulance Committee
Northrop Grumman Canada (2004) Inc.,northrop grumman canada 2004,Northrop Grumman Canada (2004) Inc.,northrop grumman canada 2004,7,102135.2,same name (printings),,"printed differently: case, punctuation, apostrophes, spacing or legal suffix",Northrop Grumman Canada (2004) Inc; Northrop Grumman Canada (2004) Inc o/a Sperry Marine
Town of Old Perlican,town of old perlican,Town of Old Perlican,town of old perlican,6,102094.0,same name (printings),,"printed differently: case, punctuation, apostrophes, spacing or legal suffix",Town Of Old Perlican; TOWN OF OLD PERLICAN
Display Arts of Toronto,display arts of toronto,Display Arts of Toronto,display arts of toronto,3,102090.0,same name (printings),,"printed differently: case, punctuation, apostrophes, spacing or legal suffix",Display Arts of Toronto Ltd; Display Arts Of Toronto Ltd
AV-BASE SYSTEMS INC,av base systems,AV-BASE SYSTEMS INC,av base systems,2,101908.32,same name (printings),,"printed differently: case, punctuation, apostrophes, spacing or legal suffix",AV-Base Systems Inc
FOGO ISLAND STADIUM COMMITTEE,fogo island stadium committee,FOGO ISLAND STADIUM COMMITTEE,fogo island stadium committee,17,101758.0,same name (printings),,"printed differently: case, punctuation, apostrophes, spacing or legal suffix",Fogo Island Stadium Committee; Fogo Island Stadium Committee Inc.; Fogo Island Stadium Committee INC.
Crosstown Store Ltd,crosstown store,Crosstown Store Ltd,crosstown store,4,101721.0,same name (printings),,"printed differently: case, punctuation, apostrophes, spacing or legal suffix",Crosstown Store Ltd.
HARBOUR AUTHORITY OF CODROY,harbour authority of codroy,HARBOUR AUTHORITY OF CODROY,harbour authority of codroy,4,101481.0,same name (printings),,"printed differently: case, punctuation, apostrophes, spacing or legal suffix",Harbour Authority of Codroy
Piercey'S Fishing Enterprises Ltd,pierceys fishing enterprises,Piercey'S Fishing Enterprises Ltd,pierceys fishing enterprises,2,101462.9,same name (printings),,"printed differently: case, punctuation, apostrophes, spacing or legal suffix",Piercey's Fishing Enterprises Ltd.
Happy Valley-Goose Bay Housing & Homelessness Coalition,happy valley goose bay housing and homelessness coalition,Happy Valley-Goose Bay Housing & Homelessness Coalition,happy valley goose bay housing and homelessness coalition,3,101375.0,same name (printings),,"printed differently: case, punctuation, apostrophes, spacing or legal suffix",Happy Valley-Goose Bay Housing & Homelessness Coalition Inc.; Happy Valley Goose Bay Housing and Homelessness Coalition
Bruce Sutherland Associates Limited,bruce sutherland associates,Bruce Sutherland Associates Limited,bruce sutherland associates,3,101081.49,same name (printings),,"printed differently: case, punctuation, apostrophes, spacing or legal suffix",Bruce Sutherland Associates Ltd.
TOWN OF LARK HARBOUR,town of lark harbour,TOWN OF LARK HARBOUR,town of lark harbour,10,100759.6,same name (printings),,"printed differently: case, punctuation, apostrophes, spacing or legal suffix",Town of Lark Harbour
DOVE MEMORIAL RECREATION COMMITTEE,dove memorial recreation committee,DOVE MEMORIAL RECREATION COMMITTEE,dove memorial recreation committee,12,100303.0,same name (printings),,"printed differently: case, punctuation, apostrophes, spacing or legal suffix",Dove Memorial Recreation Committee
Strattons Holdings Ltd.,strattons holdings,Strattons Holdings Ltd.,strattons holdings,3,100270.8,same name (printings),,"printed differently: case, punctuation, apostrophes, spacing or legal suffix",Strattons Holdings Ltd
Loon Bay United Church Camping Centre,loon bay united church camping centre,Loon Bay United Church Camping Centre,loon bay united church camping centre,5,100265.0,same name (printings),,"printed differently: case, punctuation, apostrophes, spacing or legal suffix",Loon Bay United Church Camping Centre Inc.
N & N Farm Limited,n and n farm,N & N Farm Limited,n and n farm,2,100000.0,same name (printings),,"printed differently: case, punctuation, apostrophes, spacing or legal suffix",N & N Farm Ltd
Whiteclift Farms Ltd.,whiteclift farms,Whiteclift Farms Ltd.,whiteclift farms,2,100000.0,same name (printings),,"printed differently: case, punctuation, apostrophes, spacing or legal suffix",Whiteclift Farms Ltd
DYTECH Offshore Project Management Inc.,dytech offshore project management,DYTECH Offshore Project Management Inc.,dytech offshore project management,2,100000.0,same name (printings),,"printed differently: case, punctuation, apostrophes, spacing or legal suffix",DyTech Offshore Project Management Inc.
Bambury's Hillside Chalets Inc.,bamburys hillside chalets,Bambury's Hillside Chalets Inc.,bamburys hillside chalets,2,100000.0,same name (printings),,"printed differently: case, punctuation, apostrophes, spacing or legal suffix",Bambury's Hillside Chalets Inc
Patey & Sons Ltd.,patey and sons,Patey & Sons Ltd.,patey and sons,2,100000.0,same name (printings),,"printed differently: case, punctuation, apostrophes, spacing or legal suffix",Patey and Sons Ltd
Roberts' Outfitting Ltd.,roberts outfitting,Roberts' Outfitting Ltd.,roberts outfitting,2,100000.0,same name (printings),,"printed differently: case, punctuation, apostrophes, spacing or legal suffix",Roberts' Outfitting Ltd
Acadian Hotel Inc.,acadian hotel,Acadian Hotel Inc.,acadian hotel,2,100000.0,same name (printings),,"printed differently: case, punctuation, apostrophes, spacing or legal suffix",Acadian Hotel Inc
86296 Newfoundland & Labrador Inc.,86296 newfoundland and labrador,86296 Newfoundland & Labrador Inc.,86296 newfoundland and labrador,2,100000.0,same name (printings),,"printed differently: case, punctuation, apostrophes, spacing or legal suffix",86296 Newfoundland and Labrador Inc
Michinappi Metals Inc.,michinappi metals,Michinappi Metals Inc.,michinappi metals,2,100000.0,same name (printings),,"printed differently: case, punctuation, apostrophes, spacing or legal suffix",Michinappi Metals Inc
Rose's Concrete & Construction Inc.,roses concrete and construction,Rose's Concrete & Construction Inc.,roses concrete and construction,2,100000.0,same name (printings),,"printed differently: case, punctuation, apostrophes, spacing or legal suffix",Rose's Concrete and Construction Inc
Mobile Smiles NL Ltd.,mobile smiles newfoundland and labrador,Mobile Smiles NL Ltd.,mobile smiles newfoundland and labrador,2,100000.0,same name (printings),,"printed differently: case, punctuation, apostrophes, spacing or legal suffix",Mobile Smiles NL Ltd
St. Andrew's Presbyterian Church,st andrews presbyterian church,St. Andrew's Presbyterian Church,st andrews presbyterian church,5,99946.0,same name (printings),,"printed differently: case, punctuation, apostrophes, spacing or legal suffix",St. Andrew’s Presbyterian Church
Major'S Logging Limited,majors logging,Major'S Logging Limited,majors logging,2,99808.5,same name (printings),,"printed differently: case, punctuation, apostrophes, spacing or legal suffix",Major's Logging Limited
On Power Systems Inc.,on power systems,On Power Systems Inc.,on power systems,2,99700.0,same name (printings),,"printed differently: case, punctuation, apostrophes, spacing or legal suffix",ON Power Systems Inc.
Humber Valley Heritage Society,humber valley heritage society,Humber Valley Heritage Society,humber valley heritage society,10,99352.0,same name (printings),,"printed differently: case, punctuation, apostrophes, spacing or legal suffix",HUMBER VALLEY HERITAGE SOCIETY INC.
OUTDOORS (1983) LIMITED,outdoors 1983,OUTDOORS (1983) LIMITED,outdoors 1983,5,99305.68,same name (printings),,"printed differently: case, punctuation, apostrophes, spacing or legal suffix",OUTDOORS (1983) LTD
Process Pathways Inc.,process pathways,Process Pathways Inc.,process pathways,3,99290.34,same name (printings),,"printed differently: case, punctuation, apostrophes, spacing or legal suffix",Process Pathways Inc
Infosilem,infosilem,Infosilem,infosilem,3,98724.32,same name (printings),,"printed differently: case, punctuation, apostrophes, spacing or legal suffix",INFOSILEM
Gander Gymnastics Club INC,gander gymnastics club,Gander Gymnastics Club INC,gander gymnastics club,8,98616.0,same name (printings),,"printed differently: case, punctuation, apostrophes, spacing or legal suffix",Gander Gymnastics Club inc.
WINNER GARMENT INDUSTRIES LTD,winner garment industries,WINNER GARMENT INDUSTRIES LTD,winner garment industries,3,98589.0,same name (printings),,"printed differently: case, punctuation, apostrophes, spacing or legal suffix",Winner Garment Industries Ltd; Winner Garment Industries Ltd.
SPARTAN ATHLETIC PRODUCTS LTD,spartan athletic products,SPARTAN ATHLETIC PRODUCTS LTD,spartan athletic products,5,98559.61,same name (printings),,"printed differently: case, punctuation, apostrophes, spacing or legal suffix",SPARTAN ATHLETIC PRODUCTS LIMITED; Spartan Athletic Products LTD
Ashley's Pride Enterprises Ltd.,ashleys pride enterprises,Ashley's Pride Enterprises Ltd.,ashleys pride enterprises,2,98422.8,same name (printings),,"printed differently: case, punctuation, apostrophes, spacing or legal suffix",Ashley's Pride Enterprises Limited
Neuropsychiatric Patients' Association of Newfoundland and Labrador,neuropsychiatric patients association of newfoundland and labrador,Neuropsychiatric Patients' Association of Newfoundland and Labrador,neuropsychiatric patients association of newfoundland and labrador,10,98409.0,same name (printings),,"printed differently: case, punctuation, apostrophes, spacing or legal suffix",Neuropsychiatric Patients' Association of Newfoundland and Labrador Inc; Neuropsychiatric Patients' Association of Newfoundland and Labrador Inc.
Doyle Sansome & Sons Ltd,doyle sansome and sons,Doyle Sansome & Sons Ltd,doyle sansome and sons,2,97889.4,same name (printings),,"printed differently: case, punctuation, apostrophes, spacing or legal suffix",DOYLE SANSOME & SONS LTD
SHORE POWER ELECTRICAL LIMITED,shore power electrical,SHORE POWER ELECTRICAL LIMITED,shore power electrical,2,96431.5,same name (printings),,"printed differently: case, punctuation, apostrophes, spacing or legal suffix",Shore Power Electrical Limited
CNW Group Ltd,cnw group,CNW Group Ltd,cnw group,3,96354.62,same name (printings),,"printed differently: case, punctuation, apostrophes, spacing or legal suffix",CNW Group Ltd.
Bay St. George Chamber of Commerce,bay st george chamber of commerce,Bay St. George Chamber of Commerce,bay st george chamber of commerce,23,96321.51,same name (printings),,"printed differently: case, punctuation, apostrophes, spacing or legal suffix",BAY ST GEORGE CHAMBER OF COMMERCE; Bay St George Chamber of Commerce
A&S FISHING ENTERPRISES LTD,a and s fishing enterprises,A&S FISHING ENTERPRISES LTD,a and s fishing enterprises,2,96290.55,same name (printings),,"printed differently: case, punctuation, apostrophes, spacing or legal suffix",A & S Fishing Enterprises Ltd.
TOWN OF PARKERS COVE,town of parkers cove,TOWN OF PARKERS COVE,town of parkers cove,6,96235.0,same name (printings),,"printed differently: case, punctuation, apostrophes, spacing or legal suffix",Town of Parker's Cove
Kiwanis Club of Kelligrews Incorporated,kiwanis club of kelligrews,Kiwanis Club of Kelligrews Incorporated,kiwanis club of kelligrews,6,95591.0,same name (printings),,"printed differently: case, punctuation, apostrophes, spacing or legal suffix",Kiwanis Club of Kelligrews
SONIC ELECTRICAL LIMITED,sonic electrical,SONIC ELECTRICAL LIMITED,sonic electrical,7,95544.82,same name (printings),,"printed differently: case, punctuation, apostrophes, spacing or legal suffix",Sonic Electrical Ltd.
Town of Come By Chance,town of come by chance,Town of Come By Chance,town of come by chance,5,95491.0,same name (printings),,"printed differently: case, punctuation, apostrophes, spacing or legal suffix",Town of Come by Chance
Learning Disabilities Association of Newfoundland and Labrador Inc.,learning disabilities association of newfoundland and labrador,Learning Disabilities Association of Newfoundland and Labrador Inc.,learning disabilities association of newfoundland and labrador,7,95446.0,same name (printings),,"printed differently: case, punctuation, apostrophes, spacing or legal suffix","Learning Disabilities Association of Newfoundland & Labrador, Inc.; Learning Disabilities Association of Newfoundland and Labrador Inc"
APEX CONSTRUCTION SPECIALTIES INC,apex construction specialties,APEX CONSTRUCTION SPECIALTIES INC,apex construction specialties,7,95192.31,same name (printings),,"printed differently: case, punctuation, apostrophes, spacing or legal suffix",APEX CONSTRUCTION SPECIALTIES INC.; Apex Construction Specialties
HARVEY'S TRAVEL LIMITED,harveys travel,HARVEY'S TRAVEL LIMITED,harveys travel,51,95065.15,same name (printings),,"printed differently: case, punctuation, apostrophes, spacing or legal suffix",Harvey's Travel; Harvey's Travel Limited; Harveys Travel
Sea Voyager II Ltd.,sea voyager ii,Sea Voyager II Ltd.,sea voyager ii,3,94952.2,same name (printings),,"printed differently: case, punctuation, apostrophes, spacing or legal suffix",Sea Voyager Ii Ltd.
LSS Construction Limited,lss construction,LSS Construction Limited,lss construction,4,94645.0,same name (printings),,"printed differently: case, punctuation, apostrophes, spacing or legal suffix",Lss Construction Limited
The Bleak House Museum Inc,bleak house museum,The Bleak House Museum Inc,bleak house museum,6,94474.0,same name (printings),,"printed differently: case, punctuation, apostrophes, spacing or legal suffix",The Bleak House Museum Inc.; Bleak House Museum Inc.
Industrial Engineering & Automation,industrial engineering and automation,Industrial Engineering & Automation,industrial engineering and automation,2,94402.84,same name (printings),,"printed differently: case, punctuation, apostrophes, spacing or legal suffix",INDUSTRIAL ENGINEERING & AUTOMATION
BANTING HISTORICAL TRUST INC.,banting historical trust,BANTING HISTORICAL TRUST INC.,banting historical trust,18,94335.0,same name (printings),,"printed differently: case, punctuation, apostrophes, spacing or legal suffix",Banting Historical Trust Inc.; The Banting Historical Trust Inc.
CHEZ LES FRANÇAIS DE L'ANSE-À-CANARDS INC.,chez les francais de lanse a canards,CHEZ LES FRANÇAIS DE L'ANSE-À-CANARDS INC.,chez les francais de lanse a canards,19,94242.0,same name (printings),,"printed differently: case, punctuation, apostrophes, spacing or legal suffix","Chez les Français de l'Anse-à-Canards, Inc.; Chez les Français de l'Anse-à-Canards Inc"
Jacksons Arm Heritage Society,jacksons arm heritage society,Jacksons Arm Heritage Society,jacksons arm heritage society,11,93566.0,same name (printings),,"printed differently: case, punctuation, apostrophes, spacing or legal suffix",Jackson's Arm Heritage Society Inc.; JACKSON'S ARM HERITAGE SOCIETY INC
Colonial Garage & Distributors Limited,colonial garage and distributors,Colonial Garage & Distributors Limited,colonial garage and distributors,8,93434.98,same name (printings),,"printed differently: case, punctuation, apostrophes, spacing or legal suffix",COLONIAL GARAGE AND DISTRIBUTORS LTD; Colonial Garage & Distributors Limited o/a Colonial Auto Parts; Colonial Garage & Distributors; COLONIAL GARAGE & DISTRIBUTORS LTD; COLONIAL GARAGE & DISTRIBUTORS LIMITED
ASHFORD SALES LTD,ashford sales,ASHFORD SALES LTD,ashford sales,5,93144.61,same name (printings),,"printed differently: case, punctuation, apostrophes, spacing or legal suffix",Ashford Sales Limited; ASHFORD SALES LIMITED
BayNet Inc. (Bonavista Area Youth Network),baynet bonavista area youth network,BayNet Inc. (Bonavista Area Youth Network),baynet bonavista area youth network,2,93045.0,same name (printings),,"printed differently: case, punctuation, apostrophes, spacing or legal suffix","BAYNet , Bonavista Area Youth Network"
George's Mountain Village Ltd.,georges mountain village,George's Mountain Village Ltd.,georges mountain village,6,92984.0,same name (printings),,"printed differently: case, punctuation, apostrophes, spacing or legal suffix",Georges Mountain Village
Centre de la Petite Enfance et Famille Les P'tits cerfs-volants,centre de la petite enfance et famille les ptits cerfs volants,Centre de la Petite Enfance et Famille Les P'tits cerfs-volants,centre de la petite enfance et famille les ptits cerfs volants,7,92295.0,same name (printings),,"printed differently: case, punctuation, apostrophes, spacing or legal suffix",Centre de la petite Enfance et Famille Les P'tits Cerfs Volants; Centre de la Petite Enfance et Famille les P'tits Cerfs Volants; Centre de la Petite Enfance et Famille Les P'tits Cerfs-Volants
HARBOUR AUTHORITY OF ST. LAWRENCE,harbour authority of st lawrence,HARBOUR AUTHORITY OF ST. LAWRENCE,harbour authority of st lawrence,5,92172.2,same name (printings),,"printed differently: case, punctuation, apostrophes, spacing or legal suffix",Harbour Authority of St. Lawrence
Atlantic Purification Systems Ltd,atlantic purification systems,Atlantic Purification Systems Ltd,atlantic purification systems,6,92129.65,same name (printings),,"printed differently: case, punctuation, apostrophes, spacing or legal suffix",Atlantic Purification Systems Ltd.
St. Alban's Recreation Committee,st albans recreation committee,St. Alban's Recreation Committee,st albans recreation committee,8,91695.0,same name (printings),,"printed differently: case, punctuation, apostrophes, spacing or legal suffix",St Alban's Recreation Committee
"TOURISM BAY DE VERDE, RED HEAD COVE, GRATES COVE INC.",tourism bay de verde red head cove grates cove,"TOURISM BAY DE VERDE, RED HEAD COVE, GRATES COVE INC.",tourism bay de verde red head cove grates cove,3,91450.0,same name (printings),,"printed differently: case, punctuation, apostrophes, spacing or legal suffix","Tourism Bay de Verde, Red Head Cove, Grates Cove Inc."
Friends of Cape St. Mary's Inc,friends of cape st marys,Friends of Cape St. Mary's Inc,friends of cape st marys,11,91021.0,same name (printings),,"printed differently: case, punctuation, apostrophes, spacing or legal suffix",FRIENDS OF CAPE ST. MARY'S INC; Friends of Cape St.Mary's Inc.
HARBOUR AUTHORITY SUMMERVILLE,harbour authority summerville,HARBOUR AUTHORITY SUMMERVILLE,harbour authority summerville,4,90480.89,same name (printings),,"printed differently: case, punctuation, apostrophes, spacing or legal suffix",Harbour Authority Summerville
Hitech Communications Ltd,hitech communications,Hitech Communications Ltd,hitech communications,5,90456.02,same name (printings),,"printed differently: case, punctuation, apostrophes, spacing or legal suffix",HiTech Communications Ltd; HITECH COMMUNICATIONS LTD
Atlantic Mushrooms Inc.,atlantic mushrooms,Atlantic Mushrooms Inc.,atlantic mushrooms,4,90370.0,same name (printings),,"printed differently: case, punctuation, apostrophes, spacing or legal suffix",ATLANTIC MUSHROOMS INC
LE GABOTEUR INC.,le gaboteur,LE GABOTEUR INC.,le gaboteur,6,90090.0,same name (printings),,"printed differently: case, punctuation, apostrophes, spacing or legal suffix",Le Gaboteur Inc.; Le Gaboteur Inc
EEP Technical Solutions,eep technical solutions,EEP Technical Solutions,eep technical solutions,3,90045.43,same name (printings),,"printed differently: case, punctuation, apostrophes, spacing or legal suffix",EEP Technical Solutions Inc.
Island Office Furniture,island office furniture,Island Office Furniture,island office furniture,5,90024.13,same name (printings),,"printed differently: case, punctuation, apostrophes, spacing or legal suffix",ISLAND OFFICE FURNITURE
Boehringer Ingelheim Animal Health Canada Inc,boehringer ingelheim animal health canada,Boehringer Ingelheim Animal Health Canada Inc,boehringer ingelheim animal health canada,6,90021.64,same name (printings),,"printed differently: case, punctuation, apostrophes, spacing or legal suffix",BOEHRINGER INGELHEIM ANIMAL HEALTH CANADA INC; Boehringer Ingelheim Animal Health Canada Inc.; BOEHRINGER INGELHEIM ANIMAL HEALTH CANADA Inc.
St. Lawrence Historical Advisory Committee INC.,st lawrence historical advisory committee,St. Lawrence Historical Advisory Committee INC.,st lawrence historical advisory committee,11,88935.0,same name (printings),,"printed differently: case, punctuation, apostrophes, spacing or legal suffix",ST. LAWRENCE HISTORICAL ADVISORY COMMITTEE INC.; St. Lawrence Historical Advisory Committee Inc.
Harbour Authority of Burnt Islands,harbour authority of burnt islands,Harbour Authority of Burnt Islands,harbour authority of burnt islands,11,88843.5,same name (printings),,"printed differently: case, punctuation, apostrophes, spacing or legal suffix",HARBOUR AUTHORITY OF BURNT ISLANDS
Shallaway - Newfoundland & Labrador Youth in Chorus Inc.,shallaway newfoundland and labrador youth in chorus,Shallaway - Newfoundland & Labrador Youth in Chorus Inc.,shallaway newfoundland and labrador youth in chorus,7,88699.0,same name (printings),,"printed differently: case, punctuation, apostrophes, spacing or legal suffix",Shallaway Newfoundland and Labrador Youth in Chorus Inc.; Shallaway Newfoundland & Labrador Youth in Chorus Inc.; Shallaway Newfoundland and Labrador Youth in Chorus Inc; Shallaway-Newfoundland and Labrador Youth in Chorus; Shallaway-Newfoundland and Labrador Youth in Chorus Inc.
Gp Fisheries Ltd.,gp fisheries,Gp Fisheries Ltd.,gp fisheries,2,88660.26,same name (printings),,"printed differently: case, punctuation, apostrophes, spacing or legal suffix",GP FISHERIES LTD
Derrick Pottle,derrick pottle,Derrick Pottle,derrick pottle,4,88570.46,same name (printings),,"printed differently: case, punctuation, apostrophes, spacing or legal suffix",DERRICK POTTLE
Town of North River,town of north river,Town of North River,town of north river,17,87692.0,same name (printings),,"printed differently: case, punctuation, apostrophes, spacing or legal suffix",TOWN OF NORTH RIVER
Newfoundland Salt Company Ltd,newfoundland salt,Newfoundland Salt Company Ltd,newfoundland salt,5,87683.0,same name (printings),,"printed differently: case, punctuation, apostrophes, spacing or legal suffix",Newfoundland Salt Company Ltd.; Newfoundland Salt Company
B & R Genge Company Ltd.,b and r genge,B & R Genge Company Ltd.,b and r genge,2,87629.5,same name (printings),,"printed differently: case, punctuation, apostrophes, spacing or legal suffix",B. & R. Genge Company Limited
Corepoint Health LLC,corepoint health,Corepoint Health LLC,corepoint health,2,87521.28,same name (printings),,"printed differently: case, punctuation, apostrophes, spacing or legal suffix",Corepoint Health
Jimmy Pratt Memorial Outreach Centre Inc.,jimmy pratt memorial outreach centre,Jimmy Pratt Memorial Outreach Centre Inc.,jimmy pratt memorial outreach centre,6,87250.0,same name (printings),,"printed differently: case, punctuation, apostrophes, spacing or legal suffix",Jimmy Pratt Memorial Outreach Centre Inc; Jimmy Pratt Memorial Outreach Centre
BLANCHARD'S HEATING AND COOLING LTD,blanchards heating and cooling,BLANCHARD'S HEATING AND COOLING LTD,blanchards heating and cooling,3,87231.7,same name (printings),,"printed differently: case, punctuation, apostrophes, spacing or legal suffix",BLANCHARD'S HEATING & COOLING LTD; Blanchard'S Heating & Cooling Limit
Town of Bauline,town of bauline,Town of Bauline,town of bauline,14,87069.0,same name (printings),,"printed differently: case, punctuation, apostrophes, spacing or legal suffix",TOWN OF BAULINE
Reidville 50+ Club,reidville 50 club,Reidville 50+ Club,reidville 50 club,9,87033.0,same name (printings),,"printed differently: case, punctuation, apostrophes, spacing or legal suffix",Reidville 50+ Club Corporation; Reidville 50+ Club Corp.
thegreenrock.ca Live Sustainably NL Inc.,thegreenrock ca live sustainably newfoundland and labrador,thegreenrock.ca Live Sustainably NL Inc.,thegreenrock ca live sustainably newfoundland and labrador,4,86868.0,same name (printings),,"printed differently: case, punctuation, apostrophes, spacing or legal suffix",Thegreenrock.ca - Live Sustainably NL Inc.; thegreenrock.ca ~ Live Sustainably NL Inc.
Harbour Authority of Belleoram,harbour authority of belleoram,Harbour Authority of Belleoram,harbour authority of belleoram,10,86788.9,same name (printings),,"printed differently: case, punctuation, apostrophes, spacing or legal suffix",HARBOUR AUTHORITY OF BELLEORAM
Rose Blanche Lighthouse Inc.,rose blanche lighthouse,Rose Blanche Lighthouse Inc.,rose blanche lighthouse,4,86762.87,same name (printings),,"printed differently: case, punctuation, apostrophes, spacing or legal suffix",Rose Blanche Lighthouse Incorporated; Rose Blanche Lighthouse Incorporated.
Corner Brook Status of Women Council,corner brook status of women council,Corner Brook Status of Women Council,corner brook status of women council,6,86670.0,same name (printings),,"printed differently: case, punctuation, apostrophes, spacing or legal suffix",Corner Brook status of Women Council
Harbour Authority of Carbonear,harbour authority of carbonear,Harbour Authority of Carbonear,harbour authority of carbonear,8,86609.5,same name (printings),,"printed differently: case, punctuation, apostrophes, spacing or legal suffix",HARBOUR AUTHORITY OF CARBONEAR
V & L Information Resources Corp,v and l information resources,V & L Information Resources Corp,v and l information resources,5,86339.77,same name (printings),,"printed differently: case, punctuation, apostrophes, spacing or legal suffix",V & L INFORMATION RESOURCES CORP
Donwood Construction & Renovations Ltd.,donwood construction and renovations,Donwood Construction & Renovations Ltd.,donwood construction and renovations,2,86197.0,same name (printings),,"printed differently: case, punctuation, apostrophes, spacing or legal suffix",Donwood Construction & Renovations Limited
Town of L'Anse au Loup,town of lanse au loup,Town of L'Anse au Loup,town of lanse au loup,6,86033.86,same name (printings),,"printed differently: case, punctuation, apostrophes, spacing or legal suffix",TOWN OF L'ANSE AU LOUP
DRDRONE INC,drdrone,DRDRONE INC,drdrone,4,85964.94,same name (printings),,"printed differently: case, punctuation, apostrophes, spacing or legal suffix",Drdrone Inc.; DrDrone Inc
Outdoor Outfits,outdoor outfits,Outdoor Outfits,outdoor outfits,5,85730.33,same name (printings),,"printed differently: case, punctuation, apostrophes, spacing or legal suffix",OUTDOOR OUTFITS
Cavendish Agri Services Limited,cavendish agri services,Cavendish Agri Services Limited,cavendish agri services,6,85711.26,same name (printings),,"printed differently: case, punctuation, apostrophes, spacing or legal suffix",Cavendish AGRI Services Limited
Aviation Supplies Ltd,aviation supplies,Aviation Supplies Ltd,aviation supplies,6,85575.23,same name (printings),,"printed differently: case, punctuation, apostrophes, spacing or legal suffix",Aviation Supplies Ltd.
Baccalieu Trail Brewing Company Ltd.,baccalieu trail brewing,Baccalieu Trail Brewing Company Ltd.,baccalieu trail brewing,4,85456.0,same name (printings),,"printed differently: case, punctuation, apostrophes, spacing or legal suffix",Baccalieu Trail Brewing Company; Baccalieu Trail Brewing Company Ltd
Battle Harbour Assisted Living Corporation,battle harbour assisted living,Battle Harbour Assisted Living Corporation,battle harbour assisted living,8,85403.0,same name (printings),,"printed differently: case, punctuation, apostrophes, spacing or legal suffix",BATTLE HARBOUR ASSISTED LIVING CORPORATION; Battle Harbour Assisted Living
EMCO CORPORATION,emco,EMCO CORPORATION,emco,5,85258.78,same name (printings),,"printed differently: case, punctuation, apostrophes, spacing or legal suffix",EMCO Ltd; EMCO; Emco Corporation
SECURE2 ENGINEERING INC.,secure2 engineering,SECURE2 ENGINEERING INC.,secure2 engineering,4,85210.79,same name (printings),,"printed differently: case, punctuation, apostrophes, spacing or legal suffix",Secure2 Engineering Inc.; SECURE2 ENGINEERING INC
Clarenville Waverunners Swim Club,clarenville waverunners swim club,Clarenville Waverunners Swim Club,clarenville waverunners swim club,6,84986.0,same name (printings),,"printed differently: case, punctuation, apostrophes, spacing or legal suffix",Clarenville WaveRunners Swim Club
POUCH COVE HERITAGE SOCIETY INC.,pouch cove heritage society,POUCH COVE HERITAGE SOCIETY INC.,pouch cove heritage society,8,84814.0,same name (printings),,"printed differently: case, punctuation, apostrophes, spacing or legal suffix",Pouch Cove Heritage Society Inc.
Harbour Authority of Dildo,harbour authority of dildo,Harbour Authority of Dildo,harbour authority of dildo,8,84406.0,same name (printings),,"printed differently: case, punctuation, apostrophes, spacing or legal suffix",HARBOUR AUTHORITY OF DILDO
NEWFOUNDLAND KUBOTA LTD,newfoundland kubota,NEWFOUNDLAND KUBOTA LTD,newfoundland kubota,5,84107.55,same name (printings),,"printed differently: case, punctuation, apostrophes, spacing or legal suffix",Newfoundland Kubota Ltd.
St. George's Heritage Committee Inc.,st georges heritage committee,St. George's Heritage Committee Inc.,st georges heritage committee,13,83942.0,same name (printings),,"printed differently: case, punctuation, apostrophes, spacing or legal suffix",ST. GEORGE'S HERITAGE COMMITTEE INC.; St George's Heritage Committee Inc; St. George's Heritage Committee Inc
Marine Harvesters Ltd,marine harvesters,Marine Harvesters Ltd,marine harvesters,2,83865.23,same name (printings),,"printed differently: case, punctuation, apostrophes, spacing or legal suffix",MARINE HARVESTERS LTD
Cumings' Fire & Safety Equipment,cumings fire and safety equipment,Cumings' Fire & Safety Equipment,cumings fire and safety equipment,2,83812.5,same name (printings),,"printed differently: case, punctuation, apostrophes, spacing or legal suffix",Cumings' Fire & Safety Equipment Limited
Leigh Fisheries Ltd,leigh fisheries,Leigh Fisheries Ltd,leigh fisheries,2,83748.0,same name (printings),,"printed differently: case, punctuation, apostrophes, spacing or legal suffix",Leigh Fisheries Ltd.
Town of Comfort Cove-Newstead,town of comfort cove newstead,Town of Comfort Cove-Newstead,town of comfort cove newstead,8,83618.33,same name (printings),,"printed differently: case, punctuation, apostrophes, spacing or legal suffix",TOWN OF COMFORT COVE-NEWSTEAD; Town of Comfort Cove - Newstead
Peterview Recreation Board,peterview recreation board,Peterview Recreation Board,peterview recreation board,8,83511.0,same name (printings),,"printed differently: case, punctuation, apostrophes, spacing or legal suffix",PETERVIEW RECREATION BOARD
TOWN OF ST. PAUL'S,town of st pauls,TOWN OF ST. PAUL'S,town of st pauls,9,83340.0,same name (printings),,"printed differently: case, punctuation, apostrophes, spacing or legal suffix",Town of St. Paul's; Town of St.Paul's
WINDCO ENTERPRISES LTD,windco enterprises,WINDCO ENTERPRISES LTD,windco enterprises,69,83311.1,same name (printings),,"printed differently: case, punctuation, apostrophes, spacing or legal suffix",Windco Enterprises Ltd.; Windco Enterprises
"Alumasafway, Inc",alumasafway,"Alumasafway, Inc",alumasafway,2,83279.13,same name (printings),,"printed differently: case, punctuation, apostrophes, spacing or legal suffix",AlumaSafway
HVAC SPECIALTIES INC,hvac specialties,HVAC SPECIALTIES INC,hvac specialties,6,83116.44,same name (printings),,"printed differently: case, punctuation, apostrophes, spacing or legal suffix",HVAC SPECIALTIES INC.; Hvac Specialties Inc
HARBOUR AUTHORITY OF LAWN,harbour authority of lawn,HARBOUR AUTHORITY OF LAWN,harbour authority of lawn,4,83047.73,same name (printings),,"printed differently: case, punctuation, apostrophes, spacing or legal suffix",Harbour Authority of Lawn
Roman Catholic Episcopal Corporation of Grand Falls,roman catholic episcopal of grand falls,Roman Catholic Episcopal Corporation of Grand Falls,roman catholic episcopal of grand falls,9,83030.0,same name (printings),,"printed differently: case, punctuation, apostrophes, spacing or legal suffix",The Roman Catholic Episcopal Corp of Grand Falls; The Roman Catholic Episcopal Corporation of Grand Falls
Bridges to Hope,bridges to hope,Bridges to Hope,bridges to hope,9,83026.0,same name (printings),,"printed differently: case, punctuation, apostrophes, spacing or legal suffix","Bridges To Hope Incorporated; Bridges to Hope, inc; Bridges to Hope Inc; Bridges to Hope, Inc."
Alzheimer Society of Newfoundland and Labrador,alzheimer society of newfoundland and labrador,Alzheimer Society of Newfoundland and Labrador,alzheimer society of newfoundland and labrador,9,82621.0,same name (printings),,"printed differently: case, punctuation, apostrophes, spacing or legal suffix","Alzheimer Society of Newfoundland and Labrador Inc; Alzheimer Society of Newfoundland and Labrador, Inc; Alzheimer Society of Newfoundland & Labrador"
Botwood Boys and Girls Club Inc.,botwood boys and girls club,Botwood Boys and Girls Club Inc.,botwood boys and girls club,5,82589.0,same name (printings),,"printed differently: case, punctuation, apostrophes, spacing or legal suffix",BOTWOOD BOYS AND GIRLS CLUB; Botwood Boys and Girls Club Incorporated
NORTH ATLANTIC SYSTEMS INC,north atlantic systems,NORTH ATLANTIC SYSTEMS INC,north atlantic systems,5,82074.01,same name (printings),,"printed differently: case, punctuation, apostrophes, spacing or legal suffix",North Atlantic Systems
Whiteway Fifty-Plus Club Inc,whiteway fifty plus club,Whiteway Fifty-Plus Club Inc,whiteway fifty plus club,6,81667.0,same name (printings),,"printed differently: case, punctuation, apostrophes, spacing or legal suffix",Whiteway Fifty-Plus Club Inc.; The Whiteway Fifty-Plus Club Inc.; Whiteway Fifty Plus Club Inc.
Pentecostal Assemblies of Newfoundland and Labrador Corporation,pentecostal assemblies of newfoundland and labrador,Pentecostal Assemblies of Newfoundland and Labrador Corporation,pentecostal assemblies of newfoundland and labrador,9,81421.0,same name (printings),,"printed differently: case, punctuation, apostrophes, spacing or legal suffix",Pentecostal Assemblies of Newfoundland and Labrador
Violence Prevention Avalon East,violence prevention avalon east,Violence Prevention Avalon East,violence prevention avalon east,8,81254.0,same name (printings),,"printed differently: case, punctuation, apostrophes, spacing or legal suffix",Violence Prevention Avalon East-INC; VIOLENCE PREVENTION AVALON EAST LTD; Violence Prevention – Avalon East Incorporated; Violence Prevention- Avalon East Ltd
P & R Fisheries Ltd.,p and r fisheries,P & R Fisheries Ltd.,p and r fisheries,2,81120.65,same name (printings),,"printed differently: case, punctuation, apostrophes, spacing or legal suffix",P & R Fisheries Ltd
Penguin Random House Canada Limited,penguin random house canada,Penguin Random House Canada Limited,penguin random house canada,5,81048.05,same name (printings),,"printed differently: case, punctuation, apostrophes, spacing or legal suffix",Penguin Random House Canada
Wego Experiences,wego experiences,Wego Experiences,wego experiences,2,80920.0,same name (printings),,"printed differently: case, punctuation, apostrophes, spacing or legal suffix",WEGO Experiences
Mount Pearl Marlins Swim Team,mount pearl marlins swim team,Mount Pearl Marlins Swim Team,mount pearl marlins swim team,6,80913.0,same name (printings),,"printed differently: case, punctuation, apostrophes, spacing or legal suffix",Mount Pearl Marlins Swim Team Inc
Harbour Main-Chapel's Cove-Lakeview Recreation Committee,harbour main chapels cove lakeview recreation committee,Harbour Main-Chapel's Cove-Lakeview Recreation Committee,harbour main chapels cove lakeview recreation committee,6,80251.0,same name (printings),,"printed differently: case, punctuation, apostrophes, spacing or legal suffix",Harbour Main Chapel's Cove Lakeview Recreation Committee; Harbour Main Chapels Cove Lakeview Recreation Committee
Imprint Specialty Promotions Limited,imprint specialty promotions,Imprint Specialty Promotions Limited,imprint specialty promotions,8,80205.64,same name (printings),,"printed differently: case, punctuation, apostrophes, spacing or legal suffix",IMPRINT SPECIALTY PROMOTIONS LIMITED; Imprint Specialty Promotions
Town of Port au Choix,town of port au choix,Town of Port au Choix,town of port au choix,14,80076.0,same name (printings),,"printed differently: case, punctuation, apostrophes, spacing or legal suffix",TOWN OF PORT AU CHOIX
Clarenville Inn,clarenville inn,Clarenville Inn,clarenville inn,2,79861.04,same name (printings),,"printed differently: case, punctuation, apostrophes, spacing or legal suffix",CLARENVILLE INN
Town of Terra Nova,town of terra nova,Town of Terra Nova,town of terra nova,8,79738.0,same name (printings),,"printed differently: case, punctuation, apostrophes, spacing or legal suffix",TOWN OF TERRA NOVA
Stone Island Enterprises Inc.,stone island enterprises,Stone Island Enterprises Inc.,stone island enterprises,2,79680.0,same name (printings),,"printed differently: case, punctuation, apostrophes, spacing or legal suffix",Stone Island Enterprises Inc
Whaleback Senior Citizens Club,whaleback senior citizens club,Whaleback Senior Citizens Club,whaleback senior citizens club,5,79546.0,same name (printings),,"printed differently: case, punctuation, apostrophes, spacing or legal suffix",Whaleback Senior Citizen's Club
SMARTBINSENSOR TECHNOLOGIES INC.,smartbinsensor technologies,SMARTBINSENSOR TECHNOLOGIES INC.,smartbinsensor technologies,2,79525.0,same name (printings),,"printed differently: case, punctuation, apostrophes, spacing or legal suffix",SmartBinSensor Technologies Inc.
Big Brothers Big Sisters of Eastern Newfoundland Inc,big brothers big sisters of eastern newfoundland,Big Brothers Big Sisters of Eastern Newfoundland Inc,big brothers big sisters of eastern newfoundland,8,79075.0,same name (printings),,"printed differently: case, punctuation, apostrophes, spacing or legal suffix",Big Brothers Big Sisters of Eastern Newfoundland
Lethbridge Recreation Inc,lethbridge recreation,Lethbridge Recreation Inc,lethbridge recreation,8,78802.0,same name (printings),,"printed differently: case, punctuation, apostrophes, spacing or legal suffix",Lethbridge Recreation Inc.
Tuckamore Lodge Limited,tuckamore lodge,Tuckamore Lodge Limited,tuckamore lodge,4,78456.0,same name (printings),,"printed differently: case, punctuation, apostrophes, spacing or legal suffix",TUCKAMORE LODGE LIMITED
Delta St John's,delta st johns,Delta St John's,delta st johns,115,78330.62,same name (printings),,"printed differently: case, punctuation, apostrophes, spacing or legal suffix",Delta St john's; Delta St. John's; delta st. john's; DELTA ST. JOHN'S
HIBBS HOLE FISHERMEN'S MUSEUM INC.,hibbs hole fishermens museum,HIBBS HOLE FISHERMEN'S MUSEUM INC.,hibbs hole fishermens museum,11,78244.0,same name (printings),,"printed differently: case, punctuation, apostrophes, spacing or legal suffix",Hibb's Hole Fishermen's Museum Inc; Hibb's Hole Fishermen's Museum Inc.; Hibbs Hole Fishermen's Museum; HIBBS HOLE FISHERMEN'S MUSEUM INC; Hibb's Hole Fishermens Museum; Hibbs Hole Fishermen's Museum Inc.; Hibb's Hole Fishermen's Museum
Atlantis Business Forms Limited,atlantis business forms,Atlantis Business Forms Limited,atlantis business forms,6,78159.0,same name (printings),,"printed differently: case, punctuation, apostrophes, spacing or legal suffix",ATLANTIS BUSINESS FORMS LTD.; ATLANTIS BUSINESS FORMS LIMITED
3043176 Nova Scotia Limited o/a Northerm Business,3043176 nova scotia,3043176 Nova Scotia Limited o/a Northerm Business,3043176 nova scotia,2,77800.0,same name (printings),,"printed differently: case, punctuation, apostrophes, spacing or legal suffix","3043176 NOVA SCOTIA LIMITED, o/a Northern Business Intelligence"
Kinsmen Club of Corner Brook,kinsmen club of corner brook,Kinsmen Club of Corner Brook,kinsmen club of corner brook,14,77791.26,same name (printings),,"printed differently: case, punctuation, apostrophes, spacing or legal suffix",KINSMEN CLUB OF CORNER BROOK
QUIKPRINT SERVICES LIMITED,quikprint services,QUIKPRINT SERVICES LIMITED,quikprint services,60,77765.06,same name (printings),,"printed differently: case, punctuation, apostrophes, spacing or legal suffix",Quikprint Services Ltd.
Royal Canadian Legion Branch 32,royal canadian legion branch 32,Royal Canadian Legion Branch 32,royal canadian legion branch 32,16,77759.0,same name (printings),,"printed differently: case, punctuation, apostrophes, spacing or legal suffix","ROYAL CANADIAN LEGION BRANCH 32; THE ROYAL CANADIAN LEGION BRANCH 32; Royal Canadian Legion, Branch 32"
St. Anthony and Area Boys and Girls Club,st anthony and area boys and girls club,St. Anthony and Area Boys and Girls Club,st anthony and area boys and girls club,7,77657.0,same name (printings),,"printed differently: case, punctuation, apostrophes, spacing or legal suffix",St. Anthony & Area Boys & Girls Club; St.Anthony and Area Boys and Girls Club; St.Anthony & Area Boys & Girls Club; St. Anthony and Area Boys and Girls Club Inc.; St Anthony and Area Boys and Girls Club
Town of Howley,town of howley,Town of Howley,town of howley,17,77427.0,same name (printings),,"printed differently: case, punctuation, apostrophes, spacing or legal suffix",TOWN OF HOWLEY
R & R Hvac,r and r hvac,R & R Hvac,r and r hvac,3,77349.0,same name (printings),,"printed differently: case, punctuation, apostrophes, spacing or legal suffix",R&R HVAC Ltd.; R&R HVAC LTD
MARTIN'S FIRE SAFETY LTD,martins fire safety,MARTIN'S FIRE SAFETY LTD,martins fire safety,4,77339.42,same name (printings),,"printed differently: case, punctuation, apostrophes, spacing or legal suffix",Martin's Fire Safety Ltd.; MARTINS FIRE SAFETY LTD; MARTIN'S FIRE SAFETY LTD.
ELECTRO MECHANICAL SERVICES,electro mechanical services,ELECTRO MECHANICAL SERVICES,electro mechanical services,3,77233.43,same name (printings),,"printed differently: case, punctuation, apostrophes, spacing or legal suffix",Electro Mechanical Services Limited
Port Saunders Enterprises Ltd,port saunders enterprises,Port Saunders Enterprises Ltd,port saunders enterprises,2,77227.0,same name (printings),,"printed differently: case, punctuation, apostrophes, spacing or legal suffix",Port Saunders Enterprises Ltd.
University of Toronto,university of toronto,University of Toronto,university of toronto,4,77000.0,same name (printings),,"printed differently: case, punctuation, apostrophes, spacing or legal suffix",University of Toronto o/a Jack Satterly Geochronology
CANADIAN COURIER LTD O/A DOOLEY'S TRUCKING,canadian courier,CANADIAN COURIER LTD O/A DOOLEY'S TRUCKING,canadian courier,3,76877.55,same name (printings),,"printed differently: case, punctuation, apostrophes, spacing or legal suffix",CANADIAN COURIER LTD.
Adele WALSH,adele walsh,Adele WALSH,adele walsh,4,76816.26,same name (printings),,"printed differently: case, punctuation, apostrophes, spacing or legal suffix",Adèle Walsh; Adèle WALSH
GARDINER CENTRE,gardiner centre,GARDINER CENTRE,gardiner centre,7,76773.41,same name (printings),,"printed differently: case, punctuation, apostrophes, spacing or legal suffix",Gardiner Centre
Modern Business Equipment Limited,modern business equipment,Modern Business Equipment Limited,modern business equipment,5,76685.38,same name (printings),,"printed differently: case, punctuation, apostrophes, spacing or legal suffix",Modern Business Equipment Ltd. c/o De Lage Landen; Modern Business Equipment Ltd
Petroleum & Environmental Services Inc.,petroleum and environmental services,Petroleum & Environmental Services Inc.,petroleum and environmental services,5,76665.97,same name (printings),,"printed differently: case, punctuation, apostrophes, spacing or legal suffix",PETROLEUM & ENVIRONMENTAL SERVICES; PETROLEUM AND ENVIRONMENTAL SERVICES INC.; Petroleum & Environmental Services; Petroleum & Environmental Services Inc
E Polletts Limited,e polletts,E Polletts Limited,e polletts,2,76603.78,same name (printings),,"printed differently: case, punctuation, apostrophes, spacing or legal suffix",E. POLLETT'S LIMITED
Torbay Folk Arts Council Inc.,torbay folk arts council,Torbay Folk Arts Council Inc.,torbay folk arts council,10,76574.0,same name (printings),,"printed differently: case, punctuation, apostrophes, spacing or legal suffix",TORBAY FOLK ARTS COUNCIL INC; TORBAY FOLK ARTS COUNCIL INC.; Torbay Folk Arts Council Inc
Outdoor Shoppe Sales & Rentals Inc,outdoor shoppe sales and rentals,Outdoor Shoppe Sales & Rentals Inc,outdoor shoppe sales and rentals,9,76403.8,same name (printings),,"printed differently: case, punctuation, apostrophes, spacing or legal suffix",The Outdoor Shoppe Sales & Rentals Inc; The Outdoor Shoppe Sales & Rentals Inc o/a Western Petroleum; The Outdoor Shoppe Sales & Rentals Inc o/a Western; THE OUTDOOR SHOPPE SALES & RENTALS; Outdoor Shoppe Sales & Rentals Inc.; THE OUTDOOR SHOPPE SALES & RENTALS INC
"Royal Canadian Legion, Branch #65",royal canadian legion branch 65,"Royal Canadian Legion, Branch #65",royal canadian legion branch 65,8,76058.0,same name (printings),,"printed differently: case, punctuation, apostrophes, spacing or legal suffix",Royal Canadian Legion Branch # 65; Royal Canadian Legion Branch #65; Royal Canadian Legion Branch 65
BURIN HERITAGE TOURISM ASSOCIATION INC.,burin heritage tourism association,BURIN HERITAGE TOURISM ASSOCIATION INC.,burin heritage tourism association,14,75914.0,same name (printings),,"printed differently: case, punctuation, apostrophes, spacing or legal suffix",Burin Heritage Tourism Association; Burin Heritage Tourism Association Inc.
M2Ocean Solutions Inc,m2ocean solutions,M2Ocean Solutions Inc,m2ocean solutions,4,75760.0,same name (printings),,"printed differently: case, punctuation, apostrophes, spacing or legal suffix",M2OCEAN SOLUTIONS INC
Irish Loop Chamber of Commerce Incorporated,irish loop chamber of commerce,Irish Loop Chamber of Commerce Incorporated,irish loop chamber of commerce,9,75346.0,same name (printings),,"printed differently: case, punctuation, apostrophes, spacing or legal suffix",Irish Loop Chamber of Commerce
BADGER DINER,badger diner,BADGER DINER,badger diner,8,75076.47,same name (printings),,"printed differently: case, punctuation, apostrophes, spacing or legal suffix",Badger Diner
Town of Fox Harbour,town of fox harbour,Town of Fox Harbour,town of fox harbour,2,75054.0,same name (printings),,"printed differently: case, punctuation, apostrophes, spacing or legal suffix",TOWN OF FOX HARBOUR
TOWN OF RAMEA,town of ramea,TOWN OF RAMEA,town of ramea,6,75044.0,same name (printings),,"printed differently: case, punctuation, apostrophes, spacing or legal suffix",Town of Ramea
ALS Canada Ltd,als canada,ALS Canada Ltd,als canada,2,75000.0,same name (printings),,"printed differently: case, punctuation, apostrophes, spacing or legal suffix",ALS Canada Ltd.
Relyon Nutec Canada Incorporated,relyon nutec canada,Relyon Nutec Canada Incorporated,relyon nutec canada,3,75000.0,same name (printings),,"printed differently: case, punctuation, apostrophes, spacing or legal suffix",RelyOn Nutec Canada Inc; Relyon Nutec Canada Inc.
Bluefins Swim Team,bluefins swim team,Bluefins Swim Team,bluefins swim team,8,74993.0,same name (printings),,"printed differently: case, punctuation, apostrophes, spacing or legal suffix",The Bluefins Swim Team
Normore Enterprises Ltd.,normore enterprises,Normore Enterprises Ltd.,normore enterprises,10,74789.67,same name (printings),,"printed differently: case, punctuation, apostrophes, spacing or legal suffix",Normore Enterprises Limited; NORMORE ENTERPRISES LTD
PETROLEUM MEASUREMENT INTEGRATORS LTD.,petroleum measurement integrators,PETROLEUM MEASUREMENT INTEGRATORS LTD.,petroleum measurement integrators,2,74517.0,same name (printings),,"printed differently: case, punctuation, apostrophes, spacing or legal suffix","Petroleum Measurement Integrators, Ltd."
Central Service Station Limited o/a Central Service Recreation,central service station,Central Service Station Limited o/a Central Service Recreation,central service station,6,73981.0,same name (printings),,"printed differently: case, punctuation, apostrophes, spacing or legal suffix",Central Service Station Limited; Central Service Station
CFS St John's Family Resource Centre Inc,cfs st johns family resource centre,CFS St John's Family Resource Centre Inc,cfs st johns family resource centre,6,73929.0,same name (printings),,"printed differently: case, punctuation, apostrophes, spacing or legal suffix",CFS St. John's Family Resource Centre Inc
Town of Woody Point,town of woody point,Town of Woody Point,town of woody point,8,73387.0,same name (printings),,"printed differently: case, punctuation, apostrophes, spacing or legal suffix",TOWN OF WOODY POINT
Editions Du Renouveau Pedagogique Inc.,editions du renouveau pedagogique,Editions Du Renouveau Pedagogique Inc.,editions du renouveau pedagogique,2,73379.68,same name (printings),,"printed differently: case, punctuation, apostrophes, spacing or legal suffix",Editions Du Renouveau Pedagogique
Town of Buchans,town of buchans,Town of Buchans,town of buchans,8,73178.0,same name (printings),,"printed differently: case, punctuation, apostrophes, spacing or legal suffix",Town Of Buchans
Harbour Authority of Burgeo,harbour authority of burgeo,Harbour Authority of Burgeo,harbour authority of burgeo,5,73030.75,same name (printings),,"printed differently: case, punctuation, apostrophes, spacing or legal suffix",HARBOUR AUTHORITY OF BURGEO; Harbour Authority of Burgeo Inc.
Town of Burnt Islands Recreation,town of burnt islands recreation,Town of Burnt Islands Recreation,town of burnt islands recreation,5,72695.0,same name (printings),,"printed differently: case, punctuation, apostrophes, spacing or legal suffix",Town Of Burnt Islands Recreation
NORTHEAST AVALON TIMES,northeast avalon times,NORTHEAST AVALON TIMES,northeast avalon times,134,72619.0,same name (printings),,"printed differently: case, punctuation, apostrophes, spacing or legal suffix",NORTHEAST AVALON TIMES (THE)
Regional Aquatic Centre Association,regional aquatic centre association,Regional Aquatic Centre Association,regional aquatic centre association,9,72580.0,same name (printings),,"printed differently: case, punctuation, apostrophes, spacing or legal suffix",Regional Aquatic Centre Association Inc.
"VIOLENCE PREVENTION, NORTHERN PENINSULA INC.",violence prevention northern peninsula,"VIOLENCE PREVENTION, NORTHERN PENINSULA INC.",violence prevention northern peninsula,5,72414.0,same name (printings),,"printed differently: case, punctuation, apostrophes, spacing or legal suffix","VIOLENCE PREVENTION NORTHERN PENINSULA, INC.; Violence Prevention Northern Peninsula; Violence Prevention, Northern Peninsula Inc."
Headhunter Inc.,headhunter,Headhunter Inc.,headhunter,2,72374.74,same name (printings),,"printed differently: case, punctuation, apostrophes, spacing or legal suffix",Headhunter Inc
BDW Roofing,bdw roofing,BDW Roofing,bdw roofing,2,72329.7,same name (printings),,"printed differently: case, punctuation, apostrophes, spacing or legal suffix",BDW ROOFING LTD
Trudell Healthcare solutions,trudell healthcare solutions,Trudell Healthcare solutions,trudell healthcare solutions,2,72310.2,same name (printings),,"printed differently: case, punctuation, apostrophes, spacing or legal suffix",Trudell Healthcare Solutions
Turmot Inc,turmot,Turmot Inc,turmot,4,72126.43,same name (printings),,"printed differently: case, punctuation, apostrophes, spacing or legal suffix",Turmot Inc.; TURMOT INC
WOMEN'S WORK FESTIVAL,womens work festival,WOMEN'S WORK FESTIVAL,womens work festival,8,72000.0,same name (printings),,"printed differently: case, punctuation, apostrophes, spacing or legal suffix",WOMEN'S WORK FESTIVAL INC.
Drive Products,drive products,Drive Products,drive products,4,71908.74,same name (printings),,"printed differently: case, punctuation, apostrophes, spacing or legal suffix",Drive Products Inc.; DRIVE PRODUCTS INC
Newvalve Services & Consulting Inc,newvalve services and consulting,Newvalve Services & Consulting Inc,newvalve services and consulting,2,71700.0,same name (printings),,"printed differently: case, punctuation, apostrophes, spacing or legal suffix",Newvalve Services & Consulting Inc.
Shield Access Solutions Inc.,shield access solutions,Shield Access Solutions Inc.,shield access solutions,2,71412.5,same name (printings),,"printed differently: case, punctuation, apostrophes, spacing or legal suffix",SHIELD ACCESS SOLUTIONS INC
10162 NFLD Limited o/a Marsh Motorsports,10162 newfoundland,10162 NFLD Limited o/a Marsh Motorsports,10162 newfoundland,6,71367.85,same name (printings),,"printed differently: case, punctuation, apostrophes, spacing or legal suffix",10162 NFLD LIMITED; 10162 NFLD Ltd.
Anglican Cemetery Committee of St. John's and Mt Pearl,anglican cemetery committee of st johns and mt pearl,Anglican Cemetery Committee of St. John's and Mt Pearl,anglican cemetery committee of st johns and mt pearl,11,71316.0,same name (printings),,"printed differently: case, punctuation, apostrophes, spacing or legal suffix",The Anglican Cemetery Committee of St. John's & Mt. Pearl; The Anglican Cemetery Committee of St John's & Mt Pearl; The Anglican Cemetery Committee of St John's & Mt. Pearl; Anglican Cemetery Committee of St. John's & Mt. Pearl
The New Vogue Furriers Limited,new vogue furriers,The New Vogue Furriers Limited,new vogue furriers,3,71000.0,same name (printings),,"printed differently: case, punctuation, apostrophes, spacing or legal suffix",The New Vogue Furriers Ltd.
The Corner Brook Tennis Club,corner brook tennis club,The Corner Brook Tennis Club,corner brook tennis club,6,70975.0,same name (printings),,"printed differently: case, punctuation, apostrophes, spacing or legal suffix",The Corner Brook Tennis Club Inc.; The Corner Brook Tennis Club Inc
"Fish, Food and Allied Workers Union/Unifor",fish food and allied workers union unifor,"Fish, Food and Allied Workers Union/Unifor",fish food and allied workers union unifor,2,70963.0,same name (printings),,"printed differently: case, punctuation, apostrophes, spacing or legal suffix","Fish, Food, and Allied Workers Union – Unifor (FFAW)"
Burin Minor Soccer Parents Association,burin minor soccer parents association,Burin Minor Soccer Parents Association,burin minor soccer parents association,4,70939.0,same name (printings),,"printed differently: case, punctuation, apostrophes, spacing or legal suffix",BURIN MINOR SOCCER PARENTS ASSOCIATION
"Southern Labrador Family Centres, Inc.",southern labrador family centres,"Southern Labrador Family Centres, Inc.",southern labrador family centres,5,70868.0,same name (printings),,"printed differently: case, punctuation, apostrophes, spacing or legal suffix",Southern Labrador Family Centres
GOOSE REAL ESTATE LIMITED,goose real estate,GOOSE REAL ESTATE LIMITED,goose real estate,5,70753.76,same name (printings),,"printed differently: case, punctuation, apostrophes, spacing or legal suffix",Goose Real Estate Limited
CBS Minor Softball Association Inc.,cbs minor softball association,CBS Minor Softball Association Inc.,cbs minor softball association,8,70724.0,same name (printings),,"printed differently: case, punctuation, apostrophes, spacing or legal suffix",CBS MINOR SOFTBALL ASSOCIATION INC
Grand Falls-Windsor Minor Soccer Association,grand falls windsor minor soccer association,Grand Falls-Windsor Minor Soccer Association,grand falls windsor minor soccer association,4,70717.0,same name (printings),,"printed differently: case, punctuation, apostrophes, spacing or legal suffix",Grand Falls - Windsor Minor Soccer Association
Town of Cupids,town of cupids,Town of Cupids,town of cupids,7,70496.0,same name (printings),,"printed differently: case, punctuation, apostrophes, spacing or legal suffix",THE TOWN OF CUPIDS
S&J Fisheries Inc.,s and j fisheries,S&J Fisheries Inc.,s and j fisheries,2,69930.0,same name (printings),,"printed differently: case, punctuation, apostrophes, spacing or legal suffix",S & J Fisheries Inc.
AGVITUK SOCIETY,agvituk society,AGVITUK SOCIETY,agvituk society,2,69625.03,same name (printings),,"printed differently: case, punctuation, apostrophes, spacing or legal suffix",Agvituk Society
Western Star Trucks Newfoundland Limited,western star trucks newfoundland,Western Star Trucks Newfoundland Limited,western star trucks newfoundland,5,69600.4,same name (printings),,"printed differently: case, punctuation, apostrophes, spacing or legal suffix",WESTERN STAR TRUCKS NEWFOUNDLAND
NORTHERN PENINSULA (MEKAP'SK) MI'KMAQ BAND,northern peninsula mekapsk mikmaq band,NORTHERN PENINSULA (MEKAP'SK) MI'KMAQ BAND,northern peninsula mekapsk mikmaq band,3,69574.78,same name (printings),,"printed differently: case, punctuation, apostrophes, spacing or legal suffix",Northern Peninsula (Mekap'sk) Mi'kmaq Band; Northern Peninsula Mekap'sk Mi'kmaq Band
Lab West Child Care INC,lab west child care,Lab West Child Care INC,lab west child care,7,69498.0,same name (printings),,"printed differently: case, punctuation, apostrophes, spacing or legal suffix",Lab West Child Care Inc.; Lab West Child Care Inc
Les Terre-Neuviens Français,les terre neuviens francais,Les Terre-Neuviens Français,les terre neuviens francais,9,69422.0,same name (printings),,"printed differently: case, punctuation, apostrophes, spacing or legal suffix",Les Terre Neuviens Français Inc; Les Terre-Neuviens Français Inc; LES TERRE-NEUVIENS FRANÇAIS; Les Terre Neuviens Français Inc.; Les Terre-Neuviens Français Inc.
Newfoundland and Labrador Soccer Association,newfoundland and labrador soccer association,Newfoundland and Labrador Soccer Association,newfoundland and labrador soccer association,7,69407.0,same name (printings),,"printed differently: case, punctuation, apostrophes, spacing or legal suffix",Newfoundland and Labrador Soccer Association Inc.; Newfoundland & Labrador Soccer Association
Hermitage Lions Club,hermitage lions club,Hermitage Lions Club,hermitage lions club,6,69189.0,same name (printings),,"printed differently: case, punctuation, apostrophes, spacing or legal suffix",HERMITAGE LIONS CLUB INC.; Hermitage Lions Club INC.; Hermitage Lions Club INC
Labrador West Coxswains Association,labrador west coxswains association,Labrador West Coxswains Association,labrador west coxswains association,7,69033.0,same name (printings),,"printed differently: case, punctuation, apostrophes, spacing or legal suffix",Labrador West Coxswain's Association
Carmanville Recreation Committee Inc.,carmanville recreation committee,Carmanville Recreation Committee Inc.,carmanville recreation committee,8,68994.0,same name (printings),,"printed differently: case, punctuation, apostrophes, spacing or legal suffix",Carmanville Recreation Committee Inc; Carmanville Recreation Committee Incorporated
Crs Fishing Enterprises Ltd,crs fishing enterprises,Crs Fishing Enterprises Ltd,crs fishing enterprises,2,68533.5,same name (printings),,"printed differently: case, punctuation, apostrophes, spacing or legal suffix",CRS Fishing Enterprises Ltd.
Concord Paving Limited,concord paving,Concord Paving Limited,concord paving,5,68500.0,same name (printings),,"printed differently: case, punctuation, apostrophes, spacing or legal suffix",CONCORD PAVING LIMITED
VWR International,vwr international,VWR International,vwr international,3,68302.69,same name (printings),,"printed differently: case, punctuation, apostrophes, spacing or legal suffix",VWR International Company; VWR INTERNATIONAL COMPANY
Central Northeast Health Foundation Inc.,central northeast health foundation,Central Northeast Health Foundation Inc.,central northeast health foundation,12,68128.0,same name (printings),,"printed differently: case, punctuation, apostrophes, spacing or legal suffix",CENTRAL NORTHEAST HEALTH FOUNDATION INC; Central Northeast Health Foundation
Lewisporte Area 50 + Club Incorporated,lewisporte area 50 club,Lewisporte Area 50 + Club Incorporated,lewisporte area 50 club,4,68068.0,same name (printings),,"printed differently: case, punctuation, apostrophes, spacing or legal suffix",Lewisporte Area 50+ Club Inc.
DOMINION RECYCLING,dominion recycling,DOMINION RECYCLING,dominion recycling,5,68032.52,same name (printings),,"printed differently: case, punctuation, apostrophes, spacing or legal suffix",Dominion Recycling Limited
The Evening Breeze 50+ Club Inc.,evening breeze 50 club,The Evening Breeze 50+ Club Inc.,evening breeze 50 club,4,68000.0,same name (printings),,"printed differently: case, punctuation, apostrophes, spacing or legal suffix",The Evening Breeze 50+ Club; Evening Breeze 50+ Club Inc.
Rogers Communications Canada Inc.,rogers communications canada,Rogers Communications Canada Inc.,rogers communications canada,2,67912.28,same name (printings),,"printed differently: case, punctuation, apostrophes, spacing or legal suffix",Rogers Communications Canada Inc
NEWFOUNDLAND AND LABRADOR ASSOCIATION OF COMMUNITY BUSINESS DEVELOPMENT CORPORATIONS INC.,newfoundland and labrador association of community business development corporations,NEWFOUNDLAND AND LABRADOR ASSOCIATION OF COMMUNITY BUSINESS DEVELOPMENT CORPORATIONS INC.,newfoundland and labrador association of community business development corporations,3,67685.0,same name (printings),,"printed differently: case, punctuation, apostrophes, spacing or legal suffix",Newfoundland and Labrador Association of Community Business Development Corporations (NLACBDC)
Vinland Materials Inc,vinland materials,Vinland Materials Inc,vinland materials,4,67368.0,same name (printings),,"printed differently: case, punctuation, apostrophes, spacing or legal suffix",Vinland Materials Inc.; Vinland Materials Incorporated
Brigus Sports & Recreation,brigus sports and recreation,Brigus Sports & Recreation,brigus sports and recreation,6,66987.0,same name (printings),,"printed differently: case, punctuation, apostrophes, spacing or legal suffix",Brigus Sports and Recreation
Harbour Grace Ocean Industries Inc.,harbour grace ocean industries,Harbour Grace Ocean Industries Inc.,harbour grace ocean industries,3,66596.8,same name (printings),,"printed differently: case, punctuation, apostrophes, spacing or legal suffix",HARBOUR GRACE OCEAN INDUSTRIES
Matthew Legacy Inc,matthew legacy,Matthew Legacy Inc,matthew legacy,8,66123.0,same name (printings),,"printed differently: case, punctuation, apostrophes, spacing or legal suffix",MATTHEW LEGACY INC; Matthew Legacy Inc.; Matthew Legacy
Community Education Network (CEN) Western Newfoundland Inc.,community education network cen western newfoundland,Community Education Network (CEN) Western Newfoundland Inc.,community education network cen western newfoundland,2,66075.0,same name (printings),,"printed differently: case, punctuation, apostrophes, spacing or legal suffix","Community Education Network (CEN) Western Newfoundland, Inc."
P & P Hotels Limited,p and p hotels,P & P Hotels Limited,p and p hotels,2,66005.0,same name (printings),,"printed differently: case, punctuation, apostrophes, spacing or legal suffix",P & P Hotels limited
Eaton Industries (Canada) Company,eaton industries canada,Eaton Industries (Canada) Company,eaton industries canada,3,65821.0,same name (printings),,"printed differently: case, punctuation, apostrophes, spacing or legal suffix",EATON INDUSTRIES (CANADA) COMPANY
Glenwood Recreation Committee,glenwood recreation committee,Glenwood Recreation Committee,glenwood recreation committee,7,65587.0,same name (printings),,"printed differently: case, punctuation, apostrophes, spacing or legal suffix",GLENWOOD RECREATION COMMITTEE
Bay Roberts 50 Plus Club Corp,bay roberts 50 plus club,Bay Roberts 50 Plus Club Corp,bay roberts 50 plus club,3,65432.0,same name (printings),,"printed differently: case, punctuation, apostrophes, spacing or legal suffix",Bay Roberts 50 Plus Club Corp.
HARBOUR AUTHORITY LARK HARBOUR-YORK HARBOUR,harbour authority lark harbour york harbour,HARBOUR AUTHORITY LARK HARBOUR-YORK HARBOUR,harbour authority lark harbour york harbour,2,65340.5,same name (printings),,"printed differently: case, punctuation, apostrophes, spacing or legal suffix",Harbour Authority Lark Harbour-York Harbour
Society of Saint Vincent de Paul St. Patrick's Conference,society of saint vincent de paul st patricks conference,Society of Saint Vincent de Paul St. Patrick's Conference,society of saint vincent de paul st patricks conference,3,65321.0,same name (printings),,"printed differently: case, punctuation, apostrophes, spacing or legal suffix","Society of Saint Vincent de Paul, St. Patrick's Conference"
AVALON RECYCLING SERVICES LTD.,avalon recycling services,AVALON RECYCLING SERVICES LTD.,avalon recycling services,3,65195.84,same name (printings),,"printed differently: case, punctuation, apostrophes, spacing or legal suffix",AVALON RECYCLING SERVICES LTD; Avalon Recycling Services Ltd.
Waterford Valley Sports Association,waterford valley sports association,Waterford Valley Sports Association,waterford valley sports association,3,65136.0,same name (printings),,"printed differently: case, punctuation, apostrophes, spacing or legal suffix",Waterford Valley Sports Association Inc; Waterford Valley Sports Association Inc.
HARBOUR AUTHORITY OF PRINCETON,harbour authority of princeton,HARBOUR AUTHORITY OF PRINCETON,harbour authority of princeton,4,64951.55,same name (printings),,"printed differently: case, punctuation, apostrophes, spacing or legal suffix",Harbour authority of Princeton
Harbour Construction Ltd.,harbour construction,Harbour Construction Ltd.,harbour construction,2,64790.0,same name (printings),,"printed differently: case, punctuation, apostrophes, spacing or legal suffix",Harbour Construction Ltd
House of Diamonds Art Centre Inc.,house of diamonds art centre,House of Diamonds Art Centre Inc.,house of diamonds art centre,3,64751.0,same name (printings),,"printed differently: case, punctuation, apostrophes, spacing or legal suffix",The House of Diamonds Art Centre; House of Diamonds Art Centre Inc
Rockwell Collins Inc.,rockwell collins,Rockwell Collins Inc.,rockwell collins,7,64432.18,same name (printings),,"printed differently: case, punctuation, apostrophes, spacing or legal suffix",Rockwell Collins; ROCKWELL COLLINS INC; Rockwell Collins Inc
Clarenville and Area Community Youth Network,clarenville and area community youth network,Clarenville and Area Community Youth Network,clarenville and area community youth network,8,64191.0,same name (printings),,"printed differently: case, punctuation, apostrophes, spacing or legal suffix",Clarenville & Area Community Youth Network
St. Alban's Lions Club,st albans lions club,St. Alban's Lions Club,st albans lions club,8,64047.0,same name (printings),,"printed differently: case, punctuation, apostrophes, spacing or legal suffix",St Alban's Lions Club; St. Alban's Lion's Club
HARBOUR AUTHORITY OF ROCKY HARBOUR,harbour authority of rocky harbour,HARBOUR AUTHORITY OF ROCKY HARBOUR,harbour authority of rocky harbour,2,63684.95,same name (printings),,"printed differently: case, punctuation, apostrophes, spacing or legal suffix",Harbour Authority of Rocky Harbour
ST. SHOTTS RECREATION COMMITTEE,st shotts recreation committee,ST. SHOTTS RECREATION COMMITTEE,st shotts recreation committee,12,63672.0,same name (printings),,"printed differently: case, punctuation, apostrophes, spacing or legal suffix",St. Shott's Recreation Committee; St.Shott's Recreation Committee Inc.
BROWN OFFSHORE (1997) INC,brown offshore 1997,BROWN OFFSHORE (1997) INC,brown offshore 1997,2,63529.75,same name (printings),,"printed differently: case, punctuation, apostrophes, spacing or legal suffix",Brown Offshore (1997) Inc.
North River 50+ Friendship Club Inc.,north river 50 friendship club,North River 50+ Friendship Club Inc.,north river 50 friendship club,5,63520.0,same name (printings),,"printed differently: case, punctuation, apostrophes, spacing or legal suffix",NORTH RIVER 50+ FRIENDSHIP CLUB INC.
Babb Lock and Safe,babb lock and safe,Babb Lock and Safe,babb lock and safe,3,63433.0,same name (printings),,"printed differently: case, punctuation, apostrophes, spacing or legal suffix",Babb Lock & Safe Company; Babb Lock & Safe Company Limited
Kongsberg Maritime Canada Limited,kongsberg maritime canada,Kongsberg Maritime Canada Limited,kongsberg maritime canada,4,63203.84,same name (printings),,"printed differently: case, punctuation, apostrophes, spacing or legal suffix",KONGSBERG MARITIME CANADA LTD; KONGSBERG MARITIME CANADA LTD.
Witless Bay Retirement Centre,witless bay retirement centre,Witless Bay Retirement Centre,witless bay retirement centre,5,62657.0,same name (printings),,"printed differently: case, punctuation, apostrophes, spacing or legal suffix",Witless Bay Retirement Centre Inc
Kerr Controls,kerr controls,Kerr Controls,kerr controls,3,62489.47,same name (printings),,"printed differently: case, punctuation, apostrophes, spacing or legal suffix",Kerr Controls Limited; KERR CONTROLS LIMITED
Glenn Ashford o/a Tyr Tactical,glenn ashford,Glenn Ashford o/a Tyr Tactical,glenn ashford,2,62376.65,same name (printings),,"printed differently: case, punctuation, apostrophes, spacing or legal suffix",Glenn Ashford o/a Try Tactical Canada
Kelyn Technologies Inc,kelyn technologies,Kelyn Technologies Inc,kelyn technologies,5,62336.85,same name (printings),,"printed differently: case, punctuation, apostrophes, spacing or legal suffix",Kelyn Technologies INC; Kelyn Technologies; Kelyn technologies Inc
Abade Contracting Services Inc.,abade contracting services,Abade Contracting Services Inc.,abade contracting services,5,62296.31,same name (printings),,"printed differently: case, punctuation, apostrophes, spacing or legal suffix",Abade Contracting Services Inc
Clarke's Trucking and Excavating Limited,clarkes trucking and excavating,Clarke's Trucking and Excavating Limited,clarkes trucking and excavating,2,62080.0,same name (printings),,"printed differently: case, punctuation, apostrophes, spacing or legal suffix",Clarke's Trucking and Excavating Ltd
Port de Grave Recreation Board,port de grave recreation board,Port de Grave Recreation Board,port de grave recreation board,7,61848.0,same name (printings),,"printed differently: case, punctuation, apostrophes, spacing or legal suffix",PORT DE GRAVE RECREATION BOARD
The Governing Council of The Salvation Army in Canada,governing council of salvation army in canada [bn 107951618RR0038],The Governing Council of The Salvation Army in Canada,governing council of salvation army in canada [bn 107951618RR0038],6,61629.0,same name (printings),,"printed differently: case, punctuation, apostrophes, spacing or legal suffix",The Governing Council of the Salvation Army in Canada
Admiralty House Museum & Archive Inc.,admiralty house museum and archive,Admiralty House Museum & Archive Inc.,admiralty house museum and archive,7,61595.0,same name (printings),,"printed differently: case, punctuation, apostrophes, spacing or legal suffix",Admiralty House Museum and Archive Incorporated
Kiwanis Club of Gander,kiwanis club of gander,Kiwanis Club of Gander,kiwanis club of gander,8,61568.0,same name (printings),,"printed differently: case, punctuation, apostrophes, spacing or legal suffix",KIWANIS CLUB OF GANDER
The Open Door Community Youth Network Inc.,open door community youth network,The Open Door Community Youth Network Inc.,open door community youth network,8,61548.0,same name (printings),,"printed differently: case, punctuation, apostrophes, spacing or legal suffix",The Open Door Community Youth Network
NF Rugby and Swilers Rugby Football Club,nf rugby and swilers rugby football club,NF Rugby and Swilers Rugby Football Club,nf rugby and swilers rugby football club,4,61448.0,same name (printings),,"printed differently: case, punctuation, apostrophes, spacing or legal suffix",Nf rugby and Swilers Rugby Football Club
Community Youth Network Isles of Notre Dame Corp,community youth network isles of notre dame,Community Youth Network Isles of Notre Dame Corp,community youth network isles of notre dame,7,61307.0,same name (printings),,"printed differently: case, punctuation, apostrophes, spacing or legal suffix",Community Youth Network Isles of Notre Dame Corp.; Community Youth Network - Isles of Notre Dame; Community Youth Network - Isles of Notre Dame Corporation
Galen Medical,galen medical,Galen Medical,galen medical,2,61220.0,same name (printings),,"printed differently: case, punctuation, apostrophes, spacing or legal suffix",GALEN MEDICAL LTD.
BLACK ROCK PAVING,black rock paving,BLACK ROCK PAVING,black rock paving,3,60770.0,same name (printings),,"printed differently: case, punctuation, apostrophes, spacing or legal suffix",Black Rock Paving
easyVet Veterinary Hospital Inc.,easyvet veterinary hospital,easyVet Veterinary Hospital Inc.,easyvet veterinary hospital,2,60506.0,same name (printings),,"printed differently: case, punctuation, apostrophes, spacing or legal suffix",easyVet Veterinary Hospital Inc
Solution Tree Education Canada,solution tree education canada,Solution Tree Education Canada,solution tree education canada,3,60436.43,same name (printings),,"printed differently: case, punctuation, apostrophes, spacing or legal suffix",SOLUTION TREE EDUCATION CANADA
St. Alban's Heritage Society,st albans heritage society,St. Alban's Heritage Society,st albans heritage society,8,60205.0,same name (printings),,"printed differently: case, punctuation, apostrophes, spacing or legal suffix",St Alban’s Heritage Society
Little People's Workshop Limited,little peoples workshop,Little People's Workshop Limited,little peoples workshop,10,60168.0,same name (printings),,"printed differently: case, punctuation, apostrophes, spacing or legal suffix",Little People's Workshop
Exploits Community Association,exploits community association,Exploits Community Association,exploits community association,8,60103.0,same name (printings),,"printed differently: case, punctuation, apostrophes, spacing or legal suffix",Exploit's Community Association INC; Exploits Community Association Inc
"Recreation Committee of Virgin Arm, Carters Cove, Parkview",recreation committee of virgin arm carters cove parkview,"Recreation Committee of Virgin Arm, Carters Cove, Parkview",recreation committee of virgin arm carters cove parkview,7,60052.0,same name (printings),,"printed differently: case, punctuation, apostrophes, spacing or legal suffix","Recreation Committee of Virgin Arm, Carter's Cove, Parkview"
"Best Medical International, INC",best medical international,"Best Medical International, INC",best medical international,2,60000.0,same name (printings),,"printed differently: case, punctuation, apostrophes, spacing or legal suffix","Best Medical International, Inc."
Dawe's Mobile Welding,dawes mobile welding,Dawe's Mobile Welding,dawes mobile welding,3,59995.0,same name (printings),,"printed differently: case, punctuation, apostrophes, spacing or legal suffix",DAWE'S MOBILE WELDING
INDEPENDENT MEDIA INCORPORATED (THE),independent media,INDEPENDENT MEDIA INCORPORATED (THE),independent media,7,59694.0,same name (printings),,"printed differently: case, punctuation, apostrophes, spacing or legal suffix",The Independent Media Incorporated; THE INDEPENDENT MEDIA INCORPORATED
TRITON RECREATION COMMISSION,triton recreation commission,TRITON RECREATION COMMISSION,triton recreation commission,16,59645.0,same name (printings),,"printed differently: case, punctuation, apostrophes, spacing or legal suffix",Triton Recreation Commission
Isle aux Morts Heritage Society Incorporated,isle aux morts heritage society,Isle aux Morts Heritage Society Incorporated,isle aux morts heritage society,6,59546.0,same name (printings),,"printed differently: case, punctuation, apostrophes, spacing or legal suffix",Isle aux Morts Heritage Society Inc; Isle aux Morts Heritage Society Inc.
Makinsons 50 Plus Go Getters Club Inc.,makinsons 50 plus go getters club,Makinsons 50 Plus Go Getters Club Inc.,makinsons 50 plus go getters club,4,59378.0,same name (printings),,"printed differently: case, punctuation, apostrophes, spacing or legal suffix",Makinson's 50 Plus Go Getters Club; Makinsons 50 Plus Go Getters Club
Birchy Bay Volunteer Services,birchy bay volunteer services,Birchy Bay Volunteer Services,birchy bay volunteer services,9,59272.0,same name (printings),,"printed differently: case, punctuation, apostrophes, spacing or legal suffix",BIRCHY BAY VOLUNTEER SERVICES
Alexander Murray Hiking Trail,alexander murray hiking trail,Alexander Murray Hiking Trail,alexander murray hiking trail,6,58979.0,same name (printings),,"printed differently: case, punctuation, apostrophes, spacing or legal suffix",The Alexander Murray Hiking Trail
Town of Gaultois,town of gaultois,Town of Gaultois,town of gaultois,3,58834.0,same name (printings),,"printed differently: case, punctuation, apostrophes, spacing or legal suffix",The Town of Gaultois
Twillingate Museum Association,twillingate museum association,Twillingate Museum Association,twillingate museum association,9,58609.0,same name (printings),,"printed differently: case, punctuation, apostrophes, spacing or legal suffix",THE TWILLINGATE MUSEUM ASSOCIATION
ALARM SERVICES LTD.,alarm services,ALARM SERVICES LTD.,alarm services,3,58523.09,same name (printings),,"printed differently: case, punctuation, apostrophes, spacing or legal suffix",ALARM SERVICES LIMITED
Straits St. Barbe Chronic Care Corp,straits st barbe chronic care,Straits St. Barbe Chronic Care Corp,straits st barbe chronic care,8,58081.0,same name (printings),,"printed differently: case, punctuation, apostrophes, spacing or legal suffix",Straits-St. Barbe Chronic Care Corporation; Straits St. Barbe Chronic Care Corp.; Straits-St. Barbe Chronic Care Corp.
HAWK DUPLICATING LIMITED,hawk duplicating,HAWK DUPLICATING LIMITED,hawk duplicating,8,58017.3,same name (printings),,"printed differently: case, punctuation, apostrophes, spacing or legal suffix",Hawk Duplicating Limited
N JOHNSON LIMITED,n johnson,N JOHNSON LIMITED,n johnson,4,57836.0,same name (printings),,"printed differently: case, punctuation, apostrophes, spacing or legal suffix",N Johnson Limited
Durrell Museum Corporation,durrell museum,Durrell Museum Corporation,durrell museum,9,57723.0,same name (printings),,"printed differently: case, punctuation, apostrophes, spacing or legal suffix",DURRELL MUSEUM CORPORATION
NEWFOUNDLAND AND LABRADOR PHARMACY MUSEUM,newfoundland and labrador pharmacy museum,NEWFOUNDLAND AND LABRADOR PHARMACY MUSEUM,newfoundland and labrador pharmacy museum,5,57556.0,same name (printings),,"printed differently: case, punctuation, apostrophes, spacing or legal suffix",Newfoundland & Labrador Pharmacy Museum Inc.; The Newfoundland & Labrador Pharmacy Museum Inc.; The Newfoundland and Labrador Pharmacy Museum Inc.
Summerford & Area Age Friendly,summerford and area age friendly,Summerford & Area Age Friendly,summerford and area age friendly,5,57427.0,same name (printings),,"printed differently: case, punctuation, apostrophes, spacing or legal suffix",Summerford and Area Age Friendly
LifePort Inc,lifeport,LifePort Inc,lifeport,5,57070.57,same name (printings),,"printed differently: case, punctuation, apostrophes, spacing or legal suffix",Lifeport Inc.; Lifeport INC
Best Western Plus,best western plus,Best Western Plus,best western plus,112,57063.18,same name (printings),,"printed differently: case, punctuation, apostrophes, spacing or legal suffix",best western plus; Best Western plus; Best WEstern Plus
Elements Outdoor Forest Program Inc.,elements outdoor forest program,Elements Outdoor Forest Program Inc.,elements outdoor forest program,4,57055.0,same name (printings),,"printed differently: case, punctuation, apostrophes, spacing or legal suffix",Elements Outdoor Forest Program Inc
J RUTH SIMMONS PSYCHOLOGICAL SERVICES,j ruth simmons psychological services,J RUTH SIMMONS PSYCHOLOGICAL SERVICES,j ruth simmons psychological services,2,57040.0,same name (printings),,"printed differently: case, punctuation, apostrophes, spacing or legal suffix",J. Ruth Simmons Psychological Services
CONTAINERIZED SANITATION LTD,containerized sanitation,CONTAINERIZED SANITATION LTD,containerized sanitation,4,57002.28,same name (printings),,"printed differently: case, punctuation, apostrophes, spacing or legal suffix",CONTAINERIZED SANITATION LIMITED
Acrow,acrow,Acrow,acrow,2,56962.0,same name (printings),,"printed differently: case, punctuation, apostrophes, spacing or legal suffix",Acrow Limited
RUGGED EDGE LIMITED,rugged edge,RUGGED EDGE LIMITED,rugged edge,5,56514.55,same name (printings),,"printed differently: case, punctuation, apostrophes, spacing or legal suffix",rugged edge limited
Intervet Canada Corp,intervet canada,Intervet Canada Corp,intervet canada,5,56496.02,same name (printings),,"printed differently: case, punctuation, apostrophes, spacing or legal suffix",Intervet Canada Corp.
Kilbride to Ferryland Family Resource Coalition Inc.,kilbride to ferryland family resource coalition,Kilbride to Ferryland Family Resource Coalition Inc.,kilbride to ferryland family resource coalition,8,56210.0,same name (printings),,"printed differently: case, punctuation, apostrophes, spacing or legal suffix",Kilbride To Ferryland Family Resource Coalition Inc.
FAST FIRST AID & SURVIVAL TECHNOLOGIES LIMITED,fast first aid and survival technologies,FAST FIRST AID & SURVIVAL TECHNOLOGIES LIMITED,fast first aid and survival technologies,2,56000.0,same name (printings),,"printed differently: case, punctuation, apostrophes, spacing or legal suffix",Fast First Aid & Survival Technologies Limited
JOHN D ALLAN LIMITED,john d allan,JOHN D ALLAN LIMITED,john d allan,39,55959.0,same name (printings),,"printed differently: case, punctuation, apostrophes, spacing or legal suffix",John D Allan Limited o/a Cabot Business Forms
Strong Engineering Ltd.,strong engineering,Strong Engineering Ltd.,strong engineering,2,55500.0,same name (printings),,"printed differently: case, punctuation, apostrophes, spacing or legal suffix",Strong Engineering Limited
PRIME BERTH HISTORIC FISHING CENTER INC.,prime berth historic fishing center,PRIME BERTH HISTORIC FISHING CENTER INC.,prime berth historic fishing center,4,55500.0,same name (printings),,"printed differently: case, punctuation, apostrophes, spacing or legal suffix",Prime Berth Historic Fishing Center Inc.
Lester's Farm Market Inc.,lesters farm market,Lester's Farm Market Inc.,lesters farm market,3,55499.6,same name (printings),,"printed differently: case, punctuation, apostrophes, spacing or legal suffix",Lester's Farm Market
Youth 2000 Centre (Y2C) Corporation,youth 2000 centre y2c,Youth 2000 Centre (Y2C) Corporation,youth 2000 centre y2c,5,55483.0,same name (printings),,"printed differently: case, punctuation, apostrophes, spacing or legal suffix",Youth 2000 Centre Corp (Y2C); YOUTH 2000 CENTRE (Y2C) CORPORATION
Winterland Recreation Board,winterland recreation board,Winterland Recreation Board,winterland recreation board,8,55467.0,same name (printings),,"printed differently: case, punctuation, apostrophes, spacing or legal suffix",Winterland recreation board
St John's Legends Swim Club Inc,st johns legends swim club,St John's Legends Swim Club Inc,st johns legends swim club,8,55270.0,same name (printings),,"printed differently: case, punctuation, apostrophes, spacing or legal suffix","St. John's Legends Swim Club Inc; St. John's Legends Swim Club, Inc."
Precision Aero Components Inc.,precision aero components,Precision Aero Components Inc.,precision aero components,3,55179.4,same name (printings),,"printed differently: case, punctuation, apostrophes, spacing or legal suffix",PRECISION AERO COMPONENTS INC
HOPE FOR RYAN INCORPORATED,hope for ryan,HOPE FOR RYAN INCORPORATED,hope for ryan,14,55151.0,same name (printings),,"printed differently: case, punctuation, apostrophes, spacing or legal suffix",Hope For Ryan Incorporated
OTT Hydromet Corporation,ott hydromet,OTT Hydromet Corporation,ott hydromet,3,55068.8,same name (printings),,"printed differently: case, punctuation, apostrophes, spacing or legal suffix",OTT HYDROMET CORPORATION
La Scie Recreation Commission Inc.,la scie recreation commission,La Scie Recreation Commission Inc.,la scie recreation commission,6,55031.0,same name (printings),,"printed differently: case, punctuation, apostrophes, spacing or legal suffix",LA SCIE RECREATION COMMISSION INC.
ST. JOHN'S SHORTS,st johns shorts,ST. JOHN'S SHORTS,st johns shorts,6,55000.0,same name (printings),,"printed differently: case, punctuation, apostrophes, spacing or legal suffix",ST. JOHN'S SHORTS INC.
French Rooms Cultural Center Inc.,french rooms cultural center,French Rooms Cultural Center Inc.,french rooms cultural center,8,54749.0,same name (printings),,"printed differently: case, punctuation, apostrophes, spacing or legal suffix",French Rooms Cultural Center
Idexx Laboratories Canada Corporation,idexx laboratories canada,Idexx Laboratories Canada Corporation,idexx laboratories canada,3,54731.27,same name (printings),,"printed differently: case, punctuation, apostrophes, spacing or legal suffix",IDEXX Laboratories Canada Corporation
Pitcher's Pond Golf Course Incorporated,pitchers pond golf course,Pitcher's Pond Golf Course Incorporated,pitchers pond golf course,7,54549.0,same name (printings),,"printed differently: case, punctuation, apostrophes, spacing or legal suffix",Pitchers Pond Golf Course Incorporated; Pitcher's Pond Golf Course Inc; Pitchers Pond Golf Course Inc
Whitten Agencies Limited,whitten agencies,Whitten Agencies Limited,whitten agencies,2,54354.0,same name (printings),,"printed differently: case, punctuation, apostrophes, spacing or legal suffix",WHITTEN AGENCIES LTD
Green Bay Economic Development Association,green bay economic development association,Green Bay Economic Development Association,green bay economic development association,5,54074.0,same name (printings),,"printed differently: case, punctuation, apostrophes, spacing or legal suffix",Green Bay Economic Development Association Corporation
Plate Cove Recreation Committee Inc.,plate cove recreation committee,Plate Cove Recreation Committee Inc.,plate cove recreation committee,8,54006.0,same name (printings),,"printed differently: case, punctuation, apostrophes, spacing or legal suffix",Plate Cove Recreation Committee Inc; PLATE COVE RECREATION COMMITTEE INC.
EASTERN SIDING SYSTEMS INC.,eastern siding systems,EASTERN SIDING SYSTEMS INC.,eastern siding systems,2,53815.33,same name (printings),,"printed differently: case, punctuation, apostrophes, spacing or legal suffix",Eastern Siding Systems Incorporated
St. Michael's Artists - Printmakers Association,st michaels artists printmakers association,St. Michael's Artists - Printmakers Association,st michaels artists printmakers association,4,53416.0,same name (printings),,"printed differently: case, punctuation, apostrophes, spacing or legal suffix",St. Michael's Artists ¯ Printmakers Association
Baie Verte & Area Chamber of Commerce Corporation,baie verte and area chamber of commerce,Baie Verte & Area Chamber of Commerce Corporation,baie verte and area chamber of commerce,7,53405.0,same name (printings),,"printed differently: case, punctuation, apostrophes, spacing or legal suffix",Baie Verte and Area Chamber of Commerce
Karate Newfoundland & Labrador Inc.,karate newfoundland and labrador,Karate Newfoundland & Labrador Inc.,karate newfoundland and labrador,2,53055.0,same name (printings),,"printed differently: case, punctuation, apostrophes, spacing or legal suffix",Karate Newfoundland & Labrador Inc
Flowstar Industrial ULC,flowstar industrial,Flowstar Industrial ULC,flowstar industrial,3,53017.45,same name (printings),,"printed differently: case, punctuation, apostrophes, spacing or legal suffix",Flowstar Industrial
Ren's Feed And Supplies Limited,rens feed and supplies,Ren's Feed And Supplies Limited,rens feed and supplies,4,52670.43,same name (printings),,"printed differently: case, punctuation, apostrophes, spacing or legal suffix",REN'S FEED AND SUPPLIES LIMITED; Ren's Feed and Supplies Limited o/a Ren's Pet Depot; Ren's Feed and Supplies Limited o/a Rens Pets Depot
Augustus Jane Inn Inc.,augustus jane inn,Augustus Jane Inn Inc.,augustus jane inn,2,52627.0,same name (printings),,"printed differently: case, punctuation, apostrophes, spacing or legal suffix",Augustus Jane Inn
Caseware International Inc.,caseware international,Caseware International Inc.,caseware international,3,52489.04,same name (printings),,"printed differently: case, punctuation, apostrophes, spacing or legal suffix",Caseware International Inc; Caseware International Ltd
SME,sme,SME,sme,4,52482.5,same name (printings),,"printed differently: case, punctuation, apostrophes, spacing or legal suffix",SME Limited
J.B.S. Recreation Commission,j b s recreation commission,J.B.S. Recreation Commission,j b s recreation commission,6,52176.0,same name (printings),,"printed differently: case, punctuation, apostrophes, spacing or legal suffix",J.B.S Recreation Commission
Hant's Harbour Recreation Commission,hants harbour recreation commission,Hant's Harbour Recreation Commission,hants harbour recreation commission,3,52138.0,same name (printings),,"printed differently: case, punctuation, apostrophes, spacing or legal suffix",Hants Harbour Recreation Commission
WFC PROPERTY SERVICES LTD,wfc property services,WFC PROPERTY SERVICES LTD,wfc property services,2,52134.0,same name (printings),,"printed differently: case, punctuation, apostrophes, spacing or legal suffix",WFC Property Services Ltd
Marina Golden Age 50+ Club,marina golden age 50 club,Marina Golden Age 50+ Club,marina golden age 50 club,4,51881.0,same name (printings),,"printed differently: case, punctuation, apostrophes, spacing or legal suffix",Marina Golden Age 50+ Club Corporation
Tourism Committee/Friends of the Garden,tourism committee friends of garden,Tourism Committee/Friends of the Garden,tourism committee friends of garden,4,51794.0,same name (printings),,"printed differently: case, punctuation, apostrophes, spacing or legal suffix",Tourism Committee Friends of the Garden
Joe Batts Arm Recreation Inc,joe batts arm recreation,Joe Batts Arm Recreation Inc,joe batts arm recreation,3,51792.0,same name (printings),,"printed differently: case, punctuation, apostrophes, spacing or legal suffix",Joe Batt's Arm Recreation
The Pottle Centre Inc,pottle centre,The Pottle Centre Inc,pottle centre,8,51749.0,same name (printings),,"printed differently: case, punctuation, apostrophes, spacing or legal suffix",The Pottle Centre; The Pottle Centre Inc.
PRINT SHOP LIMITED,print shop,PRINT SHOP LIMITED,print shop,48,51705.9,same name (printings),,"printed differently: case, punctuation, apostrophes, spacing or legal suffix",Print Shop Limited
RIVERVIEW MOTORS LTD,riverview motors,RIVERVIEW MOTORS LTD,riverview motors,5,51668.05,same name (printings),,"printed differently: case, punctuation, apostrophes, spacing or legal suffix",Riverview Motors Ltd; RIVERVIEW MOTORS LTD.
NL NEWS NOW INC,newfoundland and labrador news now,NL NEWS NOW INC,newfoundland and labrador news now,4,51462.0,same name (printings),,"printed differently: case, punctuation, apostrophes, spacing or legal suffix",NL News Now Inc.
EXTREME EAST METALS INC,extreme east metals,EXTREME EAST METALS INC,extreme east metals,3,51388.24,same name (printings),,"printed differently: case, punctuation, apostrophes, spacing or legal suffix",EXTREME EAST METALS INC.
Exmounth Manor Ltd.,exmounth manor,Exmounth Manor Ltd.,exmounth manor,2,51368.0,same name (printings),,"printed differently: case, punctuation, apostrophes, spacing or legal suffix",Exmounth Manor Inc.
THE CHURCH LADS' BRIGADE,church lads brigade,THE CHURCH LADS' BRIGADE,church lads brigade,34,51193.0,same name (printings),,"printed differently: case, punctuation, apostrophes, spacing or legal suffix",Church Lads Brigade
Precision Industries Incorporated,precision industries,Precision Industries Incorporated,precision industries,4,51104.0,same name (printings),,"printed differently: case, punctuation, apostrophes, spacing or legal suffix",PRECISION INDUSTRIES INCORPORATED
Bread and Cheese Inn Ltd.,bread and cheese inn,Bread and Cheese Inn Ltd.,bread and cheese inn,2,51005.0,same name (printings),,"printed differently: case, punctuation, apostrophes, spacing or legal suffix",The Bread and Cheese Inn
Newfoundland Pony Sanctuary Inc.,newfoundland pony sanctuary,Newfoundland Pony Sanctuary Inc.,newfoundland pony sanctuary,2,50806.0,same name (printings),,"printed differently: case, punctuation, apostrophes, spacing or legal suffix",Newfoundland Pony Sanctuary Inc
LION MAX SIMMS MEM. CAMP,lion max simms mem camp,LION MAX SIMMS MEM. CAMP,lion max simms mem camp,2,50758.7,same name (printings),,"printed differently: case, punctuation, apostrophes, spacing or legal suffix",LION MAX SIMMS MEM.CAMP
Boulder Publications ltd,boulder publications,Boulder Publications ltd,boulder publications,5,50660.0,same name (printings),,"printed differently: case, punctuation, apostrophes, spacing or legal suffix",BOULDER PUBLICATIONS LTD.; Boulder Publications; Boulder Publications Ltd
Vetoquinol N-A Inc.,vetoquinol n a,Vetoquinol N-A Inc.,vetoquinol n a,4,50640.28,same name (printings),,"printed differently: case, punctuation, apostrophes, spacing or legal suffix",Vetoquinol N-A Inc
CDN ENERGY AND POWER CORP,cdn energy and power,CDN ENERGY AND POWER CORP,cdn energy and power,3,50543.92,same name (printings),,"printed differently: case, punctuation, apostrophes, spacing or legal suffix",Cdn Energy and Power Corp o/a Canadian Energy; CDN Energy and Power Corp o/a Canadian Energy
LEWISPORTE & AREA CHAMBER OF COMMERCE,lewisporte and area chamber of commerce,LEWISPORTE & AREA CHAMBER OF COMMERCE,lewisporte and area chamber of commerce,7,50482.81,same name (printings),,"printed differently: case, punctuation, apostrophes, spacing or legal suffix",Lewisporte & Area Chamber of Commerce
Triware,triware,Triware,triware,2,50379.0,same name (printings),,"printed differently: case, punctuation, apostrophes, spacing or legal suffix",TRIWARE INCORPORATED
Calypso Foundation,calypso foundation,Calypso Foundation,calypso foundation,8,50239.0,same name (printings),,"printed differently: case, punctuation, apostrophes, spacing or legal suffix",The Calypso Foundation
Royal Canadian Legion Branch #1,royal canadian legion branch 1,Royal Canadian Legion Branch #1,royal canadian legion branch 1,3,50147.37,same name (printings),,"printed differently: case, punctuation, apostrophes, spacing or legal suffix",Royal Canadian Legion Branch 1
CANADIAN BANK NOTE COMPANY LIMITED,canadian bank note,CANADIAN BANK NOTE COMPANY LIMITED,canadian bank note,2,49773.72,same name (printings),,"printed differently: case, punctuation, apostrophes, spacing or legal suffix",Canadian Bank Note Company Limited
MARINE INSTITUTE / MEMORIAL UNIVERS,marine institute memorial univers,MARINE INSTITUTE / MEMORIAL UNIVERS,marine institute memorial univers,2,49720.0,same name (printings),,"printed differently: case, punctuation, apostrophes, spacing or legal suffix",Marine Institute / Memorial Univers
Stag Harbour Recreation Commission,stag harbour recreation commission,Stag Harbour Recreation Commission,stag harbour recreation commission,8,49633.0,same name (printings),,"printed differently: case, punctuation, apostrophes, spacing or legal suffix",Stag Harbour Recreation Commission Incorporated; Stag Harbour Recreation Commission Inc.
Deep Cove Marina Inc,deep cove marina,Deep Cove Marina Inc,deep cove marina,5,49596.0,same name (printings),,"printed differently: case, punctuation, apostrophes, spacing or legal suffix",Deep Cove Marina Inc.; Deep Cove Marina Incorporated
HARBOUR AUTHORITY OF TROUT RIVER,harbour authority of trout river,HARBOUR AUTHORITY OF TROUT RIVER,harbour authority of trout river,2,49510.52,same name (printings),,"printed differently: case, punctuation, apostrophes, spacing or legal suffix",Harbour Authority of Trout River
Dingu Inc.,dingu,Dingu Inc.,dingu,2,49500.0,same name (printings),,"printed differently: case, punctuation, apostrophes, spacing or legal suffix",DINGU INC.
Adventure Sales and Service,adventure sales and service,Adventure Sales and Service,adventure sales and service,4,49232.87,same name (printings),,"printed differently: case, punctuation, apostrophes, spacing or legal suffix",ADVENTURE SALES AND SERVICE; ADVENTURE SALES AND SERVICE LTD; ADVENTURE SALES & SERVICE
Ann Harvey Days Incorporated,ann harvey days,Ann Harvey Days Incorporated,ann harvey days,8,49225.0,same name (printings),,"printed differently: case, punctuation, apostrophes, spacing or legal suffix",ANN HARVEY DAYS INC.; Ann Harvey Days Inc.
Pilley's Island Heritage Society Inc.,pilleys island heritage society,Pilley's Island Heritage Society Inc.,pilleys island heritage society,10,49207.0,same name (printings),,"printed differently: case, punctuation, apostrophes, spacing or legal suffix",PILLEY'S ISLAND HERITAGE SOCIETY INC.; Pilley's Island Heritage Society Incorporated
EAST COAST MARINE AND INDUSTRIAL,east coast marine and industrial,EAST COAST MARINE AND INDUSTRIAL,east coast marine and industrial,3,49193.0,same name (printings),,"printed differently: case, punctuation, apostrophes, spacing or legal suffix",EAST COAST MARINE & INDUSTRIAL LIMITED
Portugal Cove - St. Philip's Chamber of Commerce,portugal cove st philips chamber of commerce,Portugal Cove - St. Philip's Chamber of Commerce,portugal cove st philips chamber of commerce,3,48828.0,same name (printings),,"printed differently: case, punctuation, apostrophes, spacing or legal suffix",Portugal Cove-St.Philip's Chamber of Commerce Incorporated
EASTERN TECHNICAL SERVICES LIMITED,eastern technical services,EASTERN TECHNICAL SERVICES LIMITED,eastern technical services,3,48546.75,same name (printings),,"printed differently: case, punctuation, apostrophes, spacing or legal suffix",Eastern Technical Services Ltd.
The Writers' Alliance of Newfoundland and Labrador Inc.,writers alliance of newfoundland and labrador,The Writers' Alliance of Newfoundland and Labrador Inc.,writers alliance of newfoundland and labrador,4,48297.0,same name (printings),,"printed differently: case, punctuation, apostrophes, spacing or legal suffix",Writers' Alliance of Newfoundland and Labrador Inc.
LEADING TICKLES RECREATION COMMITTEE,leading tickles recreation committee,LEADING TICKLES RECREATION COMMITTEE,leading tickles recreation committee,12,48235.0,same name (printings),,"printed differently: case, punctuation, apostrophes, spacing or legal suffix",Leading Tickles Recreation Committee
Youth 2000 Centre Corp,youth 2000 centre,Youth 2000 Centre Corp,youth 2000 centre,3,48228.0,same name (printings),,"printed differently: case, punctuation, apostrophes, spacing or legal suffix",Youth 2000 Centre Corporation
Old Earth Ltd.,old earth,Old Earth Ltd.,old earth,4,47914.0,same name (printings),,"printed differently: case, punctuation, apostrophes, spacing or legal suffix",OLD EARTH LTD
Caseware Cloud Ltd,caseware cloud,Caseware Cloud Ltd,caseware cloud,3,47901.0,same name (printings),,"printed differently: case, punctuation, apostrophes, spacing or legal suffix",CaseWare Cloud Ltd
Roman Catholic Episcopal Corp. of St. Georges,roman catholic episcopal of st georges,Roman Catholic Episcopal Corp. of St. Georges,roman catholic episcopal of st georges,5,47738.0,same name (printings),,"printed differently: case, punctuation, apostrophes, spacing or legal suffix",Roman Catholic Episcopal Corp. of St. George's; Roman Catholic Episcopal Corporation of St. Georges
Happy City St. John's Inc.,happy city st johns,Happy City St. John's Inc.,happy city st johns,8,47695.0,same name (printings),,"printed differently: case, punctuation, apostrophes, spacing or legal suffix",Happy City St. John's Inc
Fire Tech Systems,fire tech systems,Fire Tech Systems,fire tech systems,2,47569.75,same name (printings),,"printed differently: case, punctuation, apostrophes, spacing or legal suffix",FIRE-TECH SYSTEMS LTD.
PENUTE ANDREW,penute andrew,PENUTE ANDREW,penute andrew,2,47499.69,same name (printings),,"printed differently: case, punctuation, apostrophes, spacing or legal suffix",Penute Andrew
MODERN PRINTING SERVICES LIMITED,modern printing services,MODERN PRINTING SERVICES LIMITED,modern printing services,18,47488.82,same name (printings),,"printed differently: case, punctuation, apostrophes, spacing or legal suffix",Modern Printing Services Limited o/a MPS Copy Centre; Modern Printing Services; Modern Printing Services Limited
Royal Canadian Legion - Branch 50,royal canadian legion branch 50,Royal Canadian Legion - Branch 50,royal canadian legion branch 50,4,47409.0,same name (printings),,"printed differently: case, punctuation, apostrophes, spacing or legal suffix",Royal Canadian Legion Branch 50
LOCAL SERVICE DISTRICT OF BARTLETT'S HARBOUR,local service district of bartletts harbour,LOCAL SERVICE DISTRICT OF BARTLETT'S HARBOUR,local service district of bartletts harbour,13,47295.0,same name (printings),,"printed differently: case, punctuation, apostrophes, spacing or legal suffix",Local Service District of Bartlett's Harbour; Local Service District Of Bartlett's Harbour
Mikan Scientific Inc.,mikan scientific,Mikan Scientific Inc.,mikan scientific,3,47154.78,same name (printings),,"printed differently: case, punctuation, apostrophes, spacing or legal suffix",Mikan Scientific Incorporated
Milltown Lions Club,milltown lions club,Milltown Lions Club,milltown lions club,8,47032.0,same name (printings),,"printed differently: case, punctuation, apostrophes, spacing or legal suffix",MILLTOWN LIONS CLUB INC.
CBN (Conception Bay North) Lightning Sports Club,cbn conception bay north lightning sports club,CBN (Conception Bay North) Lightning Sports Club,cbn conception bay north lightning sports club,3,46916.0,same name (printings),,"printed differently: case, punctuation, apostrophes, spacing or legal suffix",CBN(Conception Bay North) Lightning Sports Club
Harbour Authority Of Portugal Cove - St Philips,harbour authority of portugal cove st philips,Harbour Authority Of Portugal Cove - St Philips,harbour authority of portugal cove st philips,9,46882.0,same name (printings),,"printed differently: case, punctuation, apostrophes, spacing or legal suffix",Harbour Authority of Portugal Cove - St Philips; Harbour Authority of Portugal Cove-St. Philips; Harbour Authority of Portugal Cove- St. Philip's
Happy Adventure Sea Products (1991),happy adventure sea products 1991,Happy Adventure Sea Products (1991),happy adventure sea products 1991,3,46809.0,same name (printings),,"printed differently: case, punctuation, apostrophes, spacing or legal suffix",Happy Adventure Sea Products (1991) Limited
Our Lady of Grace Parish,our lady of grace parish,Our Lady of Grace Parish,our lady of grace parish,8,46448.0,same name (printings),,"printed differently: case, punctuation, apostrophes, spacing or legal suffix",Our Lady Of Grace Parish
BELLEORAM RECREATION COMMISSION INC.,belleoram recreation commission,BELLEORAM RECREATION COMMISSION INC.,belleoram recreation commission,10,46447.0,same name (printings),,"printed differently: case, punctuation, apostrophes, spacing or legal suffix",Belleoram Recreation Commission Inc; Belleoram Recreation Commission inc.; Belleoram Recreation Commission Inc.; Belleoram Recreation Commission Incorporated; Belleoram recreation commission inc.; Belleoram Recreation Commission
Nimbus Publishing,nimbus publishing,Nimbus Publishing,nimbus publishing,2,46436.4,same name (printings),,"printed differently: case, punctuation, apostrophes, spacing or legal suffix",Nimbus Publishing Limited
Little Hearts Ease Small Boat Marina,little hearts ease small boat marina,Little Hearts Ease Small Boat Marina,little hearts ease small boat marina,3,46312.0,same name (printings),,"printed differently: case, punctuation, apostrophes, spacing or legal suffix",Little Hearts Ease Small Boat Marina Inc.
LAUGHING HEART MUSIC LTD.,laughing heart music,LAUGHING HEART MUSIC LTD.,laughing heart music,2,46160.0,same name (printings),,"printed differently: case, punctuation, apostrophes, spacing or legal suffix",Laughing Heart Music Ltd.
HARBOUR AUTHORITY OF ST. LEWIS,harbour authority of st lewis,HARBOUR AUTHORITY OF ST. LEWIS,harbour authority of st lewis,4,46119.97,same name (printings),,"printed differently: case, punctuation, apostrophes, spacing or legal suffix",Harbour Authority of St. Lewis
Ainsworth Inc.,ainsworth,Ainsworth Inc.,ainsworth,2,46082.14,same name (printings),,"printed differently: case, punctuation, apostrophes, spacing or legal suffix",Ainsworth
ICR BUILDING SOLUTIONS LIMITED,icr building solutions,ICR BUILDING SOLUTIONS LIMITED,icr building solutions,2,46055.4,same name (printings),,"printed differently: case, punctuation, apostrophes, spacing or legal suffix",ICR BUILDING SOLUTIONS LTD.
KISTERS NORTH AMERICA INC,kisters north america,KISTERS NORTH AMERICA INC,kisters north america,2,46001.0,same name (printings),,"printed differently: case, punctuation, apostrophes, spacing or legal suffix",Kisters North America Inc
P & B Enterprise Limited,p and b enterprise,P & B Enterprise Limited,p and b enterprise,7,45938.0,same name (printings),,"printed differently: case, punctuation, apostrophes, spacing or legal suffix",P & B Enterprise Ltd.; P&B Enterprise Limited
NUTRI-LAWN NEWFOUNDLAND AND,nutri lawn newfoundland and,NUTRI-LAWN NEWFOUNDLAND AND,nutri lawn newfoundland and,4,45848.2,same name (printings),,"printed differently: case, punctuation, apostrophes, spacing or legal suffix",Nutri-Lawn Newfoundland And
The Parish of the Holy Trinity,parish of holy trinity,The Parish of the Holy Trinity,parish of holy trinity,14,45672.0,same name (printings),,"printed differently: case, punctuation, apostrophes, spacing or legal suffix",Parish of the Holy Trinity
Anglican Homes Incorporated,anglican homes,Anglican Homes Incorporated,anglican homes,7,45671.0,same name (printings),,"printed differently: case, punctuation, apostrophes, spacing or legal suffix",ANGLICAN HOMES INCORPORATED; Anglican Homes Inc.; Anglican Homes Inc
La Scie French Shore Connection Society Inc.,la scie french shore connection society,La Scie French Shore Connection Society Inc.,la scie french shore connection society,9,45662.0,same name (printings),,"printed differently: case, punctuation, apostrophes, spacing or legal suffix",LA SCIE FRENCH SHORE CONNECTION SOCIETY INC.
AROMAS PLUS,aromas plus,AROMAS PLUS,aromas plus,3,45595.08,same name (printings),,"printed differently: case, punctuation, apostrophes, spacing or legal suffix",Aromas Plus
Canadian Parents for French Marystown Chapter,canadian parents for french marystown chapter,Canadian Parents for French Marystown Chapter,canadian parents for french marystown chapter,5,45570.0,same name (printings),,"printed differently: case, punctuation, apostrophes, spacing or legal suffix",Canadian Parents for French - Marystown Chapter; Canadian Parents For French - Marystown Chapter
JBS Heritage & Culture Committee,jbs heritage and culture committee,JBS Heritage & Culture Committee,jbs heritage and culture committee,6,45548.0,same name (printings),,"printed differently: case, punctuation, apostrophes, spacing or legal suffix",JBS Heritage and Culture Committee
West Valley Farm Ltd,west valley farm,West Valley Farm Ltd,west valley farm,7,45530.0,same name (printings),,"printed differently: case, punctuation, apostrophes, spacing or legal suffix",West Valley Farm Limited
Goulds Lions Arena Association INC.,goulds lions arena association,Goulds Lions Arena Association INC.,goulds lions arena association,4,45412.0,same name (printings),,"printed differently: case, punctuation, apostrophes, spacing or legal suffix",Goulds Lions Arena Association INC
Héritage de l'île Rouge,heritage de lile rouge,Héritage de l'île Rouge,heritage de lile rouge,5,45270.0,same name (printings),,"printed differently: case, punctuation, apostrophes, spacing or legal suffix",Héritage de l'île rouge Inc.; Héritage de l'île rouge
Pinware Recreation Committee,pinware recreation committee,Pinware Recreation Committee,pinware recreation committee,4,45253.0,same name (printings),,"printed differently: case, punctuation, apostrophes, spacing or legal suffix",PINWARE RECREATION COMMITTEE
ATLANTIC CANADA GREENHOUSE SUPPLIES LIMITED,atlantic canada greenhouse supplies,ATLANTIC CANADA GREENHOUSE SUPPLIES LIMITED,atlantic canada greenhouse supplies,2,45152.0,same name (printings),,"printed differently: case, punctuation, apostrophes, spacing or legal suffix",ATLANTIC CANADA GREENHOUSE SUPPLIES
AFONSO GROUP LIMITED,afonso group,AFONSO GROUP LIMITED,afonso group,5,45075.0,same name (printings),,"printed differently: case, punctuation, apostrophes, spacing or legal suffix",Afonso Group Limited; Afonso Group
Salmon Preservation Association for the Waters of Newfoundland,salmon preservation association for waters of newfoundland,Salmon Preservation Association for the Waters of Newfoundland,salmon preservation association for waters of newfoundland,4,45069.0,same name (printings),,"printed differently: case, punctuation, apostrophes, spacing or legal suffix",Salmon Preservation Association for the Waters of Newfoundland (SPAWN); The Salmon Preservation Association for the Waters of Newfoundland
Pardy'S Waste Management And,pardys waste management and,Pardy'S Waste Management And,pardys waste management and,2,44930.64,same name (printings),,"printed differently: case, punctuation, apostrophes, spacing or legal suffix",PARDY'S WASTE MANAGEMENT AND
BARD CANADA INC.,bard canada,BARD CANADA INC.,bard canada,3,44920.0,same name (printings),,"printed differently: case, punctuation, apostrophes, spacing or legal suffix",Bard Canada Inc.; Bard Canada
CRB SUPERMARKET & DELI (2020) LTD,crb supermarket and deli 2020,CRB SUPERMARKET & DELI (2020) LTD,crb supermarket and deli 2020,3,44913.74,same name (printings),,"printed differently: case, punctuation, apostrophes, spacing or legal suffix",CRB Supermarket & Deli (2020) Ltd
C Barnes Excavating Inc,c barnes excavating,C Barnes Excavating Inc,c barnes excavating,2,44820.0,same name (printings),,"printed differently: case, punctuation, apostrophes, spacing or legal suffix",C Barnes Excavating Inc.
Isle aux Morts Recreation Comission Corporation,isle aux morts recreation comission,Isle aux Morts Recreation Comission Corporation,isle aux morts recreation comission,4,44792.0,same name (printings),,"printed differently: case, punctuation, apostrophes, spacing or legal suffix",Isle aux Morts Recreation Comission Corp
Bell Island Community Development Co-operative Society Limited,bell island community development cooperative society,Bell Island Community Development Co-operative Society Limited,bell island community development cooperative society,5,44415.0,same name (printings),,"printed differently: case, punctuation, apostrophes, spacing or legal suffix",Bell Island Community Development Cooperative Society Limited
CDMV Inc,cdmv,CDMV Inc,cdmv,3,44299.78,same name (printings),,"printed differently: case, punctuation, apostrophes, spacing or legal suffix",CDMV INC
Town of Leading Tickles,town of leading tickles,Town of Leading Tickles,town of leading tickles,2,44273.0,same name (printings),,"printed differently: case, punctuation, apostrophes, spacing or legal suffix",Town Of Leading Tickles
Kirby United Soccer Club,kirby united soccer club,Kirby United Soccer Club,kirby united soccer club,5,44257.0,same name (printings),,"printed differently: case, punctuation, apostrophes, spacing or legal suffix",Kirby United Soccer Club Incorporated
SARAH J THOMPSON,sarah j thompson,SARAH J THOMPSON,sarah j thompson,4,44228.0,same name (printings),,"printed differently: case, punctuation, apostrophes, spacing or legal suffix",Sarah J Thompson
Avalon Sports Inc.,avalon sports,Avalon Sports Inc.,avalon sports,6,44015.0,same name (printings),,"printed differently: case, punctuation, apostrophes, spacing or legal suffix",Avalon Sports Inc
SOUTH COAST ARTS COMMUNITY CORPORATION,south coast arts community,SOUTH COAST ARTS COMMUNITY CORPORATION,south coast arts community,6,44000.0,same name (printings),,"printed differently: case, punctuation, apostrophes, spacing or legal suffix",SOUTH COAST ARTS COMMUNITY
Kanstor Inc.,kanstor,Kanstor Inc.,kanstor,3,43896.0,same name (printings),,"printed differently: case, punctuation, apostrophes, spacing or legal suffix",Kanstor Inc
Stephenville Historical Society Inc.,stephenville historical society,Stephenville Historical Society Inc.,stephenville historical society,7,43748.0,same name (printings),,"printed differently: case, punctuation, apostrophes, spacing or legal suffix","Stephenville Historical Society, Inc.; Stephenville Historical Society"
93840 NL& LABRADOR INC (COMPLETE,93840 newfoundland and labrador and labrador complete,93840 NL& LABRADOR INC (COMPLETE,93840 newfoundland and labrador and labrador complete,3,43454.76,same name (printings),,"printed differently: case, punctuation, apostrophes, spacing or legal suffix",93840 NL & LABRADOR INC (COMPLETE
Urban Tactical Ltd,urban tactical,Urban Tactical Ltd,urban tactical,4,43364.81,same name (printings),,"printed differently: case, punctuation, apostrophes, spacing or legal suffix",Urban Tactical
Family Knots Ltd.,family knots,Family Knots Ltd.,family knots,2,43321.7,same name (printings),,"printed differently: case, punctuation, apostrophes, spacing or legal suffix",FAMILY KNOTS LTD
ND Graphics Inc,nd graphics,ND Graphics Inc,nd graphics,2,43121.95,same name (printings),,"printed differently: case, punctuation, apostrophes, spacing or legal suffix",ND Graphics Inc.
CHILD AND YOUTH ADVOCACY CENTRE INCORPORATED,child and youth advocacy centre,CHILD AND YOUTH ADVOCACY CENTRE INCORPORATED,child and youth advocacy centre,4,43000.0,same name (printings),,"printed differently: case, punctuation, apostrophes, spacing or legal suffix",Child and Youth Advocacy Centre
Clifford Cull,clifford cull,Clifford Cull,clifford cull,2,42921.9,same name (printings),,"printed differently: case, punctuation, apostrophes, spacing or legal suffix",CLIFFORD CULL
Brigus United Church,brigus united church,Brigus United Church,brigus united church,8,42791.0,same name (printings),,"printed differently: case, punctuation, apostrophes, spacing or legal suffix",BRIGUS UNITED CHURCH
AKITA EQUIPMENT,akita equipment,AKITA EQUIPMENT,akita equipment,3,42765.0,same name (printings),,"printed differently: case, punctuation, apostrophes, spacing or legal suffix",Akita Equipment
Ocean Venture Inc,ocean venture,Ocean Venture Inc,ocean venture,2,42733.6,same name (printings),,"printed differently: case, punctuation, apostrophes, spacing or legal suffix",Ocean Venture Inc.
Dwight Russell Enterprises Ltd.,dwight russell enterprises,Dwight Russell Enterprises Ltd.,dwight russell enterprises,2,42733.6,same name (printings),,"printed differently: case, punctuation, apostrophes, spacing or legal suffix",Dwight Russell Enterprises Limited
Diversified Supply & Rentals Inc.,diversified supply and rentals,Diversified Supply & Rentals Inc.,diversified supply and rentals,7,42703.35,same name (printings),,"printed differently: case, punctuation, apostrophes, spacing or legal suffix",DIVERSIFIED SUPPLY & RENTALS INC; Diversified Supply and Rentals Incorporated.; Diversified Supply and Rentals Ltd; Diversified Supply & Rentals Inc
Roxon Medi Tech,roxon medi tech,Roxon Medi Tech,roxon medi tech,3,42135.0,same name (printings),,"printed differently: case, punctuation, apostrophes, spacing or legal suffix",ROXON MEDI TECH LTD.; Roxon Medi-Tech
Old Perlican Heritage Committee,old perlican heritage committee,Old Perlican Heritage Committee,old perlican heritage committee,7,42060.0,same name (printings),,"printed differently: case, punctuation, apostrophes, spacing or legal suffix",The Old Perlican Heritage Committee Inc.; THE OLD PERLICAN HERITAGE COMMITTEE
The Community Youth Network Corner Brook and Bay of Islands YMCA Site Inc.,community youth network corner brook and bay of islands ymca site,The Community Youth Network Corner Brook and Bay of Islands YMCA Site Inc.,community youth network corner brook and bay of islands ymca site,8,42056.0,same name (printings),,"printed differently: case, punctuation, apostrophes, spacing or legal suffix","Community Youth Network Corner Brook & Bay of Islands YMCA Site Incorporated; Community Youth Network Corner Brook and Bay of Islands, YMCA Site Inc.; The Community Youth Network Corner Brook and Bay of Islands YMCA Site Inc"
Golden G. Enterprises Limited,golden g enterprises,Golden G. Enterprises Limited,golden g enterprises,15,41990.0,same name (printings),,"printed differently: case, punctuation, apostrophes, spacing or legal suffix",Golden G. Enterprises Ltd.; Golden G Enterprises Limited
Canadawide Scientific,canadawide scientific,Canadawide Scientific,canadawide scientific,3,41965.5,same name (printings),,"printed differently: case, punctuation, apostrophes, spacing or legal suffix",Canadawide Scientific Ltd
Atlantic Police Academy,atlantic police academy,Atlantic Police Academy,atlantic police academy,3,41850.0,same name (printings),,"printed differently: case, punctuation, apostrophes, spacing or legal suffix",ATLANTIC POLICE ACADEMY
Glovertown Museum Association Inc,glovertown museum association,Glovertown Museum Association Inc,glovertown museum association,10,41662.0,same name (printings),,"printed differently: case, punctuation, apostrophes, spacing or legal suffix",GLOVERTOWN MUSEUM ASSOCIATION INC.
Forever Young 50+ Club,forever young 50 club,Forever Young 50+ Club,forever young 50 club,3,41521.0,same name (printings),,"printed differently: case, punctuation, apostrophes, spacing or legal suffix",Forever Young 50+ Club INC.
Newfoundland and Labrador Economic Developers Association Inc,newfoundland and labrador economic developers association,Newfoundland and Labrador Economic Developers Association Inc,newfoundland and labrador economic developers association,5,41510.0,same name (printings),,"printed differently: case, punctuation, apostrophes, spacing or legal suffix",Newfoundland and Labrador Economic Developers Association
By d'Bay Cabins Inc.,by dbay cabins,By d'Bay Cabins Inc.,by dbay cabins,4,41433.0,same name (printings),,"printed differently: case, punctuation, apostrophes, spacing or legal suffix",By d'Bay Cabins Inc
TOWN OF CENTREVILLE-WAREHAM-TRINITY,town of centreville wareham trinity,TOWN OF CENTREVILLE-WAREHAM-TRINITY,town of centreville wareham trinity,12,41042.0,same name (printings),,"printed differently: case, punctuation, apostrophes, spacing or legal suffix",Town of Centreville-Wareham-Trinity
Gillams Historical Society Inc.,gillams historical society,Gillams Historical Society Inc.,gillams historical society,10,40993.0,same name (printings),,"printed differently: case, punctuation, apostrophes, spacing or legal suffix",GILLAMS HISTORICAL SOCIETY INC.
BRIDGESTONE CANADA INC,bridgestone canada,BRIDGESTONE CANADA INC,bridgestone canada,2,40843.2,same name (printings),,"printed differently: case, punctuation, apostrophes, spacing or legal suffix",Bridgestone Canada Inc.
TXS Industrial Parts Inc.,txs industrial parts,TXS Industrial Parts Inc.,txs industrial parts,3,40658.11,same name (printings),,"printed differently: case, punctuation, apostrophes, spacing or legal suffix",TXS Industrial Parts Inc
Motorola Solutions Canada Inc,motorola solutions canada,Motorola Solutions Canada Inc,motorola solutions canada,2,40422.0,same name (printings),,"printed differently: case, punctuation, apostrophes, spacing or legal suffix",Motorola Solutions Canada Inc.
Eckler Ltd,eckler,Eckler Ltd,eckler,3,40375.0,same name (printings),,"printed differently: case, punctuation, apostrophes, spacing or legal suffix",ECKLER Ltd
PORT HOPE SIMPSON TOWN COUNCIL,port hope simpson town council,PORT HOPE SIMPSON TOWN COUNCIL,port hope simpson town council,10,40354.0,same name (printings),,"printed differently: case, punctuation, apostrophes, spacing or legal suffix",Port Hope Simpson Town Council
Jatom Systems Inc,jatom systems,Jatom Systems Inc,jatom systems,2,40335.0,same name (printings),,"printed differently: case, punctuation, apostrophes, spacing or legal suffix",Jatom Systems Inc.
Dr. P. Redmond and Dr. A. Keefe Professional Dental Corporation,dr p redmond and dr a keefe professional dental,Dr. P. Redmond and Dr. A. Keefe Professional Dental Corporation,dr p redmond and dr a keefe professional dental,10,40226.0,same name (printings),,"printed differently: case, punctuation, apostrophes, spacing or legal suffix",Dr. P. Redmond & Dr. A. Keefe Professional Dental Corporation; Dr. P. Redmond and Dr. A. Keefe Professional Dental Corp.; DR. P REDMOND AND DR. A KEEFE PROFESSIONAL DENTAL CORPORATION
WEST ST. MODESTE RECREATION COMMITTEE,west st modeste recreation committee,WEST ST. MODESTE RECREATION COMMITTEE,west st modeste recreation committee,13,40053.0,same name (printings),,"printed differently: case, punctuation, apostrophes, spacing or legal suffix",West St. Modeste Recreation Committee; West St. Modeste Recreation Committee Inc.
Compassion Homecare Inc.,compassion homecare,Compassion Homecare Inc.,compassion homecare,12,40012.0,same name (printings),,"printed differently: case, punctuation, apostrophes, spacing or legal suffix",Compassion HomeCare Inc.; COMPASSION HOMECARE INC
KEY2ACT,key2act,KEY2ACT,key2act,3,39950.0,same name (printings),,"printed differently: case, punctuation, apostrophes, spacing or legal suffix",Key2Act
Heritage Society of Peterview,heritage society of peterview,Heritage Society of Peterview,heritage society of peterview,10,39701.0,same name (printings),,"printed differently: case, punctuation, apostrophes, spacing or legal suffix",HERITAGE SOCIETY OF PETERVIEW; HERITAGE SOCIETY OF PETERVIEW INC.
A&B Construction Limited,a and b construction,A&B Construction Limited,a and b construction,3,39589.35,same name (printings),,"printed differently: case, punctuation, apostrophes, spacing or legal suffix",A & B Construction Limited; A & B Construction
REFUGEE AND IMMIGRANT ADVISORY COUNCIL INC.,refugee and immigrant advisory council,REFUGEE AND IMMIGRANT ADVISORY COUNCIL INC.,refugee and immigrant advisory council,5,39446.0,same name (printings),,"printed differently: case, punctuation, apostrophes, spacing or legal suffix",Refugee and Immigrant Advisory Council Inc.
TOWN OF MEADOWS,town of meadows,TOWN OF MEADOWS,town of meadows,4,39206.0,same name (printings),,"printed differently: case, punctuation, apostrophes, spacing or legal suffix",Town of Meadows
The Caribou 50+ Club,caribou 50 club,The Caribou 50+ Club,caribou 50 club,2,39184.0,same name (printings),,"printed differently: case, punctuation, apostrophes, spacing or legal suffix",The Caribou 50+ Club Inc.
Dohey's Contracting Ltd.,doheys contracting,Dohey's Contracting Ltd.,doheys contracting,4,39179.25,same name (printings),,"printed differently: case, punctuation, apostrophes, spacing or legal suffix",DOHEY'S CONTRACTING LTD; DOHEY'S CONTRACTING LIMITED
PBS Services Ltd.,pbs services,PBS Services Ltd.,pbs services,3,39092.61,same name (printings),,"printed differently: case, punctuation, apostrophes, spacing or legal suffix",PBS SERVICES LTD
Musgrave harbour 50+ Fun Club Inc.,musgrave harbour 50 fun club,Musgrave harbour 50+ Fun Club Inc.,musgrave harbour 50 fun club,2,39000.0,same name (printings),,"printed differently: case, punctuation, apostrophes, spacing or legal suffix",Musgrave Harbour 50+ Fun Club Inc.
RPM Rebuilt Pumps & Motors Limited,rpm rebuilt pumps and motors,RPM Rebuilt Pumps & Motors Limited,rpm rebuilt pumps and motors,2,38975.0,same name (printings),,"printed differently: case, punctuation, apostrophes, spacing or legal suffix",RPM REBUILT PUMPS & MOTORS LIMITED
Canadian Standards Association,canadian standards association,Canadian Standards Association,canadian standards association,2,38897.02,same name (printings),,"printed differently: case, punctuation, apostrophes, spacing or legal suffix",CANADIAN STANDARDS ASSOCIATION
"Fish, Food and Allied Workers - UNIFOR",fish food and allied workers unifor,"Fish, Food and Allied Workers - UNIFOR",fish food and allied workers unifor,4,38895.0,same name (printings),,"printed differently: case, punctuation, apostrophes, spacing or legal suffix","Fish, Food and Allied Workers (UNIFOR)"
Town of Salmon Cove,town of salmon cove,Town of Salmon Cove,town of salmon cove,14,38748.0,same name (printings),,"printed differently: case, punctuation, apostrophes, spacing or legal suffix",TOWN OF SALMON COVE
Colliers Recreation Commission,colliers recreation commission,Colliers Recreation Commission,colliers recreation commission,5,38714.0,same name (printings),,"printed differently: case, punctuation, apostrophes, spacing or legal suffix",Colliers Recreation COmmission
Harbour Authority of Grand Bank,harbour authority of grand bank,Harbour Authority of Grand Bank,harbour authority of grand bank,9,38605.4,same name (printings),,"printed differently: case, punctuation, apostrophes, spacing or legal suffix",Harbour Authority Of Grand Bank
Dawe's Mechanical (1981) Limited,dawes mechanical 1981,Dawe's Mechanical (1981) Limited,dawes mechanical 1981,3,38582.0,same name (printings),,"printed differently: case, punctuation, apostrophes, spacing or legal suffix",DAWE'S MECHANICAL (1981) LIMITED
Small Point - Adam's Cove Recreation Committee,small point adams cove recreation committee,Small Point - Adam's Cove Recreation Committee,small point adams cove recreation committee,4,38476.0,same name (printings),,"printed differently: case, punctuation, apostrophes, spacing or legal suffix",Small Point - Adams Cove Recreation Committee; Small Point-Adam's Cove Recreation Committee
Dogs Rugby Football Club Ltd.,dogs rugby football club,Dogs Rugby Football Club Ltd.,dogs rugby football club,4,38359.0,same name (printings),,"printed differently: case, punctuation, apostrophes, spacing or legal suffix",Dogs Rugby Football Club Limited
Rob's Grader Services & General,robs grader services and general,Rob's Grader Services & General,robs grader services and general,2,38320.0,same name (printings),,"printed differently: case, punctuation, apostrophes, spacing or legal suffix",ROBS GRADER SERVICES & GENERAL
"Hr. Grace Board of Culture, Innovation and Business Inc.",hr grace board of culture innovation and business,"Hr. Grace Board of Culture, Innovation and Business Inc.",hr grace board of culture innovation and business,5,37889.0,same name (printings),,"printed differently: case, punctuation, apostrophes, spacing or legal suffix","Hr. Grace Board of Culture, Innovation & Business Inc."
Team Broken Earth,team broken earth,Team Broken Earth,team broken earth,11,37873.0,same name (printings),,"printed differently: case, punctuation, apostrophes, spacing or legal suffix",TEAM BROKEN EARTH
R.C. Episcopal Corporation of Grand Falls,r c episcopal of grand falls,R.C. Episcopal Corporation of Grand Falls,r c episcopal of grand falls,7,37674.0,same name (printings),,"printed differently: case, punctuation, apostrophes, spacing or legal suffix",R .C. Episcopal Corporation of Grand Falls
Cabot Realty ltd,cabot realty,Cabot Realty ltd,cabot realty,85,37595.44,same name (printings),,"printed differently: case, punctuation, apostrophes, spacing or legal suffix",Cabot Realty Limited; Cabot Realty Ltd; Cabot Realty
Staging Canadell LTD,staging canadell,Staging Canadell LTD,staging canadell,2,37592.0,same name (printings),,"printed differently: case, punctuation, apostrophes, spacing or legal suffix",Staging Canadell Ltd
Just Chillin Youth Zone Inc.,just chillin youth zone,Just Chillin Youth Zone Inc.,just chillin youth zone,8,37543.0,same name (printings),,"printed differently: case, punctuation, apostrophes, spacing or legal suffix",Just Chillin Youth Zone Incorporated
Joe Batt's Arm Recreation Commission,joe batts arm recreation commission,Joe Batt's Arm Recreation Commission,joe batts arm recreation commission,6,37519.0,same name (printings),,"printed differently: case, punctuation, apostrophes, spacing or legal suffix",Joe Batts Arm Recreation Commission
The Helping Hand Goodwill Centre,helping hand goodwill centre,The Helping Hand Goodwill Centre,helping hand goodwill centre,8,37485.0,same name (printings),,"printed differently: case, punctuation, apostrophes, spacing or legal suffix",The helping Hand Goodwill Centre
Burin Recreation Commission,burin recreation commission,Burin Recreation Commission,burin recreation commission,3,37475.0,same name (printings),,"printed differently: case, punctuation, apostrophes, spacing or legal suffix",BURIN RECREATION COMMISSION
ST. JOHN'S STORYTELLING FESTIVAL INC.,st johns storytelling festival,ST. JOHN'S STORYTELLING FESTIVAL INC.,st johns storytelling festival,5,37458.0,same name (printings),,"printed differently: case, punctuation, apostrophes, spacing or legal suffix",St. John's Storytelling Festival Inc.; St. John's Storytelling Festival
Shears Bus Service Ltd,shears bus service,Shears Bus Service Ltd,shears bus service,2,37375.0,same name (printings),,"printed differently: case, punctuation, apostrophes, spacing or legal suffix",SHEARS BUS SERVICE LIMITED
Recreation Committee of Glover's Harbour,recreation committee of glovers harbour,Recreation Committee of Glover's Harbour,recreation committee of glovers harbour,6,37355.0,same name (printings),,"printed differently: case, punctuation, apostrophes, spacing or legal suffix",Recreation committee of glovers harbour
Family History Society of Newfoundland & Labrador Inc.,family history society of newfoundland and labrador,Family History Society of Newfoundland & Labrador Inc.,family history society of newfoundland and labrador,5,37350.0,same name (printings),,"printed differently: case, punctuation, apostrophes, spacing or legal suffix",Family History Society of Newfoundland and Labrador
Bay of Islands Society for the Prevention of Cruelty to Animals,bay of islands society for prevention of cruelty to animals,Bay of Islands Society for the Prevention of Cruelty to Animals,bay of islands society for prevention of cruelty to animals,7,37319.0,same name (printings),,"printed differently: case, punctuation, apostrophes, spacing or legal suffix",Bay of Islands Society for Prevention of Cruelty to Animals; Bay of Islands Society for the prevention of cruelty to Animals Corp; Bay of Islands society for the Prevention of Cruelty to Animals Corp
Town of Heart's Delight Isling Recreation Committee,town of hearts delight isling recreation committee,Town of Heart's Delight Isling Recreation Committee,town of hearts delight isling recreation committee,2,37275.0,same name (printings),,"printed differently: case, punctuation, apostrophes, spacing or legal suffix",TOWN OF HEART'S DELIGHT ISLING RECREATION COMMITTEE
Fun 'N' Fast 1986 Limited,fun n fast 1986,Fun 'N' Fast 1986 Limited,fun n fast 1986,2,37270.95,same name (printings),,"printed differently: case, punctuation, apostrophes, spacing or legal suffix",Fun 'n' Fast 1986 Limited
Victoria Heritage Tourism Society,victoria heritage tourism society,Victoria Heritage Tourism Society,victoria heritage tourism society,7,37132.0,same name (printings),,"printed differently: case, punctuation, apostrophes, spacing or legal suffix",Victoria Heritage Tourism Society Inc.; Victoria Heritage Tourism Society Inc; Victoria Heritage/Tourism Society
best western,best western,best western,best western,82,37046.29,same name (printings),,"printed differently: case, punctuation, apostrophes, spacing or legal suffix",Best Western
Royal Canadian Legion Branch # 65 Brigus,royal canadian legion branch 65 brigus,Royal Canadian Legion Branch # 65 Brigus,royal canadian legion branch 65 brigus,4,36869.0,same name (printings),,"printed differently: case, punctuation, apostrophes, spacing or legal suffix",Royal Canadian Legion Branch 65 Brigus; Royal Canadian Legion Branch #65 (Brigus); The Royal Canadian Legion Branch #65 (Brigus)
The Society for the Prevention of Cruelty to Animals Newfoundland and Labrador,society for prevention of cruelty to animals newfoundland and labrador,The Society for the Prevention of Cruelty to Animals Newfoundland and Labrador,society for prevention of cruelty to animals newfoundland and labrador,5,36812.0,same name (printings),,"printed differently: case, punctuation, apostrophes, spacing or legal suffix",Society for the Prevention of Cruelty to Animals (Newfoundland and Labrador); The Society for the Prevention of Cruelty to Animals (Newfoundland and Labrador)
Harbour Authority of Brigus South,harbour authority of brigus south,Harbour Authority of Brigus South,harbour authority of brigus south,8,36785.5,same name (printings),,"printed differently: case, punctuation, apostrophes, spacing or legal suffix",HARBOUR AUTHORITY OF BRIGUS SOUTH
Newfoundland and Labrador Down Syndrome Society Inc,newfoundland and labrador down syndrome society,Newfoundland and Labrador Down Syndrome Society Inc,newfoundland and labrador down syndrome society,5,36755.0,same name (printings),,"printed differently: case, punctuation, apostrophes, spacing or legal suffix",Newfoundland and Labrador Down Syndrome Society Incorporated
Budgetcar Inc,budgetcar,Budgetcar Inc,budgetcar,5,36519.8,same name (printings),,"printed differently: case, punctuation, apostrophes, spacing or legal suffix",BUDGETCAR INC
Lamaline Recreation Commission,lamaline recreation commission,Lamaline Recreation Commission,lamaline recreation commission,8,36469.0,same name (printings),,"printed differently: case, punctuation, apostrophes, spacing or legal suffix",LAMALINE RECREATION COMMISSION
Town of Trinity Bay North,town of trinity bay north,Town of Trinity Bay North,town of trinity bay north,2,36450.0,same name (printings),,"printed differently: case, punctuation, apostrophes, spacing or legal suffix",TOWN OF TRINITY BAY NORTH
Unitex N B Company Ltd.,unitex n b,Unitex N B Company Ltd.,unitex n b,2,36405.98,same name (printings),,"printed differently: case, punctuation, apostrophes, spacing or legal suffix",Unitex N B Company Ltd
Rising Sun Developers Inc,rising sun developers,Rising Sun Developers Inc,rising sun developers,8,36345.0,same name (printings),,"printed differently: case, punctuation, apostrophes, spacing or legal suffix",Rising Sun Developers Inc.
J & C Sod Farm,j and c sod farm,J & C Sod Farm,j and c sod farm,5,36221.0,same name (printings),,"printed differently: case, punctuation, apostrophes, spacing or legal suffix",J and C Sod Farm Limited; J & C Sod Farm Inc.; J & C Sod Farm Ltd.
EP Recreation & Wellness Committee,ep recreation and wellness committee,EP Recreation & Wellness Committee,ep recreation and wellness committee,4,35909.0,same name (printings),,"printed differently: case, punctuation, apostrophes, spacing or legal suffix",EP Recreation and Wellness Committee
TOWN OF ST.VINCENT'S-ST. STEPHEN'S-PETER'S RIVER,town of st vincents st stephens peters river,TOWN OF ST.VINCENT'S-ST. STEPHEN'S-PETER'S RIVER,town of st vincents st stephens peters river,9,35600.0,same name (printings),,"printed differently: case, punctuation, apostrophes, spacing or legal suffix",Town of St. Vincent's-St. Stephen's-Peter's River
MCCARTHY GROUP INDUSTRIAL HOLDINGS INC,mccarthy group industrial holdings,MCCARTHY GROUP INDUSTRIAL HOLDINGS INC,mccarthy group industrial holdings,3,35569.45,same name (printings),,"printed differently: case, punctuation, apostrophes, spacing or legal suffix",MCCARTHY GROUP INDUSTRIAL HOLDINGS
Goose Bay Wholesalers Limited,goose bay wholesalers,Goose Bay Wholesalers Limited,goose bay wholesalers,2,35539.08,same name (printings),,"printed differently: case, punctuation, apostrophes, spacing or legal suffix",Goose Bay Wholesalers
The Local Service District of Gander Bay North,local service district of gander bay north,The Local Service District of Gander Bay North,local service district of gander bay north,5,35526.0,same name (printings),,"printed differently: case, punctuation, apostrophes, spacing or legal suffix",Local Service District of Gander Bay North
Yates And Woods Limited,yates and woods,Yates And Woods Limited,yates and woods,2,35525.0,same name (printings),,"printed differently: case, punctuation, apostrophes, spacing or legal suffix",YATES AND WOODS LIMITED
LEWISPORTE CO-OP,lewisporte cooperative,LEWISPORTE CO-OP,lewisporte cooperative,3,35520.72,same name (printings),,"printed differently: case, punctuation, apostrophes, spacing or legal suffix",Lewisporte Co-op
East Wind Schiffs UND,east wind schiffs und,East Wind Schiffs UND,east wind schiffs und,2,35459.97,same name (printings),,"printed differently: case, punctuation, apostrophes, spacing or legal suffix",East Wind Schiffs Und
Yesterdays Youth 50+ Club,yesterdays youth 50 club,Yesterdays Youth 50+ Club,yesterdays youth 50 club,4,35449.0,same name (printings),,"printed differently: case, punctuation, apostrophes, spacing or legal suffix",YESTERDAY'S YOUTH 50+ CLUB; Yesterday's Youth 50 + Club
Marysvale-Georgetown Small Harbour Committee Inc.,marysvale georgetown small harbour committee,Marysvale-Georgetown Small Harbour Committee Inc.,marysvale georgetown small harbour committee,3,35301.0,same name (printings),,"printed differently: case, punctuation, apostrophes, spacing or legal suffix",Marysvale Georgetown Small Harbour Committee Incorporated; Marysvale Georgetown Small Harbour Committee Inc
Oram's Enterprises Limited,orams enterprises,Oram's Enterprises Limited,orams enterprises,6,35240.85,same name (printings),,"printed differently: case, punctuation, apostrophes, spacing or legal suffix",Oram's Enterprises Ltd; Orams Enterprises
THYSSENKRUPP ELEVATOR,thyssenkrupp elevator,THYSSENKRUPP ELEVATOR,thyssenkrupp elevator,2,35144.93,same name (printings),,"printed differently: case, punctuation, apostrophes, spacing or legal suffix",Thyssenkrupp Elevator
Reidville Recreation Committee Inc.,reidville recreation committee,Reidville Recreation Committee Inc.,reidville recreation committee,8,35073.0,same name (printings),,"printed differently: case, punctuation, apostrophes, spacing or legal suffix",Reidville Recreation Committee; REIDVILLE RECREATION COMMITTEE INC.
Institute For Citizen-Centered Service,institute for citizen centered service,Institute For Citizen-Centered Service,institute for citizen centered service,2,34994.04,same name (printings),,"printed differently: case, punctuation, apostrophes, spacing or legal suffix",Institute for Citizen - Centered Service
R.M. & S. COMPANY LIMITED,r m and s,R.M. & S. COMPANY LIMITED,r m and s,3,34974.93,same name (printings),,"printed differently: case, punctuation, apostrophes, spacing or legal suffix",R.M. & S Company Limited
"Carolina Ground Service Equipment, Inc",carolina ground service equipment,"Carolina Ground Service Equipment, Inc",carolina ground service equipment,2,34904.04,same name (printings),,"printed differently: case, punctuation, apostrophes, spacing or legal suffix",Carolina Ground Service Equipment Inc
The Governing Council of the salvation Army,governing council of salvation army [bn 107951618RR0077],The Governing Council of the salvation Army,governing council of salvation army [bn 107951618RR0077],8,34767.0,same name (printings),,"printed differently: case, punctuation, apostrophes, spacing or legal suffix",The Governing Council of The Salvation Army
Cow Head Sports & Recreation,cow head sports and recreation,Cow Head Sports & Recreation,cow head sports and recreation,9,34612.0,same name (printings),,"printed differently: case, punctuation, apostrophes, spacing or legal suffix",COW HEAD SPORTS AND RECREATION; Cow Head Sports and Recreation
ORCA Book Publishers Ltd.,orca book publishers,ORCA Book Publishers Ltd.,orca book publishers,2,34611.34,same name (printings),,"printed differently: case, punctuation, apostrophes, spacing or legal suffix",Orca Book Publishers
Respondus Inc.,respondus,Respondus Inc.,respondus,4,34585.0,same name (printings),,"printed differently: case, punctuation, apostrophes, spacing or legal suffix","Respondus, Inc."
Parsons Pond Summer Fun Program,parsons pond summer fun program,Parsons Pond Summer Fun Program,parsons pond summer fun program,7,34533.0,same name (printings),,"printed differently: case, punctuation, apostrophes, spacing or legal suffix",Parson's Pond Summer Fun Program
BSM Manor Inc.,bsm manor,BSM Manor Inc.,bsm manor,4,34471.0,same name (printings),,"printed differently: case, punctuation, apostrophes, spacing or legal suffix",BSM Manor Inc; BSM Manor
Ebsco Canada Ltd.,ebsco canada,Ebsco Canada Ltd.,ebsco canada,2,34448.93,same name (printings),,"printed differently: case, punctuation, apostrophes, spacing or legal suffix",Ebsco Canada Inc.
Parish of All Saints,parish of all saints,Parish of All Saints,parish of all saints,3,34370.0,same name (printings),,"printed differently: case, punctuation, apostrophes, spacing or legal suffix",The Parish of All Saints
SNOW & MOW INC,snow and mow,SNOW & MOW INC,snow and mow,3,34327.58,same name (printings),,"printed differently: case, punctuation, apostrophes, spacing or legal suffix",Snow and Mow
Clarenville Minor Softball Association,clarenville minor softball association,Clarenville Minor Softball Association,clarenville minor softball association,3,34278.0,same name (printings),,"printed differently: case, punctuation, apostrophes, spacing or legal suffix",Clarenville Minor Softball Association.
BELLEVUE RECREATION COMMITTEE,bellevue recreation committee,BELLEVUE RECREATION COMMITTEE,bellevue recreation committee,5,34220.0,same name (printings),,"printed differently: case, punctuation, apostrophes, spacing or legal suffix",Bellevue Recreation Committee
Diocesan Synod of Eastern Newfoundland and Labrador,diocesan synod of eastern newfoundland and labrador,Diocesan Synod of Eastern Newfoundland and Labrador,diocesan synod of eastern newfoundland and labrador,6,34168.0,same name (printings),,"printed differently: case, punctuation, apostrophes, spacing or legal suffix",Diocesan Synod of Eastern Newfoundland & Labrador; The Diocesan Synod of Eastern Newfoundland and Labrador
Summit Mechanical Services,summit mechanical services,Summit Mechanical Services,summit mechanical services,3,34023.25,same name (printings),,"printed differently: case, punctuation, apostrophes, spacing or legal suffix",Summit Mechanical Services Limited
Finlay's Farm Inc.,finlays farm,Finlay's Farm Inc.,finlays farm,3,33904.0,same name (printings),,"printed differently: case, punctuation, apostrophes, spacing or legal suffix",Finlays Farm Inc.
South and Central Health Foundation,south and central health foundation,South and Central Health Foundation,south and central health foundation,8,33903.0,same name (printings),,"printed differently: case, punctuation, apostrophes, spacing or legal suffix",SOUTH & CENTRAL HEALTH FOUNDATION
SHIFT PEOPLE DEVELOPMENT INC,shift people development,SHIFT PEOPLE DEVELOPMENT INC,shift people development,4,33867.5,same name (printings),,"printed differently: case, punctuation, apostrophes, spacing or legal suffix",Shift People Development Inc
Gaskier/ Point La Haye Recreation,gaskier point la haye recreation,Gaskier/ Point La Haye Recreation,gaskier point la haye recreation,3,33804.0,same name (printings),,"printed differently: case, punctuation, apostrophes, spacing or legal suffix",Gaskier-Point La Haye Recreation
KING'S POINT THEATRE PROJECT INC. (THE),kings point theatre project,KING'S POINT THEATRE PROJECT INC. (THE),kings point theatre project,3,33700.0,same name (printings),,"printed differently: case, punctuation, apostrophes, spacing or legal suffix",THE KING'S POINT THEATRE PROJECT
South Dildo Whaling & Sealing Museum,south dildo whaling and sealing museum,South Dildo Whaling & Sealing Museum,south dildo whaling and sealing museum,7,33635.0,same name (printings),,"printed differently: case, punctuation, apostrophes, spacing or legal suffix",south dildo whaling and sealing museum; South Dildo Whaling and Sealing Museum; South dildo whaling and Sealing museum
Sweet Berry Farms LTD,sweet berry farms,Sweet Berry Farms LTD,sweet berry farms,5,33603.0,same name (printings),,"printed differently: case, punctuation, apostrophes, spacing or legal suffix",Sweet Berry Farms Ltd; Sweet Berry Farms Ltd.
Municipality of Spaniard's Bay Heritage Society,municipality of spaniards bay heritage society,Municipality of Spaniard's Bay Heritage Society,municipality of spaniards bay heritage society,7,33539.0,same name (printings),,"printed differently: case, punctuation, apostrophes, spacing or legal suffix",MUNICIPALITY OF SPANIARD'S BAY HERITAGE SOCIETY
St. Brendan's Lions Club,st brendans lions club,St. Brendan's Lions Club,st brendans lions club,8,33490.0,same name (printings),,"printed differently: case, punctuation, apostrophes, spacing or legal suffix",ST.Brendan`s Lions Club; St Brendan's Lions Club Inc.
Grande Meadows Golf Course Assoc. Inc,grande meadows golf course assoc,Grande Meadows Golf Course Assoc. Inc,grande meadows golf course assoc,4,33458.0,same name (printings),,"printed differently: case, punctuation, apostrophes, spacing or legal suffix",Grande Meadows Golf Course assoc. Inc.; Grande Meadows Golf Course Assoc. Inc.; Grande Meadows Golf Course Assoc Inc
Gateway Ventures Ltd.,gateway ventures,Gateway Ventures Ltd.,gateway ventures,5,33450.95,same name (printings),,"printed differently: case, punctuation, apostrophes, spacing or legal suffix",GATEWAY VENTURES LIMITED
Roman Catholic Episcopal C Immaculate Conception Parish,roman catholic episcopal c immaculate conception parish,Roman Catholic Episcopal C Immaculate Conception Parish,roman catholic episcopal c immaculate conception parish,3,33319.0,same name (printings),,"printed differently: case, punctuation, apostrophes, spacing or legal suffix",THE ROMAN CATHOLIC EPISCOPAL C IMMACULATE CONCEPTION PARISH
Habitat for Humanity Newfoundland and Labrador inc.,habitat for humanity newfoundland and labrador,Habitat for Humanity Newfoundland and Labrador inc.,habitat for humanity newfoundland and labrador,6,33151.0,same name (printings),,"printed differently: case, punctuation, apostrophes, spacing or legal suffix",Habitat for Humanity Newfoundland and Labrador Inc.; Habitat for Humanity Newfoundland & Labrador
Dogs Rugby Club,dogs rugby club,Dogs Rugby Club,dogs rugby club,4,33109.0,same name (printings),,"printed differently: case, punctuation, apostrophes, spacing or legal suffix",DOGS RUGBY CLUB
NEWFOUNDLAND AND LABRADOR LEGAL AID COMMISSION,newfoundland and labrador legal aid commission,NEWFOUNDLAND AND LABRADOR LEGAL AID COMMISSION,newfoundland and labrador legal aid commission,4,33000.0,same name (printings),,"printed differently: case, punctuation, apostrophes, spacing or legal suffix",Newfoundland and Labrador Legal Aid Commission
Badger Town Council,badger town council,Badger Town Council,badger town council,8,32943.0,same name (printings),,"printed differently: case, punctuation, apostrophes, spacing or legal suffix",BADGER TOWN COUNCIL
East Coast Laundry Equipment,east coast laundry equipment,East Coast Laundry Equipment,east coast laundry equipment,2,32900.0,same name (printings),,"printed differently: case, punctuation, apostrophes, spacing or legal suffix",East Coast Laundry Equipment LTD
NL COMEDY INITIATIVE INC.,newfoundland and labrador comedy initiative,NL COMEDY INITIATIVE INC.,newfoundland and labrador comedy initiative,3,32900.0,same name (printings),,"printed differently: case, punctuation, apostrophes, spacing or legal suffix",NL Comedy Initiative Inc.
St. Vincent's Lions Club,st vincents lions club,St. Vincent's Lions Club,st vincents lions club,6,32730.0,same name (printings),,"printed differently: case, punctuation, apostrophes, spacing or legal suffix",ST.VINCENT'S LIONS CLUB; St.Vincent's Lion's Club
Manuel's Construction Ltd,manuels construction,Manuel's Construction Ltd,manuels construction,2,32690.0,same name (printings),,"printed differently: case, punctuation, apostrophes, spacing or legal suffix",MANUEL'S CONSTRUCTION LTD
Town of English Harbour East Recreation Committee,town of english harbour east recreation committee,Town of English Harbour East Recreation Committee,town of english harbour east recreation committee,8,32649.0,same name (printings),,"printed differently: case, punctuation, apostrophes, spacing or legal suffix",Town Of English Harbour East Recreation Committee
Brimstone Head Lions Club,brimstone head lions club,Brimstone Head Lions Club,brimstone head lions club,8,32649.0,same name (printings),,"printed differently: case, punctuation, apostrophes, spacing or legal suffix",Brimstone Head Lions Club Inc.
Beau Bois Heritage Committee Inc.,beau bois heritage committee,Beau Bois Heritage Committee Inc.,beau bois heritage committee,8,32649.0,same name (printings),,"printed differently: case, punctuation, apostrophes, spacing or legal suffix",Beau Bois Heritage Committee Incorporated
Energy NL INC,energy newfoundland and labrador,Energy NL INC,energy newfoundland and labrador,2,32565.0,same name (printings),,"printed differently: case, punctuation, apostrophes, spacing or legal suffix",Energy NL
"The Oat Company, Inc.",oat,"The Oat Company, Inc.",oat,2,32500.0,same name (printings),,"printed differently: case, punctuation, apostrophes, spacing or legal suffix",The Oat Company
Royal Canadian Legion Branch 11,royal canadian legion branch 11,Royal Canadian Legion Branch 11,royal canadian legion branch 11,3,32500.0,same name (printings),,"printed differently: case, punctuation, apostrophes, spacing or legal suffix","Royal Canadian Legion, Branch 11"
Cavendish Hotel LP o/a Sheraton,cavendish hotel lp,Cavendish Hotel LP o/a Sheraton,cavendish hotel lp,2,32493.37,same name (printings),,"printed differently: case, punctuation, apostrophes, spacing or legal suffix",Cavendish Hotel LP o/a Sheraton Hotel Newfoundland
Parker's Cove Recreation Commission,parkers cove recreation commission,Parker's Cove Recreation Commission,parkers cove recreation commission,8,32493.0,same name (printings),,"printed differently: case, punctuation, apostrophes, spacing or legal suffix",Parker's Cove recreation Commission
Aylwards (1986) Limited,aylwards 1986,Aylwards (1986) Limited,aylwards 1986,16,32360.0,same name (printings),,"printed differently: case, punctuation, apostrophes, spacing or legal suffix",Aylwards(1986) Limited
"The Harbour Authority of New Harbour, T.B.",harbour authority of new harbour t b,"The Harbour Authority of New Harbour, T.B.",harbour authority of new harbour t b,8,32251.0,same name (printings),,"printed differently: case, punctuation, apostrophes, spacing or legal suffix","Harbour Authority of New Harbour, T.B."
Town of Clarke's Beach,town of clarkes beach,Town of Clarke's Beach,town of clarkes beach,9,32191.0,same name (printings),,"printed differently: case, punctuation, apostrophes, spacing or legal suffix",TOWN OF CLARKE'S BEACH
Coastal Marine Limited,coastal marine,Coastal Marine Limited,coastal marine,5,32157.64,same name (printings),,"printed differently: case, punctuation, apostrophes, spacing or legal suffix",Coastal Marine Limited o/a Coastal Outdoors; Coastal Marine Ltd
LOCAL SERVICE DISTRICT OF LAURENCETON,local service district of laurenceton,LOCAL SERVICE DISTRICT OF LAURENCETON,local service district of laurenceton,13,32100.0,same name (printings),,"printed differently: case, punctuation, apostrophes, spacing or legal suffix",Local Service District of Laurenceton; the local service district of laurenceton; The Local Service District of Laurenceton; Local Service District Of Laurenceton
Thermo Labsystems Inc.,thermo labsystems,Thermo Labsystems Inc.,thermo labsystems,2,32070.6,same name (printings),,"printed differently: case, punctuation, apostrophes, spacing or legal suffix","Thermo Labsystems, Inc"
Apothecary Hall Trust,apothecary hall trust,Apothecary Hall Trust,apothecary hall trust,5,32004.0,same name (printings),,"printed differently: case, punctuation, apostrophes, spacing or legal suffix",APOTHECARY HALL TRUST
Town of South River,town of south river,Town of South River,town of south river,8,31993.0,same name (printings),,"printed differently: case, punctuation, apostrophes, spacing or legal suffix",TOWN OF SOUTH RIVER
Newfoundland Outport Nursing and Industrial Association,newfoundland outport nursing and industrial association,Newfoundland Outport Nursing and Industrial Association,newfoundland outport nursing and industrial association,7,31989.0,same name (printings),,"printed differently: case, punctuation, apostrophes, spacing or legal suffix",Newfoundland Outport Nursing and Industrial Association (NONIA)
Tilting Recreation and Cultural Society,tilting recreation and cultural society,Tilting Recreation and Cultural Society,tilting recreation and cultural society,6,31868.0,same name (printings),,"printed differently: case, punctuation, apostrophes, spacing or legal suffix",Tilting Recreation And Cultural Society
Pat's Plants and Garden Supplies,pats plants and garden supplies,Pat's Plants and Garden Supplies,pats plants and garden supplies,8,31793.0,same name (printings),,"printed differently: case, punctuation, apostrophes, spacing or legal suffix",Pat's Plants & Garden Supplies
FOGO ISLAND SHOP,fogo island shop,FOGO ISLAND SHOP,fogo island shop,3,31781.87,same name (printings),,"printed differently: case, punctuation, apostrophes, spacing or legal suffix",Fogo Island Shop
Town of Milltown-Head of Bay d'Espoir,town of milltown head of bay despoir,Town of Milltown-Head of Bay d'Espoir,town of milltown head of bay despoir,3,31658.0,same name (printings),,"printed differently: case, punctuation, apostrophes, spacing or legal suffix",Town of Milltown - Head of Bay D'Espoir; TOWN OF MILLTOWN-HEAD OF BAY D'ESPOIR
Leon's Furniture,leons furniture,Leon's Furniture,leons furniture,2,31468.62,same name (printings),,"printed differently: case, punctuation, apostrophes, spacing or legal suffix",LEON'S FURNITURE LTD
Loyal Orange Lodge No. 26,loyal orange lodge no 26,Loyal Orange Lodge No. 26,loyal orange lodge no 26,8,31386.0,same name (printings),,"printed differently: case, punctuation, apostrophes, spacing or legal suffix",Loyal Orange Lodge No.26
Thermogenics Inc.,thermogenics,Thermogenics Inc.,thermogenics,2,31374.15,same name (printings),,"printed differently: case, punctuation, apostrophes, spacing or legal suffix",Thermogenics Inc
CAPITAL CRANE LTD,capital crane,CAPITAL CRANE LTD,capital crane,2,31111.16,same name (printings),,"printed differently: case, punctuation, apostrophes, spacing or legal suffix",CAPITAL CRANE LIMITED
The Learning Tree Childcare Inc.,learning tree childcare,The Learning Tree Childcare Inc.,learning tree childcare,4,31026.0,same name (printings),,"printed differently: case, punctuation, apostrophes, spacing or legal suffix",The Learning Tree Childcare Incorporated
G&K Hyde Fisheries Ltd.,g and k hyde fisheries,G&K Hyde Fisheries Ltd.,g and k hyde fisheries,2,30995.3,same name (printings),,"printed differently: case, punctuation, apostrophes, spacing or legal suffix",G & K Hyde Fisheries Ltd.
Norman's Cove-Long Cove Sports and Recreation Commission,normans cove long cove sports and recreation commission,Norman's Cove-Long Cove Sports and Recreation Commission,normans cove long cove sports and recreation commission,7,30727.0,same name (printings),,"printed differently: case, punctuation, apostrophes, spacing or legal suffix",NORMAN'S COVE - LONG COVE SPORTS AND RECREATION COMMISSION
Fleur De Lys Fire Brigade,fleur de lys fire brigade,Fleur De Lys Fire Brigade,fleur de lys fire brigade,7,30435.0,same name (printings),,"printed differently: case, punctuation, apostrophes, spacing or legal suffix",Fleur de Lys Fire Brigade
Coastal Wave Elite Inc,coastal wave elite,Coastal Wave Elite Inc,coastal wave elite,4,30364.0,same name (printings),,"printed differently: case, punctuation, apostrophes, spacing or legal suffix",Coastal Wave Elite Inc.; COASTAL WAVE ELITE INC.
TOWN OF PACQUET,town of pacquet,TOWN OF PACQUET,town of pacquet,6,30210.0,same name (printings),,"printed differently: case, punctuation, apostrophes, spacing or legal suffix",Town of Pacquet
LABRADOR MOTORS LTD.,labrador motors,LABRADOR MOTORS LTD.,labrador motors,3,30192.21,same name (printings),,"printed differently: case, punctuation, apostrophes, spacing or legal suffix",LABRADOR MOTORS LIMITED
Walk a Ways Park and Trails,walk a ways park and trails,Walk a Ways Park and Trails,walk a ways park and trails,8,30112.0,same name (printings),,"printed differently: case, punctuation, apostrophes, spacing or legal suffix",Walk-A-Ways Park and Trails; Walk-a-Ways Park and Trails; Walk-a Ways Park and Trails
DAVTECH ANALYTICAL SERVICES (CAN) LTD,davtech analytical services can,DAVTECH ANALYTICAL SERVICES (CAN) LTD,davtech analytical services can,2,30000.0,same name (printings),,"printed differently: case, punctuation, apostrophes, spacing or legal suffix",Davtech Analytical Services (Can) Ltd
Point Leamington Heritage Council,point leamington heritage council,Point Leamington Heritage Council,point leamington heritage council,7,29899.0,same name (printings),,"printed differently: case, punctuation, apostrophes, spacing or legal suffix",POINT LEAMINGTON HERITAGE COUNCIL
King Process Technology,king process technology,King Process Technology,king process technology,2,29862.0,same name (printings),,"printed differently: case, punctuation, apostrophes, spacing or legal suffix",King Process Technology Inc.
Mazol Charitable Trust Inc,mazol charitable trust,Mazol Charitable Trust Inc,mazol charitable trust,5,29859.0,same name (printings),,"printed differently: case, punctuation, apostrophes, spacing or legal suffix",Mazol Charitable Trust Inc.
Fetch Quest Ltd.,fetch quest,Fetch Quest Ltd.,fetch quest,4,29821.0,same name (printings),,"printed differently: case, punctuation, apostrophes, spacing or legal suffix",Fetch Quest Ltd
Central Recreational Supplies,central recreational supplies,Central Recreational Supplies,central recreational supplies,5,29801.39,same name (printings),,"printed differently: case, punctuation, apostrophes, spacing or legal suffix",Central Recreational Supplies Ltd o/a Adventure Sales & Service
Feral Felines Rescue & Rehabilitation Inc.,feral felines rescue and rehabilitation,Feral Felines Rescue & Rehabilitation Inc.,feral felines rescue and rehabilitation,6,29780.0,same name (printings),,"printed differently: case, punctuation, apostrophes, spacing or legal suffix",Feral Felines Rescue and Rehabilitation Inc.
LAWRENCE GLASS & ALUMINUM CO LTD,lawrence glass and aluminum,LAWRENCE GLASS & ALUMINUM CO LTD,lawrence glass and aluminum,2,29715.0,same name (printings),,"printed differently: case, punctuation, apostrophes, spacing or legal suffix",Lawrence Glass & Aluminum Ltd
Harbour Authority of Little Hearts Ease,harbour authority of little hearts ease,Harbour Authority of Little Hearts Ease,harbour authority of little hearts ease,7,29663.0,same name (printings),,"printed differently: case, punctuation, apostrophes, spacing or legal suffix",Harbour Authority of Little Heart's Ease
Sivunivut Inuit Community Corporation Inc,sivunivut inuit community,Sivunivut Inuit Community Corporation Inc,sivunivut inuit community,3,29413.0,same name (printings),,"printed differently: case, punctuation, apostrophes, spacing or legal suffix",Sivunivut Inuit Community Corp
Clarenville Area SPCA,clarenville area spca,Clarenville Area SPCA,clarenville area spca,5,29220.0,same name (printings),,"printed differently: case, punctuation, apostrophes, spacing or legal suffix",Clarenville Area SPCA INC
THE CARPET FACTORY,carpet factory,THE CARPET FACTORY,carpet factory,2,29203.02,same name (printings),,"printed differently: case, punctuation, apostrophes, spacing or legal suffix",Carpet Factory
CREATIVE CULTURAL EXPERIENCES CORP.,creative cultural experiences,CREATIVE CULTURAL EXPERIENCES CORP.,creative cultural experiences,2,29122.0,same name (printings),,"printed differently: case, punctuation, apostrophes, spacing or legal suffix",Creative Cultural Experiences
Burin Peninsula Health Care Foundation Inc.,burin peninsula health care foundation,Burin Peninsula Health Care Foundation Inc.,burin peninsula health care foundation,7,29016.0,same name (printings),,"printed differently: case, punctuation, apostrophes, spacing or legal suffix",Burin Peninsula Health Care Foundation
Newfoundland and Labrador Construction Safety Association,newfoundland and labrador construction safety association,Newfoundland and Labrador Construction Safety Association,newfoundland and labrador construction safety association,5,28942.0,same name (printings),,"printed differently: case, punctuation, apostrophes, spacing or legal suffix",NL Construction Safety Association Inc.
Retired Banker's Association - NL,retired bankers association newfoundland and labrador,Retired Banker's Association - NL,retired bankers association newfoundland and labrador,4,28912.0,same name (printings),,"printed differently: case, punctuation, apostrophes, spacing or legal suffix",Retired Bankers Association- NL
north atlantic,north atlantic,north atlantic,north atlantic,29,28629.01,same name (printings),,"printed differently: case, punctuation, apostrophes, spacing or legal suffix",North Atlantic; NORTH ATLANTIC
Association for Youth & Leisuretime Activities Inc.,association for youth and leisuretime activities,Association for Youth & Leisuretime Activities Inc.,association for youth and leisuretime activities,4,28567.0,same name (printings),,"printed differently: case, punctuation, apostrophes, spacing or legal suffix",Association For Youth & Leisuretime Activities Inc; Association for Youth & Leisuretime Activities Inc
PLACENTIA STAR OF THE SEA ASSOCIATION INC.,placentia star of sea association,PLACENTIA STAR OF THE SEA ASSOCIATION INC.,placentia star of sea association,2,28540.0,same name (printings),,"printed differently: case, punctuation, apostrophes, spacing or legal suffix",Placentia Star of The Sea Association Inc.
AXON Public Safety Canada Inc.,axon public safety canada,AXON Public Safety Canada Inc.,axon public safety canada,2,28458.18,same name (printings),,"printed differently: case, punctuation, apostrophes, spacing or legal suffix",AXON Public Safety Canada Inc
"Brian James Kowalski, Evan Michael Murray",brian james kowalski evan michael murray,"Brian James Kowalski, Evan Michael Murray",brian james kowalski evan michael murray,3,28454.0,same name (printings),,"printed differently: case, punctuation, apostrophes, spacing or legal suffix",Brian James Kowalski Evan Michael Murray
TOWN OF RENEWS-CAPPAHAYDEN,town of renews cappahayden,TOWN OF RENEWS-CAPPAHAYDEN,town of renews cappahayden,4,28340.0,same name (printings),,"printed differently: case, punctuation, apostrophes, spacing or legal suffix",Town of Renews-Cappahayden
The Salvation Army Carbonear Corps,salvation army carbonear corps,The Salvation Army Carbonear Corps,salvation army carbonear corps,7,28314.0,same name (printings),,"printed differently: case, punctuation, apostrophes, spacing or legal suffix",Salvation Army Carbonear Corps
Community Credit Union Ltd.,community credit union,Community Credit Union Ltd.,community credit union,9,28310.0,same name (printings),,"printed differently: case, punctuation, apostrophes, spacing or legal suffix",Community Credit Union Limited; Community Credit Union; Community Credit Union Ltd
BOSSD Boat Owners Association Inc,bossd boat owners association,BOSSD Boat Owners Association Inc,bossd boat owners association,7,28148.0,same name (printings),,"printed differently: case, punctuation, apostrophes, spacing or legal suffix",BOSSD: Boat Owner's Association Inc.; BOSSD Boat Owners Association Inc.
Displayco Canada Inc.,displayco canada,Displayco Canada Inc.,displayco canada,3,28031.0,same name (printings),,"printed differently: case, punctuation, apostrophes, spacing or legal suffix",Displayco Canada Inc
"Whitbourne Heritage Society, Inc.",whitbourne heritage society,"Whitbourne Heritage Society, Inc.",whitbourne heritage society,8,28025.0,same name (printings),,"printed differently: case, punctuation, apostrophes, spacing or legal suffix","Whitbourne Heritage Society Inc; WHITBOURNE HERITAGE SOCIETY, INC.; Whitbourne Heritage Society, Inc; Whitbourne Heritage Society Inc."
Newfoundland and Labrador Fish Harvesting Safety Association,newfoundland and labrador fish harvesting safety association,Newfoundland and Labrador Fish Harvesting Safety Association,newfoundland and labrador fish harvesting safety association,7,28016.0,same name (printings),,"printed differently: case, punctuation, apostrophes, spacing or legal suffix",Newfoundland & Labrador Fish Harvesting Safety Association
Way 2 Grow Child Care Center,way 2 grow child care center,Way 2 Grow Child Care Center,way 2 grow child care center,7,28016.0,same name (printings),,"printed differently: case, punctuation, apostrophes, spacing or legal suffix",Way 2 Grow Child care Center
Parish of St. Thomas',parish of st thomas,Parish of St. Thomas',parish of st thomas,7,28016.0,same name (printings),,"printed differently: case, punctuation, apostrophes, spacing or legal suffix",Parish of St. Thomas
Mount Pearl Sport Alliance,mount pearl sport alliance,Mount Pearl Sport Alliance,mount pearl sport alliance,5,27772.0,same name (printings),,"printed differently: case, punctuation, apostrophes, spacing or legal suffix",MOUNT PEARL SPORT ALLIANCE INC
John Brooks,john brooks,John Brooks,john brooks,2,27747.68,same name (printings),,"printed differently: case, punctuation, apostrophes, spacing or legal suffix",John Brooks Company Ltd
Rose Blanche Volunteer Fire Department,rose blanche volunteer fire department,Rose Blanche Volunteer Fire Department,rose blanche volunteer fire department,7,27662.0,same name (printings),,"printed differently: case, punctuation, apostrophes, spacing or legal suffix",Rose Blanche Volunteer Fire Department Corporation
Great Brehat Wharf Maintenance & Harbour Authority Inc.,great brehat wharf maintenance and harbour authority,Great Brehat Wharf Maintenance & Harbour Authority Inc.,great brehat wharf maintenance and harbour authority,3,27651.0,same name (printings),,"printed differently: case, punctuation, apostrophes, spacing or legal suffix",Great Brehat Wharf Maintenance and Harbour Authority Inc.
BEST BUY CANADA LTD,best buy canada,BEST BUY CANADA LTD,best buy canada,16,27639.8,same name (printings),,"printed differently: case, punctuation, apostrophes, spacing or legal suffix",Best Buy Canada Ltd
Bell Island Community Development Housing Corporation,bell island community development housing,Bell Island Community Development Housing Corporation,bell island community development housing,7,27536.0,same name (printings),,"printed differently: case, punctuation, apostrophes, spacing or legal suffix",Bell Island Community Development Housing Corp.; Bell Island Community Development Housing Corp
Canadian Red Cross,canadian red cross,Canadian Red Cross,canadian red cross,4,27520.0,same name (printings),,"printed differently: case, punctuation, apostrophes, spacing or legal suffix",Canadian red cross
CBN minor softball,cbn minor softball,CBN minor softball,cbn minor softball,2,27414.0,same name (printings),,"printed differently: case, punctuation, apostrophes, spacing or legal suffix",CBN Minor Softball
HARBOUR AUTHORITY OF GLOVERTOWN,harbour authority of glovertown,HARBOUR AUTHORITY OF GLOVERTOWN,harbour authority of glovertown,4,27307.01,same name (printings),,"printed differently: case, punctuation, apostrophes, spacing or legal suffix",Harbour Authority of Glovertown
Dildo Recreation Committee Inc,dildo recreation committee,Dildo Recreation Committee Inc,dildo recreation committee,5,27216.0,same name (printings),,"printed differently: case, punctuation, apostrophes, spacing or legal suffix",Dildo Recreation Committee Inc.; Dildo Recreation Committee inc
Raymond Farr & Sons Ltd,raymond farr and sons,Raymond Farr & Sons Ltd,raymond farr and sons,8,27178.0,same name (printings),,"printed differently: case, punctuation, apostrophes, spacing or legal suffix",Raymond Farr & Sons Ltd.; Raymond Farr & Sons Limited; Raymond Farr and Sons Ltd.; RAYMOND FARR & SONS LTD.
"Eating Disorder Foundation of NL, Inc.",eating disorder foundation of newfoundland and labrador,"Eating Disorder Foundation of NL, Inc.",eating disorder foundation of newfoundland and labrador,7,27166.0,same name (printings),,"printed differently: case, punctuation, apostrophes, spacing or legal suffix","EATING DISORDER FOUNDATION OF NL INC; Eating Disorder Foundation of Newfoundland and Labrador; Eating Disorder Foundation of Newfoundland and Labrador, Inc."
SHANE REDDY INDUSTRIAL LTD,shane reddy industrial,SHANE REDDY INDUSTRIAL LTD,shane reddy industrial,3,27139.2,same name (printings),,"printed differently: case, punctuation, apostrophes, spacing or legal suffix",Shane Reddy Industrial Ltd
Cira,cira,Cira,cira,2,27000.0,same name (printings),,"printed differently: case, punctuation, apostrophes, spacing or legal suffix",CIRA
MARY'S HARBOUR COMMUNITY COUNCIL,marys harbour community council,MARY'S HARBOUR COMMUNITY COUNCIL,marys harbour community council,3,26898.0,same name (printings),,"printed differently: case, punctuation, apostrophes, spacing or legal suffix",Marys Harbour Community Council
Professional Security Products,professional security products,Professional Security Products,professional security products,2,26890.49,same name (printings),,"printed differently: case, punctuation, apostrophes, spacing or legal suffix",Professional Security Products Corporation
Canalytical Instrumentation Services,canalytical instrumentation services,Canalytical Instrumentation Services,canalytical instrumentation services,2,26770.18,same name (printings),,"printed differently: case, punctuation, apostrophes, spacing or legal suffix",Canalytical Instrumentation Services Inc.
Visual Artists Newfoundland and Labrador Inc.,visual artists newfoundland and labrador,Visual Artists Newfoundland and Labrador Inc.,visual artists newfoundland and labrador,2,26750.0,same name (printings),,"printed differently: case, punctuation, apostrophes, spacing or legal suffix",Visual Artists Newfoundland & Labrador Incorporated
Suzuki Talent Education Program Inc.,suzuki talent education program,Suzuki Talent Education Program Inc.,suzuki talent education program,8,26722.0,same name (printings),,"printed differently: case, punctuation, apostrophes, spacing or legal suffix",Suzuki Talent Education Program Inc; Suzuki Talent Education Program
Humber Tumblers Inc (Saltos),humber tumblers saltos,Humber Tumblers Inc (Saltos),humber tumblers saltos,2,26703.0,same name (printings),,"printed differently: case, punctuation, apostrophes, spacing or legal suffix",Humber Tumblers INC (Saltos)
HIGHLINER INNS LIMITED,highliner inns,HIGHLINER INNS LIMITED,highliner inns,2,26689.5,same name (printings),,"printed differently: case, punctuation, apostrophes, spacing or legal suffix",Highliner Inns Limited
L'Anse au Loup Recreation Commission,lanse au loup recreation commission,L'Anse au Loup Recreation Commission,lanse au loup recreation commission,4,26675.0,same name (printings),,"printed differently: case, punctuation, apostrophes, spacing or legal suffix",L'Anse Au Loup Recreation Commission
HARBOUR AUTHORITY OF TREPASSEY,harbour authority of trepassey,HARBOUR AUTHORITY OF TREPASSEY,harbour authority of trepassey,2,26564.75,same name (printings),,"printed differently: case, punctuation, apostrophes, spacing or legal suffix",Harbour Authority of Trepassey
The Friends of Pippy Park (FoPP),friends of pippy park fopp,The Friends of Pippy Park (FoPP),friends of pippy park fopp,3,26535.0,same name (printings),,"printed differently: case, punctuation, apostrophes, spacing or legal suffix",Friends of Pippy Park (FoPP)
BURIN PENINSULA VOICE AGAINST VIOLENCE,burin peninsula voice against violence,BURIN PENINSULA VOICE AGAINST VIOLENCE,burin peninsula voice against violence,2,26419.82,same name (printings),,"printed differently: case, punctuation, apostrophes, spacing or legal suffix",Burin Peninsula Voice Against Violence
Parish of St. John the Evangelist,parish of st john evangelist,Parish of St. John the Evangelist,parish of st john evangelist,7,26320.0,same name (printings),,"printed differently: case, punctuation, apostrophes, spacing or legal suffix",The Parish of St. John the Evangelist
Harbour Authority Of Leading Tickles,harbour authority of leading tickles,Harbour Authority Of Leading Tickles,harbour authority of leading tickles,7,26289.0,same name (printings),,"printed differently: case, punctuation, apostrophes, spacing or legal suffix",Harbour Authority of Leading Tickles; Harbour authority of leading tickles
L'Anse au Clair Recreation Committee,lanse au clair recreation committee,L'Anse au Clair Recreation Committee,lanse au clair recreation committee,4,26261.0,same name (printings),,"printed differently: case, punctuation, apostrophes, spacing or legal suffix",Lanse au Clair Recreation Committee
Charlottetown Community Council,charlottetown community council,Charlottetown Community Council,charlottetown community council,6,26211.0,same name (printings),,"printed differently: case, punctuation, apostrophes, spacing or legal suffix",CHARLOTTETOWN COMMUNITY COUNCIL
Dover Fault Committee,dover fault committee,Dover Fault Committee,dover fault committee,5,26154.0,same name (printings),,"printed differently: case, punctuation, apostrophes, spacing or legal suffix",Dover Fault Committee C/O Town of Dover
"NEW HARBOUR YOUTH, RECREATION AND HERITAGE COMMITTEE INC.",new harbour youth recreation and heritage committee,"NEW HARBOUR YOUTH, RECREATION AND HERITAGE COMMITTEE INC.",new harbour youth recreation and heritage committee,11,26090.0,same name (printings),,"printed differently: case, punctuation, apostrophes, spacing or legal suffix","New Harbour Youth, Recreation and Heritage Committee Inc."
Eastern Gate Church Inc.,eastern gate church,Eastern Gate Church Inc.,eastern gate church,5,26045.0,same name (printings),,"printed differently: case, punctuation, apostrophes, spacing or legal suffix","Eastern Gate Church, Inc."
HOUSEHOLD MOVERS & SHIPPERS LTD,household movers and shippers,HOUSEHOLD MOVERS & SHIPPERS LTD,household movers and shippers,2,25974.11,same name (printings),,"printed differently: case, punctuation, apostrophes, spacing or legal suffix",Household Movers and Shippers Limited
Scouts Canada,scouts canada,Scouts Canada,scouts canada,4,25905.0,same name (printings),,"printed differently: case, punctuation, apostrophes, spacing or legal suffix",SCOUTS CANADA
Dr. G B Cross Memorial Hospital Auxiliary,dr g b cross memorial hospital auxiliary,Dr. G B Cross Memorial Hospital Auxiliary,dr g b cross memorial hospital auxiliary,7,25874.0,same name (printings),,"printed differently: case, punctuation, apostrophes, spacing or legal suffix",Dr. G. B. Cross Memorial Hospital Auxiliary; Dr G B Cross Memorial Hospital Auxiliary
TOWN OF COX'S COVE,town of coxs cove,TOWN OF COX'S COVE,town of coxs cove,10,25844.0,same name (printings),,"printed differently: case, punctuation, apostrophes, spacing or legal suffix",Town of Cox's Cove; The Town of Cox's Cove
Staples Canada,staples canada,Staples Canada,staples canada,8,25797.39,same name (printings),,"printed differently: case, punctuation, apostrophes, spacing or legal suffix",Staples Canada ULC o/a Staples The Business Depot
Lord's Cove Recreation Inc.,lords cove recreation,Lord's Cove Recreation Inc.,lords cove recreation,8,25773.0,same name (printings),,"printed differently: case, punctuation, apostrophes, spacing or legal suffix",LORD'S COVE RECREATION INC.; Lord's Cove Recreation Incorporated; Lords cove recreation Inc; Lords Cove Recreation Inc; Lord's Cove Recreation Inc; Lord's Cove Recreation INC.
LANGUAGE RESEARCH DEVELOPMENT GROUP,language research development group,LANGUAGE RESEARCH DEVELOPMENT GROUP,language research development group,22,25770.0,same name (printings),,"printed differently: case, punctuation, apostrophes, spacing or legal suffix",Language Research Development Group; Language Research Development Group (LRDG)
Conception Bay Family Resource Program,conception bay family resource program,Conception Bay Family Resource Program,conception bay family resource program,6,25754.0,same name (printings),,"printed differently: case, punctuation, apostrophes, spacing or legal suffix",Conception Bay Family Resource Program Inc.
TOWN OF LAWN,town of lawn,TOWN OF LAWN,town of lawn,14,25704.0,same name (printings),,"printed differently: case, punctuation, apostrophes, spacing or legal suffix",The Town of Lawn; Town of Lawn
Arbiter Systems Inc.,arbiter systems,Arbiter Systems Inc.,arbiter systems,2,25600.53,same name (printings),,"printed differently: case, punctuation, apostrophes, spacing or legal suffix",Arbiter Systems Inc
Canadian Federation of Students Newfoundland and Labrador,canadian federation of students newfoundland and labrador,Canadian Federation of Students Newfoundland and Labrador,canadian federation of students newfoundland and labrador,5,25594.0,same name (printings),,"printed differently: case, punctuation, apostrophes, spacing or legal suffix",Canadian Federation of Students NL; Canadian Federation of Students - Newfoundland and Labrador (CFS-NL); Canadian Federation of Students - Newfoundland and Labrador
Stephenville Crossing Parks and Recreation,stephenville crossing parks and recreation,Stephenville Crossing Parks and Recreation,stephenville crossing parks and recreation,3,25315.0,same name (printings),,"printed differently: case, punctuation, apostrophes, spacing or legal suffix",Stephenville Crossing parks and Recreation
Reveal Marketing Group Inc.,reveal marketing group,Reveal Marketing Group Inc.,reveal marketing group,2,25245.54,same name (printings),,"printed differently: case, punctuation, apostrophes, spacing or legal suffix",Reveal Marketing Group Inc
Steers Distribution Limited,steers distribution,Steers Distribution Limited,steers distribution,6,25110.0,same name (printings),,"printed differently: case, punctuation, apostrophes, spacing or legal suffix",Steers Distribution Limited.
Community Action Group for Adults with Developmental Disabilities,community action group for adults with developmental disabilities,Community Action Group for Adults with Developmental Disabilities,community action group for adults with developmental disabilities,7,25106.0,same name (printings),,"printed differently: case, punctuation, apostrophes, spacing or legal suffix",Community Action Group for Adults with Developmental Disabilities Inc.
Conche Harbour Authority,conche harbour authority,Conche Harbour Authority,conche harbour authority,7,25081.0,same name (printings),,"printed differently: case, punctuation, apostrophes, spacing or legal suffix",conche harbour authority
Perry's Cove Celebration Committee,perrys cove celebration committee,Perry's Cove Celebration Committee,perrys cove celebration committee,6,25060.0,same name (printings),,"printed differently: case, punctuation, apostrophes, spacing or legal suffix",Perry's Cove celebration Committee
Victoria Community Development Corporation,victoria community development,Victoria Community Development Corporation,victoria community development,5,25038.0,same name (printings),,"printed differently: case, punctuation, apostrophes, spacing or legal suffix",Victoria Community Development corporation
The Hub Physically Handicapped Centre Incorporated,hub physically handicapped centre,The Hub Physically Handicapped Centre Incorporated,hub physically handicapped centre,6,25030.0,same name (printings),,"printed differently: case, punctuation, apostrophes, spacing or legal suffix",THE HUB PHYSICALLY HANDICAPPED CENTRE INCORPORATED; The Hub Physically Handicapped Centre Inc
TOWN OF LA SCIE,town of la scie,TOWN OF LA SCIE,town of la scie,14,25011.0,same name (printings),,"printed differently: case, punctuation, apostrophes, spacing or legal suffix",Town of La Scie
Gaspard & Sons Ltd.,gaspard and sons,Gaspard & Sons Ltd.,gaspard and sons,2,24985.77,same name (printings),,"printed differently: case, punctuation, apostrophes, spacing or legal suffix",Gaspard and Sons Ltd.
C & P MOTORSPORTS LTD.,c and p motorsports,C & P MOTORSPORTS LTD.,c and p motorsports,2,24912.7,same name (printings),,"printed differently: case, punctuation, apostrophes, spacing or legal suffix",C&P Motorsports Ltd.
Green Bay Community Employment,green bay community employment,Green Bay Community Employment,green bay community employment,4,24890.0,same name (printings),,"printed differently: case, punctuation, apostrophes, spacing or legal suffix",green bay community employment corporation; Green bay community employment corporation; GREEN BAY COMMUNITY EMPLOYMENT
Eagle Vision Leadership and Training Solutions Inc,eagle vision leadership and training solutions,Eagle Vision Leadership and Training Solutions Inc,eagle vision leadership and training solutions,2,24867.78,same name (printings),,"printed differently: case, punctuation, apostrophes, spacing or legal suffix",Eagle Vision Leadership & Training Solutions Inc.
8906297 CANADA INC,8906297 canada,8906297 CANADA INC,8906297 canada,4,24794.15,same name (printings),,"printed differently: case, punctuation, apostrophes, spacing or legal suffix",8906297 Canada Inc.; 8906297 Canada Inc o/a Flying Colours International
Cow Head Special Events Committee,cow head special events committee,Cow Head Special Events Committee,cow head special events committee,6,24777.0,same name (printings),,"printed differently: case, punctuation, apostrophes, spacing or legal suffix",COW HEAD SPECIAL EVENTS COMMITTEE
Robert's Arm Youth Centre,roberts arm youth centre,Robert's Arm Youth Centre,roberts arm youth centre,7,24767.0,same name (printings),,"printed differently: case, punctuation, apostrophes, spacing or legal suffix",Roberts Arm Youth Centre
Smiling Land Farm Inc,smiling land farm,Smiling Land Farm Inc,smiling land farm,3,24752.0,same name (printings),,"printed differently: case, punctuation, apostrophes, spacing or legal suffix",Smiling Land Farm Inc.
Isle aux Morts Community Center Incorporated,isle aux morts community center,Isle aux Morts Community Center Incorporated,isle aux morts community center,6,24676.0,same name (printings),,"printed differently: case, punctuation, apostrophes, spacing or legal suffix",Isle aux Morts Community Center; Isle aux Morts Community Center Inc.; Isle aux Morts Community Center Inc
"Mildred Lavers, on behalf of Northern Peninsula (Mekap'sk) Mi'kmaq Band",mildred lavers on behalf of northern peninsula mekapsk mikmaq band,"Mildred Lavers, on behalf of Northern Peninsula (Mekap'sk) Mi'kmaq Band",mildred lavers on behalf of northern peninsula mekapsk mikmaq band,2,24600.0,same name (printings),,"printed differently: case, punctuation, apostrophes, spacing or legal suffix","Mildred Lavers, on behalf of the Northern Peninsula (Mekap'sk) Mi'kmaq Band"
Conche Recreation Committee,conche recreation committee,Conche Recreation Committee,conche recreation committee,7,24598.0,same name (printings),,"printed differently: case, punctuation, apostrophes, spacing or legal suffix",CONCHE RECREATION COMMITTEE
Heart's Content Community Centre,hearts content community centre,Heart's Content Community Centre,hearts content community centre,4,24585.0,same name (printings),,"printed differently: case, punctuation, apostrophes, spacing or legal suffix",Hearts Content Community Centre
NL Association of Municipal Administrators,newfoundland and labrador association of municipal administrators,NL Association of Municipal Administrators,newfoundland and labrador association of municipal administrators,5,24500.0,same name (printings),,"printed differently: case, punctuation, apostrophes, spacing or legal suffix",Newfoundland and Labrador Association of Municipal Administrators
"Colton Dawe, O/A Vinyl Frontier Signs Graphics & Vehicle Lettering",colton dawe,"Colton Dawe, O/A Vinyl Frontier Signs Graphics & Vehicle Lettering",colton dawe,2,24460.0,same name (printings),,"printed differently: case, punctuation, apostrophes, spacing or legal suffix",COLTON DAWE
LAMALINE HERITAGE SOCIETY INC.,lamaline heritage society,LAMALINE HERITAGE SOCIETY INC.,lamaline heritage society,8,24401.0,same name (printings),,"printed differently: case, punctuation, apostrophes, spacing or legal suffix",Lamaline Heritage Society Inc.; Lamaline Heritage Society Inc
TOWN OF TROUT RIVER,town of trout river,TOWN OF TROUT RIVER,town of trout river,9,24154.0,same name (printings),,"printed differently: case, punctuation, apostrophes, spacing or legal suffix",Town of Trout River; Town of Trout River Incorporated
LIONS CLUB OF MARYSTOWN,lions club of marystown,LIONS CLUB OF MARYSTOWN,lions club of marystown,4,24021.0,same name (printings),,"printed differently: case, punctuation, apostrophes, spacing or legal suffix",Lions Club Of Marystown Inc.; Lions Club of Marystown Inc.; Lions Club of Marystown Inc
Avalon Conferencing Inc.,avalon conferencing,Avalon Conferencing Inc.,avalon conferencing,2,24000.0,same name (printings),,"printed differently: case, punctuation, apostrophes, spacing or legal suffix",Avalon Conferencing Inc
CAROLE SPICER,carole spicer,CAROLE SPICER,carole spicer,3,23954.57,same name (printings),,"printed differently: case, punctuation, apostrophes, spacing or legal suffix",Carole Spicer
Recreation Newfoundland and Labrador Inc,recreation newfoundland and labrador,Recreation Newfoundland and Labrador Inc,recreation newfoundland and labrador,4,23922.0,same name (printings),,"printed differently: case, punctuation, apostrophes, spacing or legal suffix",Recreation Newfoundland & Labrador Inc.
The Newfoundland Pony Society,newfoundland pony society,The Newfoundland Pony Society,newfoundland pony society,6,23840.0,same name (printings),,"printed differently: case, punctuation, apostrophes, spacing or legal suffix",Newfoundland Pony Society
Harbour Authority of Torbay,harbour authority of torbay,Harbour Authority of Torbay,harbour authority of torbay,3,23748.0,same name (printings),,"printed differently: case, punctuation, apostrophes, spacing or legal suffix",HARBOUR AUTHORITY OF TORBAY
Exploits Services Limited,exploits services,Exploits Services Limited,exploits services,2,23696.0,same name (printings),,"printed differently: case, punctuation, apostrophes, spacing or legal suffix",Exploits Services Ltd.
Charles River Laboratories Inc.,charles river laboratories,Charles River Laboratories Inc.,charles river laboratories,2,23644.39,same name (printings),,"printed differently: case, punctuation, apostrophes, spacing or legal suffix",Charles River Laboratories
St. James United Church,st james united church,St. James United Church,st james united church,6,23625.0,same name (printings),,"printed differently: case, punctuation, apostrophes, spacing or legal suffix",St James United Church
"Leading Tickles, Heritage Society",leading tickles heritage society,"Leading Tickles, Heritage Society",leading tickles heritage society,4,23345.0,same name (printings),,"printed differently: case, punctuation, apostrophes, spacing or legal suffix",LEADING TICKLES HERITAGE SOCIETY INC.; Leading Tickles Heritage Society
Happy Valley Goose Bay Society For The Prevention of Cruelty to Animals,happy valley goose bay society for prevention of cruelty to animals,Happy Valley Goose Bay Society For The Prevention of Cruelty to Animals,happy valley goose bay society for prevention of cruelty to animals,5,23098.0,same name (printings),,"printed differently: case, punctuation, apostrophes, spacing or legal suffix",Happy Valley-Goose Bay Society for the Prevention of Cruelty to Animals; Happy Valley Goose Bay Society for the Prevention of Cruelty to Animals
Newlab Oxygen Limited,newlab oxygen,Newlab Oxygen Limited,newlab oxygen,3,23080.25,same name (printings),,"printed differently: case, punctuation, apostrophes, spacing or legal suffix",NEWLAB OXYGEN LIMITED
Bristol's Hope Historical Society 2010 Inc.,bristols hope historical society 2010,Bristol's Hope Historical Society 2010 Inc.,bristols hope historical society 2010,5,23046.0,same name (printings),,"printed differently: case, punctuation, apostrophes, spacing or legal suffix",Bristol's Hope Historical Society (2010) Inc.
Avalon North Wolverines Inc,avalon north wolverines,Avalon North Wolverines Inc,avalon north wolverines,5,22912.0,same name (printings),,"printed differently: case, punctuation, apostrophes, spacing or legal suffix",Avalon North Wolverines Inc.; AVALON NORTH WOLVERINES INC
Paul Boers Ltd.,paul boers,Paul Boers Ltd.,paul boers,2,22881.7,same name (printings),,"printed differently: case, punctuation, apostrophes, spacing or legal suffix",Paul Boers Ltd
Haricot Farms Limited,haricot farms,Haricot Farms Limited,haricot farms,4,22671.6,same name (printings),,"printed differently: case, punctuation, apostrophes, spacing or legal suffix",Haricot Farms Limited.
Firemen's Hydrant Club,firemens hydrant club,Firemen's Hydrant Club,firemens hydrant club,5,22635.0,same name (printings),,"printed differently: case, punctuation, apostrophes, spacing or legal suffix",Firemen’s Hydrant Club
Logy Bay-Middle Cove-Outer Cove Development Association,logy bay middle cove outer cove development association,Logy Bay-Middle Cove-Outer Cove Development Association,logy bay middle cove outer cove development association,2,22620.0,same name (printings),,"printed differently: case, punctuation, apostrophes, spacing or legal suffix",Logy Bay-Middle Cove-Outer Cove Development Association Inc.
Crash Data Group Inc.,crash data group,Crash Data Group Inc.,crash data group,2,22550.0,same name (printings),,"printed differently: case, punctuation, apostrophes, spacing or legal suffix",Crash Data Group Inc
Community Connections 2013 Inc.,community connections 2013,Community Connections 2013 Inc.,community connections 2013,3,22530.0,same name (printings),,"printed differently: case, punctuation, apostrophes, spacing or legal suffix",Community Connections 2013 Inc; Community Connections Inc. 2013
FARRAHV Enterprises Ltd.,farrahv enterprises,FARRAHV Enterprises Ltd.,farrahv enterprises,2,22521.6,same name (printings),,"printed differently: case, punctuation, apostrophes, spacing or legal suffix",FARRAHV Enterprises Ltd
T2 Ventures Inc,t2 ventures,T2 Ventures Inc,t2 ventures,2,22500.0,same name (printings),,"printed differently: case, punctuation, apostrophes, spacing or legal suffix",T2 Ventures Inc.
Articulate Global Inc.,articulate global,Articulate Global Inc.,articulate global,2,22384.0,same name (printings),,"printed differently: case, punctuation, apostrophes, spacing or legal suffix",ARTICULATE GLOBAL INC
Greystone Business Solutions,greystone business solutions,Greystone Business Solutions,greystone business solutions,4,22294.0,same name (printings),,"printed differently: case, punctuation, apostrophes, spacing or legal suffix",Greystone Business Solutions Inc
Town of York Harbour,town of york harbour,Town of York Harbour,town of york harbour,3,22244.04,same name (printings),,"printed differently: case, punctuation, apostrophes, spacing or legal suffix",TOWN OF YORK HARBOUR
Roddickton Pharmacy Ltd.,roddickton pharmacy,Roddickton Pharmacy Ltd.,roddickton pharmacy,7,22234.0,same name (printings),,"printed differently: case, punctuation, apostrophes, spacing or legal suffix",Roddickton Pharmacy Ltd
United Sail Works Ltd,united sail works,United Sail Works Ltd,united sail works,2,22170.0,same name (printings),,"printed differently: case, punctuation, apostrophes, spacing or legal suffix",UNITED SAIL WORKS LTD
Redmond Hurley Pond St. Anthony Family Dental Clinic Professional Dental Corp.,redmond hurley pond st anthony family dental clinic professional dental,Redmond Hurley Pond St. Anthony Family Dental Clinic Professional Dental Corp.,redmond hurley pond st anthony family dental clinic professional dental,5,22102.0,same name (printings),,"printed differently: case, punctuation, apostrophes, spacing or legal suffix",REDMOND HURLEY POND ST. ANTHONY FAMILY DENTAL CLINIC PROFESSIONAL DENTAL CORPORATION
Town of Northern Arm,town of northern arm,Town of Northern Arm,town of northern arm,3,22036.0,same name (printings),,"printed differently: case, punctuation, apostrophes, spacing or legal suffix",TOWN OF NORTHERN ARM
Purolator Inc,purolator,Purolator Inc,purolator,2,22000.0,same name (printings),,"printed differently: case, punctuation, apostrophes, spacing or legal suffix",PUROLATOR INC
Town of Branch,town of branch,Town of Branch,town of branch,9,21815.0,same name (printings),,"printed differently: case, punctuation, apostrophes, spacing or legal suffix",TOWN OF BRANCH
Wimbleton's Investments Inc,wimbletons investments,Wimbleton's Investments Inc,wimbletons investments,11,21745.0,same name (printings),,"printed differently: case, punctuation, apostrophes, spacing or legal suffix",Wimbleton's Investments Inc.
Supported Employment Deer Lake & Extended Regions,supported employment deer lake and extended regions,Supported Employment Deer Lake & Extended Regions,supported employment deer lake and extended regions,4,21712.0,same name (printings),,"printed differently: case, punctuation, apostrophes, spacing or legal suffix",Supported Employment Deer Lake and Extended Regions
Kool Rite Limited,kool rite,Kool Rite Limited,kool rite,5,21672.32,same name (printings),,"printed differently: case, punctuation, apostrophes, spacing or legal suffix",KOOL RITE LIMITED; Kool Rite Ltd.
SMITH'S HARBOUR RECREATION COMMITTEE INC.,smiths harbour recreation committee,SMITH'S HARBOUR RECREATION COMMITTEE INC.,smiths harbour recreation committee,12,21615.0,same name (printings),,"printed differently: case, punctuation, apostrophes, spacing or legal suffix",Smith's Harbour Recreation Committee Inc.
The Parish of Epiphany,parish of epiphany,The Parish of Epiphany,parish of epiphany,3,21527.0,same name (printings),,"printed differently: case, punctuation, apostrophes, spacing or legal suffix",The Parish of the Epiphany
The Governing Council of the Salvation Army,governing council of salvation army [bn 107951618],The Governing Council of the Salvation Army,governing council of salvation army [bn 107951618],2,21518.0,same name (printings),,"printed differently: case, punctuation, apostrophes, spacing or legal suffix",The Governing Council of The Salvation Army
BOWIE INTERNATIONAL LLC,bowie international,BOWIE INTERNATIONAL LLC,bowie international,2,21324.0,same name (printings),,"printed differently: case, punctuation, apostrophes, spacing or legal suffix",Bowie International
The Horwood Recreation Commission Association,horwood recreation commission association,The Horwood Recreation Commission Association,horwood recreation commission association,4,21194.0,same name (printings),,"printed differently: case, punctuation, apostrophes, spacing or legal suffix",Horwood Recreation Commission Association
Hospital Pond Community Garden Corp.,hospital pond community garden,Hospital Pond Community Garden Corp.,hospital pond community garden,4,21042.0,same name (printings),,"printed differently: case, punctuation, apostrophes, spacing or legal suffix",Hospital Pond Community Garden
Canadian Legion Branch No 34,canadian legion branch no 34,Canadian Legion Branch No 34,canadian legion branch no 34,3,21041.0,same name (printings),,"printed differently: case, punctuation, apostrophes, spacing or legal suffix",CANADIAN LEGION BRANCH NO 34
Fogo Island Community Housing Inc.,fogo island community housing,Fogo Island Community Housing Inc.,fogo island community housing,5,21033.0,same name (printings),,"printed differently: case, punctuation, apostrophes, spacing or legal suffix",Fogo Island Community Housing Inc
Red Roof Quick Stop Ltd.,red roof quick stop,Red Roof Quick Stop Ltd.,red roof quick stop,13,21020.86,same name (printings),,"printed differently: case, punctuation, apostrophes, spacing or legal suffix",Red Roof Quick Stop Ltd; RED ROOF QUICK STOP LTD; Red Roof Quick Stop
North Shore Volunteer Fire Dept.,north shore volunteer fire dept,North Shore Volunteer Fire Dept.,north shore volunteer fire dept,3,20991.0,same name (printings),,"printed differently: case, punctuation, apostrophes, spacing or legal suffix",NORTH SHORE VOLUNTEER FIRE DEPT.
Ferryland Historical Society,ferryland historical society,Ferryland Historical Society,ferryland historical society,4,20906.0,same name (printings),,"printed differently: case, punctuation, apostrophes, spacing or legal suffix",THE FERRYLAND HISTORICAL SOCIETY
HARBOUR AUTHORITY OF LITTLE BAY,harbour authority of little bay,HARBOUR AUTHORITY OF LITTLE BAY,harbour authority of little bay,2,20880.0,same name (printings),,"printed differently: case, punctuation, apostrophes, spacing or legal suffix",Harbour Authority of Little Bay
Brigus Blueberry Festival Group,brigus blueberry festival group,Brigus Blueberry Festival Group,brigus blueberry festival group,3,20733.0,same name (printings),,"printed differently: case, punctuation, apostrophes, spacing or legal suffix",The Brigus Blueberry Festival Group
Dorset Eskimo Activity Committee Inc.,dorset eskimo activity committee,Dorset Eskimo Activity Committee Inc.,dorset eskimo activity committee,3,20494.0,same name (printings),,"printed differently: case, punctuation, apostrophes, spacing or legal suffix",Dorset Eskimo Activity Committee
ULINE CANADA CORPORATION,uline canada,ULINE CANADA CORPORATION,uline canada,6,20455.31,same name (printings),,"printed differently: case, punctuation, apostrophes, spacing or legal suffix",Uline Canada Corporation
TOWN OF SEAL COVE,town of seal cove,TOWN OF SEAL COVE,town of seal cove,10,20358.0,same name (printings),,"printed differently: case, punctuation, apostrophes, spacing or legal suffix",Town of Seal Cove
THE TOWN OF IRISHTOWN- SUMMERSIDE,town of irishtown summerside,THE TOWN OF IRISHTOWN- SUMMERSIDE,town of irishtown summerside,9,20294.0,same name (printings),,"printed differently: case, punctuation, apostrophes, spacing or legal suffix",Town of Irishtown-Summerside
Gander and Area Society for the Prevention of Cruelty to Animals,gander and area society for prevention of cruelty to animals,Gander and Area Society for the Prevention of Cruelty to Animals,gander and area society for prevention of cruelty to animals,5,20257.0,same name (printings),,"printed differently: case, punctuation, apostrophes, spacing or legal suffix",Gander and Area Society for the Prevention of Cruelty to Animals Inc.
Dover Recreation Seed Project,dover recreation seed project,Dover Recreation Seed Project,dover recreation seed project,2,20200.0,same name (printings),,"printed differently: case, punctuation, apostrophes, spacing or legal suffix",DOVER RECREATION SEED PROJECT
Trilan auto ltd,trilan auto,Trilan auto ltd,trilan auto,9,20174.0,same name (printings),,"printed differently: case, punctuation, apostrophes, spacing or legal suffix",Trilan Auto Ltd
The Baccalieu Lions Club Inc.,baccalieu lions club,The Baccalieu Lions Club Inc.,baccalieu lions club,5,20135.0,same name (printings),,"printed differently: case, punctuation, apostrophes, spacing or legal suffix",The Baccalieu Lions Club Inc; Baccalieu Lions Club
Gillett's Holding Ltd.,gilletts holding,Gillett's Holding Ltd.,gilletts holding,3,20110.0,same name (printings),,"printed differently: case, punctuation, apostrophes, spacing or legal suffix",Gillett's Holding Limited
Courtyard by Marriott,courtyard by marriott,Courtyard by Marriott,courtyard by marriott,6,20020.82,same name (printings),,"printed differently: case, punctuation, apostrophes, spacing or legal suffix",Courtyard By Marriott
Glenn Crane & Lenora Rayann Crane,glenn crane and lenora rayann crane,Glenn Crane & Lenora Rayann Crane,glenn crane and lenora rayann crane,2,20000.0,same name (printings),,"printed differently: case, punctuation, apostrophes, spacing or legal suffix",GLENN CRANE & LENORA RAYANN CRANE
ALLNORTH CONSULTANTS LIMITED,allnorth consultants,ALLNORTH CONSULTANTS LIMITED,allnorth consultants,2,20000.0,same name (printings),,"printed differently: case, punctuation, apostrophes, spacing or legal suffix",AllNorth Consultants Ltd
KEEP COOL REFRIGERATION AND AIR CONDITIONING LIMITED,keep cool refrigeration and air conditioning,KEEP COOL REFRIGERATION AND AIR CONDITIONING LIMITED,keep cool refrigeration and air conditioning,3,19986.0,same name (printings),,"printed differently: case, punctuation, apostrophes, spacing or legal suffix",Keep Cool Refrigeration and Air Conditioning Limited
Humber Valley Complex,humber valley complex,Humber Valley Complex,humber valley complex,8,19899.0,same name (printings),,"printed differently: case, punctuation, apostrophes, spacing or legal suffix",Humber Valley Complex Company Limited
Kinden's Bakery & Cafe,kindens bakery and cafe,Kinden's Bakery & Cafe,kindens bakery and cafe,10,19759.65,same name (printings),,"printed differently: case, punctuation, apostrophes, spacing or legal suffix",Kinden's Bakery & Cafe Inc.; Kindens Bakery & Cafe; Kinden's Bakery and Cafe; Kinden's Bakery & Cafe Inc
POINT MAY COMMUNITY CENTER COMMITTEE,point may community center committee,POINT MAY COMMUNITY CENTER COMMITTEE,point may community center committee,7,19739.0,same name (printings),,"printed differently: case, punctuation, apostrophes, spacing or legal suffix",Point May Community Center Committee
Southwest Coast SPCA Inc.,southwest coast spca,Southwest Coast SPCA Inc.,southwest coast spca,5,19639.0,same name (printings),,"printed differently: case, punctuation, apostrophes, spacing or legal suffix",Southwest Coast SPCA
GRAND BANK RECREATION COMMISSION,grand bank recreation commission,GRAND BANK RECREATION COMMISSION,grand bank recreation commission,11,19622.0,same name (printings),,"printed differently: case, punctuation, apostrophes, spacing or legal suffix",Grand Bank Recreation Commission
JOINT FORCE TACTICAL LTD,joint force tactical,JOINT FORCE TACTICAL LTD,joint force tactical,2,19561.0,same name (printings),,"printed differently: case, punctuation, apostrophes, spacing or legal suffix",Joint Force Tactical Ltd
Roman Catholic Episcopal Corporation,roman catholic episcopal [bn 107910176],Roman Catholic Episcopal Corporation,roman catholic episcopal [bn 107910176],4,19538.0,same name (printings),,"printed differently: case, punctuation, apostrophes, spacing or legal suffix",Roman catholic Episcopal Corporation
Vision Packaging Supplies Ltd,vision packaging supplies,Vision Packaging Supplies Ltd,vision packaging supplies,2,19510.61,same name (printings),,"printed differently: case, punctuation, apostrophes, spacing or legal suffix",Vision Packaging Supplies LTD.
Gander Daycare Centre Ltd.,gander daycare centre,Gander Daycare Centre Ltd.,gander daycare centre,6,19493.0,same name (printings),,"printed differently: case, punctuation, apostrophes, spacing or legal suffix",Gander Daycare Centre Limited
Kinsmen Club of Bridgeport & Area,kinsmen club of bridgeport and area,Kinsmen Club of Bridgeport & Area,kinsmen club of bridgeport and area,4,19401.0,same name (printings),,"printed differently: case, punctuation, apostrophes, spacing or legal suffix",KINSMEN CLUB OF BRIDGEPORT AND AREA; Kinsmen Club of Bridgeport and Area
ARTISTIC FRAUD OF NEWFOUNDLAND INC.,artistic fraud of newfoundland,ARTISTIC FRAUD OF NEWFOUNDLAND INC.,artistic fraud of newfoundland,3,19358.0,same name (printings),,"printed differently: case, punctuation, apostrophes, spacing or legal suffix","Artistic Fraud of Newfoundland, Inc.; Artistic Fraud of Newfoundland Inc."
10801 Newfoundland Inc,10801 newfoundland,10801 Newfoundland Inc,10801 newfoundland,4,19268.0,same name (printings),,"printed differently: case, punctuation, apostrophes, spacing or legal suffix",10801 Newfoundland Inc.
Hant's Harbour Recreation Committee,hants harbour recreation committee,Hant's Harbour Recreation Committee,hants harbour recreation committee,2,19240.0,same name (printings),,"printed differently: case, punctuation, apostrophes, spacing or legal suffix",Hants Harbour Recreation Committee
Gateway Status of Women Council,gateway status of women council,Gateway Status of Women Council,gateway status of women council,4,18939.0,same name (printings),,"printed differently: case, punctuation, apostrophes, spacing or legal suffix",Gateway Status of Women Council Incorporated
The Crossing Church Inc.,crossing church,The Crossing Church Inc.,crossing church,4,18939.0,same name (printings),,"printed differently: case, punctuation, apostrophes, spacing or legal suffix",THE CROSSING CHURCH INC.
Community Active Living Committee,community active living committee,Community Active Living Committee,community active living committee,6,18916.0,same name (printings),,"printed differently: case, punctuation, apostrophes, spacing or legal suffix",COMMUNITY ACTIVE LIVING COMMITTEE
L. Giovannini Ltd,l giovannini,L. Giovannini Ltd,l giovannini,8,18804.0,same name (printings),,"printed differently: case, punctuation, apostrophes, spacing or legal suffix",L Giovannini Ltd; L. Giovannini Ltd.; L. Giovannini Limited
Local Service District of Smith's Harbour Inc.,local service district of smiths harbour,Local Service District of Smith's Harbour Inc.,local service district of smiths harbour,5,18779.98,same name (printings),,"printed differently: case, punctuation, apostrophes, spacing or legal suffix",Local Service District of Smith's Harbour INC.
Copper Stop Ltd.,copper stop,Copper Stop Ltd.,copper stop,8,18608.0,same name (printings),,"printed differently: case, punctuation, apostrophes, spacing or legal suffix",Copper Stop Limited; Copper Stop Ltd
Parsons RV Park Ltd,parsons rv park,Parsons RV Park Ltd,parsons rv park,7,18508.0,same name (printings),,"printed differently: case, punctuation, apostrophes, spacing or legal suffix",Parsons RV Park Limited; parsons rv park ltd; Parsons RV Park LTD; Parsons RV Park; Parsons RV Park Ltd.
Legge's Restaurant and Motel Limited,legges restaurant and motel,Legge's Restaurant and Motel Limited,legges restaurant and motel,6,18371.0,same name (printings),,"printed differently: case, punctuation, apostrophes, spacing or legal suffix",Legges Restaurant and Motel Ltd; Legge's Restaurant & Motel Ltd.; Legge's Restaurant & Motel Ltd; Legge's Restaurant & Motel Limited; Legge’s Restaurant & Motel Ltd
Bay of Islands Yacht Club,bay of islands yacht club,Bay of Islands Yacht Club,bay of islands yacht club,5,18267.0,same name (printings),,"printed differently: case, punctuation, apostrophes, spacing or legal suffix",Bay of islands yacht club
Abbott & Haliburton Co. LTD.,abbott and haliburton,Abbott & Haliburton Co. LTD.,abbott and haliburton,7,18254.0,same name (printings),,"printed differently: case, punctuation, apostrophes, spacing or legal suffix",Abbott and Haliburton Company Limited; Abbott & Haliburton Co. LTD
Dr. H. Bliss Murphy Cancer Care Foundation,dr h bliss murphy cancer care foundation,Dr. H. Bliss Murphy Cancer Care Foundation,dr h bliss murphy cancer care foundation,4,18202.0,same name (printings),,"printed differently: case, punctuation, apostrophes, spacing or legal suffix",Dr. H Bliss Murphy Cancer Care Foundation
GLENWOOD HERITAGE SOCIETY INC.,glenwood heritage society,GLENWOOD HERITAGE SOCIETY INC.,glenwood heritage society,3,18146.0,same name (printings),,"printed differently: case, punctuation, apostrophes, spacing or legal suffix",Glenwood Heritage Society Inc.; Glenwood Heritage Society
Rental Hutch Inc.,rental hutch,Rental Hutch Inc.,rental hutch,3,17885.0,same name (printings),,"printed differently: case, punctuation, apostrophes, spacing or legal suffix",Rental Hutch
SHI Canada ULC,shi canada,SHI Canada ULC,shi canada,2,17829.23,same name (printings),,"printed differently: case, punctuation, apostrophes, spacing or legal suffix",SHI CANADA ULC
The Governing Council of The Salvation Army,governing council of salvation army [bn 107951618RR0067],The Governing Council of The Salvation Army,governing council of salvation army [bn 107951618RR0067],4,17812.0,same name (printings),,"printed differently: case, punctuation, apostrophes, spacing or legal suffix",The Governing Council of The Salvation army
Costco,costco,Costco,costco,120,17753.74,same name (printings),,"printed differently: case, punctuation, apostrophes, spacing or legal suffix",COSTCO
THE HUB,hub,THE HUB,hub,29,17718.27,same name (printings),,"printed differently: case, punctuation, apostrophes, spacing or legal suffix",The Hub
Lanes Retirement Living St. John's,lanes retirement living st johns,Lanes Retirement Living St. John's,lanes retirement living st johns,2,17666.0,same name (printings),,"printed differently: case, punctuation, apostrophes, spacing or legal suffix",Lanes Retirement Living St. John's Inc
BURLINGTON RECREATION,burlington recreation,BURLINGTON RECREATION,burlington recreation,6,17582.0,same name (printings),,"printed differently: case, punctuation, apostrophes, spacing or legal suffix",Burlington Recreation
J. Thistle,j thistle,J. Thistle,j thistle,23,17567.33,same name (printings),,"printed differently: case, punctuation, apostrophes, spacing or legal suffix",J Thistle
Kitchen Plus Limited,kitchen plus,Kitchen Plus Limited,kitchen plus,3,17373.0,same name (printings),,"printed differently: case, punctuation, apostrophes, spacing or legal suffix",Kitchen Plus LTD
TROUT RIVER RECREATION COMMITTEE,trout river recreation committee,TROUT RIVER RECREATION COMMITTEE,trout river recreation committee,2,17339.0,same name (printings),,"printed differently: case, punctuation, apostrophes, spacing or legal suffix",Trout River Recreation Committee Inc.
Baccalieu Trail SPCA Inc.,baccalieu trail spca,Baccalieu Trail SPCA Inc.,baccalieu trail spca,5,17273.0,same name (printings),,"printed differently: case, punctuation, apostrophes, spacing or legal suffix",BACCALIEU TRAIL SPCA INC
Plate Cove Fire Dept. Support Team Inc.,plate cove fire dept support team,Plate Cove Fire Dept. Support Team Inc.,plate cove fire dept support team,3,17221.0,same name (printings),,"printed differently: case, punctuation, apostrophes, spacing or legal suffix",Plate Cove Fire Dept Support Team Inc.; Plate Cove Fire Dept Support Team Inc
Dr. Ballard Shoal Harbour Family Dental Limited,dr ballard shoal harbour family dental,Dr. Ballard Shoal Harbour Family Dental Limited,dr ballard shoal harbour family dental,2,17184.0,same name (printings),,"printed differently: case, punctuation, apostrophes, spacing or legal suffix",DR. BALLARD SHOAL HARBOUR FAMILY DENTAL LIMITED
Town of Small Point-Broad Cove-Blackhead-Adam's Cove,town of small point broad cove blackhead adams cove,Town of Small Point-Broad Cove-Blackhead-Adam's Cove,town of small point broad cove blackhead adams cove,5,17087.0,same name (printings),,"printed differently: case, punctuation, apostrophes, spacing or legal suffix",Town of Small Point - Broad Cove - Blackhead - Adams Cove; Town of Small Point-Broad Cove-Blackhead-Adam’s Cove
Town of Millertown,town of millertown,Town of Millertown,town of millertown,6,16993.0,same name (printings),,"printed differently: case, punctuation, apostrophes, spacing or legal suffix",The Town Of Millertown; Town Of Millertown
SPRINGDALE HERITAGE SOCIETY,springdale heritage society,SPRINGDALE HERITAGE SOCIETY,springdale heritage society,4,16986.0,same name (printings),,"printed differently: case, punctuation, apostrophes, spacing or legal suffix",SPRINGDALE HERITAGE SOCIETY INC.; Springdale Heritage Society
Bay Bulls Regional Lifestyle Centre Inc.,bay bulls regional lifestyle centre,Bay Bulls Regional Lifestyle Centre Inc.,bay bulls regional lifestyle centre,7,16916.0,same name (printings),,"printed differently: case, punctuation, apostrophes, spacing or legal suffix",Bay Bulls Regional Lifestyle Centre
Out East Adventures Inc.,out east adventures,Out East Adventures Inc.,out east adventures,4,16795.0,same name (printings),,"printed differently: case, punctuation, apostrophes, spacing or legal suffix",Out East Adventures Inc; Out East Adventures inc.
TOWN OF ANCHOR POINT,town of anchor point,TOWN OF ANCHOR POINT,town of anchor point,13,16749.0,same name (printings),,"printed differently: case, punctuation, apostrophes, spacing or legal suffix",Town of Anchor Point
Station Steakhouse Ltd,station steakhouse,Station Steakhouse Ltd,station steakhouse,2,16727.57,same name (printings),,"printed differently: case, punctuation, apostrophes, spacing or legal suffix",Station Steakhouse Ltd.
Sweet's Fisheries Ltd,sweets fisheries,Sweet's Fisheries Ltd,sweets fisheries,2,16656.08,same name (printings),,"printed differently: case, punctuation, apostrophes, spacing or legal suffix",Sweet's Fisheries Ltd.
Subs@Burin Inc.,subs burin,Subs@Burin Inc.,subs burin,7,16620.0,same name (printings),,"printed differently: case, punctuation, apostrophes, spacing or legal suffix",Subs @ Burin Inc.
White Rooster Inc.,white rooster,White Rooster Inc.,white rooster,2,16555.0,same name (printings),,"printed differently: case, punctuation, apostrophes, spacing or legal suffix",White Rooster Inc
St. Peter's Church,st peters church,St. Peter's Church,st peters church,5,16414.0,same name (printings),,"printed differently: case, punctuation, apostrophes, spacing or legal suffix",St.Peter's Church
56955 Newfoundland & Labrador,56955 newfoundland and labrador,56955 Newfoundland & Labrador,56955 newfoundland and labrador,2,16368.0,same name (printings),,"printed differently: case, punctuation, apostrophes, spacing or legal suffix",56955 NEWFOUNDLAND & LABRADOR CORP
Harmon Seaside Park Developments Limited,harmon seaside park developments,Harmon Seaside Park Developments Limited,harmon seaside park developments,8,16354.0,same name (printings),,"printed differently: case, punctuation, apostrophes, spacing or legal suffix",Harmon Seaside Park Developments Ltd.
Otterbury Manor,otterbury manor,Otterbury Manor,otterbury manor,7,16228.0,same name (printings),,"printed differently: case, punctuation, apostrophes, spacing or legal suffix",Otterbury Manor Inc.; Otterbury Manor Inc
Golden Legion Manor Limited,golden legion manor,Golden Legion Manor Limited,golden legion manor,5,16220.0,same name (printings),,"printed differently: case, punctuation, apostrophes, spacing or legal suffix",Golden Legion Manor
cape ray local service district,cape ray local service district,cape ray local service district,cape ray local service district,4,16213.0,same name (printings),,"printed differently: case, punctuation, apostrophes, spacing or legal suffix",Cape Ray Local Service District
School Milk Foundation of Newfoundland and Labrador,school milk foundation of newfoundland and labrador,School Milk Foundation of Newfoundland and Labrador,school milk foundation of newfoundland and labrador,4,16141.0,same name (printings),,"printed differently: case, punctuation, apostrophes, spacing or legal suffix",School Milk Foundation of Newfoundland and Labrador Inc
Newfoundland Cider Company Inc,newfoundland cider,Newfoundland Cider Company Inc,newfoundland cider,8,16076.0,same name (printings),,"printed differently: case, punctuation, apostrophes, spacing or legal suffix",Newfoundland Cider Company Inc.; Newfoundland Cider Company Limited
"Learning Disabilities Association, CBS Chapter",learning disabilities association cbs chapter,"Learning Disabilities Association, CBS Chapter",learning disabilities association cbs chapter,3,16054.0,same name (printings),,"printed differently: case, punctuation, apostrophes, spacing or legal suffix",Learning Disabilities Association CBS Chapter
TG Hospitality Services Ltd,tg hospitality services,TG Hospitality Services Ltd,tg hospitality services,6,16039.0,same name (printings),,"printed differently: case, punctuation, apostrophes, spacing or legal suffix",TG Hospitality Services Ltd.; TG Hospitality Services ltd
Hare Bay Dover Lions Club,hare bay dover lions club,Hare Bay Dover Lions Club,hare bay dover lions club,4,15874.0,same name (printings),,"printed differently: case, punctuation, apostrophes, spacing or legal suffix",Hare Bay/Dover Lions Club
SOLIMAR SYSTEMS INC,solimar systems,SOLIMAR SYSTEMS INC,solimar systems,2,15871.92,same name (printings),,"printed differently: case, punctuation, apostrophes, spacing or legal suffix",Solimar Systems Inc.
Pizza Delight,pizza delight,Pizza Delight,pizza delight,9,15798.09,same name (printings),,"printed differently: case, punctuation, apostrophes, spacing or legal suffix",PIZZA DELIGHT
Canasign Inc. o/a Fastsigns,canasign,Canasign Inc. o/a Fastsigns,canasign,2,15665.59,same name (printings),,"printed differently: case, punctuation, apostrophes, spacing or legal suffix",Canasign Inc
LaRick Hardware Limited,larick hardware,LaRick Hardware Limited,larick hardware,6,15612.0,same name (printings),,"printed differently: case, punctuation, apostrophes, spacing or legal suffix",LaRick Hardware Ltd; Larick Hardware Ltd; Larick Hardware Limited
CROSSTOWN HVAC SERVICES INC.,crosstown hvac services,CROSSTOWN HVAC SERVICES INC.,crosstown hvac services,3,15608.06,same name (printings),,"printed differently: case, punctuation, apostrophes, spacing or legal suffix",Crosstown HVAC Services Inc; Crosstown HVAC Services
Terra Nova Entertainment,terra nova entertainment,Terra Nova Entertainment,terra nova entertainment,2,15563.0,same name (printings),,"printed differently: case, punctuation, apostrophes, spacing or legal suffix",Terra Nova Entertainment Inc
74092 Newfoundland & Labrador Inc.,74092 newfoundland and labrador,74092 Newfoundland & Labrador Inc.,74092 newfoundland and labrador,7,15533.0,same name (printings),,"printed differently: case, punctuation, apostrophes, spacing or legal suffix",74092 Newfoundland & LABRADOR Inc; 74092 Newfoundland and Labrador Inc; 74092 Newfoundland & Labrador Inc; 74092 NEWFOUNDLAND & LABRADOR
TRAIL OF THE CARIBOU RESEARCH GROUP INC,trail of caribou research group,TRAIL OF THE CARIBOU RESEARCH GROUP INC,trail of caribou research group,5,15527.75,same name (printings),,"printed differently: case, punctuation, apostrophes, spacing or legal suffix",Trail of the Caribou Research Group Inc
T & R Investments Inc.,t and r investments,T & R Investments Inc.,t and r investments,5,15423.0,same name (printings),,"printed differently: case, punctuation, apostrophes, spacing or legal suffix",T &R Investments Inc.
Greater Lamaline Trail Association,greater lamaline trail association,Greater Lamaline Trail Association,greater lamaline trail association,2,15199.0,same name (printings),,"printed differently: case, punctuation, apostrophes, spacing or legal suffix",The Greater Lamaline Trail Association
Robins Donuts,robins donuts,Robins Donuts,robins donuts,4,15182.28,same name (printings),,"printed differently: case, punctuation, apostrophes, spacing or legal suffix",Robin's Donuts
Cabot Building Supplies Co. (1988) Ltd,cabot building supplies 1988,Cabot Building Supplies Co. (1988) Ltd,cabot building supplies 1988,8,15087.0,same name (printings),,"printed differently: case, punctuation, apostrophes, spacing or legal suffix",Cabot Building Supplies Company (1988) LTD; Cabot Building Supplies Company (1988) Ltd; Cabot Building Supplies(1988) Ltd
Baccalieu Sod Farms Inc.,baccalieu sod farms,Baccalieu Sod Farms Inc.,baccalieu sod farms,3,15035.0,same name (printings),,"printed differently: case, punctuation, apostrophes, spacing or legal suffix",Baccalieu Sod Farms inc.
Scenic View Cabins & Adventures Ltd.,scenic view cabins and adventures,Scenic View Cabins & Adventures Ltd.,scenic view cabins and adventures,4,15000.0,same name (printings),,"printed differently: case, punctuation, apostrophes, spacing or legal suffix",Scenic View Cabins and Adventures Limited.; Scenic View Cabins & Adventures Ltd
THE MUSE PUBLICATIONS INC,muse publications,THE MUSE PUBLICATIONS INC,muse publications,5,14974.82,same name (printings),,"printed differently: case, punctuation, apostrophes, spacing or legal suffix",The Muse Publications Inc.; MUSE PUBLICATIONS INC. (THE)
ALL BUSINESS ONLINE NEWS GROUP LIMITED,all business online news group,ALL BUSINESS ONLINE NEWS GROUP LIMITED,all business online news group,31,14907.83,same name (printings),,"printed differently: case, punctuation, apostrophes, spacing or legal suffix",All Business online news group limited
Fusion Holdings Ltd.,fusion holdings,Fusion Holdings Ltd.,fusion holdings,3,14804.0,same name (printings),,"printed differently: case, punctuation, apostrophes, spacing or legal suffix",FUSION HOLDINGS LTD.
The Southern Harbour Heritage Association,southern harbour heritage association,The Southern Harbour Heritage Association,southern harbour heritage association,3,14778.0,same name (printings),,"printed differently: case, punctuation, apostrophes, spacing or legal suffix",Southern Harbour Heritage Association
L'Association communautaire francophone de Saint-Jean,lassociation communautaire francophone de saint jean,L'Association communautaire francophone de Saint-Jean,lassociation communautaire francophone de saint jean,8,14716.0,same name (printings),,"printed differently: case, punctuation, apostrophes, spacing or legal suffix",L'Association communautaire francophone de Saint-Jean Inc.; L'Association communautaire francophone de Saint-Jean inc; L'Association Communautaire Francophone de Saint-Jean inc; L'Association communautaire francophone de Saint-Jean Inc
The Governing Council of The Salvation Army,governing council of salvation army [bn 107951618RR0089],The Governing Council of The Salvation Army,governing council of salvation army [bn 107951618RR0089],5,14697.0,same name (printings),,"printed differently: case, punctuation, apostrophes, spacing or legal suffix",The Governing Council Of The Salvation Army
Exploits Community Centre,exploits community centre,Exploits Community Centre,exploits community centre,5,14619.0,same name (printings),,"printed differently: case, punctuation, apostrophes, spacing or legal suffix",EXPLOITS COMMUNITY CENTRE
Oceanview Convenience Ltd,oceanview convenience,Oceanview Convenience Ltd,oceanview convenience,4,14567.0,same name (printings),,"printed differently: case, punctuation, apostrophes, spacing or legal suffix",Oceanview Convenience Limited; Oceanview Convenience Ltd.
Byrnes Shoes Limited,byrnes shoes,Byrnes Shoes Limited,byrnes shoes,7,14534.0,same name (printings),,"printed differently: case, punctuation, apostrophes, spacing or legal suffix",Byrnes Shoes limited
valley nursery,valley nursery,valley nursery,valley nursery,7,14324.0,same name (printings),,"printed differently: case, punctuation, apostrophes, spacing or legal suffix",Valley Nursery
Anglican Parish of St.Philips,anglican parish of st philips,Anglican Parish of St.Philips,anglican parish of st philips,3,14306.0,same name (printings),,"printed differently: case, punctuation, apostrophes, spacing or legal suffix",Anglican Parish of St. Philips
NORRIS ARM NORTH RECREATION COMMITTEE INC.,norris arm north recreation committee,NORRIS ARM NORTH RECREATION COMMITTEE INC.,norris arm north recreation committee,9,14293.0,same name (printings),,"printed differently: case, punctuation, apostrophes, spacing or legal suffix",Norris Arm North Recreation Committee INC
CENTRAL OFFICE EQUIPMENT LIMITED,central office equipment,CENTRAL OFFICE EQUIPMENT LIMITED,central office equipment,24,14284.6,same name (printings),,"printed differently: case, punctuation, apostrophes, spacing or legal suffix",Central Office Equipment Limited; Central Office Equipment
Deep Bay Community Committee Inc.,deep bay community committee,Deep Bay Community Committee Inc.,deep bay community committee,2,14253.0,same name (printings),,"printed differently: case, punctuation, apostrophes, spacing or legal suffix",Deep Bay Community Committee INC.
T & M GROUP SJ LTD,t and m group sj,T & M GROUP SJ LTD,t and m group sj,13,14239.68,same name (printings),,"printed differently: case, punctuation, apostrophes, spacing or legal suffix",T & M Group SJ Ltd o/a Best Western
Baseball Newfoundland and Labrador Inc.,baseball newfoundland and labrador,Baseball Newfoundland and Labrador Inc.,baseball newfoundland and labrador,4,14220.0,same name (printings),,"printed differently: case, punctuation, apostrophes, spacing or legal suffix",Baseball Newfoundland and Labrador
S.W. Moores Memorial Park Committee,s w moores memorial park committee,S.W. Moores Memorial Park Committee,s w moores memorial park committee,4,14219.0,same name (printings),,"printed differently: case, punctuation, apostrophes, spacing or legal suffix",S W Moores Memorial Park Committee
PHOTO ONE SPECIALTIES LTD,photo one specialties,PHOTO ONE SPECIALTIES LTD,photo one specialties,3,14196.61,same name (printings),,"printed differently: case, punctuation, apostrophes, spacing or legal suffix",PHOTO ONE SPECIALTIES LTD O/A NL CAMERA
Ricketts Holdings Inc.,ricketts holdings,Ricketts Holdings Inc.,ricketts holdings,4,14165.0,same name (printings),,"printed differently: case, punctuation, apostrophes, spacing or legal suffix",Ricketts Holdings Ltd.
Flambro Head Heritage Society Incorporated,flambro head heritage society,Flambro Head Heritage Society Incorporated,flambro head heritage society,3,14081.0,same name (printings),,"printed differently: case, punctuation, apostrophes, spacing or legal suffix",FLAMBRO HEAD HERITAGE SOCIETY INC.
75427 NEWFOUNDLAND AND LABRADOR INC,75427 newfoundland and labrador,75427 NEWFOUNDLAND AND LABRADOR INC,75427 newfoundland and labrador,18,14046.0,same name (printings),,"printed differently: case, punctuation, apostrophes, spacing or legal suffix",75427 Newfoundland and Labrador Inc
Heather's Station Diner Limited,heathers station diner,Heather's Station Diner Limited,heathers station diner,5,14034.0,same name (printings),,"printed differently: case, punctuation, apostrophes, spacing or legal suffix",Heather's Station Diner Ltd; Heather's Station Diner
Valley Oil Ltd. o/a Aviation Refueling,valley oil,Valley Oil Ltd. o/a Aviation Refueling,valley oil,2,13954.0,same name (printings),,"printed differently: case, punctuation, apostrophes, spacing or legal suffix",Valley Oil Ltd
Brittany Inns Limited,brittany inns,Brittany Inns Limited,brittany inns,6,13915.0,same name (printings),,"printed differently: case, punctuation, apostrophes, spacing or legal suffix",BRITTANY INNS LIMITED
JSL Enterprises Limited o/a All Wheel Drive,jsl enterprises,JSL Enterprises Limited o/a All Wheel Drive,jsl enterprises,2,13860.26,same name (printings),,"printed differently: case, punctuation, apostrophes, spacing or legal suffix",JSL Enterprises Ltd.
PROVINCIAL INVESTMENTS INC,provincial investments,PROVINCIAL INVESTMENTS INC,provincial investments,2,13804.25,same name (printings),,"printed differently: case, punctuation, apostrophes, spacing or legal suffix",Provincial Investments Inc.
FOGO ISLAND COOPERATIVE SOC,fogo island cooperative soc,FOGO ISLAND COOPERATIVE SOC,fogo island cooperative soc,2,13800.0,same name (printings),,"printed differently: case, punctuation, apostrophes, spacing or legal suffix",Fogo Island Cooperative Soc
Your Strength is Our Strength Club Inc.,your strength is our strength club,Your Strength is Our Strength Club Inc.,your strength is our strength club,4,13772.0,same name (printings),,"printed differently: case, punctuation, apostrophes, spacing or legal suffix",Your Strength Is Our Strength Club Inc.
Airbnb,airbnb,Airbnb,airbnb,31,13743.04,same name (printings),,"printed differently: case, punctuation, apostrophes, spacing or legal suffix",AirBNB; AirBnB
Spring Meadow Farm,spring meadow farm,Spring Meadow Farm,spring meadow farm,5,13675.0,same name (printings),,"printed differently: case, punctuation, apostrophes, spacing or legal suffix",Spring Meadow Farm Inc
TOWN OF HEART'S DESIRE,town of hearts desire,TOWN OF HEART'S DESIRE,town of hearts desire,12,13632.0,same name (printings),,"printed differently: case, punctuation, apostrophes, spacing or legal suffix",Town of Heart's Desire
Lisa's Roadside Restaurant Inc.,lisas roadside restaurant,Lisa's Roadside Restaurant Inc.,lisas roadside restaurant,8,13548.96,same name (printings),,"printed differently: case, punctuation, apostrophes, spacing or legal suffix",Lisa's Roadside Restaurant
57325 Newfoundland and Labrador Limited,57325 newfoundland and labrador,57325 Newfoundland and Labrador Limited,57325 newfoundland and labrador,6,13529.0,same name (printings),,"printed differently: case, punctuation, apostrophes, spacing or legal suffix",57325 Newfoundland and Labrador Ltd.
"Paul W Dove, O/Op The Country Outport",paul w dove o op country outport,"Paul W Dove, O/Op The Country Outport",paul w dove o op country outport,7,13512.0,same name (printings),,"printed differently: case, punctuation, apostrophes, spacing or legal suffix",Paul W Dove O/Op The Country Outport; Paul W. Dove/O/Op The Country Outport
Alderbrook Acres Ltd.,alderbrook acres,Alderbrook Acres Ltd.,alderbrook acres,7,13451.0,same name (printings),,"printed differently: case, punctuation, apostrophes, spacing or legal suffix",Alderbrook Acres Ltd; Alderbrook Acres Limited
Carter Agencies,carter agencies,Carter Agencies,carter agencies,6,13375.0,same name (printings),,"printed differently: case, punctuation, apostrophes, spacing or legal suffix",Carter Agencies Ltd
Local Service District of Brown's Arm,local service district of browns arm,Local Service District of Brown's Arm,local service district of browns arm,4,13324.0,same name (printings),,"printed differently: case, punctuation, apostrophes, spacing or legal suffix",Local Service District Of Browns Arm
Ramea Lions Club,ramea lions club,Ramea Lions Club,ramea lions club,4,13323.0,same name (printings),,"printed differently: case, punctuation, apostrophes, spacing or legal suffix",Ramea Lions Club Incorporated; The Ramea Lions Club
Middle Arm Volunteer Fire Dept.,middle arm volunteer fire dept,Middle Arm Volunteer Fire Dept.,middle arm volunteer fire dept,5,13213.0,same name (printings),,"printed differently: case, punctuation, apostrophes, spacing or legal suffix",Middle Arm Volunteer Fire Dept
JJ's Cafe Inc.,jjs cafe,JJ's Cafe Inc.,jjs cafe,5,13165.0,same name (printings),,"printed differently: case, punctuation, apostrophes, spacing or legal suffix",JJ's Cafe Inc
Hiram Masonic Lodge # 3,hiram masonic lodge 3,Hiram Masonic Lodge # 3,hiram masonic lodge 3,3,13155.0,same name (printings),,"printed differently: case, punctuation, apostrophes, spacing or legal suffix",Hiram Masonic lodge # 3
"Dyke's Contracting, Sales & Enterprises Ltd.",dykes contracting sales and enterprises,"Dyke's Contracting, Sales & Enterprises Ltd.",dykes contracting sales and enterprises,6,13063.0,same name (printings),,"printed differently: case, punctuation, apostrophes, spacing or legal suffix","Dyke's Contracting, Sales & Enterprises"
Douglas Rose Ltd,douglas rose,Douglas Rose Ltd,douglas rose,6,13036.0,same name (printings),,"printed differently: case, punctuation, apostrophes, spacing or legal suffix",Douglas Rose LTD; Douglas Rose Limited
Basilica Museum & Archives Inc.,basilica museum and archives,Basilica Museum & Archives Inc.,basilica museum and archives,2,12975.0,same name (printings),,"printed differently: case, punctuation, apostrophes, spacing or legal suffix",Basilica Museum and Archives Inc.
SKATE CANADA NEWFOUNDLAND AND LABRADOR,skate canada newfoundland and labrador,SKATE CANADA NEWFOUNDLAND AND LABRADOR,skate canada newfoundland and labrador,23,12943.0,same name (printings),,"printed differently: case, punctuation, apostrophes, spacing or legal suffix",Skate Canada Newfoundland and Labrador; Skate Canada NL
Happy Valley-Goose Bay SPCA,happy valley goose bay spca,Happy Valley-Goose Bay SPCA,happy valley goose bay spca,3,12919.0,same name (printings),,"printed differently: case, punctuation, apostrophes, spacing or legal suffix",Happy Valley Goose Bay SPCA
Harbour authority of south East Bight,harbour authority of south east bight,Harbour authority of south East Bight,harbour authority of south east bight,3,12893.0,same name (printings),,"printed differently: case, punctuation, apostrophes, spacing or legal suffix",Harbour Authority of South East Bight; harbour authority of south east bight
COLEMANS SHOPPERS WORLD LIMITED,colemans shoppers world,COLEMANS SHOPPERS WORLD LIMITED,colemans shoppers world,3,12802.04,same name (printings),,"printed differently: case, punctuation, apostrophes, spacing or legal suffix",Coleman's Shoppers World Limited o/a Coleman's Home
Clay Café Avalon Incorporated,clay cafe avalon,Clay Café Avalon Incorporated,clay cafe avalon,3,12708.0,same name (printings),,"printed differently: case, punctuation, apostrophes, spacing or legal suffix",Clay Cafe Avalon Inc; Clay Cafe Avalon INC
Bartlett's Harbour Recreation Committee Inc.,bartletts harbour recreation committee,Bartlett's Harbour Recreation Committee Inc.,bartletts harbour recreation committee,2,12661.0,same name (printings),,"printed differently: case, punctuation, apostrophes, spacing or legal suffix",Bartlett's Harbour Recreation Committee Inc
FORTUNE RECREATION COMMISSION 2022 INC.,fortune recreation commission 2022,FORTUNE RECREATION COMMISSION 2022 INC.,fortune recreation commission 2022,3,12636.0,same name (printings),,"printed differently: case, punctuation, apostrophes, spacing or legal suffix",Fortune Recreation Commission 2022 INC
St. John's West Worship Centre,st johns west worship centre,St. John's West Worship Centre,st johns west worship centre,4,12628.0,same name (printings),,"printed differently: case, punctuation, apostrophes, spacing or legal suffix",The St. John's West Worship Centre
Cape Ray Lighthouse Keepers Association,cape ray lighthouse keepers association,Cape Ray Lighthouse Keepers Association,cape ray lighthouse keepers association,3,12599.0,same name (printings),,"printed differently: case, punctuation, apostrophes, spacing or legal suffix",Cape Ray Lighthouse Keepers Association Inc
the diocesan synod of central newfoundland,diocesan synod of central newfoundland,the diocesan synod of central newfoundland,diocesan synod of central newfoundland,4,12598.0,same name (printings),,"printed differently: case, punctuation, apostrophes, spacing or legal suffix",Diocesan Synod of Central Newfoundland
KINSMEN CLUB OF NOTRE DAME,kinsmen club of notre dame,KINSMEN CLUB OF NOTRE DAME,kinsmen club of notre dame,3,12591.0,same name (printings),,"printed differently: case, punctuation, apostrophes, spacing or legal suffix",Kinsmen Club of Notre Dame
Harbour Main-Chapel's Cove-Lakeview Volunteer Fire Department,harbour main chapels cove lakeview volunteer fire department,Harbour Main-Chapel's Cove-Lakeview Volunteer Fire Department,harbour main chapels cove lakeview volunteer fire department,2,12578.0,same name (printings),,"printed differently: case, punctuation, apostrophes, spacing or legal suffix",Harbour Main Chapel's Cove Lakeview Volunteer Fire Department
SPIRIT FISHERIES,spirit fisheries,SPIRIT FISHERIES,spirit fisheries,2,12517.79,same name (printings),,"printed differently: case, punctuation, apostrophes, spacing or legal suffix",Spirit Fisheries Ltd.
Island Harbour Parks and recreation,island harbour parks and recreation,Island Harbour Parks and recreation,island harbour parks and recreation,2,12385.0,same name (printings),,"printed differently: case, punctuation, apostrophes, spacing or legal suffix",Island Harbour Parks and Recreation
Eagle River Rent-A-Car,eagle river rent a car,Eagle River Rent-A-Car,eagle river rent a car,54,12357.38,same name (printings),,"printed differently: case, punctuation, apostrophes, spacing or legal suffix",Eagle River Rent A Car; Eagle River Rent-A- Car; Eagle River Rent -A- Car Ltd.; Eagle River Rent-A- Car Ltd.
Pye's Service Station Limited,pyes service station,Pye's Service Station Limited,pyes service station,6,12350.0,same name (printings),,"printed differently: case, punctuation, apostrophes, spacing or legal suffix",Pye's Service Station Ltd.
Peninsula Holdings Limited,peninsula holdings,Peninsula Holdings Limited,peninsula holdings,6,12350.0,same name (printings),,"printed differently: case, punctuation, apostrophes, spacing or legal suffix",Peninsula Holdings Ltd; Peninsula Holdings Ltd.
Dash Foods Inc.,dash foods,Dash Foods Inc.,dash foods,6,12350.0,same name (printings),,"printed differently: case, punctuation, apostrophes, spacing or legal suffix",Dash Foods Inc
Wild Island Forest Academy Inc.,wild island forest academy,Wild Island Forest Academy Inc.,wild island forest academy,2,12334.0,same name (printings),,"printed differently: case, punctuation, apostrophes, spacing or legal suffix",Wild Island Forest Academy Inc
"Twillingate/NWI Fish, Fun & Folk Festival",twillingate nwi fish fun and folk festival,"Twillingate/NWI Fish, Fun & Folk Festival",twillingate nwi fish fun and folk festival,2,12333.0,same name (printings),,"printed differently: case, punctuation, apostrophes, spacing or legal suffix","Twillingate NWI Fish, Fun & Folk Festival INC'"
Bonavista Horticultural Maintenance Committee,bonavista horticultural maintenance committee,Bonavista Horticultural Maintenance Committee,bonavista horticultural maintenance committee,3,12302.0,same name (printings),,"printed differently: case, punctuation, apostrophes, spacing or legal suffix",Bonavista Horticultural Maintenance Committee Inc.
Baie Verte Consumers Co-op,baie verte consumers cooperative,Baie Verte Consumers Co-op,baie verte consumers cooperative,6,12294.0,same name (printings),,"printed differently: case, punctuation, apostrophes, spacing or legal suffix",Baie Verte Consumers Co-operative; Baie Verte Consumers Coop
Tasmar Enterprise Ltd,tasmar enterprise,Tasmar Enterprise Ltd,tasmar enterprise,6,12140.0,same name (printings),,"printed differently: case, punctuation, apostrophes, spacing or legal suffix",Tasmar Enterprise Limited; Tasmar Enterprise Ltd.
The Children's Wish Foundation of Canada,childrens wish foundation of canada,The Children's Wish Foundation of Canada,childrens wish foundation of canada,2,12082.0,same name (printings),,"printed differently: case, punctuation, apostrophes, spacing or legal suffix",Children's Wish Foundation of Canada
Parish of Bay Roberts/Coley's Point,parish of bay roberts coleys point,Parish of Bay Roberts/Coley's Point,parish of bay roberts coleys point,3,12007.0,same name (printings),,"printed differently: case, punctuation, apostrophes, spacing or legal suffix",Parish of Bay Roberts Coley's Point
Lord's Cove Community Centre Inc.,lords cove community centre,Lord's Cove Community Centre Inc.,lords cove community centre,3,12006.0,same name (printings),,"printed differently: case, punctuation, apostrophes, spacing or legal suffix",Lord's Cove Community Centre Inc
FFAW-Unifor - Fish Food & Allied Workers Union,ffaw unifor fish food and allied workers union,FFAW-Unifor - Fish Food & Allied Workers Union,ffaw unifor fish food and allied workers union,5,11965.0,same name (printings),,"printed differently: case, punctuation, apostrophes, spacing or legal suffix","FFAW - UNIFOR (Fish, Food and Allied Workers Union)"
National,national,National,national,60,11895.49,same name (printings),,"printed differently: case, punctuation, apostrophes, spacing or legal suffix",national
3JL Holdings Ltd.,3jl holdings,3JL Holdings Ltd.,3jl holdings,6,11887.0,same name (printings),,"printed differently: case, punctuation, apostrophes, spacing or legal suffix",3JL Holdings Ltd
G & C Hardware Ltd,g and c hardware,G & C Hardware Ltd,g and c hardware,6,11790.0,same name (printings),,"printed differently: case, punctuation, apostrophes, spacing or legal suffix",G & C Hardware Ltd.; G & C Hardware Limited
DAL ENTERPRISES LTD,dal enterprises,DAL ENTERPRISES LTD,dal enterprises,6,11753.0,same name (printings),,"printed differently: case, punctuation, apostrophes, spacing or legal suffix",Dal Enterprises Ltd; Dal Enterprises LTD; DAL Enterprises Ltd.
BRENT'S COVE COMMUNITY COUNCIL,brents cove community council,BRENT'S COVE COMMUNITY COUNCIL,brents cove community council,9,11730.0,same name (printings),,"printed differently: case, punctuation, apostrophes, spacing or legal suffix",Brent's Cove Community Council
L'ASSOCIATION REGIONALE DE LA COTE OUEST INC. (ARCO),lassociation regionale de la cote ouest arco,L'ASSOCIATION REGIONALE DE LA COTE OUEST INC. (ARCO),lassociation regionale de la cote ouest arco,2,11620.0,same name (printings),,"printed differently: case, punctuation, apostrophes, spacing or legal suffix",L'Association regionale de la cote Ouest - ARCO
Spirit Riders Therapeutic Association,spirit riders therapeutic association,Spirit Riders Therapeutic Association,spirit riders therapeutic association,5,11617.0,same name (printings),,"printed differently: case, punctuation, apostrophes, spacing or legal suffix",Spirit Riders Therapeutic Association Inc.
DBL SIGNS INC,dbl signs,DBL SIGNS INC,dbl signs,6,11550.0,same name (printings),,"printed differently: case, punctuation, apostrophes, spacing or legal suffix",DBL Signs Inc o/a Impact Signs & Graphics
62698 Newfoundland & Labrador Inc.,62698 newfoundland and labrador,62698 Newfoundland & Labrador Inc.,62698 newfoundland and labrador,6,11526.0,same name (printings),,"printed differently: case, punctuation, apostrophes, spacing or legal suffix",62698 Newfoundland & Labrador
Petipas Service Center Ltd.,petipas service center,Petipas Service Center Ltd.,petipas service center,4,11425.0,same name (printings),,"printed differently: case, punctuation, apostrophes, spacing or legal suffix",Petipas Service Center Ltd
Salvation Army Faith And Hope Thrift Store,salvation army faith and hope thrift store,Salvation Army Faith And Hope Thrift Store,salvation army faith and hope thrift store,3,11422.0,same name (printings),,"printed differently: case, punctuation, apostrophes, spacing or legal suffix",Salvation Army Faith and Hope Thrift store
Riverdale Investments Limited,riverdale investments,Riverdale Investments Limited,riverdale investments,4,11371.0,same name (printings),,"printed differently: case, punctuation, apostrophes, spacing or legal suffix",Riverdale Investments Ltd
JAG Hotel,jag hotel,JAG Hotel,jag hotel,18,11337.88,same name (printings),,"printed differently: case, punctuation, apostrophes, spacing or legal suffix",JAG hotel
New Wes Valley Recreation Commission,new wes valley recreation commission,New Wes Valley Recreation Commission,new wes valley recreation commission,2,11334.0,same name (printings),,"printed differently: case, punctuation, apostrophes, spacing or legal suffix",New-Wes-Valley Recreation Commission Inc.
Gros Morne Wildlife Museum Inc.,gros morne wildlife museum,Gros Morne Wildlife Museum Inc.,gros morne wildlife museum,5,11330.0,same name (printings),,"printed differently: case, punctuation, apostrophes, spacing or legal suffix",Gros Morne Wildlife Museum Inc; Gros Morne Wildlife Museum
Goose Bay Auto Parts,goose bay auto parts,Goose Bay Auto Parts,goose bay auto parts,5,11312.0,same name (printings),,"printed differently: case, punctuation, apostrophes, spacing or legal suffix",goose bay auto parts; Goose Bay Auto Parts Ltd.; GOOSE BAY AUTO PARTS LTD.
Liebherr-Canada Ltd,liebherr canada,Liebherr-Canada Ltd,liebherr canada,3,11307.2,same name (printings),,"printed differently: case, punctuation, apostrophes, spacing or legal suffix",Liebherr Canada Ltd.
Angie's Family Restaurant Ltd.,angies family restaurant,Angie's Family Restaurant Ltd.,angies family restaurant,6,11300.0,same name (printings),,"printed differently: case, punctuation, apostrophes, spacing or legal suffix",Angie's Family Restaurant
Michelins efficiency units,michelins efficiency units,Michelins efficiency units,michelins efficiency units,2,11208.57,same name (printings),,"printed differently: case, punctuation, apostrophes, spacing or legal suffix",MICHELIN'S EFFICIENCY UNITS INC.
Larry's Refrigeration & Appliance Repair INC,larrys refrigeration and appliance repair,Larry's Refrigeration & Appliance Repair INC,larrys refrigeration and appliance repair,10,11171.54,same name (printings),,"printed differently: case, punctuation, apostrophes, spacing or legal suffix",Larry's Refrigeration and Appliance Repair Inc.; Larry's Refrigeration and Appliance Repair; Larry's Refrigeration & Appliance Repair; Larry's Refrigeration & Appliance Repair Inc.
Dean's Greenhouse,deans greenhouse,Dean's Greenhouse,deans greenhouse,7,11089.8,same name (printings),,"printed differently: case, punctuation, apostrophes, spacing or legal suffix",Deans Greenhouse
Gary Callahan Holdings Limited,gary callahan holdings,Gary Callahan Holdings Limited,gary callahan holdings,3,11087.0,same name (printings),,"printed differently: case, punctuation, apostrophes, spacing or legal suffix",Gary Callahan Holdings
Harmon Seaside Links Incorporated,harmon seaside links,Harmon Seaside Links Incorporated,harmon seaside links,2,11084.0,same name (printings),,"printed differently: case, punctuation, apostrophes, spacing or legal suffix",Harmon Seaside Links Inc.
10113 Newfoundland Limited,10113 newfoundland,10113 Newfoundland Limited,10113 newfoundland,6,11064.0,same name (printings),,"printed differently: case, punctuation, apostrophes, spacing or legal suffix",10113 Newfoundland Ltd.
Megsam Holdings Ltd,megsam holdings,Megsam Holdings Ltd,megsam holdings,5,10929.0,same name (printings),,"printed differently: case, punctuation, apostrophes, spacing or legal suffix",Megsam Holdings Ltd.; MEGSAM HOLDINGS LTD
Ultimate Newfoundland and Labrador Ltd.,ultimate newfoundland and labrador,Ultimate Newfoundland and Labrador Ltd.,ultimate newfoundland and labrador,3,10850.0,same name (printings),,"printed differently: case, punctuation, apostrophes, spacing or legal suffix",Ultimate Newfoundland and Labrador Incorporated; Ultimate Newfoundland and Labrador Inc.
NCL Retail Inc.,ncl retail,NCL Retail Inc.,ncl retail,5,10849.0,same name (printings),,"printed differently: case, punctuation, apostrophes, spacing or legal suffix",NCL Retail INC.; NCL RETAIL INC.
Calvary Pentecostal Tabernacle,calvary pentecostal tabernacle,Calvary Pentecostal Tabernacle,calvary pentecostal tabernacle,3,10788.0,same name (printings),,"printed differently: case, punctuation, apostrophes, spacing or legal suffix",CALVARY PENTECOSTAL TABERNACLE
Twillingate Lodge No. 7,twillingate lodge no 7,Twillingate Lodge No. 7,twillingate lodge no 7,3,10788.0,same name (printings),,"printed differently: case, punctuation, apostrophes, spacing or legal suffix",Twillingate Lodge No.7
Noble's Limited,nobles,Noble's Limited,nobles,4,10761.0,same name (printings),,"printed differently: case, punctuation, apostrophes, spacing or legal suffix",Noble’s Limited
AMERICAN SOCIETY FOR NON DESTRUCTIVE,american society for non destructive,AMERICAN SOCIETY FOR NON DESTRUCTIVE,american society for non destructive,2,10699.94,same name (printings),,"printed differently: case, punctuation, apostrophes, spacing or legal suffix",American Society for Non Destructive
Red Thread Inc.,red thread,Red Thread Inc.,red thread,4,10491.0,same name (printings),,"printed differently: case, punctuation, apostrophes, spacing or legal suffix",Red Thread Incorporated
Lumsden Beach Company Corp.,lumsden beach,Lumsden Beach Company Corp.,lumsden beach,4,10381.0,same name (printings),,"printed differently: case, punctuation, apostrophes, spacing or legal suffix",Lumsden Beach Company Corp
TOWN OF SMALL POINT-ADAM'S COVE,town of small point adams cove,TOWN OF SMALL POINT-ADAM'S COVE,town of small point adams cove,2,10253.0,same name (printings),,"printed differently: case, punctuation, apostrophes, spacing or legal suffix",Town of Small Point Adams Cove
Sport Newfoundland & Labrador,sport newfoundland and labrador,Sport Newfoundland & Labrador,sport newfoundland and labrador,4,10247.0,same name (printings),,"printed differently: case, punctuation, apostrophes, spacing or legal suffix",Sport Newfoundland & Labrador Inc.
Anglican Parish of Gambo,anglican parish of gambo,Anglican Parish of Gambo,anglican parish of gambo,3,10196.0,same name (printings),,"printed differently: case, punctuation, apostrophes, spacing or legal suffix",anglican Parish of gambo
Advocate Youth Services Cooperative,advocate youth services cooperative,Advocate Youth Services Cooperative,advocate youth services cooperative,2,10177.0,same name (printings),,"printed differently: case, punctuation, apostrophes, spacing or legal suffix",Advocate Youth Services Co-Operative
Subway Delite Inc.,subway delite,Subway Delite Inc.,subway delite,5,10110.0,same name (printings),,"printed differently: case, punctuation, apostrophes, spacing or legal suffix",Subway Delite Incorporated
Subs@58838 Inc.,subs 58838,Subs@58838 Inc.,subs 58838,5,10110.0,same name (printings),,"printed differently: case, punctuation, apostrophes, spacing or legal suffix",Subs @ 58838 Inc.
The RX Drug mart(Newfoundland and Labrador) Inc.,rx drug mart newfoundland and labrador,The RX Drug mart(Newfoundland and Labrador) Inc.,rx drug mart newfoundland and labrador,5,10110.0,same name (printings),,"printed differently: case, punctuation, apostrophes, spacing or legal suffix",The RX Drug Mart(Newfoundland and Labrador) Inc.; The RX Drug Mart (Newfoundland and Labrador) Inc.; The RX Drug Mart (Newfoundland and Labrador)
63765 Newfoundland and Labrador Limited,63765 newfoundland and labrador,63765 Newfoundland and Labrador Limited,63765 newfoundland and labrador,5,10110.0,same name (printings),,"printed differently: case, punctuation, apostrophes, spacing or legal suffix",63765 Newfoundland and Labrador Ltd.; 63765 newfoundland and labrador ltd; 63765 Newfoundland and Labrador Ltd
Wharfside Investments Inc.,wharfside investments,Wharfside Investments Inc.,wharfside investments,5,10110.0,same name (printings),,"printed differently: case, punctuation, apostrophes, spacing or legal suffix",WHARFSIDE INVESTMENTS INC
Stephenville Gardens corporation,stephenville gardens,Stephenville Gardens corporation,stephenville gardens,3,10100.0,same name (printings),,"printed differently: case, punctuation, apostrophes, spacing or legal suffix",Stephenville Gardens Corporation
"Twillingate New World Island Fish, Fun and Folk Festival Incorporated",twillingate new world island fish fun and folk festival,"Twillingate New World Island Fish, Fun and Folk Festival Incorporated",twillingate new world island fish fun and folk festival,2,10100.0,same name (printings),,"printed differently: case, punctuation, apostrophes, spacing or legal suffix","Twillingate New World Island Fish, Fun & Folk Festival Inc."
Island Harbour Recreation Committee Inc.,island harbour recreation committee,Island Harbour Recreation Committee Inc.,island harbour recreation committee,2,10100.0,same name (printings),,"printed differently: case, punctuation, apostrophes, spacing or legal suffix",Island Harbour Recreation Committee inc.
Pasadena Heritage Society - NL Inc,pasadena heritage society newfoundland and labrador,Pasadena Heritage Society - NL Inc,pasadena heritage society newfoundland and labrador,2,10100.0,same name (printings),,"printed differently: case, punctuation, apostrophes, spacing or legal suffix",Pasadena Heritage Society - NL inc
Gander Elks Lodge No 310,gander elks lodge no 310,Gander Elks Lodge No 310,gander elks lodge no 310,2,10100.0,same name (printings),,"printed differently: case, punctuation, apostrophes, spacing or legal suffix",Gander Elks Lodge NO 310
Sobeys,sobeys,Sobeys,sobeys,212,10080.65,same name (printings),,"printed differently: case, punctuation, apostrophes, spacing or legal suffix",Sobey's; sobeys
Hiscock Rentals & Sales,hiscock rentals and sales,Hiscock Rentals & Sales,hiscock rentals and sales,14,10060.43,same name (printings),,"printed differently: case, punctuation, apostrophes, spacing or legal suffix",Hiscock Rentals and Sales; Hiscock Rentals & Sales Inc.; HISCOCK RENTALS & SALES
65059 Newfoundland and Labrador Inc.,65059 newfoundland and labrador,65059 Newfoundland and Labrador Inc.,65059 newfoundland and labrador,5,10059.0,same name (printings),,"printed differently: case, punctuation, apostrophes, spacing or legal suffix",65059 Newfoundland & Labrador Inc
Canadian Hard of Hearing Association Newfoundland and Labrador,canadian hard of hearing association newfoundland and labrador,Canadian Hard of Hearing Association Newfoundland and Labrador,canadian hard of hearing association newfoundland and labrador,3,10014.0,same name (printings),,"printed differently: case, punctuation, apostrophes, spacing or legal suffix",Canadian Hard of Hearing Association - NL; Canadian Hard of Hearing Association-Newfoundland and Labrador
Centre for Life,centre for life,Centre for Life,centre for life,5,9965.0,same name (printings),,"printed differently: case, punctuation, apostrophes, spacing or legal suffix",CENTRE FOR LIFE
Pharmacy Relief Services Inc.,pharmacy relief services,Pharmacy Relief Services Inc.,pharmacy relief services,4,9921.0,same name (printings),,"printed differently: case, punctuation, apostrophes, spacing or legal suffix",Pharmacy Relief Services
Wiseman's Sales and Service Limited,wisemans sales and service,Wiseman's Sales and Service Limited,wisemans sales and service,4,9921.0,same name (printings),,"printed differently: case, punctuation, apostrophes, spacing or legal suffix",Wiseman's Sales and Service Ltd
Bonavista Bicycle Picnics & Cafe,bonavista bicycle picnics and cafe,Bonavista Bicycle Picnics & Cafe,bonavista bicycle picnics and cafe,4,9843.0,same name (printings),,"printed differently: case, punctuation, apostrophes, spacing or legal suffix",Bonavista Bicycle Picnics & Cafe Inc
52223 Newfoundland and Labrador,52223 newfoundland and labrador,52223 Newfoundland and Labrador,52223 newfoundland and labrador,4,9824.0,same name (printings),,"printed differently: case, punctuation, apostrophes, spacing or legal suffix",52223 Newfoundland and Labrador Ltd.; 52223 Newfoundland and Labrador Limited
Avondale Heritage and Conservation Foundation Inc.,avondale heritage and conservation foundation,Avondale Heritage and Conservation Foundation Inc.,avondale heritage and conservation foundation,3,9801.0,same name (printings),,"printed differently: case, punctuation, apostrophes, spacing or legal suffix",Avondale Heritage & Conservation Foundation Inc.
PORTUGAL COVE-ST PHILIP'S LIONS CLUB INC,portugal cove st philips lions club,PORTUGAL COVE-ST PHILIP'S LIONS CLUB INC,portugal cove st philips lions club,3,9780.0,same name (printings),,"printed differently: case, punctuation, apostrophes, spacing or legal suffix",Portugal Cove-St. Philip's Lions Club Inc.
TOWN OF GILLAMS,town of gillams,TOWN OF GILLAMS,town of gillams,5,9756.0,same name (printings),,"printed differently: case, punctuation, apostrophes, spacing or legal suffix",Town of Gillams
T&T Holdings,t and t holdings,T&T Holdings,t and t holdings,5,9644.0,same name (printings),,"printed differently: case, punctuation, apostrophes, spacing or legal suffix",T & T Holdings; T&T Holdings Ltd
Sapphire Pub and Eatery,sapphire pub and eatery,Sapphire Pub and Eatery,sapphire pub and eatery,5,9534.0,same name (printings),,"printed differently: case, punctuation, apostrophes, spacing or legal suffix",SAPPHIRE PUB AND EATERY LIMITED; Sapphire Pub and Eatery Limited; Sapphire Pub & Eatery
Foss North America,foss north america,Foss North America,foss north america,2,9415.0,same name (printings),,"printed differently: case, punctuation, apostrophes, spacing or legal suffix","Foss North America, Inc."
NRO Certified Heating Ltd,nro certified heating,NRO Certified Heating Ltd,nro certified heating,5,9410.0,same name (printings),,"printed differently: case, punctuation, apostrophes, spacing or legal suffix",NRO Certified Heating Limited
Stanhope Sports & Recreation,stanhope sports and recreation,Stanhope Sports & Recreation,stanhope sports and recreation,3,9402.0,same name (printings),,"printed differently: case, punctuation, apostrophes, spacing or legal suffix",Stanhope Sports and Recreation
Saucy Mouth Inc.,saucy mouth,Saucy Mouth Inc.,saucy mouth,3,9357.0,same name (printings),,"printed differently: case, punctuation, apostrophes, spacing or legal suffix",Saucy Mouth Inc
BARE MOUNTAIN COFFEE HOUSE INC,bare mountain coffee house,BARE MOUNTAIN COFFEE HOUSE INC,bare mountain coffee house,4,9299.0,same name (printings),,"printed differently: case, punctuation, apostrophes, spacing or legal suffix",Bare Mountain Coffee House Inc.; Bare Mountain Coffee House
Walmart,walmart,Walmart,walmart,174,9236.86,same name (printings),,"printed differently: case, punctuation, apostrophes, spacing or legal suffix",walmart; WALMART
REC COMM PACQUET,rec comm pacquet,REC COMM PACQUET,rec comm pacquet,2,9231.0,same name (printings),,"printed differently: case, punctuation, apostrophes, spacing or legal suffix",Rec Comm Pacquet
Royal Newfoundland Regiment Museum,royal newfoundland regiment museum,Royal Newfoundland Regiment Museum,royal newfoundland regiment museum,5,9223.68,same name (printings),,"printed differently: case, punctuation, apostrophes, spacing or legal suffix",ROYAL NEWFOUNDLAND REGIMENT MUSEUM; The Royal Newfoundland Regiment Museum
Shoe Cove Youth Adventures Incorporated,shoe cove youth adventures,Shoe Cove Youth Adventures Incorporated,shoe cove youth adventures,2,9223.0,same name (printings),,"printed differently: case, punctuation, apostrophes, spacing or legal suffix",Shoe Cove Youth Adventures INC
The Salvation Army Community and Family Services Corner Brook,salvation army community and family services corner brook,The Salvation Army Community and Family Services Corner Brook,salvation army community and family services corner brook,5,9160.0,same name (printings),,"printed differently: case, punctuation, apostrophes, spacing or legal suffix",THE SALVATION ARMY COMMUNITY AND FAMILY SERVICES CORNER BROOK
Codroy Valley Recreation Association Incorporated,codroy valley recreation association,Codroy Valley Recreation Association Incorporated,codroy valley recreation association,2,9158.0,same name (printings),,"printed differently: case, punctuation, apostrophes, spacing or legal suffix",Codroy Valley Recreation Association Inc
Ship Shape Fitness Centre Inc.,ship shape fitness centre,Ship Shape Fitness Centre Inc.,ship shape fitness centre,4,9105.0,same name (printings),,"printed differently: case, punctuation, apostrophes, spacing or legal suffix",Ship Shape Fitness Centre Inc
G&H Home Specialties Inc.,g and h home specialties,G&H Home Specialties Inc.,g and h home specialties,4,9105.0,same name (printings),,"printed differently: case, punctuation, apostrophes, spacing or legal suffix",G&H Home Specialties; G & H Home Specialties Inc.
Subway@Random Inc.,subway random,Subway@Random Inc.,subway random,4,9105.0,same name (printings),,"printed differently: case, punctuation, apostrophes, spacing or legal suffix",Subway @ Random Inc.
56670 Newfoundland & Labrador Inc,56670 newfoundland and labrador,56670 Newfoundland & Labrador Inc,56670 newfoundland and labrador,4,9105.0,same name (printings),,"printed differently: case, punctuation, apostrophes, spacing or legal suffix",56670 Newfoundland and Labrador Inc.; 56670 Newfoundland & Labrador Inc.
Springdale Garage Ltd.,springdale garage,Springdale Garage Ltd.,springdale garage,4,9105.0,same name (printings),,"printed differently: case, punctuation, apostrophes, spacing or legal suffix",Springdale Garage Limited
Quality Auto Supplies Limited,quality auto supplies,Quality Auto Supplies Limited,quality auto supplies,5,9088.0,same name (printings),,"printed differently: case, punctuation, apostrophes, spacing or legal suffix",Quality Auto Supplies Ltd
Benoit's Cove Indian Band Inc.,benoits cove indian band,Benoit's Cove Indian Band Inc.,benoits cove indian band,3,8997.0,same name (printings),,"printed differently: case, punctuation, apostrophes, spacing or legal suffix",BENOITS COVE INDIAN BAND INC
Codroy Valley Cottage Country,codroy valley cottage country,Codroy Valley Cottage Country,codroy valley cottage country,4,8942.0,same name (printings),,"printed differently: case, punctuation, apostrophes, spacing or legal suffix",Codroy Valley Cottage Country Ltd.
Dalley's Living The Dream Enterprises Inc.,dalleys living dream enterprises,Dalley's Living The Dream Enterprises Inc.,dalleys living dream enterprises,5,8878.0,same name (printings),,"printed differently: case, punctuation, apostrophes, spacing or legal suffix",Dalley's Living the Dream Enterprises Inc.
M & E Fur Farm Inc.,m and e fur farm,M & E Fur Farm Inc.,m and e fur farm,3,8868.0,same name (printings),,"printed differently: case, punctuation, apostrophes, spacing or legal suffix",M and E Fur Farm Incorporated
TOWN OF LOURDES REGIONAL RECREATION ASSOCIATION (THE),town of lourdes regional recreation association,TOWN OF LOURDES REGIONAL RECREATION ASSOCIATION (THE),town of lourdes regional recreation association,4,8830.0,same name (printings),,"printed differently: case, punctuation, apostrophes, spacing or legal suffix",Town of Lourdes Regional Recreation Association
Cape Broyle Recreation Committee Inc,cape broyle recreation committee,Cape Broyle Recreation Committee Inc,cape broyle recreation committee,2,8822.0,same name (printings),,"printed differently: case, punctuation, apostrophes, spacing or legal suffix",Cape Broyle Recreation Committee INC
La Scie Tourism Association Inc.,la scie tourism association,La Scie Tourism Association Inc.,la scie tourism association,2,8809.0,same name (printings),,"printed differently: case, punctuation, apostrophes, spacing or legal suffix",La Scie Tourism Association INC.
The Glass Station Ltd,glass station,The Glass Station Ltd,glass station,4,8775.0,same name (printings),,"printed differently: case, punctuation, apostrophes, spacing or legal suffix",The Glass Station
Sandman Signature St. John's,sandman signature st johns,Sandman Signature St. John's,sandman signature st johns,15,8758.26,same name (printings),,"printed differently: case, punctuation, apostrophes, spacing or legal suffix",Sandman Signature St.Johns; Sandman Signature St John's
Oram's Birchview Manor Limited,orams birchview manor,Oram's Birchview Manor Limited,orams birchview manor,4,8745.0,same name (printings),,"printed differently: case, punctuation, apostrophes, spacing or legal suffix",Oram's Birchview Manor Ltd; Oram's Birchview Manor Ltd.
Seaside Subway Inc,seaside subway,Seaside Subway Inc,seaside subway,4,8742.0,same name (printings),,"printed differently: case, punctuation, apostrophes, spacing or legal suffix",Seaside Subway Inc.
North 99 Motel & Pub,north 99 motel and pub,North 99 Motel & Pub,north 99 motel and pub,4,8726.0,same name (printings),,"printed differently: case, punctuation, apostrophes, spacing or legal suffix",North '99 Motel and Pub; North 99 Motel and Pub
UniTy Recreation Space Ltd,unity recreation space,UniTy Recreation Space Ltd,unity recreation space,3,8694.0,same name (printings),,"printed differently: case, punctuation, apostrophes, spacing or legal suffix",UniTy Recreation Space Ltd.
C. Robbins and Son Limited,c robbins and son,C. Robbins and Son Limited,c robbins and son,4,8673.0,same name (printings),,"printed differently: case, punctuation, apostrophes, spacing or legal suffix",C. Robbins & Son Ltd.
TJL Enterprises Ltd.,tjl enterprises,TJL Enterprises Ltd.,tjl enterprises,2,8514.0,same name (printings),,"printed differently: case, punctuation, apostrophes, spacing or legal suffix",TJL Enterprises Ltd
Lightkeepers Cafe Limited,lightkeepers cafe,Lightkeepers Cafe Limited,lightkeepers cafe,3,8498.0,same name (printings),,"printed differently: case, punctuation, apostrophes, spacing or legal suffix",lightkeepers cafe
Sweet Shoppe Limited,sweet shoppe,Sweet Shoppe Limited,sweet shoppe,2,8498.0,same name (printings),,"printed differently: case, punctuation, apostrophes, spacing or legal suffix",Sweet Shoppe Ltd
F&M Car Clinic Ltd.,f and m car clinic,F&M Car Clinic Ltd.,f and m car clinic,4,8443.0,same name (printings),,"printed differently: case, punctuation, apostrophes, spacing or legal suffix",F&M Car Clinic Ltd
M.T. Distributors Ltd.,m t distributors,M.T. Distributors Ltd.,m t distributors,4,8402.0,same name (printings),,"printed differently: case, punctuation, apostrophes, spacing or legal suffix",M. T. Distributors Ltd.; M.T. DISTRIBUTORS LTD.; M.T.Distributors LTD
Catholic School Foundation of Corner Brook Inc.,catholic school foundation of corner brook,Catholic School Foundation of Corner Brook Inc.,catholic school foundation of corner brook,3,8397.0,same name (printings),,"printed differently: case, punctuation, apostrophes, spacing or legal suffix",Catholic School Foundation of Corner Brook Inc
Stadic Entertainment,stadic entertainment,Stadic Entertainment,stadic entertainment,4,8375.0,same name (printings),,"printed differently: case, punctuation, apostrophes, spacing or legal suffix",Stadic Entertainment Ltd
Downey's Camping Ltd,downeys camping,Downey's Camping Ltd,downeys camping,4,8302.0,same name (printings),,"printed differently: case, punctuation, apostrophes, spacing or legal suffix",Downey's Camping Ltd.; DOWNEY'S CAMPING LTD
Pennell's Service Station,pennells service station,Pennell's Service Station,pennells service station,4,8262.0,same name (printings),,"printed differently: case, punctuation, apostrophes, spacing or legal suffix",Pennells Service Station
KMCH Pharmacy Ltd,kmch pharmacy,KMCH Pharmacy Ltd,kmch pharmacy,4,8262.0,same name (printings),,"printed differently: case, punctuation, apostrophes, spacing or legal suffix",KMCH Pharmacy Limited
E. W. Gale ltd,e w gale,E. W. Gale ltd,e w gale,4,8262.0,same name (printings),,"printed differently: case, punctuation, apostrophes, spacing or legal suffix",E. W. Gale Limited
KMD Enterprises Ltd.,kmd enterprises,KMD Enterprises Ltd.,kmd enterprises,4,8262.0,same name (printings),,"printed differently: case, punctuation, apostrophes, spacing or legal suffix",KMD Enterprises Limited; KMD Enterprises Ltd
D & R Convenience Ltd,d and r convenience,D & R Convenience Ltd,d and r convenience,4,8262.0,same name (printings),,"printed differently: case, punctuation, apostrophes, spacing or legal suffix",D&R Convenience Limited; d and r convenience
Quinlan Enterprises Limited,quinlan enterprises,Quinlan Enterprises Limited,quinlan enterprises,4,8262.0,same name (printings),,"printed differently: case, punctuation, apostrophes, spacing or legal suffix",Quinlan Enterprises Ltd
Parrill's Flavor Crisp Chicken Ltd.,parrills flavor crisp chicken,Parrill's Flavor Crisp Chicken Ltd.,parrills flavor crisp chicken,3,8199.0,same name (printings),,"printed differently: case, punctuation, apostrophes, spacing or legal suffix",Parrill's Flavor Crisp Chicken LTD; Parrill's Flavor Crisp Chicken Limited
Sandman Hotel Group,sandman hotel group,Sandman Hotel Group,sandman hotel group,19,8187.02,same name (printings),,"printed differently: case, punctuation, apostrophes, spacing or legal suffix",SANDMAN HOTEL GROUP
Dr Hugh Twomey Healthcare Centre Auxiliary,dr hugh twomey healthcare centre auxiliary,Dr Hugh Twomey Healthcare Centre Auxiliary,dr hugh twomey healthcare centre auxiliary,2,8179.0,same name (printings),,"printed differently: case, punctuation, apostrophes, spacing or legal suffix",Dr. Hugh Twomey Healthcare Centre Auxiliary
Renew Physiotherapy Ltd,renew physiotherapy,Renew Physiotherapy Ltd,renew physiotherapy,4,8091.0,same name (printings),,"printed differently: case, punctuation, apostrophes, spacing or legal suffix",ReNew Physiotherapy Ltd
By the Sea Inn & Cafe,by sea inn and cafe,By the Sea Inn & Cafe,by sea inn and cafe,5,8090.31,same name (printings),,"printed differently: case, punctuation, apostrophes, spacing or legal suffix",By the Sea Inn & Café
JAKE Retail Inc,jake retail,JAKE Retail Inc,jake retail,3,8007.0,same name (printings),,"printed differently: case, punctuation, apostrophes, spacing or legal suffix",JAKE Retail Inc.
K & R Harwood Ltd,k and r harwood,K & R Harwood Ltd,k and r harwood,5,7962.0,same name (printings),,"printed differently: case, punctuation, apostrophes, spacing or legal suffix",K&R Harwood LTD; K&R Harwood Ltd; K and R Harwood Ltd
A&K Convenience,a and k convenience,A&K Convenience,a and k convenience,4,7940.0,same name (printings),,"printed differently: case, punctuation, apostrophes, spacing or legal suffix",A & K Convenience
B.W. Powell Ltd.,b w powell,B.W. Powell Ltd.,b w powell,26,7923.42,same name (printings),,"printed differently: case, punctuation, apostrophes, spacing or legal suffix",B. W. Powell Ltd.; B.W.Powell; B W Powell Ltd; B.W. Powell Ltd; B. W. Powell LTD.
C H Holdings NL Ltd,c h holdings newfoundland and labrador,C H Holdings NL Ltd,c h holdings newfoundland and labrador,4,7920.0,same name (printings),,"printed differently: case, punctuation, apostrophes, spacing or legal suffix",C H Holdings Newfoundland and Labrador Limited
DRL Coachlines,drl coachlines,DRL Coachlines,drl coachlines,4,7875.0,same name (printings),,"printed differently: case, punctuation, apostrophes, spacing or legal suffix",DRL Coachlines Limited; DRL Coachlines Ltd.
Complete Care Pharmacy Ltd.,complete care pharmacy,Complete Care Pharmacy Ltd.,complete care pharmacy,4,7875.0,same name (printings),,"printed differently: case, punctuation, apostrophes, spacing or legal suffix",Complete Care Pharmacy Ltd
Boyds Convenience,boyds convenience,Boyds Convenience,boyds convenience,5,7816.85,same name (printings),,"printed differently: case, punctuation, apostrophes, spacing or legal suffix",Boyd's Convenience; Boyd's Convenience Inc.
61799 Newfoundland and Labrador Incorporated,61799 newfoundland and labrador,61799 Newfoundland and Labrador Incorporated,61799 newfoundland and labrador,3,7805.0,same name (printings),,"printed differently: case, punctuation, apostrophes, spacing or legal suffix",61799 Newfoundland and Labrador Inc.
RELYON NUTEC CANADA (NL) INCORPORAT,relyon nutec canada newfoundland and labrador,RELYON NUTEC CANADA (NL) INCORPORAT,relyon nutec canada newfoundland and labrador,2,7797.0,same name (printings),,"printed differently: case, punctuation, apostrophes, spacing or legal suffix",Relyon Nutec Canada (Nl) Inc
DDNC Enterprises Ltd,ddnc enterprises,DDNC Enterprises Ltd,ddnc enterprises,5,7797.0,same name (printings),,"printed differently: case, punctuation, apostrophes, spacing or legal suffix",DDNC Enterprises Ltd.
Clearwater Resort Limited,clearwater resort,Clearwater Resort Limited,clearwater resort,4,7749.0,same name (printings),,"printed differently: case, punctuation, apostrophes, spacing or legal suffix",Clearwater Resort Ltd
The Firm Property Management Solutions Inc.,firm property management solutions,The Firm Property Management Solutions Inc.,firm property management solutions,3,7737.0,same name (printings),,"printed differently: case, punctuation, apostrophes, spacing or legal suffix",The Firm Property Management Solutions Incorporated
Johnson's Convenience Inc.,johnsons convenience,Johnson's Convenience Inc.,johnsons convenience,3,7737.0,same name (printings),,"printed differently: case, punctuation, apostrophes, spacing or legal suffix",Johnson's Convenience Incorporated
Bonavista Adventure Tours Inc.,bonavista adventure tours,Bonavista Adventure Tours Inc.,bonavista adventure tours,3,7691.0,same name (printings),,"printed differently: case, punctuation, apostrophes, spacing or legal suffix",Bonavista Adventure Tours Inc
Harbour Authority of Sweet Bay,harbour authority of sweet bay,Harbour Authority of Sweet Bay,harbour authority of sweet bay,3,7659.0,same name (printings),,"printed differently: case, punctuation, apostrophes, spacing or legal suffix",HARBOUR AUTHORITY OF SWEET BAY
Mary gushue,mary gushue,Mary gushue,mary gushue,3,7626.0,same name (printings),,"printed differently: case, punctuation, apostrophes, spacing or legal suffix",Mary Gushue
Gander and Area SPCA,gander and area spca,Gander and Area SPCA,gander and area spca,2,7619.0,same name (printings),,"printed differently: case, punctuation, apostrophes, spacing or legal suffix",Gander and Area SPCA Inc.
New Harbour Dildo Community # 5,new harbour dildo community 5,New Harbour Dildo Community # 5,new harbour dildo community 5,2,7576.0,same name (printings),,"printed differently: case, punctuation, apostrophes, spacing or legal suffix","New Harbour Dildo Community ""5"""
Dockside Motel Incorporated,dockside motel,Dockside Motel Incorporated,dockside motel,4,7510.0,same name (printings),,"printed differently: case, punctuation, apostrophes, spacing or legal suffix",DOCKSIDE MOTEL INC; Dockside Motel Inc; Dockside Motel Inc.
G & T Enterprises LTD,g and t enterprises,G & T Enterprises LTD,g and t enterprises,5,7483.0,same name (printings),,"printed differently: case, punctuation, apostrophes, spacing or legal suffix",G & T Enterprises; G & T Enterprises LTD.
P&A Sports and Enterprises Limited,p and a sports and enterprises,P&A Sports and Enterprises Limited,p and a sports and enterprises,4,7483.0,same name (printings),,"printed differently: case, punctuation, apostrophes, spacing or legal suffix",P & A Sports and Enterprises Limited; P&A Sports and Enterprises Ltd
SANDWICH BAY 50 PLUS CLUB INC,sandwich bay 50 plus club,SANDWICH BAY 50 PLUS CLUB INC,sandwich bay 50 plus club,2,7430.0,same name (printings),,"printed differently: case, punctuation, apostrophes, spacing or legal suffix",SANDWICH BAY 50 PLUS CLUB INC.
The Anglican Parish of Burin,anglican parish of burin,The Anglican Parish of Burin,anglican parish of burin,2,7325.0,same name (printings),,"printed differently: case, punctuation, apostrophes, spacing or legal suffix",Anglican Parish of Burin
R.V. Clarke & Sons,r v clarke and sons,R.V. Clarke & Sons,r v clarke and sons,3,7257.0,same name (printings),,"printed differently: case, punctuation, apostrophes, spacing or legal suffix",R.V.Clarke & Sons
R&L Food Services LTD,r and l food services,R&L Food Services LTD,r and l food services,3,7257.0,same name (printings),,"printed differently: case, punctuation, apostrophes, spacing or legal suffix",R&L Food Services
Tim Hortons,tim hortons,Tim Hortons,tim hortons,113,7248.97,same name (printings),,"printed differently: case, punctuation, apostrophes, spacing or legal suffix",Tim Horton's; TIM HORTONS
East Coast Glow Inc.,east coast glow,East Coast Glow Inc.,east coast glow,4,7240.0,same name (printings),,"printed differently: case, punctuation, apostrophes, spacing or legal suffix",East Coast Glow Inc; East Coast Glow. Inc.
MMB Dining Enterprises Ltd,mmb dining enterprises,MMB Dining Enterprises Ltd,mmb dining enterprises,4,7190.0,same name (printings),,"printed differently: case, punctuation, apostrophes, spacing or legal suffix",MMB Dining Enterprises Ltd.
Too Good To Be True NL Inc.,too good to be true newfoundland and labrador,Too Good To Be True NL Inc.,too good to be true newfoundland and labrador,3,7157.0,same name (printings),,"printed differently: case, punctuation, apostrophes, spacing or legal suffix",Too Good To Be True NL Inc
Newfoundland and Labrador Association of the Deaf,newfoundland and labrador association of deaf,Newfoundland and Labrador Association of the Deaf,newfoundland and labrador association of deaf,4,7155.0,same name (printings),,"printed differently: case, punctuation, apostrophes, spacing or legal suffix",Newfoundland & Labrador Association of the Deaf Inc.
Monica Crocker,monica crocker,Monica Crocker,monica crocker,3,7102.0,same name (printings),,"printed differently: case, punctuation, apostrophes, spacing or legal suffix",MONICA CROCKER
Knights of Columbus St. Ignatius Council #13763,knights of columbus st ignatius council 13763,Knights of Columbus St. Ignatius Council #13763,knights of columbus st ignatius council 13763,2,7092.0,same name (printings),,"printed differently: case, punctuation, apostrophes, spacing or legal suffix",Knights of Columbus(St. Ignatius Council #13763)
Raymond Dwyer,raymond dwyer,Raymond Dwyer,raymond dwyer,3,7051.0,same name (printings),,"printed differently: case, punctuation, apostrophes, spacing or legal suffix",RAYMOND DWYER
SAVAGE COVE RECREATION INC,savage cove recreation,SAVAGE COVE RECREATION INC,savage cove recreation,2,7011.0,same name (printings),,"printed differently: case, punctuation, apostrophes, spacing or legal suffix",Savage Cove Recreation Inc
King's PT Grocery & Hardware,kings pt grocery and hardware,King's PT Grocery & Hardware,kings pt grocery and hardware,3,7002.0,same name (printings),,"printed differently: case, punctuation, apostrophes, spacing or legal suffix",Kings PT Grocery & Hardware
Local Service District of Stoneville,local service district of stoneville,Local Service District of Stoneville,local service district of stoneville,2,6959.0,same name (printings),,"printed differently: case, punctuation, apostrophes, spacing or legal suffix",The Local Service District of Stoneville
Clarenville Home & Leisure Ltd,clarenville home and leisure,Clarenville Home & Leisure Ltd,clarenville home and leisure,3,6894.0,same name (printings),,"printed differently: case, punctuation, apostrophes, spacing or legal suffix",Clarenville Home and Leisure
Bears Cove Inn Inc,bears cove inn,Bears Cove Inn Inc,bears cove inn,3,6870.0,same name (printings),,"printed differently: case, punctuation, apostrophes, spacing or legal suffix",Bears Cove Inn Inc.; The Bears Cove Inn
Subs@Subbay Inc.,subs subbay,Subs@Subbay Inc.,subs subbay,4,6848.0,same name (printings),,"printed differently: case, punctuation, apostrophes, spacing or legal suffix",Subs@Subbay Incorporated; Subs @ Subbay Inc.
Harbourside Convenience Ltd.,harbourside convenience,Harbourside Convenience Ltd.,harbourside convenience,4,6848.0,same name (printings),,"printed differently: case, punctuation, apostrophes, spacing or legal suffix",Harbourside Convenience Limited
Triton Hardware LTD,triton hardware,Triton Hardware LTD,triton hardware,4,6848.0,same name (printings),,"printed differently: case, punctuation, apostrophes, spacing or legal suffix",Triton Hardware Limited
Boot Shrine Club,boot shrine club,Boot Shrine Club,boot shrine club,2,6820.0,same name (printings),,"printed differently: case, punctuation, apostrophes, spacing or legal suffix",Boot Shrine Club Inc
Cycle Solutions Inc,cycle solutions,Cycle Solutions Inc,cycle solutions,3,6791.0,same name (printings),,"printed differently: case, punctuation, apostrophes, spacing or legal suffix",Cycle Solutions Inc.; Cycle Solutions
West Coast Veterinary Services,west coast veterinary services,West Coast Veterinary Services,west coast veterinary services,3,6778.0,same name (printings),,"printed differently: case, punctuation, apostrophes, spacing or legal suffix",West Coast Veterinary Services Inc.
Sandman Hotel,sandman hotel,Sandman Hotel,sandman hotel,13,6746.31,same name (printings),,"printed differently: case, punctuation, apostrophes, spacing or legal suffix",sandman Hotel
Coast Broadcasting Limited,coast broadcasting,Coast Broadcasting Limited,coast broadcasting,4,6722.0,same name (printings),,"printed differently: case, punctuation, apostrophes, spacing or legal suffix",Coast Broadcasting Ltd.; Coast Broadcasting Ltd
Deer Lake Pharmacy,deer lake pharmacy,Deer Lake Pharmacy,deer lake pharmacy,4,6715.0,same name (printings),,"printed differently: case, punctuation, apostrophes, spacing or legal suffix",Deer Lake Pharmacy Ltd; Deer Lake Pharmacy Ltd.
Katies Konvenience,katies konvenience,Katies Konvenience,katies konvenience,3,6715.0,same name (printings),,"printed differently: case, punctuation, apostrophes, spacing or legal suffix",Katie's Konvenience Limited; Katies Konvenience Ltd
New World Island Pharmacy Limited,new world island pharmacy,New World Island Pharmacy Limited,new world island pharmacy,2,6705.0,same name (printings),,"printed differently: case, punctuation, apostrophes, spacing or legal suffix",New World island pharmacy
Musically Inclined Incorporated,musically inclined,Musically Inclined Incorporated,musically inclined,7,6662.0,same name (printings),,"printed differently: case, punctuation, apostrophes, spacing or legal suffix",MUSICALLY INCLINED INC
Reach Road Auto Inc,reach road auto,Reach Road Auto Inc,reach road auto,3,6659.0,same name (printings),,"printed differently: case, punctuation, apostrophes, spacing or legal suffix",Reach road auto
Fibreglass Works Ltd.,fibreglass works,Fibreglass Works Ltd.,fibreglass works,3,6659.0,same name (printings),,"printed differently: case, punctuation, apostrophes, spacing or legal suffix",Fibreglass Works Limited
Hillside Holsteins Farm Limited,hillside holsteins farm,Hillside Holsteins Farm Limited,hillside holsteins farm,3,6659.0,same name (printings),,"printed differently: case, punctuation, apostrophes, spacing or legal suffix",Hillside Holsteins Farm Ltd
Gary's Convenience Ltd.,garys convenience,Gary's Convenience Ltd.,garys convenience,3,6622.0,same name (printings),,"printed differently: case, punctuation, apostrophes, spacing or legal suffix",Gary's Convenience Limited
Oceanview Resort Ltd,oceanview resort,Oceanview Resort Ltd,oceanview resort,2,6517.0,same name (printings),,"printed differently: case, punctuation, apostrophes, spacing or legal suffix",Oceanview Resort Ltd.
Royal Canadian Legion Branch #33,royal canadian legion branch 33,Royal Canadian Legion Branch #33,royal canadian legion branch 33,3,6510.0,same name (printings),,"printed differently: case, punctuation, apostrophes, spacing or legal suffix",Royal Canadian Legion Branch 33
83901 Newfoundland & Labrador Ltd,83901 newfoundland and labrador,83901 Newfoundland & Labrador Ltd,83901 newfoundland and labrador,3,6505.0,same name (printings),,"printed differently: case, punctuation, apostrophes, spacing or legal suffix",83901 Newfoundland and Labrador Ltd
McCarthy Holdings Ltd,mccarthy holdings,McCarthy Holdings Ltd,mccarthy holdings,4,6500.0,same name (printings),,"printed differently: case, punctuation, apostrophes, spacing or legal suffix",MCCARTHY HOLDINGS LTD
Costco Wholesale,costco wholesale,Costco Wholesale,costco wholesale,47,6483.46,same name (printings),,"printed differently: case, punctuation, apostrophes, spacing or legal suffix",COSTCO WHOLESALE; Costco wholesale
LOCAL SERVICE DISTRICT OF PORTLAND CREEK,local service district of portland creek,LOCAL SERVICE DISTRICT OF PORTLAND CREEK,local service district of portland creek,3,6478.0,same name (printings),,"printed differently: case, punctuation, apostrophes, spacing or legal suffix",Local Service District of Portland Creek
PARO Enterprises Limited,paro enterprises,PARO Enterprises Limited,paro enterprises,4,6461.0,same name (printings),,"printed differently: case, punctuation, apostrophes, spacing or legal suffix",Paro Enterprises Limited
Sexton Trucking Ltd.,sexton trucking,Sexton Trucking Ltd.,sexton trucking,4,6461.0,same name (printings),,"printed differently: case, punctuation, apostrophes, spacing or legal suffix",Sexton Trucking Limited; Sexton Trucking Ltd
Dreamweaver Projects Inc.,dreamweaver projects,Dreamweaver Projects Inc.,dreamweaver projects,3,6454.0,same name (printings),,"printed differently: case, punctuation, apostrophes, spacing or legal suffix",Dreamweaver Projects Incorporated
Veronica E bavis,veronica e bavis,Veronica E bavis,veronica e bavis,3,6451.0,same name (printings),,"printed differently: case, punctuation, apostrophes, spacing or legal suffix",Veronica E Bavis
H & F Designs Ltd.,h and f designs,H & F Designs Ltd.,h and f designs,5,6438.24,same name (printings),,"printed differently: case, punctuation, apostrophes, spacing or legal suffix",H & F DESIGNS LTD; H&F Designs Ltd; H & F DESIGNS LTD.
Port au Choix Pharmacy,port au choix pharmacy,Port au Choix Pharmacy,port au choix pharmacy,4,6412.0,same name (printings),,"printed differently: case, punctuation, apostrophes, spacing or legal suffix",Port Au Choix Pharmacy
Relic Supply Corp,relic supply,Relic Supply Corp,relic supply,3,6412.0,same name (printings),,"printed differently: case, punctuation, apostrophes, spacing or legal suffix",Relic Supply Corp.
Countryside Abattoir Limited,countryside abattoir,Countryside Abattoir Limited,countryside abattoir,3,6272.0,same name (printings),,"printed differently: case, punctuation, apostrophes, spacing or legal suffix",Countryside Abattoir Ltd.
Drover's MJ Grocery Limited,drovers mj grocery,Drover's MJ Grocery Limited,drovers mj grocery,2,6258.0,same name (printings),,"printed differently: case, punctuation, apostrophes, spacing or legal suffix",Drovers MJ Grocery Ltd.
Spaniard's Bay Tourism Advisory Committee Inc,spaniards bay tourism advisory committee,Spaniard's Bay Tourism Advisory Committee Inc,spaniards bay tourism advisory committee,2,6224.0,same name (printings),,"printed differently: case, punctuation, apostrophes, spacing or legal suffix",Spaniard's Bay Tourism Advisory Committee Inc.
The Daily Catch Restaurant Inc.,daily catch restaurant,The Daily Catch Restaurant Inc.,daily catch restaurant,4,6209.0,same name (printings),,"printed differently: case, punctuation, apostrophes, spacing or legal suffix",The Daily Catch Restaurant; The Daily Catch Restaurant Incorporated; The Daily Catch Restaurant INC
Alliance Builders Ltd,alliance builders,Alliance Builders Ltd,alliance builders,3,6118.0,same name (printings),,"printed differently: case, punctuation, apostrophes, spacing or legal suffix",Alliance Builders Limited
Town of Bay de Verde,town of bay de verde,Town of Bay de Verde,town of bay de verde,3,6118.0,same name (printings),,"printed differently: case, punctuation, apostrophes, spacing or legal suffix",Town of Bay De Verde
Twillingate Brewery Limited,twillingate brewery,Twillingate Brewery Limited,twillingate brewery,3,6115.0,same name (printings),,"printed differently: case, punctuation, apostrophes, spacing or legal suffix",Twillingate brewery Limited
Mi'Kmaq First Nations Assembly of Newfoundland,mikmaq first nations assembly of newfoundland,Mi'Kmaq First Nations Assembly of Newfoundland,mikmaq first nations assembly of newfoundland,2,6103.0,same name (printings),,"printed differently: case, punctuation, apostrophes, spacing or legal suffix",Mikmaq first nations assembly of Newfoundland
Sandy Cove Beach Cabins Ltd.,sandy cove beach cabins,Sandy Cove Beach Cabins Ltd.,sandy cove beach cabins,3,6044.0,same name (printings),,"printed differently: case, punctuation, apostrophes, spacing or legal suffix",Sandy Cove Beach Cabins; Sandy Cove Beach Cabins Ltd
The Governing Council of the Salvation Army,governing council of salvation army [bn 107951618RR0038],The Governing Council of the Salvation Army,governing council of salvation army [bn 107951618RR0038],2,6041.0,same name (printings),,"printed differently: case, punctuation, apostrophes, spacing or legal suffix",The Governing Council of The Salvation Army
The Anglican Parish of the Holy Trinity,anglican parish of holy trinity,The Anglican Parish of the Holy Trinity,anglican parish of holy trinity,2,6041.0,same name (printings),,"printed differently: case, punctuation, apostrophes, spacing or legal suffix",The Anglican parish of the Holy Trinity
D & A enterprises Inc,d and a enterprises,D & A enterprises Inc,d and a enterprises,3,6014.0,same name (printings),,"printed differently: case, punctuation, apostrophes, spacing or legal suffix",D&A Enterprises Inc.; D & A Enterprises
Terra Nova Regional Goodwill Inc.,terra nova regional goodwill,Terra Nova Regional Goodwill Inc.,terra nova regional goodwill,2,5949.0,same name (printings),,"printed differently: case, punctuation, apostrophes, spacing or legal suffix",Terra Nova Regional Goodwill Inc
West St. Modeste Womens Institute,west st modeste womens institute,West St. Modeste Womens Institute,west st modeste womens institute,2,5949.0,same name (printings),,"printed differently: case, punctuation, apostrophes, spacing or legal suffix",West St. Modeste Women's Institute
Volleyball Atlantic Canada Development Inc,volleyball atlantic canada development,Volleyball Atlantic Canada Development Inc,volleyball atlantic canada development,2,5936.0,same name (printings),,"printed differently: case, punctuation, apostrophes, spacing or legal suffix",Volleyball Atlantic Canada Development Inc.
Layreg Holdings Ltd.,layreg holdings,Layreg Holdings Ltd.,layreg holdings,2,5889.0,same name (printings),,"printed differently: case, punctuation, apostrophes, spacing or legal suffix",LayReg Holdings LTD
L & E Restaurant,l and e restaurant,L & E Restaurant,l and e restaurant,2,5889.0,same name (printings),,"printed differently: case, punctuation, apostrophes, spacing or legal suffix",L & E Restaurant Ltd.
JaLynn Auto Ltd.,jalynn auto,JaLynn Auto Ltd.,jalynn auto,2,5889.0,same name (printings),,"printed differently: case, punctuation, apostrophes, spacing or legal suffix",JaLynn Auto Ltd
Hillhead Designs Ltd,hillhead designs,Hillhead Designs Ltd,hillhead designs,2,5889.0,same name (printings),,"printed differently: case, punctuation, apostrophes, spacing or legal suffix",Hillhead Designs Ltd.
Momma's Ice Cream Inc.,mommas ice cream,Momma's Ice Cream Inc.,mommas ice cream,4,5854.0,same name (printings),,"printed differently: case, punctuation, apostrophes, spacing or legal suffix",Momma's Ice Cream Incorporated
Ways Restaurant Ltd,ways restaurant,Ways Restaurant Ltd,ways restaurant,3,5843.0,same name (printings),,"printed differently: case, punctuation, apostrophes, spacing or legal suffix",Ways Restaurant
Community Council of Howley,community council of howley,Community Council of Howley,community council of howley,3,5822.0,same name (printings),,"printed differently: case, punctuation, apostrophes, spacing or legal suffix",COMMUNITY COUNCIL OF HOWLEY
D & D Sales Ltd,d and d sales,D & D Sales Ltd,d and d sales,4,5777.0,same name (printings),,"printed differently: case, punctuation, apostrophes, spacing or legal suffix",D & D Sales Limited
Point Aux Gaul Recreation,point aux gaul recreation,Point Aux Gaul Recreation,point aux gaul recreation,2,5732.0,same name (printings),,"printed differently: case, punctuation, apostrophes, spacing or legal suffix",Point Aux Gaul Recreation INC
Seabreeze Subway Inc,seabreeze subway,Seabreeze Subway Inc,seabreeze subway,2,5689.0,same name (printings),,"printed differently: case, punctuation, apostrophes, spacing or legal suffix",Seabreeze Subway Inc.
Real Estate Agents Charity House,real estate agents charity house,Real Estate Agents Charity House,real estate agents charity house,2,5669.0,same name (printings),,"printed differently: case, punctuation, apostrophes, spacing or legal suffix",Real Estate Agents Charity House Inc
Bugden Restaurants Ltd,bugden restaurants,Bugden Restaurants Ltd,bugden restaurants,3,5648.0,same name (printings),,"printed differently: case, punctuation, apostrophes, spacing or legal suffix",Bugden Restaurant's Ltd
The Royal Canadian Legion,royal canadian legion,The Royal Canadian Legion,royal canadian legion,5,5637.93,same name (printings),,"printed differently: case, punctuation, apostrophes, spacing or legal suffix",Royal Canadian Legion; ROYAL CANADIAN LEGION
Shed City and Outdoor Living Limited,shed city and outdoor living,Shed City and Outdoor Living Limited,shed city and outdoor living,3,5635.0,same name (printings),,"printed differently: case, punctuation, apostrophes, spacing or legal suffix",Shed City and Outdoor Living Ltd.; Shed City & Outdoor Living Ltd.
Coley's Store Ltd.,coleys store,Coley's Store Ltd.,coleys store,3,5635.0,same name (printings),,"printed differently: case, punctuation, apostrophes, spacing or legal suffix",Coley's Store Limited
Sexton Lumber Co. Ltd.,sexton lumber,Sexton Lumber Co. Ltd.,sexton lumber,3,5635.0,same name (printings),,"printed differently: case, punctuation, apostrophes, spacing or legal suffix",Sexton Lumber co Ltd; Sexton Lumber Co. Ltd
Mount Moriah Community Events Inc,mount moriah community events,Mount Moriah Community Events Inc,mount moriah community events,3,5469.46,same name (printings),,"printed differently: case, punctuation, apostrophes, spacing or legal suffix",Mount Moriah Community Events Inc.; Mount Moriah Community Events
Mountain Top Cabin,mountain top cabin,Mountain Top Cabin,mountain top cabin,4,5400.0,same name (printings),,"printed differently: case, punctuation, apostrophes, spacing or legal suffix",Mountain Top Cabin Ltd; Mountain top cabin ltd; Mountain top cabin Ltd
SJGN HOLDINGS LTD,sjgn holdings,SJGN HOLDINGS LTD,sjgn holdings,9,5392.0,same name (printings),,"printed differently: case, punctuation, apostrophes, spacing or legal suffix",SJGN Holdings
ST JOHN'S ARCHDIOCESE INC,st johns archdiocese,ST JOHN'S ARCHDIOCESE INC,st johns archdiocese,2,5313.0,same name (printings),,"printed differently: case, punctuation, apostrophes, spacing or legal suffix",St. John's Archdiocese Inc
Harbour Authority of Fleur-de-Lys,harbour authority of fleur de lys,Harbour Authority of Fleur-de-Lys,harbour authority of fleur de lys,2,5293.0,same name (printings),,"printed differently: case, punctuation, apostrophes, spacing or legal suffix",Harbour Authority of Fleur de Lys
St. Brendan`s Fire Dept.,st brendans fire dept,St. Brendan`s Fire Dept.,st brendans fire dept,2,5288.0,same name (printings),,"printed differently: case, punctuation, apostrophes, spacing or legal suffix",St. Brendan's Fire Dept
Tip-a-Vista Wellness Foundation Inc.,tip a vista wellness foundation,Tip-a-Vista Wellness Foundation Inc.,tip a vista wellness foundation,2,5287.0,same name (printings),,"printed differently: case, punctuation, apostrophes, spacing or legal suffix",Tip-A-Vista Wellness Foundation
"PATRICIA PUDDESTER, REG PUDDESTER",patricia puddester reg puddester,"PATRICIA PUDDESTER, REG PUDDESTER",patricia puddester reg puddester,2,5282.0,same name (printings),,"printed differently: case, punctuation, apostrophes, spacing or legal suffix","Patricia Puddester, Reg Puddester"
Bradley Hancock Holdings Incorporated.,bradley hancock holdings,Bradley Hancock Holdings Incorporated.,bradley hancock holdings,2,5271.0,same name (printings),,"printed differently: case, punctuation, apostrophes, spacing or legal suffix",Bradley Hancock Holdings Inc.
Southern Shore Recycling Depot Inc.,southern shore recycling depot,Southern Shore Recycling Depot Inc.,southern shore recycling depot,3,5169.0,same name (printings),,"printed differently: case, punctuation, apostrophes, spacing or legal suffix",Southern Shore Recycling Depot Ltd.
Holiday Inn St. John's Conference Centre,holiday inn st johns conference centre,Holiday Inn St. John's Conference Centre,holiday inn st johns conference centre,19,5143.1,same name (printings),,"printed differently: case, punctuation, apostrophes, spacing or legal suffix",Holiday Inn St.John's Conference Centre
Greco Pizza,greco pizza,Greco Pizza,greco pizza,20,5031.52,same name (printings),,"printed differently: case, punctuation, apostrophes, spacing or legal suffix",GRECO PIZZA
Heritage Crafts and Baked Goods Incorporated,heritage crafts and baked goods,Heritage Crafts and Baked Goods Incorporated,heritage crafts and baked goods,3,5000.0,same name (printings),,"printed differently: case, punctuation, apostrophes, spacing or legal suffix",Heritage Crafts & Baked Goods
GFW Auto Parts Ltd.,gfw auto parts,GFW Auto Parts Ltd.,gfw auto parts,3,5000.0,same name (printings),,"printed differently: case, punctuation, apostrophes, spacing or legal suffix",GFW Auto Parts Ltd
Harbour Subway Inc.,harbour subway,Harbour Subway Inc.,harbour subway,3,5000.0,same name (printings),,"printed differently: case, punctuation, apostrophes, spacing or legal suffix",Harbour Subway Inc
I J Smith & Son Ltd.,i j smith and son,I J Smith & Son Ltd.,i j smith and son,3,5000.0,same name (printings),,"printed differently: case, punctuation, apostrophes, spacing or legal suffix",I J Smith And Son Limited; I J SMITH & SON LIMITED
Island Holdings Ltd.,island holdings,Island Holdings Ltd.,island holdings,3,5000.0,same name (printings),,"printed differently: case, punctuation, apostrophes, spacing or legal suffix",Island Holdings Limited
"Strong Harbour Strings Program, Inc.",strong harbour strings program,"Strong Harbour Strings Program, Inc.",strong harbour strings program,2,4930.0,same name (printings),,"printed differently: case, punctuation, apostrophes, spacing or legal suffix",Strong Harbour Strings Program Incorporated
Holiday Inn Express,holiday inn express,Holiday Inn Express,holiday inn express,15,4847.51,same name (printings),,"printed differently: case, punctuation, apostrophes, spacing or legal suffix",holiday inn express
Campbells Place Inn,campbells place inn,Campbells Place Inn,campbells place inn,4,4772.91,same name (printings),,"printed differently: case, punctuation, apostrophes, spacing or legal suffix",Campbell's Place Inn Inc.; Campbell's Place Inn Inc; Campbell's Place Inn
Brenda's Cash and Carry,brendas cash and carry,Brenda's Cash and Carry,brendas cash and carry,2,4766.0,same name (printings),,"printed differently: case, punctuation, apostrophes, spacing or legal suffix",Brendas Cash and Carry
Frank Buckle Management Inc.,frank buckle management,Frank Buckle Management Inc.,frank buckle management,2,4724.0,same name (printings),,"printed differently: case, punctuation, apostrophes, spacing or legal suffix",Frank Buckle Management inc.
Fortune Town Council,fortune town council,Fortune Town Council,fortune town council,3,4714.0,same name (printings),,"printed differently: case, punctuation, apostrophes, spacing or legal suffix",FORTUNE TOWN COUNCIL
61452 NEWFOUNDLAND & LABRADOR,61452 newfoundland and labrador,61452 NEWFOUNDLAND & LABRADOR,61452 newfoundland and labrador,2,4657.0,same name (printings),,"printed differently: case, punctuation, apostrophes, spacing or legal suffix",61452 Newfoundland & Labrador
T4T Construction & Renovations Inc,t4t construction and renovations,T4T Construction & Renovations Inc,t4t construction and renovations,3,4630.0,same name (printings),,"printed differently: case, punctuation, apostrophes, spacing or legal suffix",T4T Construction and Renovations Inc
OIC Holdings,oic holdings,OIC Holdings,oic holdings,3,4630.0,same name (printings),,"printed differently: case, punctuation, apostrophes, spacing or legal suffix",OIC Holdings INC.
Roblin Associates,roblin associates,Roblin Associates,roblin associates,2,4630.0,same name (printings),,"printed differently: case, punctuation, apostrophes, spacing or legal suffix",Roblin Associates Ltd.
Eastport Mercantile LTD.,eastport mercantile,Eastport Mercantile LTD.,eastport mercantile,2,4630.0,same name (printings),,"printed differently: case, punctuation, apostrophes, spacing or legal suffix",Eastport Mercantile Ltd
T.H.E. Creative Learning Programs Ltd.,t h e creative learning programs,T.H.E. Creative Learning Programs Ltd.,t h e creative learning programs,2,4630.0,same name (printings),,"printed differently: case, punctuation, apostrophes, spacing or legal suffix",T.H.E. Creative Learning Programs Ltd
M & S Enterprises Inc.,m and s enterprises,M & S Enterprises Inc.,m and s enterprises,3,4625.0,same name (printings),,"printed differently: case, punctuation, apostrophes, spacing or legal suffix",M & S Enterprises
The Rafter Shop Inc,rafter shop,The Rafter Shop Inc,rafter shop,4,4557.0,same name (printings),,"printed differently: case, punctuation, apostrophes, spacing or legal suffix",The Rafter Shop Incorporated
Hearts Delight-Islington Volunteer Fire Dept,hearts delight islington volunteer fire dept,Hearts Delight-Islington Volunteer Fire Dept,hearts delight islington volunteer fire dept,2,4529.0,same name (printings),,"printed differently: case, punctuation, apostrophes, spacing or legal suffix",Heart's Delight-Islington Volunteer Fire Dept.
PILGRIM'S TRUCKING LTD.,pilgrims trucking,PILGRIM'S TRUCKING LTD.,pilgrims trucking,2,4475.0,same name (printings),,"printed differently: case, punctuation, apostrophes, spacing or legal suffix",Pilgrim's Trucking Limited
Apex Surgical,apex surgical,Apex Surgical,apex surgical,2,4475.0,same name (printings),,"printed differently: case, punctuation, apostrophes, spacing or legal suffix",APEX Surgical Inc.
MEL'S AUTO BODY (2020) LIMITED,mels auto body 2020,MEL'S AUTO BODY (2020) LIMITED,mels auto body 2020,2,4475.0,same name (printings),,"printed differently: case, punctuation, apostrophes, spacing or legal suffix",Mel's Auto Body 2020 Limited
Sherry Tammy Ltd,sherry tammy,Sherry Tammy Ltd,sherry tammy,2,4475.0,same name (printings),,"printed differently: case, punctuation, apostrophes, spacing or legal suffix",sherry -tammy ltd
81351 NL & LAB INC,81351 newfoundland and labrador and lab,81351 NL & LAB INC,81351 newfoundland and labrador and lab,2,4475.0,same name (printings),,"printed differently: case, punctuation, apostrophes, spacing or legal suffix",81351 NL & Lab INC
Katies Gas Stop,katies gas stop,Katies Gas Stop,katies gas stop,2,4475.0,same name (printings),,"printed differently: case, punctuation, apostrophes, spacing or legal suffix",Katie's Gas Stop Ltd
Robecca Holdings,robecca holdings,Robecca Holdings,robecca holdings,2,4475.0,same name (printings),,"printed differently: case, punctuation, apostrophes, spacing or legal suffix",Robecca Holdings Inc.
Lanes Retirement Living Port Saunders Inc,lanes retirement living port saunders,Lanes Retirement Living Port Saunders Inc,lanes retirement living port saunders,2,4475.0,same name (printings),,"printed differently: case, punctuation, apostrophes, spacing or legal suffix",Lanes Retirement Living Port Saunders Inc.
Sandman Signature St. John's Hotel,sandman signature st johns hotel,Sandman Signature St. John's Hotel,sandman signature st johns hotel,9,4459.88,same name (printings),,"printed differently: case, punctuation, apostrophes, spacing or legal suffix",Sandman Signature St.John's Hotel
91361 Newfoundland & Labrador Ltd.,91361 newfoundland and labrador,91361 Newfoundland & Labrador Ltd.,91361 newfoundland and labrador,2,4424.0,same name (printings),,"printed differently: case, punctuation, apostrophes, spacing or legal suffix",91361 NL Ltd
NL eBikes Ltd.,newfoundland and labrador ebikes,NL eBikes Ltd.,newfoundland and labrador ebikes,2,4378.0,same name (printings),,"printed differently: case, punctuation, apostrophes, spacing or legal suffix",NL eBikes Ltd
K & R Harwood Ltd. ( Moorlands Ultramar ),k and r harwood moorlands ultramar,K & R Harwood Ltd. ( Moorlands Ultramar ),k and r harwood moorlands ultramar,2,4270.0,same name (printings),,"printed differently: case, punctuation, apostrophes, spacing or legal suffix",K and R Harwood Ltd...Moorlands Ultramar
Northern Light Inn,northern light inn,Northern Light Inn,northern light inn,18,4230.94,same name (printings),,"printed differently: case, punctuation, apostrophes, spacing or legal suffix",The Northern Light Inn
Witless Bay Hardware Limited,witless bay hardware,Witless Bay Hardware Limited,witless bay hardware,3,4221.0,same name (printings),,"printed differently: case, punctuation, apostrophes, spacing or legal suffix",Witless Bay Hardware Ltd; Witless Bay Hardware Ltd.
LJR Sales Ltd,ljr sales,LJR Sales Ltd,ljr sales,3,4221.0,same name (printings),,"printed differently: case, punctuation, apostrophes, spacing or legal suffix",LJR Sales Ltd.
Forteau Bay Cottages Limited,forteau bay cottages,Forteau Bay Cottages Limited,forteau bay cottages,2,4214.0,same name (printings),,"printed differently: case, punctuation, apostrophes, spacing or legal suffix",Forteau Bay Cottages Ltd
81351 Newfoundland and Labrador Inc.,81351 newfoundland and labrador,81351 Newfoundland and Labrador Inc.,81351 newfoundland and labrador,2,4164.0,same name (printings),,"printed differently: case, punctuation, apostrophes, spacing or legal suffix",81351 Newfoundland and Labrador
Pilgrim Enterprises Inc.,pilgrim enterprises,Pilgrim Enterprises Inc.,pilgrim enterprises,2,4151.0,same name (printings),,"printed differently: case, punctuation, apostrophes, spacing or legal suffix",Pilgrim Enterprises Inc
EMILE BENOIT HOUSE,emile benoit house,EMILE BENOIT HOUSE,emile benoit house,2,4120.0,same name (printings),,"printed differently: case, punctuation, apostrophes, spacing or legal suffix",Emile Benoit House
Spirit of Newfoundland Ltd.,spirit of newfoundland,Spirit of Newfoundland Ltd.,spirit of newfoundland,2,4104.0,same name (printings),,"printed differently: case, punctuation, apostrophes, spacing or legal suffix",Spirit of Newfoundland
Thornes Sawmill LTD,thornes sawmill,Thornes Sawmill LTD,thornes sawmill,2,4088.0,same name (printings),,"printed differently: case, punctuation, apostrophes, spacing or legal suffix",Thorne's Sawmill Ltd
Dr. J. Willis and Dr. P. Redmond Professional Dental Corporation,dr j willis and dr p redmond professional dental,Dr. J. Willis and Dr. P. Redmond Professional Dental Corporation,dr j willis and dr p redmond professional dental,2,4088.0,same name (printings),,"printed differently: case, punctuation, apostrophes, spacing or legal suffix",Dr. J. Willis and Dr. P. Redmond Professional Dental Corp.
Bartlett's Electrical Ltd.,bartletts electrical,Bartlett's Electrical Ltd.,bartletts electrical,2,4088.0,same name (printings),,"printed differently: case, punctuation, apostrophes, spacing or legal suffix",Bartlett's Electrical Limited
Old Town Pizzeria,old town pizzeria,Old Town Pizzeria,old town pizzeria,17,4042.53,same name (printings),,"printed differently: case, punctuation, apostrophes, spacing or legal suffix",Old Town Pizzeria INC; Old Town Pizzeria Inc; Old Town Pizzeria INc.; Old Town Pizzeria Inc.
Wikmaq Autoparts and Equipment Corporation,wikmaq autoparts and equipment,Wikmaq Autoparts and Equipment Corporation,wikmaq autoparts and equipment,2,4022.0,same name (printings),,"printed differently: case, punctuation, apostrophes, spacing or legal suffix",Wikmaq Autoparts and Equipment Corp.
Creative Learning Child Care Centre .INC,creative learning child care centre,Creative Learning Child Care Centre .INC,creative learning child care centre,2,3995.0,same name (printings),,"printed differently: case, punctuation, apostrophes, spacing or legal suffix",Creative learning child care centre .INC
Bally Haly Golf And Country Club,bally haly golf and country club,Bally Haly Golf And Country Club,bally haly golf and country club,2,3995.0,same name (printings),,"printed differently: case, punctuation, apostrophes, spacing or legal suffix",Bally Haly Golf and Country Club
Green Head Growers LTD.,green head growers,Green Head Growers LTD.,green head growers,2,3990.0,same name (printings),,"printed differently: case, punctuation, apostrophes, spacing or legal suffix",Green Head Growers Ltd.
Bayco Sales & Rentals Limited,bayco sales and rentals,Bayco Sales & Rentals Limited,bayco sales and rentals,3,3903.0,same name (printings),,"printed differently: case, punctuation, apostrophes, spacing or legal suffix",Bayco Sales & Rentals Ltd.
79726 Newfoundland & Labrador,79726 newfoundland and labrador,79726 Newfoundland & Labrador,79726 newfoundland and labrador,2,3878.0,same name (printings),,"printed differently: case, punctuation, apostrophes, spacing or legal suffix",79726 Newfoundland and Labrador Inc.
Groves Holdings LTD.,groves holdings,Groves Holdings LTD.,groves holdings,2,3878.0,same name (printings),,"printed differently: case, punctuation, apostrophes, spacing or legal suffix",Groves Holdings Ltd.
Hedderson's Store INC.,heddersons store,Hedderson's Store INC.,heddersons store,3,3836.0,same name (printings),,"printed differently: case, punctuation, apostrophes, spacing or legal suffix",Hedderson's Store Incorporated; Hedderson's Store Inc
Garcin's RV Centre Ltd.,garcins rv centre,Garcin's RV Centre Ltd.,garcins rv centre,2,3824.0,same name (printings),,"printed differently: case, punctuation, apostrophes, spacing or legal suffix",Garcin's RV Centre Ltd
Soucy Ltd,soucy,Soucy Ltd,soucy,3,3813.0,same name (printings),,"printed differently: case, punctuation, apostrophes, spacing or legal suffix",Soucy Limited
Sheraton Hotel,sheraton hotel,Sheraton Hotel,sheraton hotel,6,3800.11,same name (printings),,"printed differently: case, punctuation, apostrophes, spacing or legal suffix",The Sheraton Hotel
Turks Gut Heritage Conservation Inc.,turks gut heritage conservation,Turks Gut Heritage Conservation Inc.,turks gut heritage conservation,3,3786.0,same name (printings),,"printed differently: case, punctuation, apostrophes, spacing or legal suffix",TURKS GUT HERITAGE CONSERVATION INC.
Mary Browns,mary browns,Mary Browns,mary browns,41,3737.47,same name (printings),,"printed differently: case, punctuation, apostrophes, spacing or legal suffix",Mary Brown's
Peter's Pizza,peters pizza,Peter's Pizza,peters pizza,26,3665.43,same name (printings),,"printed differently: case, punctuation, apostrophes, spacing or legal suffix",Peters Pizza
Sandy Cove Pony RIdes,sandy cove pony rides,Sandy Cove Pony RIdes,sandy cove pony rides,2,3632.0,same name (printings),,"printed differently: case, punctuation, apostrophes, spacing or legal suffix",Sandy Cove Pony Rides
Saltwater Subway Inc.,saltwater subway,Saltwater Subway Inc.,saltwater subway,2,3632.0,same name (printings),,"printed differently: case, punctuation, apostrophes, spacing or legal suffix",Saltwater Subway Inc
Diverse Services Limited,diverse services,Diverse Services Limited,diverse services,2,3620.0,same name (printings),,"printed differently: case, punctuation, apostrophes, spacing or legal suffix",Diverse Services Ltd.
HomePort Apartment Hotel,homeport apartment hotel,HomePort Apartment Hotel,homeport apartment hotel,10,3499.02,same name (printings),,"printed differently: case, punctuation, apostrophes, spacing or legal suffix",Homeport Apartment Hotel
Atsanik Lodge,atsanik lodge,Atsanik Lodge,atsanik lodge,7,3476.22,same name (printings),,"printed differently: case, punctuation, apostrophes, spacing or legal suffix",Atsanik lodge
Legge's Garage and Auto Body Shop Limited,legges garage and auto body shop,Legge's Garage and Auto Body Shop Limited,legges garage and auto body shop,2,3452.0,same name (printings),,"printed differently: case, punctuation, apostrophes, spacing or legal suffix",Legge's Garage and Auto body Shop Ltd
COASTAL GLASS INC,coastal glass,COASTAL GLASS INC,coastal glass,6,3339.89,same name (printings),,"printed differently: case, punctuation, apostrophes, spacing or legal suffix",Coastal Glass inc.
Volare Hospitality,volare hospitality,Volare Hospitality,volare hospitality,3,3288.0,same name (printings),,"printed differently: case, punctuation, apostrophes, spacing or legal suffix",VOLARE HOSPITALITY ULC
ROM Group Limited,rom group,ROM Group Limited,rom group,3,3245.0,same name (printings),,"printed differently: case, punctuation, apostrophes, spacing or legal suffix",Rom Group Ltd.
Crewes Sales & Rentals Ltd,crewes sales and rentals,Crewes Sales & Rentals Ltd,crewes sales and rentals,2,3216.0,same name (printings),,"printed differently: case, punctuation, apostrophes, spacing or legal suffix",Crewe's Sales & Rentals Ltd.
Whitsha Inn B and B,whitsha inn b and b,Whitsha Inn B and B,whitsha inn b and b,2,3216.0,same name (printings),,"printed differently: case, punctuation, apostrophes, spacing or legal suffix",Whitsha Inn B&B
HRH Investments Inc.,hrh investments,HRH Investments Inc.,hrh investments,2,3150.0,same name (printings),,"printed differently: case, punctuation, apostrophes, spacing or legal suffix",HRH Investments Inc
SUNSHINE 50+ CLUB,sunshine 50 club,SUNSHINE 50+ CLUB,sunshine 50 club,2,3100.0,same name (printings),,"printed differently: case, punctuation, apostrophes, spacing or legal suffix",Sunshine 50+ Club
Registered Nurses' Union Newfoundland & Labrador,registered nurses union newfoundland and labrador,Registered Nurses' Union Newfoundland & Labrador,registered nurses union newfoundland and labrador,2,3055.0,same name (printings),,"printed differently: case, punctuation, apostrophes, spacing or legal suffix",Registered Nurses' Union NL
Superior Auto Works Ltd.,superior auto works,Superior Auto Works Ltd.,superior auto works,2,3035.0,same name (printings),,"printed differently: case, punctuation, apostrophes, spacing or legal suffix",Superior Auto Works Limited
Cloudberry Forest School Inc,cloudberry forest school,Cloudberry Forest School Inc,cloudberry forest school,2,2931.0,same name (printings),,"printed differently: case, punctuation, apostrophes, spacing or legal suffix",Cloudberry Forest School Inc.
The Southern Port Hotel - Harbour Breton,southern port hotel harbour breton,The Southern Port Hotel - Harbour Breton,southern port hotel harbour breton,12,2785.23,same name (printings),,"printed differently: case, punctuation, apostrophes, spacing or legal suffix","The Southern Port Hotel- Harbour Breton; The Southern Port Hotel, Harbour Breton"
St. John's INTL airport authority,st johns intl airport authority,St. John's INTL airport authority,st johns intl airport authority,32,2742.33,same name (printings),,"printed differently: case, punctuation, apostrophes, spacing or legal suffix","St. John's Intl airport authority; St. john's INTL airport authority; St. Johns INTL airport authority; St. John's Int'l Airport Authority; St. John's Intl. Airport Authority; St. John's intl airport authority; St, John's INTL airport authority; St. John's INTL Airport authority; St. John's INTL Airport Authority; St. John's Intl Airport Authority"
Eastern Edge Gallery Inc.,eastern edge gallery,Eastern Edge Gallery Inc.,eastern edge gallery,2,2736.0,same name (printings),,"printed differently: case, punctuation, apostrophes, spacing or legal suffix",Eastern Edge Gallery
Activ-Time Preschool and Daycare Incorporated,activ time preschool and daycare,Activ-Time Preschool and Daycare Incorporated,activ time preschool and daycare,2,2708.0,same name (printings),,"printed differently: case, punctuation, apostrophes, spacing or legal suffix",Activ-Time Preschool and Daycare Inc.
Bugden Signs Ltd,bugden signs,Bugden Signs Ltd,bugden signs,2,2708.0,same name (printings),,"printed differently: case, punctuation, apostrophes, spacing or legal suffix",Bugden Signs Limited
Shoppers Drug Mart,shoppers drug mart,Shoppers Drug Mart,shoppers drug mart,33,2702.74,same name (printings),,"printed differently: case, punctuation, apostrophes, spacing or legal suffix",Shopper's Drug Mart; Shoppers Drug mart; Shoppers drug mart; SHOPPERS DRUG MART
Longshore Holdings,longshore holdings,Longshore Holdings,longshore holdings,3,2692.79,same name (printings),,"printed differently: case, punctuation, apostrophes, spacing or legal suffix",Longshore Holding's Ltd
Sinbad's Hotel & Suites,sinbads hotel and suites,Sinbad's Hotel & Suites,sinbads hotel and suites,3,2679.72,same name (printings),,"printed differently: case, punctuation, apostrophes, spacing or legal suffix",Sinbad's Hotel and Suites
Green Bay Digital,green bay digital,Green Bay Digital,green bay digital,3,2662.46,same name (printings),,"printed differently: case, punctuation, apostrophes, spacing or legal suffix",green bay digital
PRAK Inc.,prak,PRAK Inc.,prak,2,2638.0,same name (printings),,"printed differently: case, punctuation, apostrophes, spacing or legal suffix",PRAK Inc
Lewisporte Auto Supplies Limited,lewisporte auto supplies,Lewisporte Auto Supplies Limited,lewisporte auto supplies,2,2627.0,same name (printings),,"printed differently: case, punctuation, apostrophes, spacing or legal suffix",Lewisporte Auto Supplies
Colemans,colemans,Colemans,colemans,68,2603.26,same name (printings),,"printed differently: case, punctuation, apostrophes, spacing or legal suffix",Coleman's
Crooked Phil's Cafe Limited,crooked phils cafe,Crooked Phil's Cafe Limited,crooked phils cafe,2,2544.0,same name (printings),,"printed differently: case, punctuation, apostrophes, spacing or legal suffix",Crooked Phil's Cafe Ltd.
JACKMAN'S ONE STOP LTD,jackmans one stop,JACKMAN'S ONE STOP LTD,jackmans one stop,2,2402.0,same name (printings),,"printed differently: case, punctuation, apostrophes, spacing or legal suffix",Jackman's One Stop Ltd
Alpha 1 Safety and Security Ltd.,alpha 1 safety and security,Alpha 1 Safety and Security Ltd.,alpha 1 safety and security,2,2373.0,same name (printings),,"printed differently: case, punctuation, apostrophes, spacing or legal suffix",Alpha 1 Safety and Security Ltd
Tri-Pen Roofing Limited,tri pen roofing,Tri-Pen Roofing Limited,tri pen roofing,2,2373.0,same name (printings),,"printed differently: case, punctuation, apostrophes, spacing or legal suffix",Tri-Pen Roofing Ltd.
Ice Scream Delite Incorporated,ice scream delite,Ice Scream Delite Incorporated,ice scream delite,2,2373.0,same name (printings),,"printed differently: case, punctuation, apostrophes, spacing or legal suffix",Ice Scream Delite Inc.
Walbournes Drugs Inc.,walbournes drugs,Walbournes Drugs Inc.,walbournes drugs,2,2373.0,same name (printings),,"printed differently: case, punctuation, apostrophes, spacing or legal suffix",walbournes drugs inc.
Dreamers Inn,dreamers inn,Dreamers Inn,dreamers inn,2,2373.0,same name (printings),,"printed differently: case, punctuation, apostrophes, spacing or legal suffix",Dreamers Inn Inc
Silver Sands Restaurant and Lounge,silver sands restaurant and lounge,Silver Sands Restaurant and Lounge,silver sands restaurant and lounge,2,2373.0,same name (printings),,"printed differently: case, punctuation, apostrophes, spacing or legal suffix",Silver Sands Restaurant & lounge inc
Bay Girls Inc,bay girls,Bay Girls Inc,bay girls,2,2373.0,same name (printings),,"printed differently: case, punctuation, apostrophes, spacing or legal suffix",Bay Girls Inc.
6890211 Canada Limited,6890211 canada,6890211 Canada Limited,6890211 canada,2,2373.0,same name (printings),,"printed differently: case, punctuation, apostrophes, spacing or legal suffix",6890211 Canada Ltd.
6890199 Canada Limited,6890199 canada,6890199 Canada Limited,6890199 canada,2,2373.0,same name (printings),,"printed differently: case, punctuation, apostrophes, spacing or legal suffix",6890199 Canada Ltd.
Jackson's Castle Building Supplies,jacksons castle building supplies,Jackson's Castle Building Supplies,jacksons castle building supplies,2,2373.0,same name (printings),,"printed differently: case, punctuation, apostrophes, spacing or legal suffix",Jackson's Castle Building Supplies Ltd
SEASIDE RESTAURANT (Jennifer Parsons),seaside restaurant jennifer parsons,SEASIDE RESTAURANT (Jennifer Parsons),seaside restaurant jennifer parsons,2,2373.0,same name (printings),,"printed differently: case, punctuation, apostrophes, spacing or legal suffix",Seaside Restaurant (Jennifer Parsons)
Northern Delight Limited,northern delight,Northern Delight Limited,northern delight,2,2373.0,same name (printings),,"printed differently: case, punctuation, apostrophes, spacing or legal suffix",Northern Delight LTD
House's Service Limited,houses service,House's Service Limited,houses service,2,2373.0,same name (printings),,"printed differently: case, punctuation, apostrophes, spacing or legal suffix",House's Service Ltd
TDA Convenience Limited,tda convenience,TDA Convenience Limited,tda convenience,2,2373.0,same name (printings),,"printed differently: case, punctuation, apostrophes, spacing or legal suffix",TDA Convenience LTD
Tucker's Service Station Inc.,tuckers service station,Tucker's Service Station Inc.,tuckers service station,2,2373.0,same name (printings),,"printed differently: case, punctuation, apostrophes, spacing or legal suffix",Tuckers Service Station Inc.
K-WAN Construction Incorporated,k wan construction,K-WAN Construction Incorporated,k wan construction,2,2373.0,same name (printings),,"printed differently: case, punctuation, apostrophes, spacing or legal suffix",K-Wan Construction Inc.
"Best Western Plus, St. John's Airport Hotel & Suites",best western plus st johns airport hotel and suites,"Best Western Plus, St. John's Airport Hotel & Suites",best western plus st johns airport hotel and suites,5,2333.47,same name (printings),,"printed differently: case, punctuation, apostrophes, spacing or legal suffix",Best Western Plus (St.John's Airport Hotel and Suites); Best Western Plus (St.John's Airport Hotel & Suites)
Dean's Greenhouse & Flower Shop,deans greenhouse and flower shop,Dean's Greenhouse & Flower Shop,deans greenhouse and flower shop,4,2332.2,same name (printings),,"printed differently: case, punctuation, apostrophes, spacing or legal suffix",Deans Greenhouse and Flower Shop
Staples,staples,Staples,staples,20,2240.04,same name (printings),,"printed differently: case, punctuation, apostrophes, spacing or legal suffix",STAPLES
Tech Construction(2012)Ltd.,tech construction 2012,Tech Construction(2012)Ltd.,tech construction 2012,4,2240.0,same name (printings),,"printed differently: case, punctuation, apostrophes, spacing or legal suffix",TECH CONSTRUCTION (2012) LTD.; Tech Construction (2012) LTD
PARISH OF THE RESURRECTION,parish of resurrection,PARISH OF THE RESURRECTION,parish of resurrection,6,2205.0,same name (printings),,"printed differently: case, punctuation, apostrophes, spacing or legal suffix",The Parish of the Resurrection
PALM HOLDINGS LTD,palm holdings,PALM HOLDINGS LTD,palm holdings,2,2202.0,same name (printings),,"printed differently: case, punctuation, apostrophes, spacing or legal suffix",Palm Holdings Ltd
Killick Inn & Suites,killick inn and suites,Killick Inn & Suites,killick inn and suites,12,2126.47,same name (printings),,"printed differently: case, punctuation, apostrophes, spacing or legal suffix",The Killick Inn and Suites; Killick Inn and Suites; The Killick Inn & Suites
Quality Hotel and Suites ( In Transit),quality hotel and suites in transit,Quality Hotel and Suites ( In Transit),quality hotel and suites in transit,13,2080.59,same name (printings),,"printed differently: case, punctuation, apostrophes, spacing or legal suffix",Quality Hotel and Suites - In Transit; Quality Hotel and Suites (In Transit); Quality Hotel and Suites ( In Transit ); Quality Hotel & Suites (In- transit)
Wholesale Club,wholesale club,Wholesale Club,wholesale club,26,2070.8,same name (printings),,"printed differently: case, punctuation, apostrophes, spacing or legal suffix",Wholesale club
LCR Plus Limited,lcr plus,LCR Plus Limited,lcr plus,2,1848.0,same name (printings),,"printed differently: case, punctuation, apostrophes, spacing or legal suffix",LCR Plus Ltd
Northern Grocery Inc,northern grocery,Northern Grocery Inc,northern grocery,2,1848.0,same name (printings),,"printed differently: case, punctuation, apostrophes, spacing or legal suffix",Northern Grocery Inc.
Western Health Care Corporation,western health care,Western Health Care Corporation,western health care,2,1848.0,same name (printings),,"printed differently: case, punctuation, apostrophes, spacing or legal suffix",WESTERN HEALTH CARE CORPORATION
RODWAY'S PRINTING & OFFICE SUPPLIES INC,rodways printing and office supplies,RODWAY'S PRINTING & OFFICE SUPPLIES INC,rodways printing and office supplies,13,1778.06,same name (printings),,"printed differently: case, punctuation, apostrophes, spacing or legal suffix",Rodways Printing and Office Supplies
The Southern Port Hotel,southern port hotel,The Southern Port Hotel,southern port hotel,9,1667.62,same name (printings),,"printed differently: case, punctuation, apostrophes, spacing or legal suffix",Southern Port Hotel
JAG,jag,JAG,jag,3,1584.57,same name (printings),,"printed differently: case, punctuation, apostrophes, spacing or legal suffix",the jag
Trail of the Caribou Hockey Travel Association,trail of caribou hockey travel association,Trail of the Caribou Hockey Travel Association,trail of caribou hockey travel association,3,1578.96,same name (printings),,"printed differently: case, punctuation, apostrophes, spacing or legal suffix",Trail of the Caribou Hockey Travel Association (TCHTA)
Mokami Travel Ltd,mokami travel,Mokami Travel Ltd,mokami travel,48,1534.4,same name (printings),,"printed differently: case, punctuation, apostrophes, spacing or legal suffix",Mokami Travel
Quality Hotel & Suites,quality hotel and suites,Quality Hotel & Suites,quality hotel and suites,6,1534.34,same name (printings),,"printed differently: case, punctuation, apostrophes, spacing or legal suffix",Quality Hotel & suites
Deer Lake Airport,deer lake airport,Deer Lake Airport,deer lake airport,57,1519.67,same name (printings),,"printed differently: case, punctuation, apostrophes, spacing or legal suffix",deer lake airport
Mount Peyton Resort and Conference Centre (In Transit),mount peyton resort and conference centre in transit,Mount Peyton Resort and Conference Centre (In Transit),mount peyton resort and conference centre in transit,12,1465.16,same name (printings),,"printed differently: case, punctuation, apostrophes, spacing or legal suffix",Mount Peyton Resort and Conference Centre ( In Transit); Mount Peyton Resort and Conference Centre (in- transit); Mount Peyton Resort and Conference Centre - in transit; Mount Peyton Resort and Conference Centre (In- transit); Mount Peyton Resort & Conference Centre (in transit); mount peyton resort and conference centre in Transit
FRIDAY'S BAY COTTAGES INC,fridays bay cottages,FRIDAY'S BAY COTTAGES INC,fridays bay cottages,2,1440.0,same name (printings),,"printed differently: case, punctuation, apostrophes, spacing or legal suffix",Friday's Bay Cottages Inc
Dick's Fish and Chips,dicks fish and chips,Dick's Fish and Chips,dicks fish and chips,23,1430.89,same name (printings),,"printed differently: case, punctuation, apostrophes, spacing or legal suffix",Dicks Fish and Chips; Dicks' Fish and Chips; Dicks fish and chips
St. Alban's Drugs Ltd,st albans drugs,St. Alban's Drugs Ltd,st albans drugs,2,1368.0,same name (printings),,"printed differently: case, punctuation, apostrophes, spacing or legal suffix",St. Alban's Drugs Ltd.
THREE KINGS HOLDINGS LTD.,three kings holdings,THREE KINGS HOLDINGS LTD.,three kings holdings,2,1368.0,same name (printings),,"printed differently: case, punctuation, apostrophes, spacing or legal suffix",Three Kings Holdings Ltd
Trinity Bakeshop Limited,trinity bakeshop,Trinity Bakeshop Limited,trinity bakeshop,2,1368.0,same name (printings),,"printed differently: case, punctuation, apostrophes, spacing or legal suffix",Trinity Bakeshop Ltd.
Bursey's Kwikway,burseys kwikway,Bursey's Kwikway,burseys kwikway,2,1368.0,same name (printings),,"printed differently: case, punctuation, apostrophes, spacing or legal suffix",Bursey's Kwikway Ltd.
INN BY THE BAY,inn by bay,INN BY THE BAY,inn by bay,2,1368.0,same name (printings),,"printed differently: case, punctuation, apostrophes, spacing or legal suffix",Inn by the Bay
CBS Lion's Club,cbs lions club,CBS Lion's Club,cbs lions club,3,1366.1,same name (printings),,"printed differently: case, punctuation, apostrophes, spacing or legal suffix",CBS Lions Club
Crossroads Inn and Suites,crossroads inn and suites,Crossroads Inn and Suites,crossroads inn and suites,9,1324.53,same name (printings),,"printed differently: case, punctuation, apostrophes, spacing or legal suffix",Crossroads Inn & Suites; Crossroads inn and Suites
PEYTON'S FLOWERS LIMITED,peytons flowers,PEYTON'S FLOWERS LIMITED,peytons flowers,5,1311.04,same name (printings),,"printed differently: case, punctuation, apostrophes, spacing or legal suffix",Peyton's Flowers; Peyton’s Flowers Limited
City Wide Taxi,city wide taxi,City Wide Taxi,city wide taxi,46,1234.23,same name (printings),,"printed differently: case, punctuation, apostrophes, spacing or legal suffix",city wide taxi
MARY BRENNANS 2007,mary brennans 2007,MARY BRENNANS 2007,mary brennans 2007,6,1211.36,same name (printings),,"printed differently: case, punctuation, apostrophes, spacing or legal suffix",Mary Brennan's 2007
BISHOP'S FALLS MINOR HOCKEY,bishops falls minor hockey,BISHOP'S FALLS MINOR HOCKEY,bishops falls minor hockey,5,1200.0,same name (printings),,"printed differently: case, punctuation, apostrophes, spacing or legal suffix",BISHOPS FALLS MINOR HOCKEY
riverfront chalets,riverfront chalets,riverfront chalets,riverfront chalets,3,1156.06,same name (printings),,"printed differently: case, punctuation, apostrophes, spacing or legal suffix",Riverfront Chalets
O'DONEL HIGH SCHOOL,odonel high school,O'DONEL HIGH SCHOOL,odonel high school,3,1150.88,same name (printings),,"printed differently: case, punctuation, apostrophes, spacing or legal suffix",O'Donel High School
MANNA BAKERY LIMITED,manna bakery,MANNA BAKERY LIMITED,manna bakery,9,1121.16,same name (printings),,"printed differently: case, punctuation, apostrophes, spacing or legal suffix",Manna Bakery Limited; Manna Bakery
Mount Peyton - In Transit,mount peyton in transit,Mount Peyton - In Transit,mount peyton in transit,9,1101.16,same name (printings),,"printed differently: case, punctuation, apostrophes, spacing or legal suffix",mount peyton (in-transit); mount peyton in transit
Quality Hotel and Suites - Gander - in transit,quality hotel and suites gander in transit,Quality Hotel and Suites - Gander - in transit,quality hotel and suites gander in transit,7,1086.79,same name (printings),,"printed differently: case, punctuation, apostrophes, spacing or legal suffix","Quality Hotel & Suites - Gander In transit; Quality Hotel & Suites, Gander ( In Transit); Quality Hotel and Suites Gander ( In Transit)"
Plum Point Motel Ltd (in transit),plum point motel in transit,Plum Point Motel Ltd (in transit),plum point motel in transit,8,1059.53,same name (printings),,"printed differently: case, punctuation, apostrophes, spacing or legal suffix",Plum Point Motel Ltd (in- transit); Plum Point Motel Ltd (In transit)
FIRST LIGHT ST.JOHN'S NATIVE FRIENDSHIP CENTRE,first light st johns native friendship centre,FIRST LIGHT ST.JOHN'S NATIVE FRIENDSHIP CENTRE,first light st johns native friendship centre,2,1000.0,same name (printings),,"printed differently: case, punctuation, apostrophes, spacing or legal suffix",First Light St John's Native Friendship Centre Inc
Domino's Pizza,dominos pizza,Domino's Pizza,dominos pizza,7,994.01,same name (printings),,"printed differently: case, punctuation, apostrophes, spacing or legal suffix",Dominos Pizza
M&M Food Market,m and m food market,M&M Food Market,m and m food market,5,973.48,same name (printings),,"printed differently: case, punctuation, apostrophes, spacing or legal suffix",M and M Food Market; M & M Food Market
THE FLORAL BOUTIQUE,floral boutique,THE FLORAL BOUTIQUE,floral boutique,9,965.27,same name (printings),,"printed differently: case, punctuation, apostrophes, spacing or legal suffix",The Floral Boutique
Hotel North Two (In-Transit),hotel north two in transit,Hotel North Two (In-Transit),hotel north two in transit,5,900.84,same name (printings),,"printed differently: case, punctuation, apostrophes, spacing or legal suffix",Hotel North Two (In- Transit); Hotel North Two (In Transit)
BURIN FOLK ARTS COUNCIL CORPORATION,burin folk arts council,BURIN FOLK ARTS COUNCIL CORPORATION,burin folk arts council,6,875.44,same name (printings),,"printed differently: case, punctuation, apostrophes, spacing or legal suffix",Burin Folk Arts Council
Best Western hotel,best western hotel,Best Western hotel,best western hotel,2,870.38,same name (printings),,"printed differently: case, punctuation, apostrophes, spacing or legal suffix",Best Western Hotel
Thrive - Community Youth Network St. John's,thrive community youth network st johns,Thrive - Community Youth Network St. John's,thrive community youth network st johns,2,830.0,same name (printings),,"printed differently: case, punctuation, apostrophes, spacing or legal suffix",Thrive - Community Youth Network St John's
Northern Light Inn (in transit),northern light inn in transit,Northern Light Inn (in transit),northern light inn in transit,5,810.04,same name (printings),,"printed differently: case, punctuation, apostrophes, spacing or legal suffix",Northern Light Inn (In- transit); Northern Light Inn {In- Transit}
Dollarama,dollarama,Dollarama,dollarama,37,804.48,same name (printings),,"printed differently: case, punctuation, apostrophes, spacing or legal suffix",dollarama
The Florian Hotel (in transit),florian hotel in transit,The Florian Hotel (in transit),florian hotel in transit,5,785.79,same name (printings),,"printed differently: case, punctuation, apostrophes, spacing or legal suffix",The Florian Hotel (In transit)
north atlantic orange store,north atlantic orange store,north atlantic orange store,north atlantic orange store,31,707.79,same name (printings),,"printed differently: case, punctuation, apostrophes, spacing or legal suffix",North Atlantic Orange Store; North Atlantic orange Store; North Atlantic Orange store
Albatross Hotel ( In Transit),albatross hotel in transit,Albatross Hotel ( In Transit),albatross hotel in transit,5,677.89,same name (printings),,"printed differently: case, punctuation, apostrophes, spacing or legal suffix",Albatross Hotel-In transit; Albatross Hotel-in transit; Albatross Hotel - In transit
The Orange Store,orange store,The Orange Store,orange store,18,677.82,same name (printings),,"printed differently: case, punctuation, apostrophes, spacing or legal suffix",Orange Store
The Old Salt Box,old salt box,The Old Salt Box,old salt box,2,661.75,same name (printings),,"printed differently: case, punctuation, apostrophes, spacing or legal suffix",The Old Salt Box Co.
Best Buy,best buy,Best Buy,best buy,4,656.52,same name (printings),,"printed differently: case, punctuation, apostrophes, spacing or legal suffix",BEST BUY
Pipers,pipers,Pipers,pipers,31,634.14,same name (printings),,"printed differently: case, punctuation, apostrophes, spacing or legal suffix",pipers
Sinittavik Bed & Breakfast,sinittavik bed and breakfast,Sinittavik Bed & Breakfast,sinittavik bed and breakfast,2,630.48,same name (printings),,"printed differently: case, punctuation, apostrophes, spacing or legal suffix",Sinittavik Bed and Breakfast
The C.L.B.,c l b,The C.L.B.,c l b,4,622.81,same name (printings),,"printed differently: case, punctuation, apostrophes, spacing or legal suffix",THe C.L.B.
Mount Peyton Resort and Conference Centre,mount peyton resort and conference centre,Mount Peyton Resort and Conference Centre,mount peyton resort and conference centre,3,589.12,same name (printings),,"printed differently: case, punctuation, apostrophes, spacing or legal suffix",Mount Peyton Resort & Conference Centre
Michaels,michaels,Michaels,michaels,10,577.51,same name (printings),,"printed differently: case, punctuation, apostrophes, spacing or legal suffix",Michael's
Labrador Retail Outlet Limited,labrador retail outlet,Labrador Retail Outlet Limited,labrador retail outlet,13,575.84,same name (printings),,"printed differently: case, punctuation, apostrophes, spacing or legal suffix",Labrador Retail Outlet; Labrador Retail Outlet Ltd.
Hinton House Air B&B,hinton house air b and b,Hinton House Air B&B,hinton house air b and b,3,548.25,same name (printings),,"printed differently: case, punctuation, apostrophes, spacing or legal suffix","Hinton House, Air B&B"
Earle's Grocery,earles grocery,Earle's Grocery,earles grocery,8,543.52,same name (printings),,"printed differently: case, punctuation, apostrophes, spacing or legal suffix",Earles Grocery
Sinbad's Hotel and Suites - In Transit,sinbads hotel and suites in transit,Sinbad's Hotel and Suites - In Transit,sinbads hotel and suites in transit,4,541.71,same name (printings),,"printed differently: case, punctuation, apostrophes, spacing or legal suffix",Sinbad's Hotel and Suites ( In Transit); Sinbad's Hotel & Suites (In- Transit); Sinbad's Hotel & Suites (In- transit)
Simms Cash & Carry,simms cash and carry,Simms Cash & Carry,simms cash and carry,2,532.23,same name (printings),,"printed differently: case, punctuation, apostrophes, spacing or legal suffix",Simms Cash and Carry
Height of Land Hotel,height of land hotel,Height of Land Hotel,height of land hotel,3,527.58,same name (printings),,"printed differently: case, punctuation, apostrophes, spacing or legal suffix",Height of Land Hotel Inc
PARADISE FLOWERS INC,paradise flowers,PARADISE FLOWERS INC,paradise flowers,4,525.22,same name (printings),,"printed differently: case, punctuation, apostrophes, spacing or legal suffix",Paradise Flowers
Holiday Inn Express (in transit),holiday inn express in transit,Holiday Inn Express (in transit),holiday inn express in transit,3,516.49,same name (printings),,"printed differently: case, punctuation, apostrophes, spacing or legal suffix",Holiday Inn Express IN- TRANSIT
Comfort Inn (Cn699),comfort inn cn699,Comfort Inn (Cn699),comfort inn cn699,2,490.26,same name (printings),,"printed differently: case, punctuation, apostrophes, spacing or legal suffix",Comfort Inn (CN699)
Sobeys Wholesale,sobeys wholesale,Sobeys Wholesale,sobeys wholesale,7,489.36,same name (printings),,"printed differently: case, punctuation, apostrophes, spacing or legal suffix",Sobey's Wholesale
McIvers Mens Service Club,mcivers mens service club,McIvers Mens Service Club,mcivers mens service club,2,438.6,same name (printings),,"printed differently: case, punctuation, apostrophes, spacing or legal suffix",McIvers Men's Service Club
LEWISPORTE & AREA MINOR HOCKEY,lewisporte and area minor hockey,LEWISPORTE & AREA MINOR HOCKEY,lewisporte and area minor hockey,3,437.72,same name (printings),,"printed differently: case, punctuation, apostrophes, spacing or legal suffix",Lewisporte & Area Minor Hockey
St. John's Airport,st johns airport,St. John's Airport,st johns airport,5,421.06,same name (printings),,"printed differently: case, punctuation, apostrophes, spacing or legal suffix",St John's Airport
Torrent River Inn (In- Transit),torrent river inn in transit,Torrent River Inn (In- Transit),torrent river inn in transit,3,405.76,same name (printings),,"printed differently: case, punctuation, apostrophes, spacing or legal suffix",Torrent River Inn (In-transit); Torrent River Inn (in transit)
JAG Boutique Hotel,jag boutique hotel,JAG Boutique Hotel,jag boutique hotel,2,389.01,same name (printings),,"printed differently: case, punctuation, apostrophes, spacing or legal suffix",Jag Boutique HOtel
Edge of the Avalon Inn,edge of avalon inn,Edge of the Avalon Inn,edge of avalon inn,2,362.55,same name (printings),,"printed differently: case, punctuation, apostrophes, spacing or legal suffix",The Edge of the Avalon Inn
Marystown Hotel and Convention Center,marystown hotel and convention center,Marystown Hotel and Convention Center,marystown hotel and convention center,2,360.13,same name (printings),,"printed differently: case, punctuation, apostrophes, spacing or legal suffix",Marystown Hotel & Convention Center
Smash UP for MS,smash up for ms,Smash UP for MS,smash up for ms,2,350.88,same name (printings),,"printed differently: case, punctuation, apostrophes, spacing or legal suffix",Smash up for MS
"Glynmill Inn Incorporated, Corner Brook, (In Transit)",glynmill inn corner brook in transit,"Glynmill Inn Incorporated, Corner Brook, (In Transit)",glynmill inn corner brook in transit,2,306.67,same name (printings),,"printed differently: case, punctuation, apostrophes, spacing or legal suffix","Glynmill Inn, Corner Brook (In Transit)"
Quality Hotel Clarenville - in transit,quality hotel clarenville in transit,Quality Hotel Clarenville - in transit,quality hotel clarenville in transit,2,300.61,same name (printings),,"printed differently: case, punctuation, apostrophes, spacing or legal suffix",quality hotel clarenville in transit
E L Bugden Ltd,e l bugden,E L Bugden Ltd,e l bugden,4,292.37,same name (printings),,"printed differently: case, punctuation, apostrophes, spacing or legal suffix",E.L.Bugden Ltd
Comfort Inn - In Transit,comfort inn in transit,Comfort Inn - In Transit,comfort inn in transit,2,290.53,same name (printings),,"printed differently: case, punctuation, apostrophes, spacing or legal suffix",Comfort Inn in Transit
Delta St.Johns Hotel and Conference Center,delta st johns hotel and conference center,Delta St.Johns Hotel and Conference Center,delta st johns hotel and conference center,2,290.2,same name (printings),,"printed differently: case, punctuation, apostrophes, spacing or legal suffix",Delta St.John's Hotel and Conference Center
Dockside Motel (in -transit),dockside motel in transit,Dockside Motel (in -transit),dockside motel in transit,2,284.7,same name (printings),,"printed differently: case, punctuation, apostrophes, spacing or legal suffix",Dockside Motel Inc. (In Transit)
Deer Lake Motel (In Transit),deer lake motel in transit,Deer Lake Motel (In Transit),deer lake motel in transit,2,284.47,same name (printings),,"printed differently: case, punctuation, apostrophes, spacing or legal suffix",Deer Lake Motel (In-Transit)
Dykes Marine Sales and Service,dykes marine sales and service,Dykes Marine Sales and Service,dykes marine sales and service,2,278.76,same name (printings),,"printed differently: case, punctuation, apostrophes, spacing or legal suffix",Dykes Marine Sale's and Service
McNiven's Pub and Eatery,mcnivens pub and eatery,McNiven's Pub and Eatery,mcnivens pub and eatery,2,270.07,same name (printings),,"printed differently: case, punctuation, apostrophes, spacing or legal suffix",McNivens Pub and Eatery
Jump +,jump,Jump +,jump,2,262.26,same name (printings),,"printed differently: case, punctuation, apostrophes, spacing or legal suffix",Jump+
Lawtons,lawtons,Lawtons,lawtons,13,241.71,same name (printings),,"printed differently: case, punctuation, apostrophes, spacing or legal suffix",Lawton's
Bay Arena Minor Hockey Association,bay arena minor hockey association,Bay Arena Minor Hockey Association,bay arena minor hockey association,2,221.93,same name (printings),,"printed differently: case, punctuation, apostrophes, spacing or legal suffix",BAY ARENA MINOR HOCKEY ASSOCIATION
Ultramar,ultramar,Ultramar,ultramar,12,207.71,same name (printings),,"printed differently: case, punctuation, apostrophes, spacing or legal suffix",ultramar
Louis Gee's Pizzeria,louis gees pizzeria,Louis Gee's Pizzeria,louis gees pizzeria,3,201.35,same name (printings),,"printed differently: case, punctuation, apostrophes, spacing or legal suffix",Louis Gees Pizzeria
Green Bay Chamber of Commerce,green bay chamber of commerce,Green Bay Chamber of Commerce,green bay chamber of commerce,4,185.87,same name (printings),,"printed differently: case, punctuation, apostrophes, spacing or legal suffix",GREEN BAY CHAMBER OF COMMERCE INC
"Circle K Irving, Deer Lake",circle k irving deer lake,"Circle K Irving, Deer Lake",circle k irving deer lake,4,160.44,same name (printings),,"printed differently: case, punctuation, apostrophes, spacing or legal suffix","Circle K, Irving, Deer Lake; circle k irving deer lake"
Subway,subway,Subway,subway,3,156.08,same name (printings),,"printed differently: case, punctuation, apostrophes, spacing or legal suffix",Subway`
Breen's Deli,breens deli,Breen's Deli,breens deli,3,154.37,same name (printings),,"printed differently: case, punctuation, apostrophes, spacing or legal suffix",Breens Deli
Breen's,breens,Breen's,breens,3,140.25,same name (printings),,"printed differently: case, punctuation, apostrophes, spacing or legal suffix",Breens'
u13 tripen ice AAA,u13 tripen ice aaa,u13 tripen ice AAA,u13 tripen ice aaa,2,131.58,same name (printings),,"printed differently: case, punctuation, apostrophes, spacing or legal suffix",U13 Tripen Ice AAA
Forteau Sales & Service Ltd.,forteau sales and service,Forteau Sales & Service Ltd.,forteau sales and service,2,129.87,same name (printings),,"printed differently: case, punctuation, apostrophes, spacing or legal suffix",Forteau Sales & Service
Circle K Irving,circle k irving,Circle K Irving,circle k irving,8,128.1,same name (printings),,"printed differently: case, punctuation, apostrophes, spacing or legal suffix",Circle K. Irving; Circle K/Irving; Circle K/ Irving
Mariner's Galley Restaurant,mariners galley restaurant,Mariner's Galley Restaurant,mariners galley restaurant,3,122.75,same name (printings),,"printed differently: case, punctuation, apostrophes, spacing or legal suffix",Mariner's Galley restaurant; Mariners Galley Restaurant
The Anglican Parish of the Good Shepherd,anglican parish of good shepherd,The Anglican Parish of the Good Shepherd,anglican parish of good shepherd,5,120.79,same name (printings),,"printed differently: case, punctuation, apostrophes, spacing or legal suffix",THE ANGLICAN PARISH OF THE GOOD SHEPHERD; Anglican Parish of the Good Shepherd
NoFrills,nofrills,NoFrills,nofrills,15,119.26,same name (printings),,"printed differently: case, punctuation, apostrophes, spacing or legal suffix",Nofrills
Bugden's,bugdens,Bugden's,bugdens,4,118.79,same name (printings),,"printed differently: case, punctuation, apostrophes, spacing or legal suffix",Bugdens
Globe and Mail,globe and mail,Globe and Mail,globe and mail,5,108.56,same name (printings),,"printed differently: case, punctuation, apostrophes, spacing or legal suffix",The Globe and Mail
Clarenville Area Co-op,clarenville area cooperative,Clarenville Area Co-op,clarenville area cooperative,5,97.8,same name (printings),,"printed differently: case, punctuation, apostrophes, spacing or legal suffix",Clarenville area Co-op
North Atlantic Orangestore - Deer Lake,north atlantic orangestore deer lake,North Atlantic Orangestore - Deer Lake,north atlantic orangestore deer lake,3,96.52,same name (printings),,"printed differently: case, punctuation, apostrophes, spacing or legal suffix","North Atlantic Orangestore, Deer Lake"
ROYAL CANADIAN LEGION (BR 57 WABUSH),royal canadian legion br 57 wabush,ROYAL CANADIAN LEGION (BR 57 WABUSH),royal canadian legion br 57 wabush,2,93.86,same name (printings),,"printed differently: case, punctuation, apostrophes, spacing or legal suffix",Royal Canadian Legion (BR 57 Wabush)
West Valley Bakery Ltd,west valley bakery,West Valley Bakery Ltd,west valley bakery,2,87.07,same name (printings),,"printed differently: case, punctuation, apostrophes, spacing or legal suffix",West Valley Bakery
Bugden's Taxi,bugdens taxi,Bugden's Taxi,bugdens taxi,4,82.15,same name (printings),,"printed differently: case, punctuation, apostrophes, spacing or legal suffix",Bugdens Taxi
Dollarama-Certificate Frames,dollarama certificate frames,Dollarama-Certificate Frames,dollarama certificate frames,3,77.17,same name (printings),,"printed differently: case, punctuation, apostrophes, spacing or legal suffix",Dollarama - Certificate Frames
City Wide,city wide,City Wide,city wide,5,72.12,same name (printings),,"printed differently: case, punctuation, apostrophes, spacing or legal suffix",city wide
The Masonic Breakfast Club,masonic breakfast club,The Masonic Breakfast Club,masonic breakfast club,5,70.2,same name (printings),,"printed differently: case, punctuation, apostrophes, spacing or legal suffix",Masonic Breakfast Club
CANVA Pty LTD,canva pty,CANVA Pty LTD,canva pty,4,59.6,same name (printings),,"printed differently: case, punctuation, apostrophes, spacing or legal suffix",Canva Pty. Ltd
The Independent,independent,The Independent,independent,3,55.5,same name (printings),,"printed differently: case, punctuation, apostrophes, spacing or legal suffix",Independent
Lawtons Drugs,lawtons drugs,Lawtons Drugs,lawtons drugs,2,49.78,same name (printings),,"printed differently: case, punctuation, apostrophes, spacing or legal suffix",Lawton's Drugs
Anglican Parish of the Good Sheppard,anglican parish of good sheppard,Anglican Parish of the Good Sheppard,anglican parish of good sheppard,2,48.25,same name (printings),,"printed differently: case, punctuation, apostrophes, spacing or legal suffix",The Anglican Parish of the Good Sheppard
Esso,esso,Esso,esso,2,40.98,same name (printings),,"printed differently: case, punctuation, apostrophes, spacing or legal suffix",esso
Dep R Jones ENR 285924,dep r jones enr 285924,Dep R Jones ENR 285924,dep r jones enr 285924,3,21.06,same name (printings),,"printed differently: case, punctuation, apostrophes, spacing or legal suffix",Dep R jones ENR 285924; Dep R Jones Enr 285924
Shirley Ann D Enterprises Ltd.,shirley ann d enterprises,Shirley Ann D Enterprises Ltd.,shirley ann d enterprises,3,0.0,same name (printings),,"printed differently: case, punctuation, apostrophes, spacing or legal suffix",Shirley Ann D Enterprises Ltd
Elita’sualtultinej Ltd.,elitasualtultinej,Elita’sualtultinej Ltd.,elitasualtultinej,2,0.0,same name (printings),,"printed differently: case, punctuation, apostrophes, spacing or legal suffix",Elita'sualtultinej Limited
Bennett's Construction and Supplies (2011) Ltd.,bennetts construction and supplies 2011,Bennett's Construction and Supplies (2011) Ltd.,bennetts construction and supplies 2011,2,0.0,same name (printings),,"printed differently: case, punctuation, apostrophes, spacing or legal suffix",Bennett's Construction & Supplies 2011 Ltd.
Aboriginal Employment Services Inc,aboriginal employment services,Aboriginal Employment Services Inc,aboriginal employment services,6,0.0,same name (printings),,"printed differently: case, punctuation, apostrophes, spacing or legal suffix",Aboriginal Employment Services Inc.; Aboriginal Employment Services
Serco Facilities Management Inc,serco facilities management,Serco Facilities Management Inc,serco facilities management,9,0.0,same name (printings),,"printed differently: case, punctuation, apostrophes, spacing or legal suffix",Serco Facilities Management Inc.
Sheppard Case Architects Inc,sheppard case architects,Sheppard Case Architects Inc,sheppard case architects,5,0.0,same name (printings),,"printed differently: case, punctuation, apostrophes, spacing or legal suffix",Sheppard Case Architects inc.
Canada-Newfoundland and Labrador Offshore Petroleum Board,canada newfoundland and labrador offshore petroleum board,Canada-Newfoundland and Labrador Offshore Petroleum Board,canada newfoundland and labrador offshore petroleum board,5,0.0,same name (printings),,"printed differently: case, punctuation, apostrophes, spacing or legal suffix",Canada - Newfoundland & Labrador Offshore Petroleum Board; Canada - Newfoundland and Labrador Offshore Petroleum Board
Brighter Futures Coalition St John's and District Inc,brighter futures coalition st johns and district,Brighter Futures Coalition St John's and District Inc,brighter futures coalition st johns and district,4,0.0,same name (printings),,"printed differently: case, punctuation, apostrophes, spacing or legal suffix",Brighter Futures Coalition St. John's and District Inc
Prov. Newfoundland and Labrador - Child & Family Services,prov newfoundland and labrador child and family services,Prov. Newfoundland and Labrador - Child & Family Services,prov newfoundland and labrador child and family services,2,0.0,same name (printings),,"printed differently: case, punctuation, apostrophes, spacing or legal suffix",Prov. Newfoundland & Labrador - Child & Family Services
