name,records,value,other_name,other_records,other_value,why_not_joined
NEWFOUNDLAND AND LABRADOR DEPARTMENT OF JUSTICE AND PUBLIC SAFETY,17,46374110.0,"Province of Newfoundland and Labrador, Department of Justice and Public Safety",1,27253603.34,one name inside the other (often a parent and its subsidiary or branch)
TOWN OF GRAND FALLS- WINDSOR,22,15392415.35,Town of Grand Falls-Windsor,42,28465582.97,conflicting identifiers and disjoint postal evidence; identity unresolved unless a named anchor settles it (town of grand falls windsor / town of grand falls windsor [bn 108126749])
GE Healthcare,26,10009004.98,GE Healthcare Canada,17,31793963.46,one name inside the other (often a parent and its subsidiary or branch)
Newfoundland and Labrador Association of Technology and Innovation Inc.,30,84136752.48,Newfoundland and Labrador Association of Technology Industries Incorporated,55,9808634.95,"same business number, different names (a parent body's number, or an owner's)"
Department of Tourism Culture Arts and Recreation,6,7008090.0,Government of Newfoundland and Labrador,140,1923373096.0,"same business number, different names (a parent body's number, or an owner's)"
Department of Tourism Culture Arts and Recreation,6,7008090.0,Province of Newfoundland and Labrador,109,5645722971.0,"same business number, different names (a parent body's number, or an owner's)"
Department of Energy and Mines,1,6500000.0,Department of Tourism Culture Arts and Recreation,6,7008090.0,"same business number, different names (a parent body's number, or an owner's)"
Department of Energy and Mines,1,6500000.0,Government of Newfoundland and Labrador,140,1923373096.0,"same business number, different names (a parent body's number, or an owner's)"
Department of Energy and Mines,1,6500000.0,Province of Newfoundland and Labrador,109,5645722971.0,"same business number, different names (a parent body's number, or an owner's)"
Horizon économique de Terre-Neuve-et-Labrador Inc.,6,7498237.46,Reseau de Developpement Economique et d'Employabilite de Terre-Neuve-et-Labrador,22,6239448.55,"same business number, different names (a parent body's number, or an owner's)"
Memorial University,37,8142666.62,MEMORIAL UNIVERSITY OF NEWFOUNDLAND FINANCIAL AND ADMINISTRATIVE SERVICES,4,5444430.0,"same business number, different names (a parent body's number, or an owner's)"
Memorial University of Newfoundland,703,541082578.12,MEMORIAL UNIVERSITY OF NEWFOUNDLAND FINANCIAL AND ADMINISTRATIVE SERVICES,4,5444430.0,"same business number, different names (a parent body's number, or an owner's)"
Fédération des francophones de Terre-Neuve et du Labrador,32,8260813.65,FÉDÉRATION DES FRANCOPHONES DE TERRE-NEUVE ET DU LABRADOR (LA),39,4969410.0,one name inside the other (often a parent and its subsidiary or branch)
SmartICE Monitoring & Information Inc.,5,4830982.66,SmartICE Sea Ice Monitoring & Information Inc.,21,9712294.0,"same business number, different names (a parent body's number, or an owner's)"
Department of Energy and Mines,1,6500000.0,"Department of Industry, Energy and Technology",6,3994653.0,"same business number, different names (a parent body's number, or an owner's)"
"Department of Industry, Energy and Technology",6,3994653.0,Department of Tourism Culture Arts and Recreation,6,7008090.0,"same business number, different names (a parent body's number, or an owner's)"
"Department of Industry, Energy and Technology",6,3994653.0,Government of Newfoundland and Labrador,140,1923373096.0,"same business number, different names (a parent body's number, or an owner's)"
"Department of Industry, Energy and Technology",6,3994653.0,Province of Newfoundland and Labrador,109,5645722971.0,"same business number, different names (a parent body's number, or an owner's)"
D F BARNES LIMITED,20,3760422.47,D.F. Barnes Services Limited,29,10204266.88,one name inside the other (often a parent and its subsidiary or branch)
Commissionaires,10,3699767.84,COMMISSIONAIRES NL,23,4760912.96,one name inside the other (often a parent and its subsidiary or branch)
Commissionaires,10,3699767.84,COMMISSIONAIRES OF NFLD,22,8385847.48,one name inside the other (often a parent and its subsidiary or branch)
Miawpukek First Nation,116,33057046.42,Netukulimk Fisheries Limited,6,3692479.0,"same business number, different names (a parent body's number, or an owner's)"
Miawpukek Mi'kamawey Mawi'omi,55,16446753.0,Netukulimk Fisheries Limited,6,3692479.0,"same business number, different names (a parent body's number, or an owner's)"
Emmanuel Construction,1,5079001.0,Emmanuel Construction Services Ltd,2,3309490.0,one name inside the other (often a parent and its subsidiary or branch)
Fisheries & Marine Institute of Memorial University of Nfld.,19,3294815.5,MEMORIAL UNIVERSITY OF NEWFOUNDLAND FINANCIAL AND ADMINISTRATIVE SERVICES,4,5444430.0,"same business number, different names (a parent body's number, or an owner's)"
Fisheries & Marine Institute of Memorial University of Nfld.,19,3294815.5,Fisheries and Marine Institute of the Memorial University of Newfoundland and Labrador,2,5188643.22,one name inside the other (often a parent and its subsidiary or branch)
The Excite Corporation Inc.,14,3145609.0,Town of Grand Falls-Windsor,42,28465582.97,"same business number, different names (a parent body's number, or an owner's)"
10566 Energy NL Inc.,14,4634795.0,Newfoundland & Labrador Oil & Gas Industries Association Inc.,20,3113479.0,"same business number, different names (a parent body's number, or an owner's)"
NEWFOUNDLAND AND LABRADOR DEPARTMENT OF JUSTICE AND PUBLIC SAFETY,17,46374110.0,Newfoundland & Labrador Justice and Public Safety,1,3100253.27,one name inside the other (often a parent and its subsidiary or branch)
Newfoundland & Labrador Justice and Public Safety,1,3100253.27,"Province of Newfoundland and Labrador, Department of Justice and Public Safety",1,27253603.34,one name inside the other (often a parent and its subsidiary or branch)
Bluedrop ISM Limited,2,3075000.0,Bluedrop Performance Learning Inc.,8,14278677.0,"same business number, different names (a parent body's number, or an owner's)"
Fédération des francophones de Terre-Neuve et du Labrador,32,8260813.65,Fédération des francophones de Terre-Neuve-et-Labrador Inc,6,2695925.0,one name inside the other (often a parent and its subsidiary or branch)
FÉDÉRATION DES FRANCOPHONES DE TERRE-NEUVE ET DU LABRADOR (LA),39,4969410.0,Fédération des francophones de Terre-Neuve-et-Labrador Inc,6,2695925.0,one name inside the other (often a parent and its subsidiary or branch)
Fédération des francophones de Terre-Neuve et du Labrador,32,8260813.65,"LA FÉDÉRATION DES FRANCOPHONES DE TERRE-NEUVE ET DU LABRADOR, INC.",15,2609779.0,one name inside the other (often a parent and its subsidiary or branch)
Fédération des francophones de Terre-Neuve-et-Labrador Inc,6,2695925.0,"LA FÉDÉRATION DES FRANCOPHONES DE TERRE-NEUVE ET DU LABRADOR, INC.",15,2609779.0,one name inside the other (often a parent and its subsidiary or branch)
CANADIAN CORPS COMMISSIONAIRES,12,5471332.42,Canadian Corps of Commissionaires (Newfoundland),4,2307635.0,one name inside the other (often a parent and its subsidiary or branch)
CANADIAN CORPS OF COMMISSIONAIRES,58,11500081.92,Canadian Corps of Commissionaires (Newfoundland),4,2307635.0,one name inside the other (often a parent and its subsidiary or branch)
Eastern Regional Health Authority,11,4607350.49,Provincial Health Authority,5,2256553.0,"same business number, different names (a parent body's number, or an owner's)"
Commissionaires,10,3699767.84,COMMISSIONAIRES NEWFOUNDLAND,8,2240837.83,one name inside the other (often a parent and its subsidiary or branch)
COMMISSIONAIRES NEWFOUNDLAND,8,2240837.83,COMMISSIONAIRES NL,23,4760912.96,one name inside the other (often a parent and its subsidiary or branch)
Newfoundland and Labrador Association of Technology and Innovation Inc.,30,84136752.48,techNL Innovation Inc.,10,2166056.16,"same business number, different names (a parent body's number, or an owner's)"
"Department of Fisheries, Forestry and Agriculture",2,1962512.0,"Government of Newfoundland and Labrador Department of Fisheries, Forestry and Agriculture",1,27750000.0,one name inside the other (often a parent and its subsidiary or branch)
Eastern Regional Health Authority,11,4607350.49,NEWFOUNDLAND & LABRADOR HEALTH SERVICES,7,1947786.61,"same business number, different names (a parent body's number, or an owner's)"
NEWFOUNDLAND & LABRADOR HEALTH SERVICES,7,1947786.61,Provincial Health Authority,5,2256553.0,"same business number, different names (a parent body's number, or an owner's)"
Government of Newfoundland and Labrador - Department of Health and Community Services,20,510229627.0,NEWFOUNDLAND & LABRADOR HEALTH SERVICES,7,1947786.61,one name inside the other (often a parent and its subsidiary or branch)
Department of Energy and Mines,1,6500000.0,"Government of Newfoundland and Labrador, Department of Education",1,1944015.0,"same business number, different names (a parent body's number, or an owner's)"
"Department of Industry, Energy and Technology",6,3994653.0,"Government of Newfoundland and Labrador, Department of Education",1,1944015.0,"same business number, different names (a parent body's number, or an owner's)"
Department of Tourism Culture Arts and Recreation,6,7008090.0,"Government of Newfoundland and Labrador, Department of Education",1,1944015.0,"same business number, different names (a parent body's number, or an owner's)"
68028 NEWFOUNDLAND &,79,1917216.62,68028 Newfoundland & Labrador Corp,5,2138164.45,one name inside the other (often a parent and its subsidiary or branch)
Telus Health,2,1895483.86,Telus Health Solutions Inc.,2,4641570.13,one name inside the other (often a parent and its subsidiary or branch)
PITTMAN ENTERPRISES LTD.,8,1834768.45,PITTMAN'S ENTERPRISES LIMITED,13,19241359.57,"a spelling slip apart, with no business number, postal code or review to confirm it"
The Call Centre Inc.,12,2380300.0,Telelink,2,1755000.0,"same business number, different names (a parent body's number, or an owner's)"
Eastern Health,4,1592817.0,Eastern Regional Health Authority,11,4607350.49,"same business number, different names (a parent body's number, or an owner's)"
Eastern Health,4,1592817.0,NEWFOUNDLAND & LABRADOR HEALTH SERVICES,7,1947786.61,"same business number, different names (a parent body's number, or an owner's)"
Eastern Health,4,1592817.0,Provincial Health Authority,5,2256553.0,"same business number, different names (a parent body's number, or an owner's)"
SEAFOOD PROCESSORS OF NEWFOUNDLAND,1,1411587.1,Seafood Processors of Newfoundland and Labrador Inc.,8,2128359.18,one name inside the other (often a parent and its subsidiary or branch)
"Berger, Harris-Memorial University of Newfoundland",1,1400000.0,"Dobre, Octavia-Memorial University of Newfoundland",1,1400000.0,"same business number, different names (a parent body's number, or an owner's)"
"Berger, Harris-Memorial University of Newfoundland",1,1400000.0,Fisheries & Marine Institute of Memorial University of Nfld.,19,3294815.5,"same business number, different names (a parent body's number, or an owner's)"
"Berger, Harris-Memorial University of Newfoundland",1,1400000.0,Memorial University,37,8142666.62,"same business number, different names (a parent body's number, or an owner's)"
"Berger, Harris-Memorial University of Newfoundland",1,1400000.0,Memorial University of Newfoundland,703,541082578.12,"same business number, different names (a parent body's number, or an owner's)"
"Berger, Harris-Memorial University of Newfoundland",1,1400000.0,MEMORIAL UNIVERSITY OF NEWFOUNDLAND FINANCIAL AND ADMINISTRATIVE SERVICES,4,5444430.0,"same business number, different names (a parent body's number, or an owner's)"
"Berger, Harris-Memorial University of Newfoundland",1,1400000.0,"Passow, Uta-Memorial University of Newfoundland",1,1400000.0,"same business number, different names (a parent body's number, or an owner's)"
"Berger, Harris-Memorial University of Newfoundland",1,1400000.0,"Ziegler, Susan-Memorial University of Newfoundland",1,1400000.0,"same business number, different names (a parent body's number, or an owner's)"
"Dobre, Octavia-Memorial University of Newfoundland",1,1400000.0,Fisheries & Marine Institute of Memorial University of Nfld.,19,3294815.5,"same business number, different names (a parent body's number, or an owner's)"
"Dobre, Octavia-Memorial University of Newfoundland",1,1400000.0,Memorial University,37,8142666.62,"same business number, different names (a parent body's number, or an owner's)"
"Dobre, Octavia-Memorial University of Newfoundland",1,1400000.0,Memorial University of Newfoundland,703,541082578.12,"same business number, different names (a parent body's number, or an owner's)"
"Dobre, Octavia-Memorial University of Newfoundland",1,1400000.0,MEMORIAL UNIVERSITY OF NEWFOUNDLAND FINANCIAL AND ADMINISTRATIVE SERVICES,4,5444430.0,"same business number, different names (a parent body's number, or an owner's)"
"Dobre, Octavia-Memorial University of Newfoundland",1,1400000.0,"Passow, Uta-Memorial University of Newfoundland",1,1400000.0,"same business number, different names (a parent body's number, or an owner's)"
"Dobre, Octavia-Memorial University of Newfoundland",1,1400000.0,"Ziegler, Susan-Memorial University of Newfoundland",1,1400000.0,"same business number, different names (a parent body's number, or an owner's)"
Fisheries & Marine Institute of Memorial University of Nfld.,19,3294815.5,"Passow, Uta-Memorial University of Newfoundland",1,1400000.0,"same business number, different names (a parent body's number, or an owner's)"
Fisheries & Marine Institute of Memorial University of Nfld.,19,3294815.5,"Ziegler, Susan-Memorial University of Newfoundland",1,1400000.0,"same business number, different names (a parent body's number, or an owner's)"
Memorial University,37,8142666.62,"Passow, Uta-Memorial University of Newfoundland",1,1400000.0,"same business number, different names (a parent body's number, or an owner's)"
Memorial University,37,8142666.62,"Ziegler, Susan-Memorial University of Newfoundland",1,1400000.0,"same business number, different names (a parent body's number, or an owner's)"
Memorial University of Newfoundland,703,541082578.12,"Passow, Uta-Memorial University of Newfoundland",1,1400000.0,"same business number, different names (a parent body's number, or an owner's)"
Memorial University of Newfoundland,703,541082578.12,"Ziegler, Susan-Memorial University of Newfoundland",1,1400000.0,"same business number, different names (a parent body's number, or an owner's)"
MEMORIAL UNIVERSITY OF NEWFOUNDLAND FINANCIAL AND ADMINISTRATIVE SERVICES,4,5444430.0,"Passow, Uta-Memorial University of Newfoundland",1,1400000.0,"same business number, different names (a parent body's number, or an owner's)"
MEMORIAL UNIVERSITY OF NEWFOUNDLAND FINANCIAL AND ADMINISTRATIVE SERVICES,4,5444430.0,"Ziegler, Susan-Memorial University of Newfoundland",1,1400000.0,"same business number, different names (a parent body's number, or an owner's)"
"Passow, Uta-Memorial University of Newfoundland",1,1400000.0,"Ziegler, Susan-Memorial University of Newfoundland",1,1400000.0,"same business number, different names (a parent body's number, or an owner's)"
TxtSquad,2,15445000.0,TxtSquad Enterprises Inc.,18,1330891.0,one name inside the other (often a parent and its subsidiary or branch)
Public Legal Information Association,3,1196750.0,PUBLIC LEGAL INFORMATION ASSOCIATION OF NEWFOUNDLAND,13,2240606.0,one name inside the other (often a parent and its subsidiary or branch)
Public Legal Information Association,3,1196750.0,PUBLIC LEGAL INFORMATION ASSOCIATION OF NEWFOUNDLAND AND LABRADOR,26,11409359.0,one name inside the other (often a parent and its subsidiary or branch)
Abbott Medical,2,1142171.0,Abbott Medical Canada,4,2269154.67,one name inside the other (often a parent and its subsidiary or branch)
Organization for Community Action Initiative Inc,4,1131044.0,Organization for Community Action Initiatives Inc,7,2846209.0,"a spelling slip apart, with no business number, postal code or review to confirm it"
MAHER'S CONTRACTING LTD.,7,10907042.65,MAJOR'S CONTRACTING LIMITED,17,1123523.69,"a spelling slip apart, with no business number, postal code or review to confirm it"
Roche Diagnositics,1,1100000.0,Roche Diagnostics,13,9573937.35,"a spelling slip apart, with no business number, postal code or review to confirm it"
Humber Arm Environmental Assoc,5,1031412.8,Humber Arm Environmental Association Inc.,22,1268717.87,"same business number, different names (a parent body's number, or an owner's)"
"Berger, Harris-Memorial University of Newfoundland",1,1400000.0,Fisheries and Marine Institute of Memorial University,11,1009424.0,"same business number, different names (a parent body's number, or an owner's)"
"Dobre, Octavia-Memorial University of Newfoundland",1,1400000.0,Fisheries and Marine Institute of Memorial University,11,1009424.0,"same business number, different names (a parent body's number, or an owner's)"
Fisheries and Marine Institute of Memorial University,11,1009424.0,MEMORIAL UNIVERSITY OF NEWFOUNDLAND FINANCIAL AND ADMINISTRATIVE SERVICES,4,5444430.0,"same business number, different names (a parent body's number, or an owner's)"
Fisheries and Marine Institute of Memorial University,11,1009424.0,"Passow, Uta-Memorial University of Newfoundland",1,1400000.0,"same business number, different names (a parent body's number, or an owner's)"
Fisheries and Marine Institute of Memorial University,11,1009424.0,"Ziegler, Susan-Memorial University of Newfoundland",1,1400000.0,"same business number, different names (a parent body's number, or an owner's)"
Fisheries and Marine Institute of Memorial University,11,1009424.0,Fisheries and Marine Institute of the Memorial University of Newfoundland and Labrador,2,5188643.22,one name inside the other (often a parent and its subsidiary or branch)
"Benoukraf, Touati Memorial University of Newfoundland",2,1000000.0,"Berger, Harris-Memorial University of Newfoundland",1,1400000.0,"same business number, different names (a parent body's number, or an owner's)"
"Benoukraf, Touati Memorial University of Newfoundland",2,1000000.0,"Dobre, Octavia-Memorial University of Newfoundland",1,1400000.0,"same business number, different names (a parent body's number, or an owner's)"
"Benoukraf, Touati Memorial University of Newfoundland",2,1000000.0,Fisheries and Marine Institute of Memorial University,11,1009424.0,"same business number, different names (a parent body's number, or an owner's)"
"Benoukraf, Touati Memorial University of Newfoundland",2,1000000.0,Fisheries & Marine Institute of Memorial University of Nfld.,19,3294815.5,"same business number, different names (a parent body's number, or an owner's)"
"Benoukraf, Touati Memorial University of Newfoundland",2,1000000.0,Memorial University,37,8142666.62,"same business number, different names (a parent body's number, or an owner's)"
"Benoukraf, Touati Memorial University of Newfoundland",2,1000000.0,Memorial University of Newfoundland,703,541082578.12,"same business number, different names (a parent body's number, or an owner's)"
"Benoukraf, Touati Memorial University of Newfoundland",2,1000000.0,MEMORIAL UNIVERSITY OF NEWFOUNDLAND FINANCIAL AND ADMINISTRATIVE SERVICES,4,5444430.0,"same business number, different names (a parent body's number, or an owner's)"
"Benoukraf, Touati Memorial University of Newfoundland",2,1000000.0,"Passow, Uta-Memorial University of Newfoundland",1,1400000.0,"same business number, different names (a parent body's number, or an owner's)"
"Benoukraf, Touati Memorial University of Newfoundland",2,1000000.0,"Ziegler, Susan-Memorial University of Newfoundland",1,1400000.0,"same business number, different names (a parent body's number, or an owner's)"
Department of Energy and Mines,1,6500000.0,GEOLOGICAL SURVEY OF NEWFOUNDLAND AND LABRADOR,2,1000000.0,"same business number, different names (a parent body's number, or an owner's)"
"Department of Industry, Energy and Technology",6,3994653.0,GEOLOGICAL SURVEY OF NEWFOUNDLAND AND LABRADOR,2,1000000.0,"same business number, different names (a parent body's number, or an owner's)"
Department of Tourism Culture Arts and Recreation,6,7008090.0,GEOLOGICAL SURVEY OF NEWFOUNDLAND AND LABRADOR,2,1000000.0,"same business number, different names (a parent body's number, or an owner's)"
GEOLOGICAL SURVEY OF NEWFOUNDLAND AND LABRADOR,2,1000000.0,Government of Newfoundland and Labrador,140,1923373096.0,"same business number, different names (a parent body's number, or an owner's)"
GEOLOGICAL SURVEY OF NEWFOUNDLAND AND LABRADOR,2,1000000.0,"Government of Newfoundland and Labrador, Department of Education",1,1944015.0,"same business number, different names (a parent body's number, or an owner's)"
GEOLOGICAL SURVEY OF NEWFOUNDLAND AND LABRADOR,2,1000000.0,Province of Newfoundland and Labrador,109,5645722971.0,"same business number, different names (a parent body's number, or an owner's)"
Trinity-Conception Family Resource Centre,4,986488.0,Trinity-Conception Family Resource Centre Committee Inc.,2,2466220.0,one name inside the other (often a parent and its subsidiary or branch)
Miawpukek Horizon Maritime Services Ltd,26,9830927.41,Miawpukek Horizon Maritimes Services Ltd,3,931500.0,"a spelling slip apart, with no business number, postal code or review to confirm it"
St. John's Native Friendship Centre,16,4814203.0,ST. JOHN'S NATIVE FRIENDSHIP CENTRE ASSOCIATION (THE),11,931483.79,one name inside the other (often a parent and its subsidiary or branch)
CoLab AI Inc.,5,920000.0,CoLab Software Inc.,27,13129189.13,"same business number, different names (a parent body's number, or an owner's)"
"Bell Island Sobriety, Housing and Employment Inc.",2,908425.0,Bell Island Support Network Inc,3,2353405.0,"same business number, different names (a parent body's number, or an owner's)"
Canada Fluorspar Inc,1,900000.0,Canada Fluorspar (NL) Inc.,6,6521855.0,one name inside the other (often a parent and its subsidiary or branch)
Environment and Resources Management Association,8,2242168.0,ENVIRONMENT RESOURCES MANAGEMENT,7,881126.53,one name inside the other (often a parent and its subsidiary or branch)
ENVIRONMENT RESOURCES MANAGEMENT,7,881126.53,Environment Resources Management Association,14,2424745.99,one name inside the other (often a parent and its subsidiary or branch)
Edwards Lifesciences,1,857500.0,Edwards Lifesciences Canada,2,2716000.0,one name inside the other (often a parent and its subsidiary or branch)
Gros Morne Cooperating Association Inc.,41,12427619.01,Gros Morne Co-op Association,5,849039.99,"a spelling slip apart, with no business number, postal code or review to confirm it"
K&D Pratt,7,828694.18,K&D Pratt Group Inc.,17,3608238.6,one name inside the other (often a parent and its subsidiary or branch)
Wartsila,3,786768.78,WARTSILA CANADA INC,107,9342087.36,one name inside the other (often a parent and its subsidiary or branch)
MI'KMAQ ALSUMK MOWIMSIKIK KOQOEY,6,783405.0,Mi'kmaq Alsumk Mowimsikik Koqoey Association,30,9808329.0,one name inside the other (often a parent and its subsidiary or branch)
"Benoukraf, Touati Memorial University of Newfoundland",2,1000000.0,Memorial University of Newfoundland and Labrador,25,753973.5,"same business number, different names (a parent body's number, or an owner's)"
"Berger, Harris-Memorial University of Newfoundland",1,1400000.0,Memorial University of Newfoundland and Labrador,25,753973.5,"same business number, different names (a parent body's number, or an owner's)"
"Dobre, Octavia-Memorial University of Newfoundland",1,1400000.0,Memorial University of Newfoundland and Labrador,25,753973.5,"same business number, different names (a parent body's number, or an owner's)"
Memorial University of Newfoundland and Labrador,25,753973.5,MEMORIAL UNIVERSITY OF NEWFOUNDLAND FINANCIAL AND ADMINISTRATIVE SERVICES,4,5444430.0,"same business number, different names (a parent body's number, or an owner's)"
Memorial University of Newfoundland and Labrador,25,753973.5,"Passow, Uta-Memorial University of Newfoundland",1,1400000.0,"same business number, different names (a parent body's number, or an owner's)"
Memorial University of Newfoundland and Labrador,25,753973.5,"Ziegler, Susan-Memorial University of Newfoundland",1,1400000.0,"same business number, different names (a parent body's number, or an owner's)"
Bluedrop ISM Limited,2,3075000.0,Bluedrop Learning Networks Inc.,3,744000.0,"same business number, different names (a parent body's number, or an owner's)"
Bluedrop Learning Networks Inc.,3,744000.0,Bluedrop Performance Learning Inc.,8,14278677.0,"same business number, different names (a parent body's number, or an owner's)"
NEWFOUNDLAND AND LABRADOR HYDRO,15,9688738.8,Newfoundland Labrador Hydro,3,738622.0,one name inside the other (often a parent and its subsidiary or branch)
Flowserve Corporation,6,709318.0,Flowserve Canada Corp.,6,1130850.05,one name inside the other (often a parent and its subsidiary or branch)
Westower communication,2,1177144.6,WESTOWER COMMUNICATIONS LTD,11,706579.35,"a spelling slip apart, with no business number, postal code or review to confirm it"
Mi'kmaq Alsumk Mowimsikik Koqoe Association,1,701797.0,Mi'kmaq Alsumk Mowimsikik Koqoey Association,30,9808329.0,"a spelling slip apart, with no business number, postal code or review to confirm it"
Canadian Parks and Wilderness Society,14,1924644.0,Canadian Parks and Wilderness Society Newfoundland and Labrador Chapter,10,681650.0,"same business number, different names (a parent body's number, or an owner's)"
Becton Dickingson,1,677912.0,Becton Dickinson,4,2627012.0,"a spelling slip apart, with no business number, postal code or review to confirm it"
Report Mate Inc.,4,650210.0,Sift Med Inc.,13,4389676.0,"same business number, different names (a parent body's number, or an owner's)"
Miawpukek Mi'kamawey Mawi'omi,55,16446753.0,MIAWPUKEK MI'KAMAWEY MAWI'OMI FIRST NATION,6,644799.0,one name inside the other (often a parent and its subsidiary or branch)
Eastern Regional Health Authority,11,4607350.49,WESTERN REGIONAL HEALTH AUTHORITY,6,627174.25,"a spelling slip apart, with no business number, postal code or review to confirm it"
FIREFLY METALS CANADA LIMITED,1,613775.0,Rambler Metals and Mining Canada Limited,6,3053832.0,"same business number, different names (a parent body's number, or an owner's)"
"Benoukraf, Touati Memorial University of Newfoundland",2,1000000.0,"Carter, Angela-Memorial University of Newfoundland",1,600000.0,"same business number, different names (a parent body's number, or an owner's)"
"Berger, Harris-Memorial University of Newfoundland",1,1400000.0,"Carter, Angela-Memorial University of Newfoundland",1,600000.0,"same business number, different names (a parent body's number, or an owner's)"
"Carter, Angela-Memorial University of Newfoundland",1,600000.0,"Dobre, Octavia-Memorial University of Newfoundland",1,1400000.0,"same business number, different names (a parent body's number, or an owner's)"
"Carter, Angela-Memorial University of Newfoundland",1,600000.0,Fisheries and Marine Institute of Memorial University,11,1009424.0,"same business number, different names (a parent body's number, or an owner's)"
"Carter, Angela-Memorial University of Newfoundland",1,600000.0,Fisheries & Marine Institute of Memorial University of Nfld.,19,3294815.5,"same business number, different names (a parent body's number, or an owner's)"
"Carter, Angela-Memorial University of Newfoundland",1,600000.0,Memorial University,37,8142666.62,"same business number, different names (a parent body's number, or an owner's)"
"Carter, Angela-Memorial University of Newfoundland",1,600000.0,Memorial University of Newfoundland,703,541082578.12,"same business number, different names (a parent body's number, or an owner's)"
"Carter, Angela-Memorial University of Newfoundland",1,600000.0,Memorial University of Newfoundland and Labrador,25,753973.5,"same business number, different names (a parent body's number, or an owner's)"
"Carter, Angela-Memorial University of Newfoundland",1,600000.0,MEMORIAL UNIVERSITY OF NEWFOUNDLAND FINANCIAL AND ADMINISTRATIVE SERVICES,4,5444430.0,"same business number, different names (a parent body's number, or an owner's)"
"Carter, Angela-Memorial University of Newfoundland",1,600000.0,"Passow, Uta-Memorial University of Newfoundland",1,1400000.0,"same business number, different names (a parent body's number, or an owner's)"
"Carter, Angela-Memorial University of Newfoundland",1,600000.0,"Ziegler, Susan-Memorial University of Newfoundland",1,1400000.0,"same business number, different names (a parent body's number, or an owner's)"
BELL CANADA,6688,3503207.11,Dell Canada Inc.,9,595346.24,"a spelling slip apart, with no business number, postal code or review to confirm it"
Grieg Marine NL Ltd,5,2467612.0,Grieg NL Seafarms Ltd.,6,586062.6,"same business number, different names (a parent body's number, or an owner's)"
St. John's Status of Women Council,4,569658.0,St. John's Women Centre Inc.,2,1226270.0,"same business number, different names (a parent body's number, or an owner's)"
St. John's Status of Women Council,4,569658.0,St. John's Women's Centre,11,1916359.0,"same business number, different names (a parent body's number, or an owner's)"
Memorial University,37,8142666.62,Memorial University of Newfoundland - International Centre,9,563711.0,one name inside the other (often a parent and its subsidiary or branch)
Memorial University of Newfoundland,703,541082578.12,Memorial University of Newfoundland - International Centre,9,563711.0,one name inside the other (often a parent and its subsidiary or branch)
Hermes Medical Solution,1,560485.0,Hermes Medical Solutions,1,589325.0,"a spelling slip apart, with no business number, postal code or review to confirm it"
COADY CONSTRUCTION & EXCAVATING LTD,17,24500505.5,Coady Construction & Excavation Limited,1,556025.0,"a spelling slip apart, with no business number, postal code or review to confirm it"
Inclusion Canada Newfoundland and Labrador Inc.,4,552008.0,NL Association for Community Living,8,811850.0,"same business number, different names (a parent body's number, or an owner's)"
Brother T.I. Murphy Learning Resource Centre Inc.,13,3049814.0,Murphy Centre Inc.,6,547102.0,"same business number, different names (a parent body's number, or an owner's)"
Camber Arts,8,539233.3,Gros Morne Summer Music Inc.,25,1663709.75,"same business number, different names (a parent body's number, or an owner's)"
Heddle Marine Service (NL) Inc.,3,534854.32,HEDDLE MARINE SERVICES NL INC,6,2873520.37,"a spelling slip apart, with no business number, postal code or review to confirm it"
Schneider Electric Canada Inc.,15,535275.6,Schneider Electric Systems Canada Inc.,4,516303.8,one name inside the other (often a parent and its subsidiary or branch)
Miawpukek Mi'kamawey Manwi'omi,4,504435.0,Miawpukek Mi'kamawey Mawi'omi,55,16446753.0,"a spelling slip apart, with no business number, postal code or review to confirm it"
"Benoukraf, Touati Memorial University of Newfoundland",2,1000000.0,"Nguyen, Hai-Memorial University of Newfoundland",1,500000.0,"same business number, different names (a parent body's number, or an owner's)"
"Benoukraf, Touati Memorial University of Newfoundland",2,1000000.0,"Robert, Katleen-Memorial University of Newfoundland",1,500000.0,"same business number, different names (a parent body's number, or an owner's)"
"Benoukraf, Touati Memorial University of Newfoundland",2,1000000.0,"Welch, Nicholas-Memorial University of Newfoundland",1,500000.0,"same business number, different names (a parent body's number, or an owner's)"
"Berger, Harris-Memorial University of Newfoundland",1,1400000.0,"Nguyen, Hai-Memorial University of Newfoundland",1,500000.0,"same business number, different names (a parent body's number, or an owner's)"
"Berger, Harris-Memorial University of Newfoundland",1,1400000.0,"Robert, Katleen-Memorial University of Newfoundland",1,500000.0,"same business number, different names (a parent body's number, or an owner's)"
"Berger, Harris-Memorial University of Newfoundland",1,1400000.0,"Welch, Nicholas-Memorial University of Newfoundland",1,500000.0,"same business number, different names (a parent body's number, or an owner's)"
"Carter, Angela-Memorial University of Newfoundland",1,600000.0,"Nguyen, Hai-Memorial University of Newfoundland",1,500000.0,"same business number, different names (a parent body's number, or an owner's)"
"Carter, Angela-Memorial University of Newfoundland",1,600000.0,"Robert, Katleen-Memorial University of Newfoundland",1,500000.0,"same business number, different names (a parent body's number, or an owner's)"
"Carter, Angela-Memorial University of Newfoundland",1,600000.0,"Welch, Nicholas-Memorial University of Newfoundland",1,500000.0,"same business number, different names (a parent body's number, or an owner's)"
"Dobre, Octavia-Memorial University of Newfoundland",1,1400000.0,"Nguyen, Hai-Memorial University of Newfoundland",1,500000.0,"same business number, different names (a parent body's number, or an owner's)"
"Dobre, Octavia-Memorial University of Newfoundland",1,1400000.0,"Robert, Katleen-Memorial University of Newfoundland",1,500000.0,"same business number, different names (a parent body's number, or an owner's)"
"Dobre, Octavia-Memorial University of Newfoundland",1,1400000.0,"Welch, Nicholas-Memorial University of Newfoundland",1,500000.0,"same business number, different names (a parent body's number, or an owner's)"
Fisheries and Marine Institute of Memorial University,11,1009424.0,"Nguyen, Hai-Memorial University of Newfoundland",1,500000.0,"same business number, different names (a parent body's number, or an owner's)"
Fisheries and Marine Institute of Memorial University,11,1009424.0,"Robert, Katleen-Memorial University of Newfoundland",1,500000.0,"same business number, different names (a parent body's number, or an owner's)"
Fisheries and Marine Institute of Memorial University,11,1009424.0,"Welch, Nicholas-Memorial University of Newfoundland",1,500000.0,"same business number, different names (a parent body's number, or an owner's)"
Fisheries & Marine Institute of Memorial University of Nfld.,19,3294815.5,"Nguyen, Hai-Memorial University of Newfoundland",1,500000.0,"same business number, different names (a parent body's number, or an owner's)"
Fisheries & Marine Institute of Memorial University of Nfld.,19,3294815.5,"Robert, Katleen-Memorial University of Newfoundland",1,500000.0,"same business number, different names (a parent body's number, or an owner's)"
Fisheries & Marine Institute of Memorial University of Nfld.,19,3294815.5,"Welch, Nicholas-Memorial University of Newfoundland",1,500000.0,"same business number, different names (a parent body's number, or an owner's)"
Memorial University,37,8142666.62,"Nguyen, Hai-Memorial University of Newfoundland",1,500000.0,"same business number, different names (a parent body's number, or an owner's)"
Memorial University,37,8142666.62,"Robert, Katleen-Memorial University of Newfoundland",1,500000.0,"same business number, different names (a parent body's number, or an owner's)"
Memorial University,37,8142666.62,"Welch, Nicholas-Memorial University of Newfoundland",1,500000.0,"same business number, different names (a parent body's number, or an owner's)"
Memorial University of Newfoundland,703,541082578.12,"Nguyen, Hai-Memorial University of Newfoundland",1,500000.0,"same business number, different names (a parent body's number, or an owner's)"
Memorial University of Newfoundland,703,541082578.12,"Robert, Katleen-Memorial University of Newfoundland",1,500000.0,"same business number, different names (a parent body's number, or an owner's)"
Memorial University of Newfoundland,703,541082578.12,"Welch, Nicholas-Memorial University of Newfoundland",1,500000.0,"same business number, different names (a parent body's number, or an owner's)"
Memorial University of Newfoundland and Labrador,25,753973.5,"Nguyen, Hai-Memorial University of Newfoundland",1,500000.0,"same business number, different names (a parent body's number, or an owner's)"
Memorial University of Newfoundland and Labrador,25,753973.5,"Robert, Katleen-Memorial University of Newfoundland",1,500000.0,"same business number, different names (a parent body's number, or an owner's)"
Memorial University of Newfoundland and Labrador,25,753973.5,"Welch, Nicholas-Memorial University of Newfoundland",1,500000.0,"same business number, different names (a parent body's number, or an owner's)"
MEMORIAL UNIVERSITY OF NEWFOUNDLAND FINANCIAL AND ADMINISTRATIVE SERVICES,4,5444430.0,"Nguyen, Hai-Memorial University of Newfoundland",1,500000.0,"same business number, different names (a parent body's number, or an owner's)"
MEMORIAL UNIVERSITY OF NEWFOUNDLAND FINANCIAL AND ADMINISTRATIVE SERVICES,4,5444430.0,"Robert, Katleen-Memorial University of Newfoundland",1,500000.0,"same business number, different names (a parent body's number, or an owner's)"
MEMORIAL UNIVERSITY OF NEWFOUNDLAND FINANCIAL AND ADMINISTRATIVE SERVICES,4,5444430.0,"Welch, Nicholas-Memorial University of Newfoundland",1,500000.0,"same business number, different names (a parent body's number, or an owner's)"
"Nguyen, Hai-Memorial University of Newfoundland",1,500000.0,"Passow, Uta-Memorial University of Newfoundland",1,1400000.0,"same business number, different names (a parent body's number, or an owner's)"
"Nguyen, Hai-Memorial University of Newfoundland",1,500000.0,"Robert, Katleen-Memorial University of Newfoundland",1,500000.0,"same business number, different names (a parent body's number, or an owner's)"
"Nguyen, Hai-Memorial University of Newfoundland",1,500000.0,"Welch, Nicholas-Memorial University of Newfoundland",1,500000.0,"same business number, different names (a parent body's number, or an owner's)"
"Nguyen, Hai-Memorial University of Newfoundland",1,500000.0,"Ziegler, Susan-Memorial University of Newfoundland",1,1400000.0,"same business number, different names (a parent body's number, or an owner's)"
"Passow, Uta-Memorial University of Newfoundland",1,1400000.0,"Robert, Katleen-Memorial University of Newfoundland",1,500000.0,"same business number, different names (a parent body's number, or an owner's)"
"Passow, Uta-Memorial University of Newfoundland",1,1400000.0,"Welch, Nicholas-Memorial University of Newfoundland",1,500000.0,"same business number, different names (a parent body's number, or an owner's)"
"Robert, Katleen-Memorial University of Newfoundland",1,500000.0,"Welch, Nicholas-Memorial University of Newfoundland",1,500000.0,"same business number, different names (a parent body's number, or an owner's)"
"Robert, Katleen-Memorial University of Newfoundland",1,500000.0,"Ziegler, Susan-Memorial University of Newfoundland",1,1400000.0,"same business number, different names (a parent body's number, or an owner's)"
"Welch, Nicholas-Memorial University of Newfoundland",1,500000.0,"Ziegler, Susan-Memorial University of Newfoundland",1,1400000.0,"same business number, different names (a parent body's number, or an owner's)"
Report Mate Inc.,4,650210.0,SiftMed Inc.,1,500000.0,"same business number, different names (a parent body's number, or an owner's)"
Search and Rescue Volunteer Association of Canada (SARVAC),26,34702054.01,Search and Rescue Volunteer Association of Canada (SARVAC)/ Association canadienne des volontaires en recherche et sauvetage,1,500000.0,"same business number, different names (a parent body's number, or an owner's)"
Aqua Bounty Canada Inc.,1,500000.0,Aqua Bounty Canada Inc. and Aqua Bounty Technologies Inc.,2,3208919.0,one name inside the other (often a parent and its subsidiary or branch)
EASTPORT PENINSULA ARTS AND HERITAGE SOCIETY INC.,15,496323.0,EASTPORT PENINSULA HERITAGE SOCIETY INC.,17,798243.0,"same business number, different names (a parent body's number, or an owner's)"
Theatre Newfoundland Labrador,4,471348.0,TNL,24,7985463.0,"same business number, different names (a parent body's number, or an owner's)"
Clarion Medical,3,468992.98,Clarion Medical Technologies,2,880000.0,one name inside the other (often a parent and its subsidiary or branch)
Salesforce,1,457901.0,Salesforce Canada Corporation,3,728551.64,one name inside the other (often a parent and its subsidiary or branch)
Provincial Health Authority,5,2256553.0,Provinical Health Authority,1,450000.0,"a spelling slip apart, with no business number, postal code or review to confirm it"
Morgan Sculpture Inc.,6,827817.42,Morgan Sculptures Inc,2,431138.65,"a spelling slip apart, with no business number, postal code or review to confirm it"
Federation des Francophones du Terre-Neuve et du Labrador,2,412363.0,"LA FÉDÉRATION DES FRANCOPHONES DE TERRE-NEUVE ET DU LABRADOR, INC.",15,2609779.0,one name inside the other (often a parent and its subsidiary or branch)
FÉDÉRATION DES FRANCOPHONES DE TERRE-NEUVE ET DU LABRADOR (LA),39,4969410.0,Federation des Francophones du Terre-Neuve et du Labrador,2,412363.0,one name inside the other (often a parent and its subsidiary or branch)
Talon Energy,1,406158.96,Talon Energy Services Inc.,15,3116548.68,one name inside the other (often a parent and its subsidiary or branch)
BOULDER BOOKS LTD.,13,715910.0,Boulder Publications ltd,5,399390.0,"same business number, different names (a parent body's number, or an owner's)"
FIRST LIGHT ST. JOHN'S FRIENDSHIP CENTRE INC.,87,45869389.58,FIRST LIGHT ST.JOHN'S NATIVE FRIENDSHIP CENTRE,2,386727.0,"same business number, different names (a parent body's number, or an owner's)"
FIRST LIGHT ST.JOHN'S NATIVE FRIENDSHIP CENTRE,2,386727.0,St. John's Native Friendship Centre,16,4814203.0,"same business number, different names (a parent body's number, or an owner's)"
GIBBONS & SNOW ARCHITECTS INC.,4,382040.0,GIBBONS SNOW ARCHITECTS,19,1906092.09,one name inside the other (often a parent and its subsidiary or branch)
"Benoukraf, Touati Memorial University of Newfoundland",2,1000000.0,Memorial University of Newfoundland - Faculty of Eng. & Applied Science,7,379000.0,"same business number, different names (a parent body's number, or an owner's)"
"Berger, Harris-Memorial University of Newfoundland",1,1400000.0,Memorial University of Newfoundland - Faculty of Eng. & Applied Science,7,379000.0,"same business number, different names (a parent body's number, or an owner's)"
"Carter, Angela-Memorial University of Newfoundland",1,600000.0,Memorial University of Newfoundland - Faculty of Eng. & Applied Science,7,379000.0,"same business number, different names (a parent body's number, or an owner's)"
"Dobre, Octavia-Memorial University of Newfoundland",1,1400000.0,Memorial University of Newfoundland - Faculty of Eng. & Applied Science,7,379000.0,"same business number, different names (a parent body's number, or an owner's)"
Memorial University of Newfoundland - Faculty of Eng. & Applied Science,7,379000.0,MEMORIAL UNIVERSITY OF NEWFOUNDLAND FINANCIAL AND ADMINISTRATIVE SERVICES,4,5444430.0,"same business number, different names (a parent body's number, or an owner's)"
Memorial University of Newfoundland - Faculty of Eng. & Applied Science,7,379000.0,"Nguyen, Hai-Memorial University of Newfoundland",1,500000.0,"same business number, different names (a parent body's number, or an owner's)"
Memorial University of Newfoundland - Faculty of Eng. & Applied Science,7,379000.0,"Passow, Uta-Memorial University of Newfoundland",1,1400000.0,"same business number, different names (a parent body's number, or an owner's)"
Memorial University of Newfoundland - Faculty of Eng. & Applied Science,7,379000.0,"Robert, Katleen-Memorial University of Newfoundland",1,500000.0,"same business number, different names (a parent body's number, or an owner's)"
Memorial University of Newfoundland - Faculty of Eng. & Applied Science,7,379000.0,"Welch, Nicholas-Memorial University of Newfoundland",1,500000.0,"same business number, different names (a parent body's number, or an owner's)"
Memorial University of Newfoundland - Faculty of Eng. & Applied Science,7,379000.0,"Ziegler, Susan-Memorial University of Newfoundland",1,1400000.0,"same business number, different names (a parent body's number, or an owner's)"
81903 Newfoundland & Labrador Inc.,5,378949.0,Oliver POS Inc.,15,2413643.75,"same business number, different names (a parent body's number, or an owner's)"
Newfoundland & Labrador Search & Rescue Inc.,1,370000.0,Newfoundland and Labrador Search and Rescue Association,4,2758273.0,one name inside the other (often a parent and its subsidiary or branch)
Bell Aliant,8,364001.39,BELL ALIANT REGIONAL,66,158224820.73,one name inside the other (often a parent and its subsidiary or branch)
St. John's International Women's Film & Video Festival,11,361517.0,"St. John's International Women's Film Festival, Inc.",29,2886715.0,"same business number, different names (a parent body's number, or an owner's)"
THE SUNDAY HERALD LIMITED,2,337068.68,SUNDAY HERALD LIMITED - THE NEWFOUNDLAND HERALD,2,558145.0,one name inside the other (often a parent and its subsidiary or branch)
Becton Dickinson,4,2627012.0,Becton Dickinson Canada Inc.,5,330781.36,one name inside the other (often a parent and its subsidiary or branch)
International Brotherhood of Electrical Workers Local 2330,2,436034.0,United Brotherhood of Electrical Workers Local 2330,1,324976.0,"same business number, different names (a parent body's number, or an owner's)"
ONX ENTERPRISE SOLUTIONS LTD,22,1750087.16,OnX Enterprise Solutions Canada,3,324223.03,one name inside the other (often a parent and its subsidiary or branch)
Random North Development,4,318244.0,Random North Development Association,5,1372009.0,one name inside the other (often a parent and its subsidiary or branch)
Medisolution,1,310191.0,Medisolutions,2,442571.0,"a spelling slip apart, with no business number, postal code or review to confirm it"
Torngat Fish Producers Co-Op,1,308776.82,Torngat Fish Producers Co-operative Society Limited,3,437832.0,one name inside the other (often a parent and its subsidiary or branch)
Momentum Healthcare,1,475320.0,Momentum Healthware Inc.,3,302824.26,"a spelling slip apart, with no business number, postal code or review to confirm it"
Canadian Parks and Wilderness Society Newfoundland and Labrador,5,295124.0,Canadian Parks and Wilderness Society Newfoundland and Labrador Chapter,10,681650.0,"same business number, different names (a parent body's number, or an owner's)"
77201 Newfoundland & Labrador Inc.,3,450000.0,Metrics Flow Inc.,7,292585.0,"same business number, different names (a parent body's number, or an owner's)"
Canon Medical Systems,11,13503812.51,Canon Medical Systems Canada,3,291485.45,one name inside the other (often a parent and its subsidiary or branch)
Deer Lake,1,353205.0,Deer Lake Holdings Limited,3,286927.0,one name inside the other (often a parent and its subsidiary or branch)
John Howard Society of Newfoundland,2,271875.0,John Howard Society of Newfoundland and Labrador Inc,30,26833186.9,one name inside the other (often a parent and its subsidiary or branch)
Deer Lake,1,353205.0,TOWN OF DEER LAKE,11,268076.0,one name inside the other (often a parent and its subsidiary or branch)
Argentia Management Authority Inc.,6,266571.0,Port of Argentia Inc.,19,40555553.0,"same business number, different names (a parent body's number, or an owner's)"
Brothers & Associates Law Office,1,256272.0,Brothers and Associates Law Offices,4,2570645.5,"a spelling slip apart, with no business number, postal code or review to confirm it"
BELL CANADA,6688,3503207.11,Bell Canada Enterprises,1,250483.68,one name inside the other (often a parent and its subsidiary or branch)
"Benoukraf, Touati Memorial University of Newfoundland",2,1000000.0,"Chen, Bing-Memorial University of Newfoundland",1,250000.0,"same business number, different names (a parent body's number, or an owner's)"
"Berger, Harris-Memorial University of Newfoundland",1,1400000.0,"Chen, Bing-Memorial University of Newfoundland",1,250000.0,"same business number, different names (a parent body's number, or an owner's)"
"Carter, Angela-Memorial University of Newfoundland",1,600000.0,"Chen, Bing-Memorial University of Newfoundland",1,250000.0,"same business number, different names (a parent body's number, or an owner's)"
"Chen, Bing-Memorial University of Newfoundland",1,250000.0,"Dobre, Octavia-Memorial University of Newfoundland",1,1400000.0,"same business number, different names (a parent body's number, or an owner's)"
"Chen, Bing-Memorial University of Newfoundland",1,250000.0,Fisheries and Marine Institute of Memorial University,11,1009424.0,"same business number, different names (a parent body's number, or an owner's)"
"Chen, Bing-Memorial University of Newfoundland",1,250000.0,Fisheries & Marine Institute of Memorial University of Nfld.,19,3294815.5,"same business number, different names (a parent body's number, or an owner's)"
"Chen, Bing-Memorial University of Newfoundland",1,250000.0,Memorial University,37,8142666.62,"same business number, different names (a parent body's number, or an owner's)"
"Chen, Bing-Memorial University of Newfoundland",1,250000.0,Memorial University of Newfoundland,703,541082578.12,"same business number, different names (a parent body's number, or an owner's)"
"Chen, Bing-Memorial University of Newfoundland",1,250000.0,Memorial University of Newfoundland and Labrador,25,753973.5,"same business number, different names (a parent body's number, or an owner's)"
"Chen, Bing-Memorial University of Newfoundland",1,250000.0,Memorial University of Newfoundland - Faculty of Eng. & Applied Science,7,379000.0,"same business number, different names (a parent body's number, or an owner's)"
"Chen, Bing-Memorial University of Newfoundland",1,250000.0,MEMORIAL UNIVERSITY OF NEWFOUNDLAND FINANCIAL AND ADMINISTRATIVE SERVICES,4,5444430.0,"same business number, different names (a parent body's number, or an owner's)"
"Chen, Bing-Memorial University of Newfoundland",1,250000.0,"Nguyen, Hai-Memorial University of Newfoundland",1,500000.0,"same business number, different names (a parent body's number, or an owner's)"
"Chen, Bing-Memorial University of Newfoundland",1,250000.0,"Passow, Uta-Memorial University of Newfoundland",1,1400000.0,"same business number, different names (a parent body's number, or an owner's)"
"Chen, Bing-Memorial University of Newfoundland",1,250000.0,"Robert, Katleen-Memorial University of Newfoundland",1,500000.0,"same business number, different names (a parent body's number, or an owner's)"
"Chen, Bing-Memorial University of Newfoundland",1,250000.0,"Welch, Nicholas-Memorial University of Newfoundland",1,500000.0,"same business number, different names (a parent body's number, or an owner's)"
"Chen, Bing-Memorial University of Newfoundland",1,250000.0,"Ziegler, Susan-Memorial University of Newfoundland",1,1400000.0,"same business number, different names (a parent body's number, or an owner's)"
Long Range Regional Economic Development Corporation,7,843404.0,Long Range Regional Economic Development Board,4,246375.0,one name inside the other (often a parent and its subsidiary or branch)
DF Barnes Service Limited,1,244470.0,DF BARNES SERVICES LIMITED,45,15138286.17,"a spelling slip apart, with no business number, postal code or review to confirm it"
GOVERNMENT OF NEWFOUNDLAND LABRADOR DEPARTMENT OF TRANSPORTATION & INFRASTRUCTURE,1,242765.0,Newfoundland and Labrador Department of Transportation and Infrastructure,4,41934835.0,one name inside the other (often a parent and its subsidiary or branch)
"First Technology Association, Inc.",3,242201.0,Levitate Learning Inc.,2,387613.0,"same business number, different names (a parent body's number, or an owner's)"
Canadian Hospital Specialities Ltd.,1,455440.98,Canadian Hospital Specialties Ltd,2,227105.0,"a spelling slip apart, with no business number, postal code or review to confirm it"
Kongsberg,58,2174200.15,Konsberg,2,222082.43,"a spelling slip apart, with no business number, postal code or review to confirm it"
Deer Lake Public Library,6,217205.0,Provincial Information and Library Resources Board,22,495710.0,"same business number, different names (a parent body's number, or an owner's)"
Newfoundland and Labrador Restaurant and Foodservice Association,1,252969.0,Newfoundland Labrador Restaurant and Foodservice Association,1,217113.0,one name inside the other (often a parent and its subsidiary or branch)
Abbott Laboratories,5,1404348.81,Abbott Lboratories,1,215490.87,"a spelling slip apart, with no business number, postal code or review to confirm it"
Petroleum & Environmental,3,210593.75,Petroleum & Environmental Services Inc.,5,226590.97,one name inside the other (often a parent and its subsidiary or branch)
Granicus,3,543251.67,Granicus Canada Holdings ULC,1,203567.77,one name inside the other (often a parent and its subsidiary or branch)
WOODWARD AVIATION,114,2681046.92,WOODWARD AVIATION SERVICES,10,203449.67,one name inside the other (often a parent and its subsidiary or branch)
ASL Energy Corporation,5,201261.27,EcoAxis Inc,3,396463.0,"same business number, different names (a parent body's number, or an owner's)"
Relyon Nutec Canada Incorporated,3,475822.0,RELYON NUTEC CANADA (NL) INCORPORAT,2,197541.0,one name inside the other (often a parent and its subsidiary or branch)
N.C.L. Contractors Ltd.,3,907669.0,Westside Asphalt and Concrete Inc.,7,196274.0,"same business number, different names (a parent body's number, or an owner's)"
UEUSHUK FISHERIES LTD,15,3141738.01,Ueushuk Fisheries Limited Partnership,4,193375.0,"same business number, different names (a parent body's number, or an owner's)"
Eagle Vision Leadership Training,5,409007.24,Eagle Vision Leadership Training Solutions Inc.,7,191824.47,one name inside the other (often a parent and its subsidiary or branch)
Leica Microsystems,1,189820.0,Leica Microsystems (Canada) Inc.,11,1526232.15,one name inside the other (often a parent and its subsidiary or branch)
Gary Budden Janitorial,1,184000.0,Gary Budden Janitorial Services,6,1662158.49,one name inside the other (often a parent and its subsidiary or branch)
Fish Food and Allied Workers (FFAW-Unifor),4,178671.0,Fish Food and Allied Workers Union (Ffaw-Unifor),1,179852.0,one name inside the other (often a parent and its subsidiary or branch)
Growler Energy Inc.,7,328499.0,Growler Energy LP,1,175000.0,"same business number, different names (a parent body's number, or an owner's)"
Lion Max Simms Memorial Camp,7,171704.75,The Lion Max Simms Memorial Camp Foundation,4,288366.0,one name inside the other (often a parent and its subsidiary or branch)
C & W INDUSTRIAL FABRICATION & MARINE EQUIP LTD,1,170790.0,C & W Industrial Fabrication & Marine Equipment Ltd.,10,774441.84,"same business number, different names (a parent body's number, or an owner's)"
FRESHWATER COMMUNITY CENTER,2,176132.12,Freshwater Community Centre Inc,8,167034.0,"a spelling slip apart, with no business number, postal code or review to confirm it"
Menihek Nordic Ski Club,1,165679.0,The Menihek Nordic Ski Club Association,7,817119.0,one name inside the other (often a parent and its subsidiary or branch)
Advanced Steriliation Products,1,165330.0,Advanced Sterilization Products,2,392564.0,"a spelling slip apart, with no business number, postal code or review to confirm it"
Kongsberg Maritime Inc,4,165028.5,Kongsberg Maritime Canada Limited,4,2163775.8,one name inside the other (often a parent and its subsidiary or branch)
Public Legal Education Association of Newfoundland,1,163300.0,Public Legal Education Association of Newfoundland and Labrador,2,326600.0,one name inside the other (often a parent and its subsidiary or branch)
Illumina,1,161375.2,Illumina Canada,2,400040.43,one name inside the other (often a parent and its subsidiary or branch)
Instrumentation Laboratory,2,257794.92,Instrumentation Laboratory Canada,2,161133.85,one name inside the other (often a parent and its subsidiary or branch)
Nunatsiavut Government,239,1864143476.36,Nunatsiavut Government - DHSD,1,160280.0,"same business number, different names (a parent body's number, or an owner's)"
Nunatsiavut Government - Department of Health and Social Development (DHSD),2,368056.0,Nunatsiavut Government - DHSD,1,160280.0,"same business number, different names (a parent body's number, or an owner's)"
Haemonetics,3,310277.0,Haemonetics Canada Ltd,1,157472.0,one name inside the other (often a parent and its subsidiary or branch)
Fisher Scientific,9,514918.6,Fisher Scientific Company (Canada),9,156427.37,one name inside the other (often a parent and its subsidiary or branch)
Bell Aliant,8,364001.39,Bell Aliant / Bell Canada,1,152075.0,one name inside the other (often a parent and its subsidiary or branch)
MI'KMAW CULTURAL FOUNDATION INCORPORATED,13,1169004.0,QALIPU CULTURAL FOUNDATION INCORPORATED,14,151457.0,"same business number, different names (a parent body's number, or an owner's)"
Lion Max Simms Memorial Camp,7,171704.75,Max Simms Administration Memorial Camp,4,150250.0,"same business number, different names (a parent body's number, or an owner's)"
Memoral University of Newfoundland,1,150000.0,Memorial University of Newfoundland,703,541082578.12,"a spelling slip apart, with no business number, postal code or review to confirm it"
NDITIVE Technologies Inc.,6,510000.0,Nditive3D Inc.,3,149705.0,"same business number, different names (a parent body's number, or an owner's)"
Brenntag,10,145292.38,Brenntag Canada Inc.,81,1673308.28,one name inside the other (often a parent and its subsidiary or branch)
KJL Mobile Testing Inc.,1,143475.0,KJL Solutions Inc.,8,1049342.0,"same business number, different names (a parent body's number, or an owner's)"
ENERGY RESEARCH & INNOVATION,2,143049.0,Energy Research and Innovation Newfoundland and Labrador,8,57908129.0,one name inside the other (often a parent and its subsidiary or branch)
Community Centre Alliance,5,1216712.0,St. John's Community Centre Alliance,1,142556.0,one name inside the other (often a parent and its subsidiary or branch)
S & P Global Inc.,3,452749.09,S & P Global Canada Corp,1,140000.0,one name inside the other (often a parent and its subsidiary or branch)
The Governing Council of the Salvation Army in Canada,2,137124.0,The Governing Council of The Salvation Army in Canada,17,207069.0,"a spelling slip apart, with no business number, postal code or review to confirm it"
The Governing Council of The Salvation Army in Canada,17,207069.0,The Governing Council of the Salvation Army in Canada,2,137124.0,conflicting identifiers and disjoint postal evidence; identity unresolved unless a named anchor settles it (governing council of salvation army in canada / governing council of salvation army in canada [bn 107951618])
Provincial Information and Liabrary Resources Board,1,136551.0,Provincial Information and Library Resources Board,22,495710.0,"a spelling slip apart, with no business number, postal code or review to confirm it"
White Bay Central Development Association,3,136226.0,White Bay Central Reg Development Association,2,130613.0,"same business number, different names (a parent body's number, or an owner's)"
Hyland Software Inc.,3,126208.92,Upland Software INC,4,438655.68,"a spelling slip apart, with no business number, postal code or review to confirm it"
Hyland Software Inc.,3,126208.92,Hyland Software Canada ULC,4,338282.64,one name inside the other (often a parent and its subsidiary or branch)
Bursey Manufacturing Inc.,13,1555972.13,Burseys Manufacturing,1,122875.0,"a spelling slip apart, with no business number, postal code or review to confirm it"
Cengage Learning Inc.,2,119944.1,Cengage Learning Canada,18,290895.47,one name inside the other (often a parent and its subsidiary or branch)
Armour Lock and Security System,1,117923.0,ARMOUR LOCK AND SECURITY SYSTEMS LT,12,947109.09,"a spelling slip apart, with no business number, postal code or review to confirm it"
Community Recreation Rebroadcasting,1,117761.0,The Community Recreation Rebroadcasting Service Association,3,532727.0,one name inside the other (often a parent and its subsidiary or branch)
Makkovimiut Trust Incorporated,2,267192.04,Makkovimuit Trust Inc,1,113880.0,"a spelling slip apart, with no business number, postal code or review to confirm it"
Becton DIckenson,1,113165.0,Becton Dickingson,1,677912.0,"a spelling slip apart, with no business number, postal code or review to confirm it"
Becton DIckenson,1,113165.0,Becton Dickinson,4,2627012.0,"a spelling slip apart, with no business number, postal code or review to confirm it"
80994 Newfoundland & Labrador Inc.,4,112031.0,Milk Moovement Inc.,6,682917.0,"same business number, different names (a parent body's number, or an owner's)"
Harbour Main-Chapel's Cove-Lakeview,1,111855.0,Town of Harbour Main-Chapel's Cove-Lakeview,7,254479.46,one name inside the other (often a parent and its subsidiary or branch)
NL Association for Community Living,8,811850.0,Newfoundland Association for Community Living,1,111299.0,one name inside the other (often a parent and its subsidiary or branch)
Eastern Valve & Control Specialities,4,111168.0,EASTERN VALVE & CONTROL SPECIALTIES,42,1330862.02,"a spelling slip apart, with no business number, postal code or review to confirm it"
Medtronic,1,110000.0,Medtronic Canada,4,788899.0,one name inside the other (often a parent and its subsidiary or branch)
Summit Mechanical,2,566401.45,Summit Mechanical Services,3,109795.61,one name inside the other (often a parent and its subsidiary or branch)
JFT Enterprises Ltd.,1,105876.0,JSL Enterprises Limited o/a All Wheel Drive,2,117216.51,"a spelling slip apart, with no business number, postal code or review to confirm it"
BARRET BROWN BUILDERS INC.,4,104622.87,BARRETT BROWN BUILDERS INC.,14,747198.74,"a spelling slip apart, with no business number, postal code or review to confirm it"
Ms. Roseann White,2,103500.0,Rocky Brook Cabins Inc.,2,102627.0,"same business number, different names (a parent body's number, or an owner's)"
JBM INVESTMENTS INC.,2,102078.63,JCL Investments Inc.,16,118313222.87,"a spelling slip apart, with no business number, postal code or review to confirm it"
"Allen, Tana-Memorial University of Newfoundland",2,100000.0,"Benoukraf, Touati Memorial University of Newfoundland",2,1000000.0,"same business number, different names (a parent body's number, or an owner's)"
"Allen, Tana-Memorial University of Newfoundland",2,100000.0,"Berger, Harris-Memorial University of Newfoundland",1,1400000.0,"same business number, different names (a parent body's number, or an owner's)"
"Allen, Tana-Memorial University of Newfoundland",2,100000.0,"Carter, Angela-Memorial University of Newfoundland",1,600000.0,"same business number, different names (a parent body's number, or an owner's)"
"Allen, Tana-Memorial University of Newfoundland",2,100000.0,"Chen, Bing-Memorial University of Newfoundland",1,250000.0,"same business number, different names (a parent body's number, or an owner's)"
"Allen, Tana-Memorial University of Newfoundland",2,100000.0,"Dobre, Octavia-Memorial University of Newfoundland",1,1400000.0,"same business number, different names (a parent body's number, or an owner's)"
"Allen, Tana-Memorial University of Newfoundland",2,100000.0,Fisheries and Marine Institute of Memorial University,11,1009424.0,"same business number, different names (a parent body's number, or an owner's)"
"Allen, Tana-Memorial University of Newfoundland",2,100000.0,Fisheries & Marine Institute of Memorial University of Nfld.,19,3294815.5,"same business number, different names (a parent body's number, or an owner's)"
"Allen, Tana-Memorial University of Newfoundland",2,100000.0,Memorial University,37,8142666.62,"same business number, different names (a parent body's number, or an owner's)"
"Allen, Tana-Memorial University of Newfoundland",2,100000.0,Memorial University of Newfoundland,703,541082578.12,"same business number, different names (a parent body's number, or an owner's)"
"Allen, Tana-Memorial University of Newfoundland",2,100000.0,Memorial University of Newfoundland and Labrador,25,753973.5,"same business number, different names (a parent body's number, or an owner's)"
"Allen, Tana-Memorial University of Newfoundland",2,100000.0,Memorial University of Newfoundland - Faculty of Eng. & Applied Science,7,379000.0,"same business number, different names (a parent body's number, or an owner's)"
"Allen, Tana-Memorial University of Newfoundland",2,100000.0,MEMORIAL UNIVERSITY OF NEWFOUNDLAND FINANCIAL AND ADMINISTRATIVE SERVICES,4,5444430.0,"same business number, different names (a parent body's number, or an owner's)"
"Allen, Tana-Memorial University of Newfoundland",2,100000.0,"Nguyen, Hai-Memorial University of Newfoundland",1,500000.0,"same business number, different names (a parent body's number, or an owner's)"
"Allen, Tana-Memorial University of Newfoundland",2,100000.0,"Passow, Uta-Memorial University of Newfoundland",1,1400000.0,"same business number, different names (a parent body's number, or an owner's)"
"Allen, Tana-Memorial University of Newfoundland",2,100000.0,"Robert, Katleen-Memorial University of Newfoundland",1,500000.0,"same business number, different names (a parent body's number, or an owner's)"
"Allen, Tana-Memorial University of Newfoundland",2,100000.0,"Welch, Nicholas-Memorial University of Newfoundland",1,500000.0,"same business number, different names (a parent body's number, or an owner's)"
"Allen, Tana-Memorial University of Newfoundland",2,100000.0,"Ziegler, Susan-Memorial University of Newfoundland",1,1400000.0,"same business number, different names (a parent body's number, or an owner's)"
Harbour Grace Ocean Enterprises Ltd.,25,4172677.53,Placentia Bay Ocean Enterprises Ltd.,2,100000.0,"same business number, different names (a parent body's number, or an owner's)"
Net Benefit Software Inc.,17,1674218.0,SCI Resource Software Inc.,2,100000.0,"same business number, different names (a parent body's number, or an owner's)"
Braya Renewable Fuels (Newfoundland) LP,3,98781465.0,NARL Refining Limited Partnership,1,100000.0,"same business number, different names (a parent body's number, or an owner's)"
Marble Zip Tours Inc,12,439030.68,martiMarble Zip Tours Inc.,1,100000.0,"same business number, different names (a parent body's number, or an owner's)"
Harbour Breton Suites and Chalet Ltd,1,100000.0,Hubert Skinner,5,375921.0,"same business number, different names (a parent body's number, or an owner's)"
61650 Newfoundland & Labrador Inc.,2,99994.0,HAROLD SNOW SERVICE GROUP,6,218240.82,"same business number, different names (a parent body's number, or an owner's)"
Seniors Resource Centre,1,99940.0,Seniors Resource Centre Association of Newfoundland & Labrador Inc.,13,8294200.0,one name inside the other (often a parent and its subsidiary or branch)
"Allen, Tana-Memorial University of Newfoundland",2,100000.0,"Grenfell Campus, Memorial University of Newfoundland",32,99833.0,"same business number, different names (a parent body's number, or an owner's)"
"Benoukraf, Touati Memorial University of Newfoundland",2,1000000.0,"Grenfell Campus, Memorial University of Newfoundland",32,99833.0,"same business number, different names (a parent body's number, or an owner's)"
"Berger, Harris-Memorial University of Newfoundland",1,1400000.0,"Grenfell Campus, Memorial University of Newfoundland",32,99833.0,"same business number, different names (a parent body's number, or an owner's)"
"Carter, Angela-Memorial University of Newfoundland",1,600000.0,"Grenfell Campus, Memorial University of Newfoundland",32,99833.0,"same business number, different names (a parent body's number, or an owner's)"
"Chen, Bing-Memorial University of Newfoundland",1,250000.0,"Grenfell Campus, Memorial University of Newfoundland",32,99833.0,"same business number, different names (a parent body's number, or an owner's)"
"Dobre, Octavia-Memorial University of Newfoundland",1,1400000.0,"Grenfell Campus, Memorial University of Newfoundland",32,99833.0,"same business number, different names (a parent body's number, or an owner's)"
"Grenfell Campus, Memorial University of Newfoundland",32,99833.0,MEMORIAL UNIVERSITY OF NEWFOUNDLAND FINANCIAL AND ADMINISTRATIVE SERVICES,4,5444430.0,"same business number, different names (a parent body's number, or an owner's)"
"Grenfell Campus, Memorial University of Newfoundland",32,99833.0,"Nguyen, Hai-Memorial University of Newfoundland",1,500000.0,"same business number, different names (a parent body's number, or an owner's)"
"Grenfell Campus, Memorial University of Newfoundland",32,99833.0,"Passow, Uta-Memorial University of Newfoundland",1,1400000.0,"same business number, different names (a parent body's number, or an owner's)"
"Grenfell Campus, Memorial University of Newfoundland",32,99833.0,"Robert, Katleen-Memorial University of Newfoundland",1,500000.0,"same business number, different names (a parent body's number, or an owner's)"
"Grenfell Campus, Memorial University of Newfoundland",32,99833.0,"Welch, Nicholas-Memorial University of Newfoundland",1,500000.0,"same business number, different names (a parent body's number, or an owner's)"
"Grenfell Campus, Memorial University of Newfoundland",32,99833.0,"Ziegler, Susan-Memorial University of Newfoundland",1,1400000.0,"same business number, different names (a parent body's number, or an owner's)"
Pilley's Island Recreation Committee,7,118208.0,Town of Pilleys Island,3,96330.0,"same business number, different names (a parent body's number, or an owner's)"
Newfoundland Society for the Physically Disabbled,1,96200.0,Newfoundland Society for the Physically Disabled,6,756919.0,"a spelling slip apart, with no business number, postal code or review to confirm it"
ATLANTIC TRAILER & EQUIPMENT LIMITED,20,771436.89,ATLANTIC TRAILER EQUIPMENT LTD.,3,96117.83,one name inside the other (often a parent and its subsidiary or branch)
Kiwanis Club of Kelligrews Incorporated,6,95591.0,"Kiwanis Club of Kelligrews, Newfoundland",2,134949.61,one name inside the other (often a parent and its subsidiary or branch)
Industrial Engineering & Automation,2,94402.84,Industrial Engineering & Automation Solutions Ltd.,8,754831.0,one name inside the other (often a parent and its subsidiary or branch)
St. John's Young Mens and Young Womans Christian Association,1,93950.0,St. John's Young Men's and Young Women's Christian Association,4,416023.0,"a spelling slip apart, with no business number, postal code or review to confirm it"
Gary Budden Janitorial Services,6,1662158.49,Gary Buddens Janitorial Services,1,92877.34,"a spelling slip apart, with no business number, postal code or review to confirm it"
Mobia Technology Innovation,1,92375.0,Mobia Technology Innovations,8,777391.88,"a spelling slip apart, with no business number, postal code or review to confirm it"
Eagle River Development Association,13,1638265.37,ERDA Complex Building Comm,1,91267.0,"same business number, different names (a parent body's number, or an owner's)"
ONS Enterprise solutions,1,90541.78,ONX ENTERPRISE SOLUTIONS LTD,22,1750087.16,"a spelling slip apart, with no business number, postal code or review to confirm it"
EEP Technical Solutions,3,90045.43,GIP Technical Solutions Ltd,30,1613238.95,"a spelling slip apart, with no business number, postal code or review to confirm it"
Industrial Engineering & Automation Solutions Ltd.,8,754831.0,Industrial Engineering & Automation Solutions (IEAS) Ltd.,1,90000.0,"same business number, different names (a parent body's number, or an owner's)"
MIcrononstyx,1,89155.36,Micronostyx,5,641111.09,"a spelling slip apart, with no business number, postal code or review to confirm it"
Memorial University of Newfoundland (Gardiner,1,87960.0,Memorial University of Newfoundland Gardiner Centre,3,120057.5,one name inside the other (often a parent and its subsidiary or branch)
Town of North River,17,87692.0,Town of North West River,3,170478.0,one name inside the other (often a parent and its subsidiary or branch)
Bauline Community Committee Inc,6,186766.0,Town of Bauline,14,87069.0,"same business number, different names (a parent body's number, or an owner's)"
First Light St. John's Friendship Center,1,86799.0,FIRST LIGHT ST.JOHN'S NATIVE FRIENDSHIP CENTRE,2,386727.0,"same business number, different names (a parent body's number, or an owner's)"
RB Lighthouse Incorporated,7,379176.0,Rose Blanche Lighthouse Inc.,4,86762.87,"same business number, different names (a parent body's number, or an owner's)"
NL Kubota Limited,21,936954.34,NEWFOUNDLAND KUBOTA LTD,5,84107.55,one name inside the other (often a parent and its subsidiary or branch)
BGC BOTWOOD INC.,8,107509.0,Botwood Boys and Girls Club Inc.,5,82589.0,"same business number, different names (a parent body's number, or an owner's)"
Medtronic,1,110000.0,Medtronic of Canada ULC,1,80559.0,one name inside the other (often a parent and its subsidiary or branch)
Bell Aliant,8,364001.39,BELL CANADA (Bell Aliant),1,80340.0,one name inside the other (often a parent and its subsidiary or branch)
ASL Energy Corporation,5,201261.27,Composite Mats Canada Incorporated,3,77104.7,"same business number, different names (a parent body's number, or an owner's)"
Composite Mats Canada Incorporated,3,77104.7,EcoAxis Inc,3,396463.0,"same business number, different names (a parent body's number, or an owner's)"
Hoskin Scientific Limited,32,647354.0,Hoskins Scientific,1,76422.1,"a spelling slip apart, with no business number, postal code or review to confirm it"
Roceh Diagnostics,1,75600.0,Roche Diagnostics,13,9573937.35,"a spelling slip apart, with no business number, postal code or review to confirm it"
Vision33 Inc,1,119000.0,Vision33 Canada Inc,1,75600.0,one name inside the other (often a parent and its subsidiary or branch)
"Government of Newfoundland & Labrador, Department of Justice and Public Safety",1,75242.0,NEWFOUNDLAND AND LABRADOR DEPARTMENT OF JUSTICE AND PUBLIC SAFETY,17,46374110.0,one name inside the other (often a parent and its subsidiary or branch)
"Government of Newfoundland & Labrador, Department of Justice and Public Safety",1,75242.0,Newfoundland & Labrador Justice and Public Safety,1,3100253.27,one name inside the other (often a parent and its subsidiary or branch)
SALTWIRE NETWORK INC,147,75020.04,SALTWIRE NETWORK INC. - NEWFOUNDLAND,17,581032.0,one name inside the other (often a parent and its subsidiary or branch)
86529 Newfoundland & Labrador Inc,1,75000.0,ASL Innovations Corporation,6,388200.79,"same business number, different names (a parent body's number, or an owner's)"
14410211 Canada Inc.,1,75000.0,Cytochrome Technologies Inc.,5,933505.0,"same business number, different names (a parent body's number, or an owner's)"
Beckman Coulter,9,2412607.85,Beckman Coulter Canada,1,74400.66,one name inside the other (often a parent and its subsidiary or branch)
Beckman Coulter,9,2412607.85,Beckmand Coluter,1,73400.63,"a spelling slip apart, with no business number, postal code or review to confirm it"
Carl Zeiss,1,73324.8,Carl Zeiss Canada Ltd,7,468071.08,one name inside the other (often a parent and its subsidiary or branch)
Point Lance Community Council,9,72667.0,TOWN OF POINT LANCE,10,328420.0,"same business number, different names (a parent body's number, or an owner's)"
Point Lance Community Council,9,72667.0,Point Lance Environment Committee,6,104629.0,"same business number, different names (a parent body's number, or an owner's)"
FAA Sports Inc.,6,164135.0,FAA Youth Academy,2,71715.0,"same business number, different names (a parent body's number, or an owner's)"
EASTERN VALVE & CONTROL SPECIALTIES,42,1330862.02,Newvalve Services & Consulting Inc,2,71700.0,"same business number, different names (a parent body's number, or an owner's)"
Sound Listening Environment,1,71500.0,Sound Listening Environments Inc,5,157293.85,"a spelling slip apart, with no business number, postal code or review to confirm it"
Sansom Equipment Limited,9,279692.17,Sansome Equipment Limited,2,71106.62,"a spelling slip apart, with no business number, postal code or review to confirm it"
Point Lance Community Council,9,72667.0,Point Lance Recreation Committee,6,69753.0,"same business number, different names (a parent body's number, or an owner's)"
HealthMark,3,1204744.34,HealthMark Services Ltd.,1,68739.0,one name inside the other (often a parent and its subsidiary or branch)
ROGERS COMMUNICATIONS INC,559,295640.58,Rogers Communications Canada Inc.,2,67912.28,one name inside the other (often a parent and its subsidiary or branch)
Summit Imagin INc,1,153803.15,Summit Imaging,1,67842.0,"a spelling slip apart, with no business number, postal code or review to confirm it"
Newfoundland and Labrador Association of Community Business Development Corporat,61,24922177.0,NEWFOUNDLAND AND LABRADOR ASSOCIATION OF COMMUNITY BUSINESS DEVELOPMENT CORPORATIONS INC.,3,67685.0,"same business number, different names (a parent body's number, or an owner's)"
Newfoundland & Labrador Association of Community Business Development Corporatio,8,1920768.0,NEWFOUNDLAND AND LABRADOR ASSOCIATION OF COMMUNITY BUSINESS DEVELOPMENT CORPORATIONS INC.,3,67685.0,"a spelling slip apart, with no business number, postal code or review to confirm it"
Signal Hill Tattoo Association Inc.,21,1776606.0,"Signal Hill Tattoo Assocociation, Inc.",1,67484.0,"a spelling slip apart, with no business number, postal code or review to confirm it"
Evoqua Water,1,67270.88,Evoqua Water Technologies,7,579154.91,one name inside the other (often a parent and its subsidiary or branch)
Concept Control,1,66808.75,Concept Controls,2,109362.84,"a spelling slip apart, with no business number, postal code or review to confirm it"
Emerald Health Information,1,115712.51,Emerald Health Information Systems,1,65409.72,one name inside the other (often a parent and its subsidiary or branch)
Softchoice,4,321382.71,Softchoice Canada Corp,1,65400.0,one name inside the other (often a parent and its subsidiary or branch)
HARBOUR AUTHORITY LARK HARBOUR-YORK,4,181961.75,HARBOUR AUTHORITY LARK HARBOUR-YORK HARBOUR,2,65340.5,one name inside the other (often a parent and its subsidiary or branch)
Society of Saint Vincent de Paul St. Patrick's Conference,3,65321.0,"Society of St Vincent De Paul, St Patrick's Conference",6,126636.0,"same business number, different names (a parent body's number, or an owner's)"
TUCKER ELECTRONICS LIMITED,20,494133.43,Tucker's Electronics,1,64281.0,"a spelling slip apart, with no business number, postal code or review to confirm it"
Oracle Canada ULC,25,20701307.41,Oralce Canada ULC,1,64035.52,"a spelling slip apart, with no business number, postal code or review to confirm it"
STINGRAY RADIO INC,28,200775.86,Stingray Radio Inc./Radio Stingray Inc.,4,63500.0,one name inside the other (often a parent and its subsidiary or branch)
Canadian Pharmacist Association,1,63455.94,Canadian Pharmacists Association,3,448835.95,"a spelling slip apart, with no business number, postal code or review to confirm it"
EXPLOITS VALLEY AIR SERVICE LTD,1,62739.4,Exploits Valley Air Services Ltd.,8,1467953.75,"a spelling slip apart, with no business number, postal code or review to confirm it"
Marine Insitute,1,62400.0,MARINE INSTITUTE,14,1150830.64,"a spelling slip apart, with no business number, postal code or review to confirm it"
Exyn Technologies,1,190000.0,Kelyn Technologies Inc,5,62336.85,"a spelling slip apart, with no business number, postal code or review to confirm it"
Winneer Garment Industries Ltd.,1,62090.0,WINNER GARMENT INDUSTRIES LTD,3,98589.0,"a spelling slip apart, with no business number, postal code or review to confirm it"
The Governing Council of the Salvation Army in Canada,2,137124.0,The Governing Council of The Salvation Army in Canada,6,61629.0,"a spelling slip apart, with no business number, postal code or review to confirm it"
The Governing Council of The Salvation Army in Canada,6,61629.0,The Governing Council of The Salvation Army in Canada,17,207069.0,conflicting identifiers and disjoint postal evidence; identity unresolved unless a named anchor settles it (governing council of salvation army in canada [bn 107951618RR0038] / governing council of salvation army in canada [bn 107951618])
The Governing Council of The Salvation Army in Canada,17,207069.0,The Governing Council of The Salvation Army in Canada,6,61629.0,conflicting identifiers and disjoint postal evidence; identity unresolved unless a named anchor settles it (governing council of salvation army in canada [bn 107951618RR0038] / governing council of salvation army in canada [bn 107951618])
Colbourne Industrial Services Limited,2,61481.0,Colburne Industrial Services,2,90940.0,"a spelling slip apart, with no business number, postal code or review to confirm it"
FRESHWATER ALEXANDER BAY ECOSYSTEM,2,297353.44,Freshwater-Alexander Bays Ecosystem Corporation,7,60738.0,"a spelling slip apart, with no business number, postal code or review to confirm it"
The Conception Bay South Main Street Business Improvement Association Inc.,2,102005.0,St. John's Downtown Development Commission,1,59752.0,"same business number, different names (a parent body's number, or an owner's)"
Electric Systems Group,1,159307.2,Electronic Systems Group,1,59098.5,"a spelling slip apart, with no business number, postal code or review to confirm it"
Electronic System Group,1,63420.0,Electronic Systems Group,1,59098.5,"a spelling slip apart, with no business number, postal code or review to confirm it"
DBC Marine Safety,1,58995.68,DBC MARINE SAFETY SYSTEMS,22,995868.14,one name inside the other (often a parent and its subsidiary or branch)
PCSP Minor Soccer Association,4,58372.0,Portugal Cove St. Philips Minor Soccer Association,3,108774.0,"same business number, different names (a parent body's number, or an owner's)"
Canadian Pharmacist Association,1,63455.94,Canadian Pharmasits Association,1,58072.64,"a spelling slip apart, with no business number, postal code or review to confirm it"
Canadian Pharmacists Association,3,448835.95,Canadian Pharmasits Association,1,58072.64,"a spelling slip apart, with no business number, postal code or review to confirm it"
Lanier Healthcare,1,58000.0,Lanier Healthcare Canada,6,1403451.79,one name inside the other (often a parent and its subsidiary or branch)
Trinity Bay North Recreation Commission,4,91358.0,Trinity Bay North Recreation Committee,2,57720.0,"same business number, different names (a parent body's number, or an owner's)"
Civica Solutions,1,57262.5,Civica Solutions Canada Inc,2,287106.21,one name inside the other (often a parent and its subsidiary or branch)
GALEN HOLDINGS LIMITED,73,56760.8,Rolen Holdings Inc.,8,195110.0,"a spelling slip apart, with no business number, postal code or review to confirm it"
BayNet Inc. (Bonavista Area Youth Network),2,93045.0,Bonavista Area Youth Network,5,56544.0,"same business number, different names (a parent body's number, or an owner's)"
Cathedral Parish of St. John the Baptist,4,381909.0,The Parish of the Cathedral of St. John the Baptist,6,56050.0,one name inside the other (often a parent and its subsidiary or branch)
Colbourne Industrial Ltd.,1,56000.0,Colbourne Industrial Services Limited,2,61481.0,one name inside the other (often a parent and its subsidiary or branch)
Marystown Minor Soccer,2,55321.0,Marystown Minor Soccer Association,9,123658.0,one name inside the other (often a parent and its subsidiary or branch)
Nanosonics,2,290128.0,Nanosonics Canada Ltd,1,55200.0,one name inside the other (often a parent and its subsidiary or branch)
Provincial Information & Equipment Recycling & Refurbishing Enterprises Ltd.,1,54000.0,Provincial Information Equipment Recycling and Refurbishing Enterprises Inc,8,920439.0,one name inside the other (often a parent and its subsidiary or branch)
Eaton Industries,1,53530.0,Eaton Industries (Canada) Company,3,65821.0,one name inside the other (often a parent and its subsidiary or branch)
MIAWPUKEK MI'KAMAW MAWI'OMI,2,53475.0,Miawpukek Mi'kamawey Mawi'omi,55,16446753.0,"a spelling slip apart, with no business number, postal code or review to confirm it"
Baie Verte & Area Chamber of Commerce Corporation,7,53405.0,Baie Verte Peninsula Chamber of Commerce Corporation,13,257947.8,"same business number, different names (a parent body's number, or an owner's)"
Hant's Harbour Recreation Commission,3,52138.0,Town of Hants Harbour,8,156484.0,"same business number, different names (a parent body's number, or an owner's)"
Grand Lake Center of Economic Development,1,51944.0,Grand Lake Centre of Economic Development,8,282665.0,"a spelling slip apart, with no business number, postal code or review to confirm it"
Grand Lake Center of Economic Development,1,51944.0,Grand Lake Centre of Economic Developement,1,56391.0,"a spelling slip apart, with no business number, postal code or review to confirm it"
J.B.S. Recreation Commission,6,52176.0,Joe Batts Arm Recreation Inc,3,51792.0,"same business number, different names (a parent body's number, or an owner's)"
Econolite Inc.,1,51144.0,Econolite Canada,2,85922.12,one name inside the other (often a parent and its subsidiary or branch)
Arnold's Cove Heritage Foundation,6,50613.0,Town of Arnold's Cove,14,808290.6,"same business number, different names (a parent body's number, or an owner's)"
East Coast Hydraulics,2,50463.0,EAST COAST HYDRAULICS NFLD LTD.,59,1477024.68,one name inside the other (often a parent and its subsidiary or branch)
Community Council of Woody Point,6,50096.0,Town of Woody Point,8,73387.0,"same business number, different names (a parent body's number, or an owner's)"
MEMORIAL UNIVERSITY OF NEWFOUNDLAND - MEMORIAL UNIVERSITY PRESS,5,70243.0,MEMORIAL UNIVERSITY PRESS,3,50018.0,one name inside the other (often a parent and its subsidiary or branch)
BARMAX AUTO LTD.,11,844609.0,PENNEY KIA,7,50000.0,"same business number, different names (a parent body's number, or an owner's)"
Canadian Parks and Wilderness Society,14,1924644.0,Canadian Parks and Wilderness Society Canada,1,50000.0,one name inside the other (often a parent and its subsidiary or branch)
Golf Newfoundland & Labrador,2,50000.0,Golf Newfoundland Labrador Inc.,34,391303.0,one name inside the other (often a parent and its subsidiary or branch)
East Coast Marine & Indsutrial Limited,2,83350.0,EAST COAST MARINE AND INDUSTRIAL,3,49193.0,"a spelling slip apart, with no business number, postal code or review to confirm it"
Youth 2000 Centre Corp,3,48228.0,Youth 2000 Centre (Y2C) Corporation,5,55483.0,"same business number, different names (a parent body's number, or an owner's)"
BREAKWATER BOOKS LIMITED,37,2944520.48,Breakwater Brooks Limited,1,47730.0,"a spelling slip apart, with no business number, postal code or review to confirm it"
CBN (Conception Bay North) Lightning Sports Club,3,46916.0,Conception Bay North Lightning Sports Club,5,63764.0,"same business number, different names (a parent body's number, or an owner's)"
Our Lady of Grace Parish,8,46448.0,Roman Catholic Episcopal Corp. of St. Georges,5,47738.0,"same business number, different names (a parent body's number, or an owner's)"
Grand Bank 50+ Club,2,45566.0,Reidville 50+ Club,9,87033.0,"same business number, different names (a parent body's number, or an owner's)"
Goulds Arena Association,7,310431.57,Goulds Lions Arena Association INC.,4,45412.0,"same business number, different names (a parent body's number, or an owner's)"
TOWN OF DEER LAKE,11,268076.0,Town of Deer Lake (No.1 1950),10,45151.0,"same business number, different names (a parent body's number, or an owner's)"
Corner Brook United Minor Soccer Club,1,44879.0,Corner Brook United Soccer Club,1,46019.0,"same business number, different names (a parent body's number, or an owner's)"
Town of Whitbourne,1,60000.0,Whitbourne Town Council,8,44738.0,"same business number, different names (a parent body's number, or an owner's)"
The Royal Canadian Legion Branch 56,2,43266.0,Royal Canadian Legion Pleasantville Branch 56,3,114383.0,"same business number, different names (a parent body's number, or an owner's)"
Elim Pentecostal Tabernacle,6,43199.0,Pentecostal Assemblies of Newfoundland and Labrador Corporation,9,81421.0,"same business number, different names (a parent body's number, or an owner's)"
"Said, Mohamed",2,177500.0,"Said, Mohammed",1,42000.0,"a spelling slip apart, with no business number, postal code or review to confirm it"
McCarthy's Heating Service Limited,10,78359.0,MCCARTHYS HEATING SERVICES LIMITED,2,41890.82,"a spelling slip apart, with no business number, postal code or review to confirm it"
College of the North Atlantic,109,33760238.27,College Of The Nrth Atlantic,1,41652.54,"a spelling slip apart, with no business number, postal code or review to confirm it"
Harvey Gale and Son Ltd,1,41650.0,HARVEY GALE & SONS LTD,4,84910.06,"a spelling slip apart, with no business number, postal code or review to confirm it"
Elim Pentecostal Tabernacle,6,43199.0,Evangel Pentecostal Church,8,41470.0,"same business number, different names (a parent body's number, or an owner's)"
Evangel Pentecostal Church,8,41470.0,Pentecostal Assemblies of Newfoundland and Labrador Corporation,9,81421.0,"same business number, different names (a parent body's number, or an owner's)"
PBA Industrial,1,41271.6,PBO Industrial,1,68250.0,"a spelling slip apart, with no business number, postal code or review to confirm it"
TopCan Canada,1,41224.0,Topcon Canada Inc.,1,195577.0,"a spelling slip apart, with no business number, postal code or review to confirm it"
Summerford Age Friendly,4,40163.0,Town of Summerford,3,95851.0,"same business number, different names (a parent body's number, or an owner's)"
Summerford Age Friendly,4,40163.0,Summerford & Area Age Friendly,5,57427.0,"same business number, different names (a parent body's number, or an owner's)"
Cow Head Tourism Committee/Friends of the Garden,4,40052.0,Tourism Committee/Friends of the Garden,4,51794.0,"same business number, different names (a parent body's number, or an owner's)"
FFAW/CAW Fisherman's Resource Centres Inc,1,39269.02,FFAW/CAW Fishermen's Resource Centres Inc.,3,556515.0,"a spelling slip apart, with no business number, postal code or review to confirm it"
NF Rugby and Swilers Rugby Football Club,4,61448.0,Swilers Rugby Football Club,3,38949.0,"same business number, different names (a parent body's number, or an owner's)"
St. John's Amateur Baseball Association,3,38948.0,St. John's Amateur Baseball League,4,70416.0,"same business number, different names (a parent body's number, or an owner's)"
"Fish, Food and Allied Workers-Unifo",1,439329.1,"Fish, Food and Allied Workers - UNIFOR",4,38895.0,"a spelling slip apart, with no business number, postal code or review to confirm it"
"Fish, Food and Allied Workers - UNIFOR",4,38895.0,"Fish, Food and Allied Workers Union",11,2940969.01,"a spelling slip apart, with no business number, postal code or review to confirm it"
VIVAT COMMUNICATIONS,1,255821.55,VIVID COMMUNICATIONS INC,3,38612.8,"a spelling slip apart, with no business number, postal code or review to confirm it"
R.C. Episcopal Corporation of Grand Falls,7,37674.0,Roman Catholic Episcopal Corporation of Grand Falls,9,83030.0,"same business number, different names (a parent body's number, or an owner's)"
RB Lighthouse Incorporated,7,379176.0,RB Lighthouse Incorporation,2,37587.0,"same business number, different names (a parent body's number, or an owner's)"
RB Lighthouse Incorporation,2,37587.0,Rose Blanche Lighthouse Inc.,4,86762.87,"same business number, different names (a parent body's number, or an owner's)"
J.B.S. Recreation Commission,6,52176.0,Joe Batt's Arm Recreation Commission,6,37519.0,"same business number, different names (a parent body's number, or an owner's)"
Joe Batts Arm Recreation Inc,3,51792.0,Joe Batt's Arm Recreation Commission,6,37519.0,"same business number, different names (a parent body's number, or an owner's)"
Burin Minor Soccer Parents Association,4,70939.0,Burin Recreation Commission,3,37475.0,"same business number, different names (a parent body's number, or an owner's)"
Hearts Delight - Islington Recreation,2,38480.0,Town of Heart's Delight Isling Recreation Committee,2,37275.0,"same business number, different names (a parent body's number, or an owner's)"
Summerford Age Friendly,4,40163.0,Summerford Recreation Committee,3,36952.0,"same business number, different names (a parent body's number, or an owner's)"
Summerford Recreation Committee,3,36952.0,Town of Summerford,3,95851.0,"same business number, different names (a parent body's number, or an owner's)"
"Royal Canadian Legion, Branch #65",8,76058.0,Royal Canadian Legion Branch # 65 Brigus,4,36869.0,"same business number, different names (a parent body's number, or an owner's)"
Compass Seniors' Services Inc,6,1528068.0,"Connections for Seniors, Inc.",1,36675.0,"same business number, different names (a parent body's number, or an owner's)"
GALEN HOLDINGS LIMITED,73,56760.8,Haley Holdings Limited,6,36468.0,"a spelling slip apart, with no business number, postal code or review to confirm it"
Municipality of Trinity Bay North,5,471920.0,Town of Trinity Bay North,2,36450.0,"same business number, different names (a parent body's number, or an owner's)"
The Anglican Parish of All Saints,2,48000.0,Diocesan Synod of Western Newfoundland,7,36180.0,"same business number, different names (a parent body's number, or an owner's)"
Our Lady of Grace Parish,8,46448.0,Roman Catholic Episcopal Corp. of St. Georges (Our Lady of Lourdes Parish),3,36094.0,"same business number, different names (a parent body's number, or an owner's)"
Roman Catholic Episcopal Corp. of St. Georges,5,47738.0,Roman Catholic Episcopal Corp. of St. Georges (Our Lady of Lourdes Parish),3,36094.0,"same business number, different names (a parent body's number, or an owner's)"
848672606,1,35793.0,Tourism Bell Island Inc.,26,873777.0,"same business number, different names (a parent body's number, or an owner's)"
Our Lady of Grace BC Parish Committee,5,35724.0,Our Lady of Grace Parish,8,46448.0,"same business number, different names (a parent body's number, or an owner's)"
Our Lady of Grace BC Parish Committee,5,35724.0,Roman Catholic Episcopal Corp. of St. Georges,5,47738.0,"same business number, different names (a parent body's number, or an owner's)"
Our Lady of Grace BC Parish Committee,5,35724.0,Roman Catholic Episcopal Corp. of St. Georges (Our Lady of Lourdes Parish),3,36094.0,"same business number, different names (a parent body's number, or an owner's)"
"Canada Bank Note Company, Limited",1,35333.32,CANADIAN BANK NOTE COMPANY LIMITED,2,49773.72,"a spelling slip apart, with no business number, postal code or review to confirm it"
Memoral University of Newfoundland,1,150000.0,Memorial Universtiy of Newfoundland,1,35000.0,"a spelling slip apart, with no business number, postal code or review to confirm it"
Memorial University of Newfoundland,703,541082578.12,Memorial Universtiy of Newfoundland,1,35000.0,"a spelling slip apart, with no business number, postal code or review to confirm it"
Mount Pearl Minor Baseball Association Inc.,7,227223.0,Mt. Pearl Minor Baseball Association Inc,1,34906.0,"same business number, different names (a parent body's number, or an owner's)"
TORRENT RIVER DEVELOPMENT CORPORATION INC.,8,112164.0,Torrent River Development Corp./ Fishway,1,34906.0,"same business number, different names (a parent body's number, or an owner's)"
Community Council of L'Anse Au Loup,8,34875.0,Town of L'Anse au Loup,6,86033.86,"same business number, different names (a parent body's number, or an owner's)"
The Governing Council of the salvation Army,8,34767.0,The Governing Council of The Salvation Army in Canada,6,61629.0,"same business number, different names (a parent body's number, or an owner's)"
The Governing Council of the salvation Army,8,34767.0,The Governing Council of The Salvation Army in Canada,17,207069.0,"same business number, different names (a parent body's number, or an owner's)"
Trepassey Lions Club,5,85032.0,Trepassey Lions Club FRAMP,2,34603.0,"same business number, different names (a parent body's number, or an owner's)"
Cathedral Parish of St. John the Baptist,4,381909.0,Parish of All Saints,3,34370.0,"same business number, different names (a parent body's number, or an owner's)"
STRANGEMORE' ELECTRICAL SERVICES LT,2,47621.0,STRANGEMORE'S ELECTRICAL SERVICES LTD,2,34316.0,"a spelling slip apart, with no business number, postal code or review to confirm it"
Cathedral Parish of St. John the Baptist,4,381909.0,Diocesan Synod of Eastern Newfoundland and Labrador,6,34168.0,"same business number, different names (a parent body's number, or an owner's)"
Diocesan Synod of Eastern Newfoundland and Labrador,6,34168.0,Parish of All Saints,3,34370.0,"same business number, different names (a parent body's number, or an owner's)"
Glovertown Town Council,6,33689.0,Town of Glovertown,10,2404176.83,"same business number, different names (a parent body's number, or an owner's)"
Eastern Composite Services Inc.,21,2261647.9,EASTERN COMPOSITES SERVICES,2,33467.3,"a spelling slip apart, with no business number, postal code or review to confirm it"
Grande Meadows Golf Course Assoc. Inc,4,33458.0,Grande Meadows Golf Course Association Inc.,4,63197.0,"same business number, different names (a parent body's number, or an owner's)"
R.C. Episcopal Corporation of Grand Falls,7,37674.0,Roman Catholic Episcopal C Immaculate Conception Parish,3,33319.0,"same business number, different names (a parent body's number, or an owner's)"
Roman Catholic Episcopal C Immaculate Conception Parish,3,33319.0,Roman Catholic Episcopal Corporation of Grand Falls,9,83030.0,"same business number, different names (a parent body's number, or an owner's)"
Glenburnie Birchy Head Shoal B,5,33302.0,Town of Glenburnie-Birchy Head-Shoal Brook,8,186087.0,"same business number, different names (a parent body's number, or an owner's)"
Dogs Rugby Club,4,33109.0,Dogs Rugby Football Club Ltd.,4,38359.0,"same business number, different names (a parent body's number, or an owner's)"
Burnt Islands Recreation Commission,3,33095.0,Town of Burnt Islands Recreation,5,72695.0,"same business number, different names (a parent body's number, or an owner's)"
53385 NEWFOUNDLAND & LABRADOR INC,1,33083.0,AKITA EQUIPMENT,3,42765.0,"same business number, different names (a parent body's number, or an owner's)"
Badger Town Council,8,32943.0,Town of Badger,2,70097.26,"same business number, different names (a parent body's number, or an owner's)"
The Anglican Parish of All Saints,2,48000.0,Diocesean Synod of Western Newfoundland,3,32058.0,"same business number, different names (a parent body's number, or an owner's)"
Apothecary Hall Trust,5,32004.0,NEWFOUNDLAND AND LABRADOR PHARMACY MUSEUM,5,57556.0,"same business number, different names (a parent body's number, or an owner's)"
Town of North River,17,87692.0,Town of South River,8,31993.0,"a spelling slip apart, with no business number, postal code or review to confirm it"
Société de Saint-Vincent de Paul-Conseil national du Canada,1,31787.0,Society of Saint Vincent de Paul St. Patrick's Conference,3,65321.0,"same business number, different names (a parent body's number, or an owner's)"
Société de Saint-Vincent de Paul-Conseil national du Canada,1,31787.0,"Society of St Vincent De Paul, St Patrick's Conference",6,126636.0,"same business number, different names (a parent body's number, or an owner's)"
HARBOUR AUTHORITY OF HAPPY ADVENTUR,4,112930.0,Harbour Authority of Happy Adventure,8,31505.0,"a spelling slip apart, with no business number, postal code or review to confirm it"
Western Health Care Corporation,2,31429.95,WESTERN REGIONAL HEALTH AUTHORITY,6,627174.25,"same business number, different names (a parent body's number, or an owner's)"
Norman's Cove-Long Cove Sports and Recreation,3,36292.0,Norman's Cove-Long Cove Sports and Recreation Commission,7,30727.0,"same business number, different names (a parent body's number, or an owner's)"
Trinity bat North Recreation Committee,1,30681.0,Trinity Bay North Recreation Commission,4,91358.0,"same business number, different names (a parent body's number, or an owner's)"
Trepassey Lions Club,5,85032.0,TREPASSEY LIONS CLUB F R A M P,1,30680.0,"same business number, different names (a parent body's number, or an owner's)"
Cathedral Parish of St. John the Baptist,4,381909.0,The Parish of Upper Island Cove,6,30582.0,"same business number, different names (a parent body's number, or an owner's)"
Diocesan Synod of Eastern Newfoundland and Labrador,6,34168.0,The Parish of Upper Island Cove,6,30582.0,"same business number, different names (a parent body's number, or an owner's)"
Parish of All Saints,3,34370.0,The Parish of Upper Island Cove,6,30582.0,"same business number, different names (a parent body's number, or an owner's)"
Leica Biosystems,2,30341.86,Leica Geosystems Ltd.,4,194306.95,"a spelling slip apart, with no business number, postal code or review to confirm it"
Mazol Charitable Trust Inc,5,29859.0,Mazol Shriners Charitable Trust Inc.,5,335033.0,"same business number, different names (a parent body's number, or an owner's)"
CBS KIWANIS MINOR BASEBALL ASSOCIATION,13,243957.0,Conception Bay South Kiwanis Minor Baseball Association,1,29853.0,"same business number, different names (a parent body's number, or an owner's)"
Harbour Authority of Rose Blanche,7,29594.0,Harbour Authority of Rose Blanche-Harbour Le Cou,1,30000.0,"same business number, different names (a parent body's number, or an owner's)"
Harbour Grace Community Youth Network,8,210824.0,Harbour Grace Community Youth Network Hub Inc.,1,29572.0,"same business number, different names (a parent body's number, or an owner's)"
The Arts and Aging Network,2,29492.0,Old School Intergenerational Projects,2,48999.0,"same business number, different names (a parent body's number, or an owner's)"
Bay de Verde Recreation,3,29467.0,Heritage Bay de Verde,5,41254.0,"same business number, different names (a parent body's number, or an owner's)"
Avondale Recreation Commission,1,29439.0,Avondale Recreation Committee Inc.,11,164599.0,"same business number, different names (a parent body's number, or an owner's)"
Hawke's Bay Development Corp,1,29439.0,TORRENT RIVER DEVELOPMENT CORPORATION INC.,8,112164.0,"same business number, different names (a parent body's number, or an owner's)"
Hawke's Bay Development Corp,1,29439.0,Torrent River Development Corp./ Fishway,1,34906.0,"same business number, different names (a parent body's number, or an owner's)"
CHRISTIE LITES SALES LTD,6,343112.84,Christine Lite Sales Ltd,2,29422.0,"a spelling slip apart, with no business number, postal code or review to confirm it"
KIMJ CONSTRUCTION LTD,1,29134.45,Kmj Construction Ltd,99,3054583.73,"a spelling slip apart, with no business number, postal code or review to confirm it"
SUPERIOR OFFICE INTERIOR LTD,2,29107.65,SUPERIOR OFFICE INTERIORS LTD,70,2421067.9,"a spelling slip apart, with no business number, postal code or review to confirm it"
The Anglican Parish of All Saints,2,48000.0,Anglican Parish of Flowers Cove,8,28944.0,"same business number, different names (a parent body's number, or an owner's)"
Anglican Parish of Flowers Cove,8,28944.0,Diocesan Synod of Western Newfoundland,7,36180.0,"same business number, different names (a parent body's number, or an owner's)"
Anglican Parish of Flowers Cove,8,28944.0,Diocesean Synod of Western Newfoundland,3,32058.0,"same business number, different names (a parent body's number, or an owner's)"
R.C. Episcopal Corporation of Grand Falls,7,37674.0,Roman Catholic Parish of Brigus,6,28919.0,"same business number, different names (a parent body's number, or an owner's)"
Roman Catholic Episcopal C Immaculate Conception Parish,3,33319.0,Roman Catholic Parish of Brigus,6,28919.0,"same business number, different names (a parent body's number, or an owner's)"
Roman Catholic Episcopal Corporation of Grand Falls,9,83030.0,Roman Catholic Parish of Brigus,6,28919.0,"same business number, different names (a parent body's number, or an owner's)"
Brandt Tractor Ltd,28,997844.8,Brandt Tractors,1,28705.77,"a spelling slip apart, with no business number, postal code or review to confirm it"
Elim Pentecostal Tabernacle,6,43199.0,Pentecostal Tabernacle,7,28568.0,"same business number, different names (a parent body's number, or an owner's)"
Evangel Pentecostal Church,8,41470.0,Pentecostal Tabernacle,7,28568.0,"same business number, different names (a parent body's number, or an owner's)"
Pentecostal Assemblies of Newfoundland and Labrador Corporation,9,81421.0,Pentecostal Tabernacle,7,28568.0,"same business number, different names (a parent body's number, or an owner's)"
PLACENTIA STAR OF THE SEA ASSOCIATION INC.,2,28540.0,Star of the Sea Association,7,30986.0,"same business number, different names (a parent body's number, or an owner's)"
The Governing Council of the salvation Army,8,34767.0,The Salvation Army Carbonear Corps,7,28314.0,"same business number, different names (a parent body's number, or an owner's)"
The Governing Council of The Salvation Army in Canada,6,61629.0,The Salvation Army Carbonear Corps,7,28314.0,"same business number, different names (a parent body's number, or an owner's)"
The Governing Council of The Salvation Army in Canada,17,207069.0,The Salvation Army Carbonear Corps,7,28314.0,"same business number, different names (a parent body's number, or an owner's)"
Cathedral Parish of St. John the Baptist,4,381909.0,Parish of St. Thomas',7,28016.0,"same business number, different names (a parent body's number, or an owner's)"
Diocesan Synod of Eastern Newfoundland and Labrador,6,34168.0,Parish of St. Thomas',7,28016.0,"same business number, different names (a parent body's number, or an owner's)"
Parish of All Saints,3,34370.0,Parish of St. Thomas',7,28016.0,"same business number, different names (a parent body's number, or an owner's)"
Parish of St. Thomas',7,28016.0,The Parish of Upper Island Cove,6,30582.0,"same business number, different names (a parent body's number, or an owner's)"
Royal Canadian Legion,2,27986.0,Royal Canadian Legion Branch 32,16,77759.0,"same business number, different names (a parent body's number, or an owner's)"
HARBOUR AUTHORITY OF GLOVERTOWN,4,27307.01,Harbour Authority of Happy Adventure,8,31505.0,"same business number, different names (a parent body's number, or an owner's)"
MARY'S HARBOUR COMMUNITY COUNCIL,3,26898.0,Town of Mary's Harbour,3,271051.94,"same business number, different names (a parent body's number, or an owner's)"
BDI CANADA INC,2,26813.77,BDO Canada,1,265000.0,"a spelling slip apart, with no business number, postal code or review to confirm it"
Humber Tumblers,3,30741.0,Humber Tumblers Inc (Saltos),2,26703.0,"same business number, different names (a parent body's number, or an owner's)"
Hope Aero Propeller & Components Inc.,1,29877.58,Hope Areo Propeller & Components Inc.,1,26624.9,"a spelling slip apart, with no business number, postal code or review to confirm it"
"Dermot Lee Memorial, Royal Canadian Legion Br. 62",3,26599.0,Royal Canadian Legion Branch 62,3,53984.0,"same business number, different names (a parent body's number, or an owner's)"
I B P C IBPC,8,129122.0,IBPC,4,26334.0,"same business number, different names (a parent body's number, or an owner's)"
HARBOUR AUTHORITY OF LEADING TICKLE,3,103388.45,Harbour Authority Of Leading Tickles,7,26289.0,"a spelling slip apart, with no business number, postal code or review to confirm it"
Charlottetown Community Council,6,26211.0,TOWN OF CHARLOTTETOWN,6,218527.0,"same business number, different names (a parent body's number, or an owner's)"
Roman Catholic Episcopal Corporation St. Peter's,2,35000.0,St. Michael's Roman Catholic Parish,4,26065.0,"same business number, different names (a parent body's number, or an owner's)"
UPPER ISLAND COVE PARKS AND RE,1,25566.0,Upper Island Cove Parks and Recreation Association,7,196525.0,"same business number, different names (a parent body's number, or an owner's)"
Royal Canadian Legion,2,27986.0,"The Royal Canadian Legion Branch 32, Bay Roberts Inc.",1,25000.0,"same business number, different names (a parent body's number, or an owner's)"
Royal Canadian Legion Branch 32,16,77759.0,"The Royal Canadian Legion Branch 32, Bay Roberts Inc.",1,25000.0,"same business number, different names (a parent body's number, or an owner's)"
Renews Cappahayden Community Council,1,25000.0,TOWN OF RENEWS-CAPPAHAYDEN,4,28340.0,"same business number, different names (a parent body's number, or an owner's)"
CORPORATE CONCIERGE SERVICE INC.,1,24708.62,CORPORATE CONCIERGE SERVICES INC.,1,496618.64,"a spelling slip apart, with no business number, postal code or review to confirm it"
Audio System,1,24541.65,Audio Systems Limited,9,485770.2,"a spelling slip apart, with no business number, postal code or review to confirm it"
Burin Minor Soccer Parents Association,4,70939.0,Burin Town Council,1,24440.0,"same business number, different names (a parent body's number, or an owner's)"
Burin Recreation Commission,3,37475.0,Burin Town Council,1,24440.0,"same business number, different names (a parent body's number, or an owner's)"
Clarenville Area Softball Association,2,24162.0,Clarenville Minor Softball Association,3,34278.0,"same business number, different names (a parent body's number, or an owner's)"
Electro-Medical Instrument Co,1,39825.0,Electro-Medical Instruments,1,24113.0,"a spelling slip apart, with no business number, postal code or review to confirm it"
Bay Bulls Town Council,6,24111.0,Town of Bay Bulls,7,697108.0,"same business number, different names (a parent body's number, or an owner's)"
Serox Canada Ltd.,1,24000.0,Xerox Canada Ltd.,6,243602.06,"a spelling slip apart, with no business number, postal code or review to confirm it"
Manuels River Community Inc,2,23873.0,"Manuels River Natural Heritage Society, Inc.",17,2757326.0,"same business number, different names (a parent body's number, or an owner's)"
Humber Tumblers,3,30741.0,Humber Tumblers Gymnastics Club,2,23873.0,"same business number, different names (a parent body's number, or an owner's)"
Happy Valley Goose Bay Minor Soccer Association,2,23659.0,Happy Valley-Goose Bay Minor Soccer Club,1,25151.0,"same business number, different names (a parent body's number, or an owner's)"
Conception Harbour Recreation,3,40696.0,Conception Harbour Recreation Commission,2,23287.0,"same business number, different names (a parent body's number, or an owner's)"
Conception Harbour Recreation Commission,2,23287.0,Conception Harbour Recreation Committee,4,29063.0,"same business number, different names (a parent body's number, or an owner's)"
Newfoundland and Labrador Restaurant & Food Services Association Inc.,1,23205.0,Newfoundland and Labrador Restaurant and Foodservice Association,1,252969.0,"a spelling slip apart, with no business number, postal code or review to confirm it"
Early Childhood Development Association,4,30880.0,Happy Valley-Goose Bay Early Childhood Development Association,3,23194.0,"same business number, different names (a parent body's number, or an owner's)"
St. Michael's Artists - Printm,3,22933.0,St. Michael's Artists - Printmakers Association,4,53416.0,"same business number, different names (a parent body's number, or an owner's)"
Elim Pentecostal Tabernacle,6,43199.0,Pentecostal Assembly,5,22825.0,"same business number, different names (a parent body's number, or an owner's)"
Evangel Pentecostal Church,8,41470.0,Pentecostal Assembly,5,22825.0,"same business number, different names (a parent body's number, or an owner's)"
Pentecostal Assemblies of Newfoundland and Labrador Corporation,9,81421.0,Pentecostal Assembly,5,22825.0,"same business number, different names (a parent body's number, or an owner's)"
Pentecostal Assembly,5,22825.0,Pentecostal Tabernacle,7,28568.0,"same business number, different names (a parent body's number, or an owner's)"
Town of Twillingate,27,1255590.0,Twillingate Recreation Commission,5,22512.0,"same business number, different names (a parent body's number, or an owner's)"
MERCER'S MARINE EQUIPMENT LTD,42,701990.76,MERVERS MARING EQUIPMENT LTD,1,22459.5,"a spelling slip apart, with no business number, postal code or review to confirm it"
TOWN OF LARK HARBOUR,10,100759.6,Town of York Harbour,3,22244.04,"a spelling slip apart, with no business number, postal code or review to confirm it"
"Allen, Tana-Memorial University of Newfoundland",2,100000.0,Memorial University of Newfoundland Research Grant and Contract Services,1,22050.0,"same business number, different names (a parent body's number, or an owner's)"
"Benoukraf, Touati Memorial University of Newfoundland",2,1000000.0,Memorial University of Newfoundland Research Grant and Contract Services,1,22050.0,"same business number, different names (a parent body's number, or an owner's)"
"Berger, Harris-Memorial University of Newfoundland",1,1400000.0,Memorial University of Newfoundland Research Grant and Contract Services,1,22050.0,"same business number, different names (a parent body's number, or an owner's)"
"Carter, Angela-Memorial University of Newfoundland",1,600000.0,Memorial University of Newfoundland Research Grant and Contract Services,1,22050.0,"same business number, different names (a parent body's number, or an owner's)"
"Chen, Bing-Memorial University of Newfoundland",1,250000.0,Memorial University of Newfoundland Research Grant and Contract Services,1,22050.0,"same business number, different names (a parent body's number, or an owner's)"
"Dobre, Octavia-Memorial University of Newfoundland",1,1400000.0,Memorial University of Newfoundland Research Grant and Contract Services,1,22050.0,"same business number, different names (a parent body's number, or an owner's)"
Fisheries and Marine Institute of Memorial University,11,1009424.0,Memorial University of Newfoundland Research Grant and Contract Services,1,22050.0,"same business number, different names (a parent body's number, or an owner's)"
Fisheries & Marine Institute of Memorial University of Nfld.,19,3294815.5,Memorial University of Newfoundland Research Grant and Contract Services,1,22050.0,"same business number, different names (a parent body's number, or an owner's)"
"Grenfell Campus, Memorial University of Newfoundland",32,99833.0,Memorial University of Newfoundland Research Grant and Contract Services,1,22050.0,"same business number, different names (a parent body's number, or an owner's)"
Memorial University,37,8142666.62,Memorial University of Newfoundland Research Grant and Contract Services,1,22050.0,"same business number, different names (a parent body's number, or an owner's)"
Memorial University of Newfoundland,703,541082578.12,Memorial University of Newfoundland Research Grant and Contract Services,1,22050.0,"same business number, different names (a parent body's number, or an owner's)"
Memorial University of Newfoundland and Labrador,25,753973.5,Memorial University of Newfoundland Research Grant and Contract Services,1,22050.0,"same business number, different names (a parent body's number, or an owner's)"
Memorial University of Newfoundland - Faculty of Eng. & Applied Science,7,379000.0,Memorial University of Newfoundland Research Grant and Contract Services,1,22050.0,"same business number, different names (a parent body's number, or an owner's)"
MEMORIAL UNIVERSITY OF NEWFOUNDLAND FINANCIAL AND ADMINISTRATIVE SERVICES,4,5444430.0,Memorial University of Newfoundland Research Grant and Contract Services,1,22050.0,"same business number, different names (a parent body's number, or an owner's)"
Memorial University of Newfoundland Research Grant and Contract Services,1,22050.0,"Nguyen, Hai-Memorial University of Newfoundland",1,500000.0,"same business number, different names (a parent body's number, or an owner's)"
Memorial University of Newfoundland Research Grant and Contract Services,1,22050.0,"Passow, Uta-Memorial University of Newfoundland",1,1400000.0,"same business number, different names (a parent body's number, or an owner's)"
Memorial University of Newfoundland Research Grant and Contract Services,1,22050.0,"Robert, Katleen-Memorial University of Newfoundland",1,500000.0,"same business number, different names (a parent body's number, or an owner's)"
Memorial University of Newfoundland Research Grant and Contract Services,1,22050.0,"Welch, Nicholas-Memorial University of Newfoundland",1,500000.0,"same business number, different names (a parent body's number, or an owner's)"
Memorial University of Newfoundland Research Grant and Contract Services,1,22050.0,"Ziegler, Susan-Memorial University of Newfoundland",1,1400000.0,"same business number, different names (a parent body's number, or an owner's)"
"Allen, Tana-Memorial University of Newfoundland",2,100000.0,Research Grant and Contract ServiceMemorial University,1,22000.0,"same business number, different names (a parent body's number, or an owner's)"
"Benoukraf, Touati Memorial University of Newfoundland",2,1000000.0,Research Grant and Contract ServiceMemorial University,1,22000.0,"same business number, different names (a parent body's number, or an owner's)"
"Berger, Harris-Memorial University of Newfoundland",1,1400000.0,Research Grant and Contract ServiceMemorial University,1,22000.0,"same business number, different names (a parent body's number, or an owner's)"
"Carter, Angela-Memorial University of Newfoundland",1,600000.0,Research Grant and Contract ServiceMemorial University,1,22000.0,"same business number, different names (a parent body's number, or an owner's)"
"Chen, Bing-Memorial University of Newfoundland",1,250000.0,Research Grant and Contract ServiceMemorial University,1,22000.0,"same business number, different names (a parent body's number, or an owner's)"
"Dobre, Octavia-Memorial University of Newfoundland",1,1400000.0,Research Grant and Contract ServiceMemorial University,1,22000.0,"same business number, different names (a parent body's number, or an owner's)"
Fisheries and Marine Institute of Memorial University,11,1009424.0,Research Grant and Contract ServiceMemorial University,1,22000.0,"same business number, different names (a parent body's number, or an owner's)"
Fisheries & Marine Institute of Memorial University of Nfld.,19,3294815.5,Research Grant and Contract ServiceMemorial University,1,22000.0,"same business number, different names (a parent body's number, or an owner's)"
"Grenfell Campus, Memorial University of Newfoundland",32,99833.0,Research Grant and Contract ServiceMemorial University,1,22000.0,"same business number, different names (a parent body's number, or an owner's)"
Memorial University,37,8142666.62,Research Grant and Contract ServiceMemorial University,1,22000.0,"same business number, different names (a parent body's number, or an owner's)"
Memorial University of Newfoundland,703,541082578.12,Research Grant and Contract ServiceMemorial University,1,22000.0,"same business number, different names (a parent body's number, or an owner's)"
Memorial University of Newfoundland and Labrador,25,753973.5,Research Grant and Contract ServiceMemorial University,1,22000.0,"same business number, different names (a parent body's number, or an owner's)"
Memorial University of Newfoundland - Faculty of Eng. & Applied Science,7,379000.0,Research Grant and Contract ServiceMemorial University,1,22000.0,"same business number, different names (a parent body's number, or an owner's)"
MEMORIAL UNIVERSITY OF NEWFOUNDLAND FINANCIAL AND ADMINISTRATIVE SERVICES,4,5444430.0,Research Grant and Contract ServiceMemorial University,1,22000.0,"same business number, different names (a parent body's number, or an owner's)"
Memorial University of Newfoundland Research Grant and Contract Services,1,22050.0,Research Grant and Contract ServiceMemorial University,1,22000.0,"same business number, different names (a parent body's number, or an owner's)"
"Nguyen, Hai-Memorial University of Newfoundland",1,500000.0,Research Grant and Contract ServiceMemorial University,1,22000.0,"same business number, different names (a parent body's number, or an owner's)"
"Passow, Uta-Memorial University of Newfoundland",1,1400000.0,Research Grant and Contract ServiceMemorial University,1,22000.0,"same business number, different names (a parent body's number, or an owner's)"
Research Grant and Contract ServiceMemorial University,1,22000.0,"Robert, Katleen-Memorial University of Newfoundland",1,500000.0,"same business number, different names (a parent body's number, or an owner's)"
Research Grant and Contract ServiceMemorial University,1,22000.0,"Welch, Nicholas-Memorial University of Newfoundland",1,500000.0,"same business number, different names (a parent body's number, or an owner's)"
Research Grant and Contract ServiceMemorial University,1,22000.0,"Ziegler, Susan-Memorial University of Newfoundland",1,1400000.0,"same business number, different names (a parent body's number, or an owner's)"
Clarenville Area Softball Association,2,24162.0,Clarenville Minor Softball,2,21939.0,"same business number, different names (a parent body's number, or an owner's)"
CAPITAL MITSUBISHI,4,21875.0,CAPITAL MITSUBISHI (IMPORT AUTO PLAZA (2004) INC.),15,885625.0,"same business number, different names (a parent body's number, or an owner's)"
Bay de Verde Recreation Committee,3,21834.0,Heritage Bay de Verde,5,41254.0,"same business number, different names (a parent body's number, or an owner's)"
Atlantic Police Academy,3,41850.0,Atlantic Policy Academy,2,21800.0,"a spelling slip apart, with no business number, postal code or review to confirm it"
Heart's Content Community Centre,4,24585.0,Heart's Content Recreation Centre,4,21772.0,"same business number, different names (a parent body's number, or an owner's)"
The Governing Council of the Salvation Army,2,21518.0,The Governing Council of The Salvation Army in Canada,6,61629.0,"same business number, different names (a parent body's number, or an owner's)"
The Governing Council of the Salvation Army,2,21518.0,The Governing Council of The Salvation Army in Canada,17,207069.0,"same business number, different names (a parent body's number, or an owner's)"
The Governing Council of the Salvation Army,2,21518.0,The Salvation Army Carbonear Corps,7,28314.0,"same business number, different names (a parent body's number, or an owner's)"
The Governing Council of the salvation Army,8,34767.0,The Governing Council of the Salvation Army,2,21518.0,conflicting identifiers and disjoint postal evidence; identity unresolved unless a named anchor settles it (governing council of salvation army [bn 107951618RR0077] / governing council of salvation army [bn 107951618])
The Governing Council of the Salvation Army,2,21518.0,The Governing Council of the salvation Army,8,34767.0,conflicting identifiers and disjoint postal evidence; identity unresolved unless a named anchor settles it (governing council of salvation army [bn 107951618RR0077] / governing council of salvation army [bn 107951618])
MADSEN CONSTRUCTION EQUIPMENT,11,391280.75,MARSDEN CONSTRUCTION EQUIPMENT,1,21505.0,"a spelling slip apart, with no business number, postal code or review to confirm it"
Pan Global Training System Ltd.,4,159815.13,Pan Global Training Systems LTD,1,21345.77,"a spelling slip apart, with no business number, postal code or review to confirm it"
Norstead Viking Village Incorporated,2,21106.0,Norstead Village Inc.,17,1337610.0,"same business number, different names (a parent body's number, or an owner's)"
Fort Amherst Harbour Authority,1,22897.0,Harbour Authority of Fort Amherst Small Boat Basin,5,21086.0,"same business number, different names (a parent body's number, or an owner's)"
Canadian Legion Branch No 34,3,21041.0,"The Royal Canadian Legion, Branch 34 Southern Shore",6,22675.0,"same business number, different names (a parent body's number, or an owner's)"
Southern Labrador/Strait of Belle Community Youth Network,1,21028.0,Southern Labrador/Strait of Belle Isle Community Youth Network,14,139547.0,"same business number, different names (a parent body's number, or an owner's)"
Singray Radio Inc.,1,21000.0,STINGRAY RADIO INC,28,200775.86,"a spelling slip apart, with no business number, postal code or review to confirm it"
The Anglican Parish of All Saints,2,48000.0,Church of Holy Spirit Isle aux Morts,5,20980.0,"same business number, different names (a parent body's number, or an owner's)"
Anglican Parish of Flowers Cove,8,28944.0,Church of Holy Spirit Isle aux Morts,5,20980.0,"same business number, different names (a parent body's number, or an owner's)"
Church of Holy Spirit Isle aux Morts,5,20980.0,Diocesan Synod of Western Newfoundland,7,36180.0,"same business number, different names (a parent body's number, or an owner's)"
Church of Holy Spirit Isle aux Morts,5,20980.0,Diocesean Synod of Western Newfoundland,3,32058.0,"same business number, different names (a parent body's number, or an owner's)"
Western Hydraulic & Mechanical Ltd,24,760787.6,Western Hydrualic & Mechanical Ltd,1,20800.0,"a spelling slip apart, with no business number, postal code or review to confirm it"
Dover Recreation Commission,4,34872.0,Dover Recreation Seed Project,2,20200.0,"same business number, different names (a parent body's number, or an owner's)"
Goodyear Cove Committee,2,20200.0,Goodyear's Cove Park Committee,3,20864.0,"same business number, different names (a parent body's number, or an owner's)"
The Governing Council of the salvation Army,8,34767.0,The Salvation Army Governing Council for Canada,1,20000.0,"same business number, different names (a parent body's number, or an owner's)"
The Governing Council of the Salvation Army,2,21518.0,The Salvation Army Governing Council for Canada,1,20000.0,"same business number, different names (a parent body's number, or an owner's)"
The Governing Council of The Salvation Army in Canada,6,61629.0,The Salvation Army Governing Council for Canada,1,20000.0,"same business number, different names (a parent body's number, or an owner's)"
The Governing Council of The Salvation Army in Canada,17,207069.0,The Salvation Army Governing Council for Canada,1,20000.0,"same business number, different names (a parent body's number, or an owner's)"
The Salvation Army Carbonear Corps,7,28314.0,The Salvation Army Governing Council for Canada,1,20000.0,"same business number, different names (a parent body's number, or an owner's)"
Wally Drake Trucking,1,20000.0,WALLY DRAKE'S TRUCKING LIMITED,3,96270.0,"a spelling slip apart, with no business number, postal code or review to confirm it"
St. Mary's Bay North RDA,1,19875.0,St. Mary's Bay North Regional Development Association,21,1442698.81,"same business number, different names (a parent body's number, or an owner's)"
Schneider Electric Canada Inc.,15,535275.6,Schneider Electrical Canada Inc,1,19851.83,"a spelling slip apart, with no business number, postal code or review to confirm it"
Nickel Independent Film and Video Festival Inc.,4,19838.0,NICKEL INDEPENDENT FILM FESTIVAL INC.,9,201881.0,"same business number, different names (a parent body's number, or an owner's)"
Immaculate Conception Parish,5,19767.0,R.C. Episcopal Corporation of Grand Falls,7,37674.0,"same business number, different names (a parent body's number, or an owner's)"
Immaculate Conception Parish,5,19767.0,Roman Catholic Episcopal C Immaculate Conception Parish,3,33319.0,"same business number, different names (a parent body's number, or an owner's)"
Immaculate Conception Parish,5,19767.0,Roman Catholic Episcopal Corporation of Grand Falls,9,83030.0,"same business number, different names (a parent body's number, or an owner's)"
Immaculate Conception Parish,5,19767.0,Roman Catholic Parish of Brigus,6,28919.0,"same business number, different names (a parent body's number, or an owner's)"
"Allen, Tana-Memorial University of Newfoundland",2,100000.0,"Grenfell Campus, Memorial University",6,19710.0,"same business number, different names (a parent body's number, or an owner's)"
"Benoukraf, Touati Memorial University of Newfoundland",2,1000000.0,"Grenfell Campus, Memorial University",6,19710.0,"same business number, different names (a parent body's number, or an owner's)"
"Berger, Harris-Memorial University of Newfoundland",1,1400000.0,"Grenfell Campus, Memorial University",6,19710.0,"same business number, different names (a parent body's number, or an owner's)"
"Carter, Angela-Memorial University of Newfoundland",1,600000.0,"Grenfell Campus, Memorial University",6,19710.0,"same business number, different names (a parent body's number, or an owner's)"
"Chen, Bing-Memorial University of Newfoundland",1,250000.0,"Grenfell Campus, Memorial University",6,19710.0,"same business number, different names (a parent body's number, or an owner's)"
"Dobre, Octavia-Memorial University of Newfoundland",1,1400000.0,"Grenfell Campus, Memorial University",6,19710.0,"same business number, different names (a parent body's number, or an owner's)"
"Grenfell Campus, Memorial University",6,19710.0,MEMORIAL UNIVERSITY OF NEWFOUNDLAND FINANCIAL AND ADMINISTRATIVE SERVICES,4,5444430.0,"same business number, different names (a parent body's number, or an owner's)"
"Grenfell Campus, Memorial University",6,19710.0,Memorial University of Newfoundland Research Grant and Contract Services,1,22050.0,"same business number, different names (a parent body's number, or an owner's)"
"Grenfell Campus, Memorial University",6,19710.0,"Nguyen, Hai-Memorial University of Newfoundland",1,500000.0,"same business number, different names (a parent body's number, or an owner's)"
"Grenfell Campus, Memorial University",6,19710.0,"Passow, Uta-Memorial University of Newfoundland",1,1400000.0,"same business number, different names (a parent body's number, or an owner's)"
"Grenfell Campus, Memorial University",6,19710.0,Research Grant and Contract ServiceMemorial University,1,22000.0,"same business number, different names (a parent body's number, or an owner's)"
"Grenfell Campus, Memorial University",6,19710.0,"Robert, Katleen-Memorial University of Newfoundland",1,500000.0,"same business number, different names (a parent body's number, or an owner's)"
"Grenfell Campus, Memorial University",6,19710.0,"Welch, Nicholas-Memorial University of Newfoundland",1,500000.0,"same business number, different names (a parent body's number, or an owner's)"
"Grenfell Campus, Memorial University",6,19710.0,"Ziegler, Susan-Memorial University of Newfoundland",1,1400000.0,"same business number, different names (a parent body's number, or an owner's)"
MADSEN CONSTRUCTION EQUIPMENT,11,391280.75,MASDEN CONSTRUCTION EQUIPMENT,1,19665.0,"a spelling slip apart, with no business number, postal code or review to confirm it"
MARSDEN CONSTRUCTION EQUIPMENT,1,21505.0,MASDEN CONSTRUCTION EQUIPMENT,1,19665.0,"a spelling slip apart, with no business number, postal code or review to confirm it"
NL Eats Community Outreach Inc.,1,19650.0,NLEats Community Outreach Inc.,2,69600.0,"same business number, different names (a parent body's number, or an owner's)"
GRAND BANK RECREATION COMMISSION,11,19622.0,Grand Bank Summer Recreation,5,32680.0,"same business number, different names (a parent body's number, or an owner's)"
MADSEN POWER SYSTEMS INC,9,250689.69,Madson Power Systems,1,19604.98,"a spelling slip apart, with no business number, postal code or review to confirm it"
Roman Catholic Episcopal Corporation,4,19538.0,Roman Catholic Episcopal Corporation St. Peter's,2,35000.0,"same business number, different names (a parent body's number, or an owner's)"
Roman Catholic Episcopal Corporation,4,19538.0,St. Michael's Roman Catholic Parish,4,26065.0,"same business number, different names (a parent body's number, or an owner's)"
Roman Catholic Episcopal Corporation,4,19538.0,Roman Catholic Episcopal Corporation of Grand Falls,9,83030.0,named anchors identify different organisations
Dermot Lee Memorial Royal Canadian Legion,2,19493.0,"Dermot Lee Memorial, Royal Canadian Legion Br. 62",3,26599.0,"same business number, different names (a parent body's number, or an owner's)"
Dermot Lee Memorial Royal Canadian Legion,2,19493.0,Royal Canadian Legion Branch 62,3,53984.0,"same business number, different names (a parent body's number, or an owner's)"
George St. United Church,3,19474.0,George Street United Pastoral Charge,2,103680.0,"same business number, different names (a parent body's number, or an owner's)"
Hant's Harbour Recreation Commission,3,52138.0,Hant's Harbour Recreation Committee,2,19240.0,"same business number, different names (a parent body's number, or an owner's)"
Hant's Harbour Recreation Committee,2,19240.0,Town of Hants Harbour,8,156484.0,"same business number, different names (a parent body's number, or an owner's)"
BGC Norris Arm Inc.,1,19159.0,BOYS AND GIRLS CLUB OF NORRIS ARM,9,44512.0,"same business number, different names (a parent body's number, or an owner's)"
BGC Norris Arm Inc.,1,19159.0,Norris Arm Boys and Girls Club Inc.,14,261113.0,"same business number, different names (a parent body's number, or an owner's)"
"Allen, Tana-Memorial University of Newfoundland",2,100000.0,"Grenfell Campus, MemorialUniversity of Newfoundland",1,19152.0,"same business number, different names (a parent body's number, or an owner's)"
"Benoukraf, Touati Memorial University of Newfoundland",2,1000000.0,"Grenfell Campus, MemorialUniversity of Newfoundland",1,19152.0,"same business number, different names (a parent body's number, or an owner's)"
"Berger, Harris-Memorial University of Newfoundland",1,1400000.0,"Grenfell Campus, MemorialUniversity of Newfoundland",1,19152.0,"same business number, different names (a parent body's number, or an owner's)"
"Carter, Angela-Memorial University of Newfoundland",1,600000.0,"Grenfell Campus, MemorialUniversity of Newfoundland",1,19152.0,"same business number, different names (a parent body's number, or an owner's)"
"Chen, Bing-Memorial University of Newfoundland",1,250000.0,"Grenfell Campus, MemorialUniversity of Newfoundland",1,19152.0,"same business number, different names (a parent body's number, or an owner's)"
"Dobre, Octavia-Memorial University of Newfoundland",1,1400000.0,"Grenfell Campus, MemorialUniversity of Newfoundland",1,19152.0,"same business number, different names (a parent body's number, or an owner's)"
"Grenfell Campus, MemorialUniversity of Newfoundland",1,19152.0,MEMORIAL UNIVERSITY OF NEWFOUNDLAND FINANCIAL AND ADMINISTRATIVE SERVICES,4,5444430.0,"same business number, different names (a parent body's number, or an owner's)"
"Grenfell Campus, MemorialUniversity of Newfoundland",1,19152.0,Memorial University of Newfoundland Research Grant and Contract Services,1,22050.0,"same business number, different names (a parent body's number, or an owner's)"
"Grenfell Campus, MemorialUniversity of Newfoundland",1,19152.0,"Nguyen, Hai-Memorial University of Newfoundland",1,500000.0,"same business number, different names (a parent body's number, or an owner's)"
"Grenfell Campus, MemorialUniversity of Newfoundland",1,19152.0,"Passow, Uta-Memorial University of Newfoundland",1,1400000.0,"same business number, different names (a parent body's number, or an owner's)"
"Grenfell Campus, MemorialUniversity of Newfoundland",1,19152.0,Research Grant and Contract ServiceMemorial University,1,22000.0,"same business number, different names (a parent body's number, or an owner's)"
"Grenfell Campus, MemorialUniversity of Newfoundland",1,19152.0,"Robert, Katleen-Memorial University of Newfoundland",1,500000.0,"same business number, different names (a parent body's number, or an owner's)"
"Grenfell Campus, MemorialUniversity of Newfoundland",1,19152.0,"Welch, Nicholas-Memorial University of Newfoundland",1,500000.0,"same business number, different names (a parent body's number, or an owner's)"
"Grenfell Campus, MemorialUniversity of Newfoundland",1,19152.0,"Ziegler, Susan-Memorial University of Newfoundland",1,1400000.0,"same business number, different names (a parent body's number, or an owner's)"
Drive Products,4,71908.74,Drive Produts Inc.,1,19025.0,"a spelling slip apart, with no business number, postal code or review to confirm it"
MADSEN DIESEL & TURBINE,362,27654225.75,Madsen Disel & Turbine Inc.,1,18977.5,"a spelling slip apart, with no business number, postal code or review to confirm it"
Women in Resource Development Inc.,13,4825408.0,WRDC Educational Resource Centre,4,18939.0,"same business number, different names (a parent body's number, or an owner's)"
The Governing Council of the salvation Army,8,34767.0,The Salvation Army,5,18852.0,"same business number, different names (a parent body's number, or an owner's)"
The Governing Council of the Salvation Army,2,21518.0,The Salvation Army,5,18852.0,"same business number, different names (a parent body's number, or an owner's)"
The Governing Council of The Salvation Army in Canada,6,61629.0,The Salvation Army,5,18852.0,"same business number, different names (a parent body's number, or an owner's)"
The Governing Council of The Salvation Army in Canada,17,207069.0,The Salvation Army,5,18852.0,"same business number, different names (a parent body's number, or an owner's)"
The Salvation Army,5,18852.0,The Salvation Army Carbonear Corps,7,28314.0,"same business number, different names (a parent body's number, or an owner's)"
The Salvation Army,5,18852.0,The Salvation Army Governing Council for Canada,1,20000.0,"same business number, different names (a parent body's number, or an owner's)"
Elim Pentecostal Tabernacle,6,43199.0,Evangel Pentecostal Tabernacle,3,18714.0,"same business number, different names (a parent body's number, or an owner's)"
Evangel Pentecostal Church,8,41470.0,Evangel Pentecostal Tabernacle,3,18714.0,"same business number, different names (a parent body's number, or an owner's)"
Evangel Pentecostal Tabernacle,3,18714.0,Pentecostal Assemblies of Newfoundland and Labrador Corporation,9,81421.0,"same business number, different names (a parent body's number, or an owner's)"
Evangel Pentecostal Tabernacle,3,18714.0,Pentecostal Assembly,5,22825.0,"same business number, different names (a parent body's number, or an owner's)"
Evangel Pentecostal Tabernacle,3,18714.0,Pentecostal Tabernacle,7,28568.0,"same business number, different names (a parent body's number, or an owner's)"
Agilent Technologies Canada Inc.,2,106382.57,Aglient Technologies Canada Inc,1,18640.47,"a spelling slip apart, with no business number, postal code or review to confirm it"
St. Mary's Bay North Development Association,1,18533.0,St. Mary's Bay North RDA,1,19875.0,"same business number, different names (a parent body's number, or an owner's)"
West Coast Cycling Association Inc.,8,573485.0,West Coast Mountain Bike Assoc,1,18533.0,"same business number, different names (a parent body's number, or an owner's)"
Exploits Valley SPCA,5,18486.0,Exploits Valley YMCA,5,171198.0,"a spelling slip apart, with no business number, postal code or review to confirm it"
Jath Enterprises INC.,2,18469.0,JFT Enterprises Ltd.,1,105876.0,"a spelling slip apart, with no business number, postal code or review to confirm it"
Qalipu Mi'kmaq First Nation Band,64,18712825.0,Qalipu Mi'maq First Nation Band,1,18267.0,"a spelling slip apart, with no business number, postal code or review to confirm it"
Qalipu Mi'kmaq First Nations Band,1,378286.0,Qalipu Mi'maq First Nation Band,1,18267.0,"a spelling slip apart, with no business number, postal code or review to confirm it"
KGS Enterprises Ltd.,3,108100.0,KTM Enterprises Limited,1,18000.0,"a spelling slip apart, with no business number, postal code or review to confirm it"
IMP Solutions,13,664471.1,RFP Solutions Inc.,1,18000.0,"a spelling slip apart, with no business number, postal code or review to confirm it"
Glasshouse System Inc.,1,17995.7,Glasshouse Systems,5,513769.05,"a spelling slip apart, with no business number, postal code or review to confirm it"
Pearlgate Track and Field Club,1,17913.0,Pearlgate Track-Field Complex,6,107331.0,"same business number, different names (a parent body's number, or an owner's)"
The Governing Council of The Salvation Army,4,17812.0,The Governing Council of The Salvation Army in Canada,6,61629.0,"same business number, different names (a parent body's number, or an owner's)"
The Governing Council of The Salvation Army,4,17812.0,The Governing Council of The Salvation Army in Canada,17,207069.0,"same business number, different names (a parent body's number, or an owner's)"
The Governing Council of The Salvation Army,4,17812.0,The Salvation Army,5,18852.0,"same business number, different names (a parent body's number, or an owner's)"
The Governing Council of The Salvation Army,4,17812.0,The Salvation Army Carbonear Corps,7,28314.0,"same business number, different names (a parent body's number, or an owner's)"
The Governing Council of The Salvation Army,4,17812.0,The Salvation Army Governing Council for Canada,1,20000.0,"same business number, different names (a parent body's number, or an owner's)"
The Governing Council of The Salvation Army,4,17812.0,The Governing Council of the salvation Army,8,34767.0,conflicting identifiers and disjoint postal evidence
The Governing Council of The Salvation Army,4,17812.0,The Governing Council of the Salvation Army,2,21518.0,conflicting identifiers and disjoint postal evidence; identity unresolved unless a named anchor settles it (governing council of salvation army [bn 107951618RR0067] / governing council of salvation army [bn 107951618])
The Governing Council of the Salvation Army,2,21518.0,The Governing Council of The Salvation Army,4,17812.0,conflicting identifiers and disjoint postal evidence; identity unresolved unless a named anchor settles it (governing council of salvation army [bn 107951618RR0067] / governing council of salvation army [bn 107951618])
Port Blandford Rec Proj,6,71725.0,Port Blandford Recreation Board,2,17771.0,"same business number, different names (a parent body's number, or an owner's)"
DMC ENTERPRISES,1,17770.76,DMJ Enterprises Limited,2,106862.0,"a spelling slip apart, with no business number, postal code or review to confirm it"
Kongsberg,58,2174200.15,Kongsbewrg,1,17703.71,"a spelling slip apart, with no business number, postal code or review to confirm it"
Harbour Authority of Cape St. Georg,1,17608.5,HARBOUR AUTHORITY OF CAPE ST GEORGE,1,18911.75,"a spelling slip apart, with no business number, postal code or review to confirm it"
Western Hydraulic & Mechanical Ltd,24,760787.6,Western Hydraulic & Mechnanical Ltd,1,17545.0,"a spelling slip apart, with no business number, postal code or review to confirm it"
Western Hydraulic & Mechnanical Ltd,1,17545.0,Western Hydrualic & Mechanical Ltd,1,20800.0,"a spelling slip apart, with no business number, postal code or review to confirm it"
Eastern School District,8,248032.47,Western School District,2,17491.0,"a spelling slip apart, with no business number, postal code or review to confirm it"
NORTH ATLANTIC PERTOLEUM,1,17486.56,NORTH ATLANTIC PETROLEUM,36,1111882.48,"a spelling slip apart, with no business number, postal code or review to confirm it"
Hare Bay Adventures Ltd.,1,100000.0,"RENEE MELISSA COLLINS, DUANE C Hare Bay Adventures",5,17433.0,"same business number, different names (a parent body's number, or an owner's)"
ACKLANDS-GRAINGER INC.,31,534737.1,Acklands-Granger Inc.,1,17330.0,"a spelling slip apart, with no business number, postal code or review to confirm it"
Glovertown Marina Yacht Club Inc.,2,17199.0,Glovertown Yacht Club Inc.,8,574421.0,"same business number, different names (a parent body's number, or an owner's)"
Saunders Office & School Supply Ltd o/a Saunders Book Company,1,17198.3,SAUNDERS OFFICE & SCHOOL SUPPPLY LTD o/a Saunders Book Company,1,68793.6,"a spelling slip apart, with no business number, postal code or review to confirm it"
Southern Avalon Tourism Assoc.,1,17185.0,Southern Avalon Tourism Association,1,23882.0,"same business number, different names (a parent body's number, or an owner's)"
Dover & Area Community Family Coalition,9,110412.0,Family Matters Child Care Center,3,17017.0,"same business number, different names (a parent body's number, or an owner's)"
SPRINGDALE HERITAGE SOCIETY,4,16986.0,Town of Springdale,21,681013.0,"same business number, different names (a parent body's number, or an owner's)"
D F Banres Services Limited,1,16885.0,D.F. Barnes Services Limited,29,10204266.88,"a spelling slip apart, with no business number, postal code or review to confirm it"
The Anglican Parish of All Saints,2,48000.0,Killdevil Camp and Conference Center,1,16823.0,"same business number, different names (a parent body's number, or an owner's)"
Anglican Parish of Flowers Cove,8,28944.0,Killdevil Camp and Conference Center,1,16823.0,"same business number, different names (a parent body's number, or an owner's)"
Church of Holy Spirit Isle aux Morts,5,20980.0,Killdevil Camp and Conference Center,1,16823.0,"same business number, different names (a parent body's number, or an owner's)"
Diocesan Synod of Western Newfoundland,7,36180.0,Killdevil Camp and Conference Center,1,16823.0,"same business number, different names (a parent body's number, or an owner's)"
Diocesean Synod of Western Newfoundland,3,32058.0,Killdevil Camp and Conference Center,1,16823.0,"same business number, different names (a parent body's number, or an owner's)"
Nimbel Information Strategies Inc,1,16655.5,NIMBLE INFORMATION STRATEGIES INC,5,108963.0,"a spelling slip apart, with no business number, postal code or review to confirm it"
Elim Pentecostal Tabernacle,6,43199.0,Emmanuel Pentecostal Church,4,16614.0,"same business number, different names (a parent body's number, or an owner's)"
Emmanuel Pentecostal Church,4,16614.0,Evangel Pentecostal Church,8,41470.0,"same business number, different names (a parent body's number, or an owner's)"
Emmanuel Pentecostal Church,4,16614.0,Evangel Pentecostal Tabernacle,3,18714.0,"same business number, different names (a parent body's number, or an owner's)"
Emmanuel Pentecostal Church,4,16614.0,Pentecostal Assemblies of Newfoundland and Labrador Corporation,9,81421.0,"same business number, different names (a parent body's number, or an owner's)"
Emmanuel Pentecostal Church,4,16614.0,Pentecostal Assembly,5,22825.0,"same business number, different names (a parent body's number, or an owner's)"
Emmanuel Pentecostal Church,4,16614.0,Pentecostal Tabernacle,7,28568.0,"same business number, different names (a parent body's number, or an owner's)"
The Governing Council of The Salvation Army in Canada,6,61629.0,The Governing Council of The Salvation Army of Canada,4,16508.0,"same business number, different names (a parent body's number, or an owner's)"
The Governing Council of The Salvation Army in Canada,17,207069.0,The Governing Council of The Salvation Army of Canada,4,16508.0,"same business number, different names (a parent body's number, or an owner's)"
The Governing Council of The Salvation Army of Canada,4,16508.0,The Salvation Army,5,18852.0,"same business number, different names (a parent body's number, or an owner's)"
The Governing Council of The Salvation Army of Canada,4,16508.0,The Salvation Army Carbonear Corps,7,28314.0,"same business number, different names (a parent body's number, or an owner's)"
The Governing Council of The Salvation Army of Canada,4,16508.0,The Salvation Army Governing Council for Canada,1,20000.0,"same business number, different names (a parent body's number, or an owner's)"
The Governing Council of the salvation Army,8,34767.0,The Governing Council of The Salvation Army of Canada,4,16508.0,conflicting identifiers and disjoint postal evidence
The Governing Council of the Salvation Army,2,21518.0,The Governing Council of The Salvation Army of Canada,4,16508.0,conflicting identifiers and disjoint postal evidence; identity unresolved unless a named anchor settles it (governing council of salvation army [bn 107951618RR0067] / governing council of salvation army [bn 107951618])
Riverhead Community Council,1,20875.0,Town of Riverhead,1,16479.0,"same business number, different names (a parent body's number, or an owner's)"
Royal Canadian Legion 15,2,48000.0,"Royal Canadian Legion, Branch 15",1,16474.0,"same business number, different names (a parent body's number, or an owner's)"
Immaculate Conception Parish,5,19767.0,The Roman Catholic Episcopal Corp.,5,16449.0,"same business number, different names (a parent body's number, or an owner's)"
R.C. Episcopal Corporation of Grand Falls,7,37674.0,The Roman Catholic Episcopal Corp.,5,16449.0,"same business number, different names (a parent body's number, or an owner's)"
The Roman Catholic Episcopal Corp.,5,16449.0,Roman Catholic Episcopal C Immaculate Conception Parish,3,33319.0,"same business number, different names (a parent body's number, or an owner's)"
The Roman Catholic Episcopal Corp.,5,16449.0,Roman Catholic Parish of Brigus,6,28919.0,"same business number, different names (a parent body's number, or an owner's)"
The Roman Catholic Episcopal Corp.,5,16449.0,Roman Catholic Episcopal Corporation,4,19538.0,named anchors identify different organisations
Encouragement Club 50+,6,16419.0,Encouragement Club 50 Plus,3,30131.0,"same business number, different names (a parent body's number, or an owner's)"
Marantz & Sons Ltd,5,155976.82,Marnatz & Sons Ltd,1,16387.2,"a spelling slip apart, with no business number, postal code or review to confirm it"
Harbour Main-Chapel's Cove-Lakeview,1,111855.0,Harbour Main Volunteer Fire Department,3,16276.0,"same business number, different names (a parent body's number, or an owner's)"
Impace Power Corp,1,16120.0,Impact Power Corp,2,26812.0,"a spelling slip apart, with no business number, postal code or review to confirm it"
Local Service District Development Committee,3,16081.0,Local Service District Development Committee,6,25457.0,conflicting identifiers and disjoint locality evidence
Local Service District Development Committee,6,25457.0,Local Service District Development Committee,3,16081.0,conflicting identifiers and disjoint locality evidence
PCSP Minor Soccer Association,4,58372.0,PCSP Spurrs Minor Soccer Association,1,15894.0,"same business number, different names (a parent body's number, or an owner's)"
PCSP Spurrs Minor Soccer Association,1,15894.0,Portugal Cove St. Philips Minor Soccer Association,3,108774.0,"same business number, different names (a parent body's number, or an owner's)"
NF Rugby Union and Swilers Rugby Football Club,1,15893.0,Swilers Rugby Football Club,3,38949.0,"same business number, different names (a parent body's number, or an owner's)"
Anglican Church Women,3,15777.0,St. Peter's Anglican Church,7,28078.0,"same business number, different names (a parent body's number, or an owner's)"
I,1,15759.0,Iceberg Quest Ocean Tours Inc.,14,1233196.0,"same business number, different names (a parent body's number, or an owner's)"
Western Health Care Corporation,2,31429.95,Western Regional Integrated Health Authority,4,15489.0,"same business number, different names (a parent body's number, or an owner's)"
WESTERN REGIONAL HEALTH AUTHORITY,6,627174.25,Western Regional Integrated Health Authority,4,15489.0,"same business number, different names (a parent body's number, or an owner's)"
Eastern Regional Integrated Health Authority,2,515389.0,Western Regional Integrated Health Authority,4,15489.0,"a spelling slip apart, with no business number, postal code or review to confirm it"
St. Andrew's Church,4,15360.0,St. Andrew's Presbyterian Church,5,99946.0,"same business number, different names (a parent body's number, or an owner's)"
THE SOCIETY FOR THE PREVENTION,3,15339.0,The Society for the Prevention of Cruelty to Animals Newfoundland and Labrador,5,36812.0,"same business number, different names (a parent body's number, or an owner's)"
Chairman Pinware Recreation Committee,1,15339.0,Pinware Recreation Committee,4,45253.0,"same business number, different names (a parent body's number, or an owner's)"
Grenfell Historical Society,1,15275.0,Sir Wilfred Thomason Grenfell Historical Society,19,1530198.97,"same business number, different names (a parent body's number, or an owner's)"
Pearlgate Track and Field Club,1,17913.0,Pearlgate Track and Field Complex,1,15275.0,"same business number, different names (a parent body's number, or an owner's)"
Clarenville Area Recreation Association,20,844706.0,Clarenville Athletic Recreation Association,1,15200.0,"same business number, different names (a parent body's number, or an owner's)"
Greater Lamaline Area Trail Association,5,42089.0,Greater Lamaline Trail Association,2,15199.0,"same business number, different names (a parent body's number, or an owner's)"
Flowstar,2,24613.49,Flowstart,1,15139.52,"a spelling slip apart, with no business number, postal code or review to confirm it"
3F Waste Recovery,1,15000.0,80354 Newfoundland and Labrador Limited,10,174573.0,"same business number, different names (a parent body's number, or an owner's)"
Airco Sheetmetal Inc.,7,352240.0,AirCo SheetMetal Inc and Rustic Soul NL,1,15000.0,"same business number, different names (a parent body's number, or an owner's)"
1-9 employees,1,15000.0,Oil Filtration Solutions Ltd.,1,50000.0,"same business number, different names (a parent body's number, or an owner's)"
Société de Saint-Vincent de Paul-Conseil national du Canada,1,31787.0,Society of St. Vincent De Paul,1,15000.0,"same business number, different names (a parent body's number, or an owner's)"
Society of Saint Vincent de Paul St. Patrick's Conference,3,65321.0,Society of St. Vincent De Paul,1,15000.0,"same business number, different names (a parent body's number, or an owner's)"
Society of St. Vincent De Paul,1,15000.0,"Society of St Vincent De Paul, St Patrick's Conference",6,126636.0,"same business number, different names (a parent body's number, or an owner's)"
68128 Newfoundland & Labrador Inc.,3,174500.0,Alt Telecom,1,15000.0,"same business number, different names (a parent body's number, or an owner's)"
DMC ENTERPRISES,1,17770.76,EMC Enterprises Inc.,1,15000.0,"a spelling slip apart, with no business number, postal code or review to confirm it"
DMJ Enterprises Limited,2,106862.0,EMC Enterprises Inc.,1,15000.0,"a spelling slip apart, with no business number, postal code or review to confirm it"
EFCO ENTERPRISES LTD.,56,2350604.41,EMC Enterprises Inc.,1,15000.0,"a spelling slip apart, with no business number, postal code or review to confirm it"
Montevecchi Lab (William Montevecchi),1,15000.0,Montevecchi Labs (William Montevecchi),1,15000.0,"a spelling slip apart, with no business number, postal code or review to confirm it"
Elim Pentecostal Tabernacle,6,43199.0,Zion Pentecostal Church,4,14994.0,"same business number, different names (a parent body's number, or an owner's)"
Emmanuel Pentecostal Church,4,16614.0,Zion Pentecostal Church,4,14994.0,"same business number, different names (a parent body's number, or an owner's)"
Evangel Pentecostal Church,8,41470.0,Zion Pentecostal Church,4,14994.0,"same business number, different names (a parent body's number, or an owner's)"
Evangel Pentecostal Tabernacle,3,18714.0,Zion Pentecostal Church,4,14994.0,"same business number, different names (a parent body's number, or an owner's)"
Pentecostal Assemblies of Newfoundland and Labrador Corporation,9,81421.0,Zion Pentecostal Church,4,14994.0,"same business number, different names (a parent body's number, or an owner's)"
Pentecostal Assembly,5,22825.0,Zion Pentecostal Church,4,14994.0,"same business number, different names (a parent body's number, or an owner's)"
Pentecostal Tabernacle,7,28568.0,Zion Pentecostal Church,4,14994.0,"same business number, different names (a parent body's number, or an owner's)"
Baie Verte Peninsula Economic Development Assoc.,1,14961.0,Baie Verte Peninsula Economic Development Association,9,203843.0,"same business number, different names (a parent body's number, or an owner's)"
"Harbour Main, Chapel's Cove & Lakeview Recreation Committee",2,18900.0,"Harbour Main, Chapel's Cove, Lakeview Recreation Commission",1,14961.0,"same business number, different names (a parent body's number, or an owner's)"
"Harbour Main, Chapel's Cove, Lakeview Recreation Commission",1,14961.0,Harbour Main-Chapel's Cove-Lakeview Recreation Committee,6,80251.0,"same business number, different names (a parent body's number, or an owner's)"
THE SOCIETY FOR THE PREVENTION,3,15339.0,The Society for the Prevention of Cruelty to Animals St John's,2,14961.0,"same business number, different names (a parent body's number, or an owner's)"
Cow Head Tourism Committee/Friends of the Garden,4,40052.0,Tourism Committee/Friends of t PAYROLL,1,14960.0,"same business number, different names (a parent body's number, or an owner's)"
Tourism Committee/Friends of the Garden,4,51794.0,Tourism Committee/Friends of t PAYROLL,1,14960.0,"same business number, different names (a parent body's number, or an owner's)"
Petty Harbour Fishermens' Co-operative Society Ltd,1,14960.0,Petty Harbour Fishermen's Producer Cooperative Society,2,17677.0,"same business number, different names (a parent body's number, or an owner's)"
Petty Harbour Fishermens' Co-operative Society Ltd,1,14960.0,Petty Harbour Fishermen's Producers Cooperative Society,10,2696314.93,"same business number, different names (a parent body's number, or an owner's)"
Abundant Life Pentecostal Tabernacle,4,14930.0,Elim Pentecostal Tabernacle,6,43199.0,"same business number, different names (a parent body's number, or an owner's)"
Abundant Life Pentecostal Tabernacle,4,14930.0,Emmanuel Pentecostal Church,4,16614.0,"same business number, different names (a parent body's number, or an owner's)"
Abundant Life Pentecostal Tabernacle,4,14930.0,Evangel Pentecostal Church,8,41470.0,"same business number, different names (a parent body's number, or an owner's)"
Abundant Life Pentecostal Tabernacle,4,14930.0,Evangel Pentecostal Tabernacle,3,18714.0,"same business number, different names (a parent body's number, or an owner's)"
Abundant Life Pentecostal Tabernacle,4,14930.0,Pentecostal Assemblies of Newfoundland and Labrador Corporation,9,81421.0,"same business number, different names (a parent body's number, or an owner's)"
Abundant Life Pentecostal Tabernacle,4,14930.0,Pentecostal Assembly,5,22825.0,"same business number, different names (a parent body's number, or an owner's)"
Abundant Life Pentecostal Tabernacle,4,14930.0,Pentecostal Tabernacle,7,28568.0,"same business number, different names (a parent body's number, or an owner's)"
Abundant Life Pentecostal Tabernacle,4,14930.0,Zion Pentecostal Church,4,14994.0,"same business number, different names (a parent body's number, or an owner's)"
Nord Marine Service Ltd.,1,19839.47,NORD MARINE SERVICES LTD,1,14757.1,"a spelling slip apart, with no business number, postal code or review to confirm it"
The Governing Council of The Salvation Army,4,17812.0,The Governing Council of The Salvation Army in Canada,3,14733.0,"same business number, different names (a parent body's number, or an owner's)"
The Governing Council of the salvation Army,8,34767.0,The Governing Council of The Salvation Army in Canada,3,14733.0,"same business number, different names (a parent body's number, or an owner's)"
The Governing Council of the Salvation Army,2,21518.0,The Governing Council of The Salvation Army in Canada,3,14733.0,"same business number, different names (a parent body's number, or an owner's)"
The Governing Council of The Salvation Army in Canada,3,14733.0,The Governing Council of The Salvation Army of Canada,4,16508.0,"same business number, different names (a parent body's number, or an owner's)"
The Governing Council of The Salvation Army in Canada,3,14733.0,The Salvation Army,5,18852.0,"same business number, different names (a parent body's number, or an owner's)"
The Governing Council of The Salvation Army in Canada,3,14733.0,The Salvation Army Carbonear Corps,7,28314.0,"same business number, different names (a parent body's number, or an owner's)"
The Governing Council of The Salvation Army in Canada,3,14733.0,The Salvation Army Governing Council for Canada,1,20000.0,"same business number, different names (a parent body's number, or an owner's)"
Road to the Beaches Tourism Association,3,14733.0,TerraNovas Tourism Association Inc.,3,675032.75,"same business number, different names (a parent body's number, or an owner's)"
The Governing Council of the Salvation Army in Canada,2,137124.0,The Governing Council of The Salvation Army in Canada,3,14733.0,"a spelling slip apart, with no business number, postal code or review to confirm it"
The Governing Council of The Salvation Army in Canada,6,61629.0,The Governing Council of The Salvation Army in Canada,3,14733.0,conflicting identifiers and disjoint postal evidence
The Governing Council of The Salvation Army in Canada,3,14733.0,The Governing Council of The Salvation Army in Canada,17,207069.0,conflicting identifiers and disjoint postal evidence; identity unresolved unless a named anchor settles it (governing council of salvation army in canada [bn 107951618RR0457] / governing council of salvation army in canada [bn 107951618])
The Governing Council of The Salvation Army in Canada,17,207069.0,The Governing Council of The Salvation Army in Canada,3,14733.0,conflicting identifiers and disjoint postal evidence; identity unresolved unless a named anchor settles it (governing council of salvation army in canada [bn 107951618RR0457] / governing council of salvation army in canada [bn 107951618])
The Governing Council of The Salvation Army,5,14697.0,The Governing Council of The Salvation Army in Canada,6,61629.0,"same business number, different names (a parent body's number, or an owner's)"
The Governing Council of The Salvation Army,5,14697.0,The Governing Council of The Salvation Army in Canada,3,14733.0,"same business number, different names (a parent body's number, or an owner's)"
The Governing Council of The Salvation Army,5,14697.0,The Governing Council of The Salvation Army in Canada,17,207069.0,"same business number, different names (a parent body's number, or an owner's)"
The Governing Council of The Salvation Army,5,14697.0,The Salvation Army,5,18852.0,"same business number, different names (a parent body's number, or an owner's)"
The Governing Council of The Salvation Army,5,14697.0,The Salvation Army Carbonear Corps,7,28314.0,"same business number, different names (a parent body's number, or an owner's)"
The Governing Council of The Salvation Army,5,14697.0,The Salvation Army Governing Council for Canada,1,20000.0,"same business number, different names (a parent body's number, or an owner's)"
The Governing Council of The Salvation Army,4,17812.0,The Governing Council of The Salvation Army,5,14697.0,conflicting identifiers and disjoint postal evidence
The Governing Council of the salvation Army,8,34767.0,The Governing Council of The Salvation Army,5,14697.0,conflicting identifiers and disjoint postal evidence
The Governing Council of The Salvation Army,5,14697.0,The Governing Council of the Salvation Army,2,21518.0,conflicting identifiers and disjoint postal evidence; identity unresolved unless a named anchor settles it (governing council of salvation army [bn 107951618RR0089] / governing council of salvation army [bn 107951618])
The Governing Council of the Salvation Army,2,21518.0,The Governing Council of The Salvation Army,5,14697.0,conflicting identifiers and disjoint postal evidence; identity unresolved unless a named anchor settles it (governing council of salvation army [bn 107951618RR0089] / governing council of salvation army [bn 107951618])
The Governing Council of The Salvation Army,5,14697.0,The Governing Council of The Salvation Army of Canada,4,16508.0,conflicting identifiers and disjoint postal evidence
Exploits Community Association,8,60103.0,Exploits Community Centre,5,14619.0,"same business number, different names (a parent body's number, or an owner's)"
Dr. Charles L. LeGrow Health Care Auxiliary,4,14579.0,The Lions Club of Channel-Port aux Basques,5,636879.84,"same business number, different names (a parent body's number, or an owner's)"
Come By Chance Recreation Commission,2,14491.0,Town of Come By Chance,5,95491.0,"same business number, different names (a parent body's number, or an owner's)"
Sir Thomas Roddick Hospital Auxiliary,4,14491.0,Western Health Care Corporation,2,31429.95,"same business number, different names (a parent body's number, or an owner's)"
Sir Thomas Roddick Hospital Auxiliary,4,14491.0,WESTERN REGIONAL HEALTH AUTHORITY,6,627174.25,"same business number, different names (a parent body's number, or an owner's)"
Sir Thomas Roddick Hospital Auxiliary,4,14491.0,Western Regional Integrated Health Authority,4,15489.0,"same business number, different names (a parent body's number, or an owner's)"
CAPITAL MITSUBISHI,4,21875.0,IMPORT AUTO PLAZA (2004) INC.,2,14375.0,"same business number, different names (a parent body's number, or an owner's)"
CAPITAL MITSUBISHI (IMPORT AUTO PLAZA (2004) INC.),15,885625.0,IMPORT AUTO PLAZA (2004) INC.,2,14375.0,"same business number, different names (a parent body's number, or an owner's)"
Anglican Parish of St.Philips,3,14306.0,Cathedral Parish of St. John the Baptist,4,381909.0,"same business number, different names (a parent body's number, or an owner's)"
Anglican Parish of St.Philips,3,14306.0,Diocesan Synod of Eastern Newfoundland and Labrador,6,34168.0,"same business number, different names (a parent body's number, or an owner's)"
Anglican Parish of St.Philips,3,14306.0,Parish of All Saints,3,34370.0,"same business number, different names (a parent body's number, or an owner's)"
Anglican Parish of St.Philips,3,14306.0,Parish of St. Thomas',7,28016.0,"same business number, different names (a parent body's number, or an owner's)"
Anglican Parish of St.Philips,3,14306.0,The Parish of Upper Island Cove,6,30582.0,"same business number, different names (a parent body's number, or an owner's)"
Harbour Grace Recreation Department,8,63984.0,S.W. Moores Memorial Park Committee,4,14219.0,"same business number, different names (a parent body's number, or an owner's)"
Robert's Arm Fire Department,5,14195.0,Town of Robert's Arm,6,396413.53,"same business number, different names (a parent body's number, or an owner's)"
French Shore Historical Society,12,317723.0,French Shore Interpretation Centre,3,14161.0,"same business number, different names (a parent body's number, or an owner's)"
Roman Catholic Episcopal Corporation of St. John's,3,14130.0,Roman Catholic Episcopal Corporation St. Peter's,2,35000.0,"same business number, different names (a parent body's number, or an owner's)"
Roman Catholic Episcopal Corporation of St. John's,3,14130.0,St. Michael's Roman Catholic Parish,4,26065.0,"same business number, different names (a parent body's number, or an owner's)"
HARBOUR AUTHORITY OF ADMIRAL'S BEAC,2,25504.7,Harbour Authority of Admiral's Beach,1,14124.88,"a spelling slip apart, with no business number, postal code or review to confirm it"
AJR Fisheries Ltd,1,14023.1,ASV Fisheries Inc.,1,69930.0,"a spelling slip apart, with no business number, postal code or review to confirm it"
AJR Fisheries Ltd,1,14023.1,SGR Fisheries Ltd.,3,139860.0,"a spelling slip apart, with no business number, postal code or review to confirm it"
"Burke, Alexander",4,32500.0,Luke Alexander,1,14000.0,"a spelling slip apart, with no business number, postal code or review to confirm it"
Marystown Recreation Committee,3,13770.0,Town Council of Marystown,3,15299.87,"same business number, different names (a parent body's number, or an owner's)"
Marystown Recreation Committee,3,13770.0,Town of Marystown,19,6047288.34,"same business number, different names (a parent body's number, or an owner's)"
WESSTERN HYDRAULIC AND MECHANICAL LIMITED,1,13751.13,Western Hydraulic & Mechanical Ltd,24,760787.6,"a spelling slip apart, with no business number, postal code or review to confirm it"
WESSTERN HYDRAULIC AND MECHANICAL LIMITED,1,13751.13,Western Hydraulic & Mechnanical Ltd,1,17545.0,"a spelling slip apart, with no business number, postal code or review to confirm it"
WESSTERN HYDRAULIC AND MECHANICAL LIMITED,1,13751.13,Western Hydrualic & Mechanical Ltd,1,20800.0,"a spelling slip apart, with no business number, postal code or review to confirm it"
Triware Technologeis Incorporated,1,13726.35,TRIWARE TECHNOLOGIES INCORPORATED,361,1797702.01,"a spelling slip apart, with no business number, postal code or review to confirm it"
Auk Island Enterprises Inc.,9,405918.36,Auk Island Winery and Restaurant,5,13681.0,"same business number, different names (a parent body's number, or an owner's)"
PILLEY'S ISLAND RECREATION,4,13511.0,Town of Pilleys Island,3,96330.0,"same business number, different names (a parent body's number, or an owner's)"
"Allen, Tana-Memorial University of Newfoundland",2,100000.0,Memorial University - Student Residences and Ancillary Operations,1,13440.0,"same business number, different names (a parent body's number, or an owner's)"
"Benoukraf, Touati Memorial University of Newfoundland",2,1000000.0,Memorial University - Student Residences and Ancillary Operations,1,13440.0,"same business number, different names (a parent body's number, or an owner's)"
"Berger, Harris-Memorial University of Newfoundland",1,1400000.0,Memorial University - Student Residences and Ancillary Operations,1,13440.0,"same business number, different names (a parent body's number, or an owner's)"
"Carter, Angela-Memorial University of Newfoundland",1,600000.0,Memorial University - Student Residences and Ancillary Operations,1,13440.0,"same business number, different names (a parent body's number, or an owner's)"
"Chen, Bing-Memorial University of Newfoundland",1,250000.0,Memorial University - Student Residences and Ancillary Operations,1,13440.0,"same business number, different names (a parent body's number, or an owner's)"
"Dobre, Octavia-Memorial University of Newfoundland",1,1400000.0,Memorial University - Student Residences and Ancillary Operations,1,13440.0,"same business number, different names (a parent body's number, or an owner's)"
Fisheries and Marine Institute of Memorial University,11,1009424.0,Memorial University - Student Residences and Ancillary Operations,1,13440.0,"same business number, different names (a parent body's number, or an owner's)"
Fisheries & Marine Institute of Memorial University of Nfld.,19,3294815.5,Memorial University - Student Residences and Ancillary Operations,1,13440.0,"same business number, different names (a parent body's number, or an owner's)"
"Grenfell Campus, Memorial University",6,19710.0,Memorial University - Student Residences and Ancillary Operations,1,13440.0,"same business number, different names (a parent body's number, or an owner's)"
"Grenfell Campus, Memorial University of Newfoundland",32,99833.0,Memorial University - Student Residences and Ancillary Operations,1,13440.0,"same business number, different names (a parent body's number, or an owner's)"
"Grenfell Campus, MemorialUniversity of Newfoundland",1,19152.0,Memorial University - Student Residences and Ancillary Operations,1,13440.0,"same business number, different names (a parent body's number, or an owner's)"
Memorial University,37,8142666.62,Memorial University - Student Residences and Ancillary Operations,1,13440.0,"same business number, different names (a parent body's number, or an owner's)"
Memorial University of Newfoundland,703,541082578.12,Memorial University - Student Residences and Ancillary Operations,1,13440.0,"same business number, different names (a parent body's number, or an owner's)"
Memorial University of Newfoundland and Labrador,25,753973.5,Memorial University - Student Residences and Ancillary Operations,1,13440.0,"same business number, different names (a parent body's number, or an owner's)"
Memorial University of Newfoundland - Faculty of Eng. & Applied Science,7,379000.0,Memorial University - Student Residences and Ancillary Operations,1,13440.0,"same business number, different names (a parent body's number, or an owner's)"
MEMORIAL UNIVERSITY OF NEWFOUNDLAND FINANCIAL AND ADMINISTRATIVE SERVICES,4,5444430.0,Memorial University - Student Residences and Ancillary Operations,1,13440.0,"same business number, different names (a parent body's number, or an owner's)"
Memorial University of Newfoundland Research Grant and Contract Services,1,22050.0,Memorial University - Student Residences and Ancillary Operations,1,13440.0,"same business number, different names (a parent body's number, or an owner's)"
Memorial University - Student Residences and Ancillary Operations,1,13440.0,"Nguyen, Hai-Memorial University of Newfoundland",1,500000.0,"same business number, different names (a parent body's number, or an owner's)"
Memorial University - Student Residences and Ancillary Operations,1,13440.0,"Passow, Uta-Memorial University of Newfoundland",1,1400000.0,"same business number, different names (a parent body's number, or an owner's)"
Memorial University - Student Residences and Ancillary Operations,1,13440.0,Research Grant and Contract ServiceMemorial University,1,22000.0,"same business number, different names (a parent body's number, or an owner's)"
Memorial University - Student Residences and Ancillary Operations,1,13440.0,"Robert, Katleen-Memorial University of Newfoundland",1,500000.0,"same business number, different names (a parent body's number, or an owner's)"
Memorial University - Student Residences and Ancillary Operations,1,13440.0,"Welch, Nicholas-Memorial University of Newfoundland",1,500000.0,"same business number, different names (a parent body's number, or an owner's)"
Memorial University - Student Residences and Ancillary Operations,1,13440.0,"Ziegler, Susan-Memorial University of Newfoundland",1,1400000.0,"same business number, different names (a parent body's number, or an owner's)"
NORMAN'S COVE-LONG COVE SPORTS,1,13422.0,Norman's Cove-Long Cove Sports and Recreation,3,36292.0,"same business number, different names (a parent body's number, or an owner's)"
NORMAN'S COVE-LONG COVE SPORTS,1,13422.0,Norman's Cove-Long Cove Sports and Recreation Commission,7,30727.0,"same business number, different names (a parent body's number, or an owner's)"
Burin Peninsula Regional Service Board,3,24869.0,Burin Peninsula Waste Management,4,13401.0,"same business number, different names (a parent body's number, or an owner's)"
Hiram Masonic Lodge,5,17724.0,Hiram Masonic Lodge # 3,3,13155.0,"same business number, different names (a parent body's number, or an owner's)"
Gower Street Pastoral Charge,6,28436.0,Gower Street United Church,2,13045.0,"same business number, different names (a parent body's number, or an owner's)"
Basilica Museum & Archives Inc.,2,12975.0,Roman Catholic Episcopal Corporation,4,19538.0,"same business number, different names (a parent body's number, or an owner's)"
Basilica Museum & Archives Inc.,2,12975.0,Roman Catholic Episcopal Corporation of St. John's,3,14130.0,"same business number, different names (a parent body's number, or an owner's)"
Basilica Museum & Archives Inc.,2,12975.0,Roman Catholic Episcopal Corporation St. Peter's,2,35000.0,"same business number, different names (a parent body's number, or an owner's)"
Basilica Museum & Archives Inc.,2,12975.0,St. Michael's Roman Catholic Parish,4,26065.0,"same business number, different names (a parent body's number, or an owner's)"
"Allen, Tana-Memorial University of Newfoundland",2,100000.0,"Memorial University of Newfoundland, Department of Varsity Athletics (HKR)",1,12936.0,"same business number, different names (a parent body's number, or an owner's)"
"Benoukraf, Touati Memorial University of Newfoundland",2,1000000.0,"Memorial University of Newfoundland, Department of Varsity Athletics (HKR)",1,12936.0,"same business number, different names (a parent body's number, or an owner's)"
"Berger, Harris-Memorial University of Newfoundland",1,1400000.0,"Memorial University of Newfoundland, Department of Varsity Athletics (HKR)",1,12936.0,"same business number, different names (a parent body's number, or an owner's)"
"Carter, Angela-Memorial University of Newfoundland",1,600000.0,"Memorial University of Newfoundland, Department of Varsity Athletics (HKR)",1,12936.0,"same business number, different names (a parent body's number, or an owner's)"
"Chen, Bing-Memorial University of Newfoundland",1,250000.0,"Memorial University of Newfoundland, Department of Varsity Athletics (HKR)",1,12936.0,"same business number, different names (a parent body's number, or an owner's)"
"Dobre, Octavia-Memorial University of Newfoundland",1,1400000.0,"Memorial University of Newfoundland, Department of Varsity Athletics (HKR)",1,12936.0,"same business number, different names (a parent body's number, or an owner's)"
"Memorial University of Newfoundland, Department of Varsity Athletics (HKR)",1,12936.0,MEMORIAL UNIVERSITY OF NEWFOUNDLAND FINANCIAL AND ADMINISTRATIVE SERVICES,4,5444430.0,"same business number, different names (a parent body's number, or an owner's)"
"Memorial University of Newfoundland, Department of Varsity Athletics (HKR)",1,12936.0,Memorial University of Newfoundland Research Grant and Contract Services,1,22050.0,"same business number, different names (a parent body's number, or an owner's)"
"Memorial University of Newfoundland, Department of Varsity Athletics (HKR)",1,12936.0,Memorial University - Student Residences and Ancillary Operations,1,13440.0,"same business number, different names (a parent body's number, or an owner's)"
"Memorial University of Newfoundland, Department of Varsity Athletics (HKR)",1,12936.0,"Nguyen, Hai-Memorial University of Newfoundland",1,500000.0,"same business number, different names (a parent body's number, or an owner's)"
"Memorial University of Newfoundland, Department of Varsity Athletics (HKR)",1,12936.0,"Passow, Uta-Memorial University of Newfoundland",1,1400000.0,"same business number, different names (a parent body's number, or an owner's)"
"Memorial University of Newfoundland, Department of Varsity Athletics (HKR)",1,12936.0,Research Grant and Contract ServiceMemorial University,1,22000.0,"same business number, different names (a parent body's number, or an owner's)"
"Memorial University of Newfoundland, Department of Varsity Athletics (HKR)",1,12936.0,"Robert, Katleen-Memorial University of Newfoundland",1,500000.0,"same business number, different names (a parent body's number, or an owner's)"
"Memorial University of Newfoundland, Department of Varsity Athletics (HKR)",1,12936.0,"Welch, Nicholas-Memorial University of Newfoundland",1,500000.0,"same business number, different names (a parent body's number, or an owner's)"
"Memorial University of Newfoundland, Department of Varsity Athletics (HKR)",1,12936.0,"Ziegler, Susan-Memorial University of Newfoundland",1,1400000.0,"same business number, different names (a parent body's number, or an owner's)"
Happy Valley Goose Bay Society For The Prevention of Cruelty to Animals,5,23098.0,Happy Valley-Goose Bay SPCA,3,12919.0,"same business number, different names (a parent body's number, or an owner's)"
Diligent Canada,3,83828.86,Dilligent Canada,1,12917.35,"a spelling slip apart, with no business number, postal code or review to confirm it"
Eastern Health,4,1592817.0,"Eastern Health, Sexual Assault Nursing Program",1,12900.0,"same business number, different names (a parent body's number, or an owner's)"
"Eastern Health, Sexual Assault Nursing Program",1,12900.0,Eastern Regional Health Authority,11,4607350.49,"same business number, different names (a parent body's number, or an owner's)"
"Eastern Health, Sexual Assault Nursing Program",1,12900.0,NEWFOUNDLAND & LABRADOR HEALTH SERVICES,7,1947786.61,"same business number, different names (a parent body's number, or an owner's)"
"Eastern Health, Sexual Assault Nursing Program",1,12900.0,Provincial Health Authority,5,2256553.0,"same business number, different names (a parent body's number, or an owner's)"
HARBOUR AUTHORITY OF SOUTH EAST BIG,1,44275.0,Harbour authority of south East Bight,3,12893.0,"a spelling slip apart, with no business number, postal code or review to confirm it"
Anglican Church Women,3,15777.0,Anglican Parish of Indian Bay,3,12812.0,"same business number, different names (a parent body's number, or an owner's)"
Anglican Parish of Indian Bay,3,12812.0,St. Peter's Anglican Church,7,28078.0,"same business number, different names (a parent body's number, or an owner's)"
Red Bay Community Council,3,12707.0,Town of Red Bay,14,1567649.0,"same business number, different names (a parent body's number, or an owner's)"
ASV Fisheries Inc.,1,69930.0,LSJ FISHERIES,1,12698.69,"a spelling slip apart, with no business number, postal code or review to confirm it"
Abundant Life Pentecostal Tabernacle,4,14930.0,St. John's West Worship Centre,4,12628.0,"same business number, different names (a parent body's number, or an owner's)"
Elim Pentecostal Tabernacle,6,43199.0,St. John's West Worship Centre,4,12628.0,"same business number, different names (a parent body's number, or an owner's)"
Emmanuel Pentecostal Church,4,16614.0,St. John's West Worship Centre,4,12628.0,"same business number, different names (a parent body's number, or an owner's)"
Evangel Pentecostal Church,8,41470.0,St. John's West Worship Centre,4,12628.0,"same business number, different names (a parent body's number, or an owner's)"
Evangel Pentecostal Tabernacle,3,18714.0,St. John's West Worship Centre,4,12628.0,"same business number, different names (a parent body's number, or an owner's)"
Pentecostal Assemblies of Newfoundland and Labrador Corporation,9,81421.0,St. John's West Worship Centre,4,12628.0,"same business number, different names (a parent body's number, or an owner's)"
Pentecostal Assembly,5,22825.0,St. John's West Worship Centre,4,12628.0,"same business number, different names (a parent body's number, or an owner's)"
Pentecostal Tabernacle,7,28568.0,St. John's West Worship Centre,4,12628.0,"same business number, different names (a parent body's number, or an owner's)"
St. John's West Worship Centre,4,12628.0,Zion Pentecostal Church,4,14994.0,"same business number, different names (a parent body's number, or an owner's)"
Admiralty House Communications Museum and Archive,1,12617.0,Admiralty House Museum & Archive Inc.,7,61595.0,"same business number, different names (a parent body's number, or an owner's)"
Admiralty House Communications Museum and Archive,1,12617.0,ADMIRALTY HOUSE MUSEUM & ARCHIVES INC.,5,179642.0,"same business number, different names (a parent body's number, or an owner's)"
Anglican Church Women,3,15777.0,the diocesan synod of central newfoundland,4,12598.0,"same business number, different names (a parent body's number, or an owner's)"
Anglican Parish of Indian Bay,3,12812.0,the diocesan synod of central newfoundland,4,12598.0,"same business number, different names (a parent body's number, or an owner's)"
the diocesan synod of central newfoundland,4,12598.0,St. Peter's Anglican Church,7,28078.0,"same business number, different names (a parent body's number, or an owner's)"
Harbour Main-Chapel's Cove-Lakeview Volunteer Fire Department,2,12578.0,Harbour Main Volunteer Fire Department,3,16276.0,"same business number, different names (a parent body's number, or an owner's)"
HAROLD SNOW SERVICE GROUP,6,218240.82,Harold Snow Service Groups,1,12495.0,"a spelling slip apart, with no business number, postal code or review to confirm it"
LinkedIn Ireland Unlimited Company,3,77850.0,Linkedln Ireland Unlimited Company,1,12480.0,"a spelling slip apart, with no business number, postal code or review to confirm it"
Friends of Pippy Park,2,12447.0,The Friends of Pippy Park (FoPP),3,26535.0,"same business number, different names (a parent body's number, or an owner's)"
St. John's Status of Women Council,4,569658.0,St. John's Status of Women Council/St. John's Women's Centre,2,12271.0,"same business number, different names (a parent body's number, or an owner's)"
St. John's Status of Women Council/St. John's Women's Centre,2,12271.0,St. John's Women Centre Inc.,2,1226270.0,"same business number, different names (a parent body's number, or an owner's)"
St. John's Status of Women Council/St. John's Women's Centre,2,12271.0,St. John's Women's Centre,11,1916359.0,"same business number, different names (a parent body's number, or an owner's)"
Provincial Council NFLD and Labrador,1,12220.0,Scouts Canada,4,25905.0,"same business number, different names (a parent body's number, or an owner's)"
Anglican Cemetery Committee of St. John's and Mt Pearl,11,71316.0,The Anglican Committee of St. John's & Mt. Pearl,2,12220.0,"same business number, different names (a parent body's number, or an owner's)"
Stephenville Athletics,2,12206.0,Whaleback Senior Citizens Club,5,79546.0,"same business number, different names (a parent body's number, or an owner's)"
Stephenville Athletics,2,12206.0,Whaleback SeniorCitizens Club,1,16485.0,"same business number, different names (a parent body's number, or an owner's)"
Anna Templeton Centre,1,12191.0,"The Anna Templeton Centre for Craft, Art and Design, Inc",14,528088.0,"same business number, different names (a parent body's number, or an owner's)"
Canadian Legion Branch No 34,3,21041.0,Royal Canadian Legion Branch 34,1,12151.0,"same business number, different names (a parent body's number, or an owner's)"
Royal Canadian Legion Branch 34,1,12151.0,"The Royal Canadian Legion, Branch 34 Southern Shore",6,22675.0,"same business number, different names (a parent body's number, or an owner's)"
Castor River North Local Service District,2,12096.0,Local Service District Development Committee,3,16081.0,"same business number, different names (a parent body's number, or an owner's)"
Fortune Recreation Commission,2,12082.0,FORTUNE RECREATION COMMISSION 2022 INC.,3,12636.0,"same business number, different names (a parent body's number, or an owner's)"
Goodyear Cove Committee,2,20200.0,Goodyear's Cove Park,2,12082.0,"same business number, different names (a parent body's number, or an owner's)"
Anglican Cathedral of St John the Baptist,2,12081.0,Anglican Parish of St.Philips,3,14306.0,"same business number, different names (a parent body's number, or an owner's)"
Anglican Cathedral of St John the Baptist,2,12081.0,Cathedral Parish of St. John the Baptist,4,381909.0,"same business number, different names (a parent body's number, or an owner's)"
Anglican Cathedral of St John the Baptist,2,12081.0,Diocesan Synod of Eastern Newfoundland and Labrador,6,34168.0,"same business number, different names (a parent body's number, or an owner's)"
Anglican Cathedral of St John the Baptist,2,12081.0,Parish of All Saints,3,34370.0,"same business number, different names (a parent body's number, or an owner's)"
Anglican Cathedral of St John the Baptist,2,12081.0,Parish of St. Thomas',7,28016.0,"same business number, different names (a parent body's number, or an owner's)"
Anglican Cathedral of St John the Baptist,2,12081.0,The Parish of Upper Island Cove,6,30582.0,"same business number, different names (a parent body's number, or an owner's)"
North Shore Volunteer Fire Department,2,12081.0,North Shore Volunteer Fire Dept.,3,20991.0,"same business number, different names (a parent body's number, or an owner's)"
Battlefield Equipment Rentals,5,224702.31,BATTLEFIELDS EQUIPMENT RENTALS,1,12073.85,"a spelling slip apart, with no business number, postal code or review to confirm it"
KIMJ CONSTRUCTION LTD,1,29134.45,KMJ COBNSTRUCTION LTD,1,12072.32,"a spelling slip apart, with no business number, postal code or review to confirm it"
KMJ COBNSTRUCTION LTD,1,12072.32,Kmj Construction Ltd,99,3054583.73,"a spelling slip apart, with no business number, postal code or review to confirm it"
Kendall Hunt Publishing Company,2,26563.1,Kendall Hunt Publising,1,12017.55,"a spelling slip apart, with no business number, postal code or review to confirm it"
Acklands-Gainger Inc,1,11979.2,ACKLANDS-GRAINGER INC.,31,534737.1,"a spelling slip apart, with no business number, postal code or review to confirm it"
Acklands-Gainger Inc,1,11979.2,Acklands-Granger Inc.,1,17330.0,"a spelling slip apart, with no business number, postal code or review to confirm it"
Canadian Coast Guard Newfoundland Region Alumni Association Inc.,7,93503.0,Cdn. Coast Guard NL Region Alumni Association,1,11942.0,"same business number, different names (a parent body's number, or an owner's)"
Point Lance Community Council,9,72667.0,Point Lance Recreation,1,11941.0,"same business number, different names (a parent body's number, or an owner's)"
Our Lady of Grace BC Parish Committee,5,35724.0,Parish of the Most Holy Redeemer and Immaculate Conception,3,11875.0,"same business number, different names (a parent body's number, or an owner's)"
Our Lady of Grace Parish,8,46448.0,Parish of the Most Holy Redeemer and Immaculate Conception,3,11875.0,"same business number, different names (a parent body's number, or an owner's)"
Parish of the Most Holy Redeemer and Immaculate Conception,3,11875.0,Roman Catholic Episcopal Corp. of St. Georges,5,47738.0,"same business number, different names (a parent body's number, or an owner's)"
Parish of the Most Holy Redeemer and Immaculate Conception,3,11875.0,Roman Catholic Episcopal Corp. of St. Georges (Our Lady of Lourdes Parish),3,36094.0,"same business number, different names (a parent body's number, or an owner's)"
Basilica Museum & Archives Inc.,2,12975.0,RC Episcopal Corporation of St. John's,3,11875.0,"same business number, different names (a parent body's number, or an owner's)"
RC Episcopal Corporation of St. John's,3,11875.0,Roman Catholic Episcopal Corporation,4,19538.0,"same business number, different names (a parent body's number, or an owner's)"
RC Episcopal Corporation of St. John's,3,11875.0,Roman Catholic Episcopal Corporation of St. John's,3,14130.0,"same business number, different names (a parent body's number, or an owner's)"
RC Episcopal Corporation of St. John's,3,11875.0,Roman Catholic Episcopal Corporation St. Peter's,2,35000.0,"same business number, different names (a parent body's number, or an owner's)"
RC Episcopal Corporation of St. John's,3,11875.0,St. Michael's Roman Catholic Parish,4,26065.0,"same business number, different names (a parent body's number, or an owner's)"
Integrated Distibution Systems LP.,1,11868.19,INTEGRATED DISTRIBUTION SYSTEMS LP o/a WAJAX,3,206025.71,"a spelling slip apart, with no business number, postal code or review to confirm it"
WOODWARD AVIATION,114,2681046.92,WOODWARDS AVIATION,1,11818.48,"a spelling slip apart, with no business number, postal code or review to confirm it"
DAL ENTERPRISES LTD,6,11753.0,DMC ENTERPRISES,1,17770.76,"a spelling slip apart, with no business number, postal code or review to confirm it"
DAL ENTERPRISES LTD,6,11753.0,DMJ Enterprises Limited,2,106862.0,"a spelling slip apart, with no business number, postal code or review to confirm it"
DAL ENTERPRISES LTD,6,11753.0,JSL Enterprises Limited o/a All Wheel Drive,2,117216.51,"a spelling slip apart, with no business number, postal code or review to confirm it"
CAMPBELL'S SHIP SUPPLIES,12,187036.48,Campbell's Ships Supplies Limited o/a Bosun's Locker,1,11750.4,"a spelling slip apart, with no business number, postal code or review to confirm it"
THE PAINT SHOP,1,11711.0,PRINT SHOP LIMITED,48,51705.9,"a spelling slip apart, with no business number, postal code or review to confirm it"
KIMJ CONSTRUCTION LTD,1,29134.45,KMJ OCNSTRUCTION LTD,1,11668.03,"a spelling slip apart, with no business number, postal code or review to confirm it"
KMJ COBNSTRUCTION LTD,1,12072.32,KMJ OCNSTRUCTION LTD,1,11668.03,"a spelling slip apart, with no business number, postal code or review to confirm it"
Kmj Construction Ltd,99,3054583.73,KMJ OCNSTRUCTION LTD,1,11668.03,"a spelling slip apart, with no business number, postal code or review to confirm it"
Dermot Lee Memorial Royal Canadian Legion,2,19493.0,Royal Canadian Legion Br. 62,2,11643.0,"same business number, different names (a parent body's number, or an owner's)"
"Dermot Lee Memorial, Royal Canadian Legion Br. 62",3,26599.0,Royal Canadian Legion Br. 62,2,11643.0,"same business number, different names (a parent body's number, or an owner's)"
Royal Canadian Legion Br. 62,2,11643.0,Royal Canadian Legion Branch 62,3,53984.0,"same business number, different names (a parent body's number, or an owner's)"
Town of Winterton,9,579902.0,Town of Winterton Outside Pond RV Park,3,11633.0,"same business number, different names (a parent body's number, or an owner's)"
St. John's Status of Women Council,4,569658.0,St John's Status of Women/ St. John's Women's Centre,2,11626.0,"same business number, different names (a parent body's number, or an owner's)"
St John's Status of Women/ St. John's Women's Centre,2,11626.0,St. John's Women Centre Inc.,2,1226270.0,"same business number, different names (a parent body's number, or an owner's)"
St John's Status of Women/ St. John's Women's Centre,2,11626.0,St. John's Women's Centre,11,1916359.0,"same business number, different names (a parent body's number, or an owner's)"
Saltwater Community Association Inc.,5,252466.0,Spirit Riders Therapeutic Association,5,11617.0,"same business number, different names (a parent body's number, or an owner's)"
Bay de Verde Recreation,3,29467.0,Bay de Verde Recreation Commission,2,11464.0,"same business number, different names (a parent body's number, or an owner's)"
Bay de Verde Recreation Commission,2,11464.0,Bay de Verde Recreation Committee,3,21834.0,"same business number, different names (a parent body's number, or an owner's)"
Bay de Verde Recreation Commission,2,11464.0,Heritage Bay de Verde,5,41254.0,"same business number, different names (a parent body's number, or an owner's)"
The Governing Council of The Salvation Army,4,17812.0,Salvation Army Faith And Hope Thrift Store,3,11422.0,"same business number, different names (a parent body's number, or an owner's)"
The Governing Council of the salvation Army,8,34767.0,Salvation Army Faith And Hope Thrift Store,3,11422.0,"same business number, different names (a parent body's number, or an owner's)"
The Governing Council of The Salvation Army,5,14697.0,Salvation Army Faith And Hope Thrift Store,3,11422.0,"same business number, different names (a parent body's number, or an owner's)"
The Governing Council of the Salvation Army,2,21518.0,Salvation Army Faith And Hope Thrift Store,3,11422.0,"same business number, different names (a parent body's number, or an owner's)"
The Governing Council of The Salvation Army in Canada,6,61629.0,Salvation Army Faith And Hope Thrift Store,3,11422.0,"same business number, different names (a parent body's number, or an owner's)"
The Governing Council of The Salvation Army in Canada,3,14733.0,Salvation Army Faith And Hope Thrift Store,3,11422.0,"same business number, different names (a parent body's number, or an owner's)"
The Governing Council of The Salvation Army in Canada,17,207069.0,Salvation Army Faith And Hope Thrift Store,3,11422.0,"same business number, different names (a parent body's number, or an owner's)"
The Governing Council of The Salvation Army of Canada,4,16508.0,Salvation Army Faith And Hope Thrift Store,3,11422.0,"same business number, different names (a parent body's number, or an owner's)"
The Salvation Army,5,18852.0,Salvation Army Faith And Hope Thrift Store,3,11422.0,"same business number, different names (a parent body's number, or an owner's)"
The Salvation Army Carbonear Corps,7,28314.0,Salvation Army Faith And Hope Thrift Store,3,11422.0,"same business number, different names (a parent body's number, or an owner's)"
Salvation Army Faith And Hope Thrift Store,3,11422.0,The Salvation Army Governing Council for Canada,1,20000.0,"same business number, different names (a parent body's number, or an owner's)"
Harmon Golf and Country Club,5,36721.0,Harmon Seaside Links Incorporated,2,11084.0,"same business number, different names (a parent body's number, or an owner's)"
Hydrogarden Supply Services Inc,8,124787.54,Hyrdogarden Supply Services Inc.,1,11073.42,"a spelling slip apart, with no business number, postal code or review to confirm it"
Frosty's Snow Clearing & Sweeping Inc.,1,11063.0,Frosty's Snowclearing & Sweepeing Inc.,1,11600.0,"a spelling slip apart, with no business number, postal code or review to confirm it"
Emerald Business Development Corporation,15,5724683.0,Emerald Business Development Coropration,3,11020.0,"same business number, different names (a parent body's number, or an owner's)"
Christie Lite Sales Ltd,1,10966.5,CHRISTIE LITES SALES LTD,6,343112.84,"a spelling slip apart, with no business number, postal code or review to confirm it"
Christie Lite Sales Ltd,1,10966.5,Christine Lite Sales Ltd,2,29422.0,"a spelling slip apart, with no business number, postal code or review to confirm it"
Theatre Newfoundland Labrador,4,471348.0,TNL - Theatre Newfoundland Labrador,1,10958.0,"same business number, different names (a parent body's number, or an owner's)"
TNL,24,7985463.0,TNL - Theatre Newfoundland Labrador,1,10958.0,"same business number, different names (a parent body's number, or an owner's)"
Basilica Museum & Archives Inc.,2,12975.0,St. Patrick's Parish,3,10957.0,"same business number, different names (a parent body's number, or an owner's)"
RC Episcopal Corporation of St. John's,3,11875.0,St. Patrick's Parish,3,10957.0,"same business number, different names (a parent body's number, or an owner's)"
Roman Catholic Episcopal Corporation,4,19538.0,St. Patrick's Parish,3,10957.0,"same business number, different names (a parent body's number, or an owner's)"
Roman Catholic Episcopal Corporation of St. John's,3,14130.0,St. Patrick's Parish,3,10957.0,"same business number, different names (a parent body's number, or an owner's)"
Roman Catholic Episcopal Corporation St. Peter's,2,35000.0,St. Patrick's Parish,3,10957.0,"same business number, different names (a parent body's number, or an owner's)"
St. Michael's Roman Catholic Parish,4,26065.0,St. Patrick's Parish,3,10957.0,"same business number, different names (a parent body's number, or an owner's)"
Abundant Life Pentecostal Tabernacle,4,14930.0,Calvary Pentecostal Tabernacle,3,10788.0,"same business number, different names (a parent body's number, or an owner's)"
Calvary Pentecostal Tabernacle,3,10788.0,Elim Pentecostal Tabernacle,6,43199.0,"same business number, different names (a parent body's number, or an owner's)"
Calvary Pentecostal Tabernacle,3,10788.0,Emmanuel Pentecostal Church,4,16614.0,"same business number, different names (a parent body's number, or an owner's)"
Calvary Pentecostal Tabernacle,3,10788.0,Evangel Pentecostal Church,8,41470.0,"same business number, different names (a parent body's number, or an owner's)"
Calvary Pentecostal Tabernacle,3,10788.0,Evangel Pentecostal Tabernacle,3,18714.0,"same business number, different names (a parent body's number, or an owner's)"
Calvary Pentecostal Tabernacle,3,10788.0,Pentecostal Assemblies of Newfoundland and Labrador Corporation,9,81421.0,"same business number, different names (a parent body's number, or an owner's)"
Calvary Pentecostal Tabernacle,3,10788.0,Pentecostal Assembly,5,22825.0,"same business number, different names (a parent body's number, or an owner's)"
Calvary Pentecostal Tabernacle,3,10788.0,Pentecostal Tabernacle,7,28568.0,"same business number, different names (a parent body's number, or an owner's)"
Calvary Pentecostal Tabernacle,3,10788.0,St. John's West Worship Centre,4,12628.0,"same business number, different names (a parent body's number, or an owner's)"
Calvary Pentecostal Tabernacle,3,10788.0,Zion Pentecostal Church,4,14994.0,"same business number, different names (a parent body's number, or an owner's)"
Twillingate Lodge No. 7,3,10788.0,Twillingate Masonic Lodge No. 7,3,14306.0,"same business number, different names (a parent body's number, or an owner's)"
Avaiation Solutions Inc.,1,10780.0,Aviation Solutions Inc,12,180566.01,"a spelling slip apart, with no business number, postal code or review to confirm it"
Community of Gillams,5,84933.0,Gillams Recreation,1,10693.0,"same business number, different names (a parent body's number, or an owner's)"
Harbour Authority of Fort Amherst,3,10674.0,Harbour Authority of Fort Amherst Small Boat Basin,5,21086.0,"same business number, different names (a parent body's number, or an owner's)"
DAL ENTERPRISES LTD,6,11753.0,FDA Enterprises Ltd,1,10506.0,"a spelling slip apart, with no business number, postal code or review to confirm it"
FDA Enterprises Ltd,1,10506.0,Fox Enterprises,4,428720.0,"a spelling slip apart, with no business number, postal code or review to confirm it"
FDA Enterprises Ltd,1,10506.0,LBA Enterprises Ltd,1,69930.0,"a spelling slip apart, with no business number, postal code or review to confirm it"
HARBOUR AUTHORITY OF GREEN'S HARBOU,1,41975.0,Harbour Authority of Green's Harbour,4,10401.0,"a spelling slip apart, with no business number, postal code or review to confirm it"
"Allen, Tana-Memorial University of Newfoundland",2,100000.0,"Grenfell Campus, MUN",5,10261.0,"same business number, different names (a parent body's number, or an owner's)"
"Benoukraf, Touati Memorial University of Newfoundland",2,1000000.0,"Grenfell Campus, MUN",5,10261.0,"same business number, different names (a parent body's number, or an owner's)"
"Berger, Harris-Memorial University of Newfoundland",1,1400000.0,"Grenfell Campus, MUN",5,10261.0,"same business number, different names (a parent body's number, or an owner's)"
"Carter, Angela-Memorial University of Newfoundland",1,600000.0,"Grenfell Campus, MUN",5,10261.0,"same business number, different names (a parent body's number, or an owner's)"
"Chen, Bing-Memorial University of Newfoundland",1,250000.0,"Grenfell Campus, MUN",5,10261.0,"same business number, different names (a parent body's number, or an owner's)"
"Dobre, Octavia-Memorial University of Newfoundland",1,1400000.0,"Grenfell Campus, MUN",5,10261.0,"same business number, different names (a parent body's number, or an owner's)"
Fisheries and Marine Institute of Memorial University,11,1009424.0,"Grenfell Campus, MUN",5,10261.0,"same business number, different names (a parent body's number, or an owner's)"
Fisheries & Marine Institute of Memorial University of Nfld.,19,3294815.5,"Grenfell Campus, MUN",5,10261.0,"same business number, different names (a parent body's number, or an owner's)"
"Grenfell Campus, Memorial University",6,19710.0,"Grenfell Campus, MUN",5,10261.0,"same business number, different names (a parent body's number, or an owner's)"
"Grenfell Campus, Memorial University of Newfoundland",32,99833.0,"Grenfell Campus, MUN",5,10261.0,"same business number, different names (a parent body's number, or an owner's)"
"Grenfell Campus, MemorialUniversity of Newfoundland",1,19152.0,"Grenfell Campus, MUN",5,10261.0,"same business number, different names (a parent body's number, or an owner's)"
"Grenfell Campus, MUN",5,10261.0,Memorial University,37,8142666.62,"same business number, different names (a parent body's number, or an owner's)"
"Grenfell Campus, MUN",5,10261.0,Memorial University of Newfoundland,703,541082578.12,"same business number, different names (a parent body's number, or an owner's)"
"Grenfell Campus, MUN",5,10261.0,Memorial University of Newfoundland and Labrador,25,753973.5,"same business number, different names (a parent body's number, or an owner's)"
"Grenfell Campus, MUN",5,10261.0,"Memorial University of Newfoundland, Department of Varsity Athletics (HKR)",1,12936.0,"same business number, different names (a parent body's number, or an owner's)"
"Grenfell Campus, MUN",5,10261.0,Memorial University of Newfoundland - Faculty of Eng. & Applied Science,7,379000.0,"same business number, different names (a parent body's number, or an owner's)"
"Grenfell Campus, MUN",5,10261.0,MEMORIAL UNIVERSITY OF NEWFOUNDLAND FINANCIAL AND ADMINISTRATIVE SERVICES,4,5444430.0,"same business number, different names (a parent body's number, or an owner's)"
"Grenfell Campus, MUN",5,10261.0,Memorial University of Newfoundland Research Grant and Contract Services,1,22050.0,"same business number, different names (a parent body's number, or an owner's)"
"Grenfell Campus, MUN",5,10261.0,Memorial University - Student Residences and Ancillary Operations,1,13440.0,"same business number, different names (a parent body's number, or an owner's)"
"Grenfell Campus, MUN",5,10261.0,"Nguyen, Hai-Memorial University of Newfoundland",1,500000.0,"same business number, different names (a parent body's number, or an owner's)"
"Grenfell Campus, MUN",5,10261.0,"Passow, Uta-Memorial University of Newfoundland",1,1400000.0,"same business number, different names (a parent body's number, or an owner's)"
"Grenfell Campus, MUN",5,10261.0,Research Grant and Contract ServiceMemorial University,1,22000.0,"same business number, different names (a parent body's number, or an owner's)"
"Grenfell Campus, MUN",5,10261.0,"Robert, Katleen-Memorial University of Newfoundland",1,500000.0,"same business number, different names (a parent body's number, or an owner's)"
"Grenfell Campus, MUN",5,10261.0,"Welch, Nicholas-Memorial University of Newfoundland",1,500000.0,"same business number, different names (a parent body's number, or an owner's)"
"Grenfell Campus, MUN",5,10261.0,"Ziegler, Susan-Memorial University of Newfoundland",1,1400000.0,"same business number, different names (a parent body's number, or an owner's)"
TOWN OF SMALL POINT-ADAM'S COVE,2,10253.0,Town of Small Point-Broad Cove-Blackhead-Adam's Cove,5,17087.0,"same business number, different names (a parent body's number, or an owner's)"
MAIN BROOK RESEARCH AND DEVELO,1,10227.0,Main Brook Research and Development Corporation,3,270461.0,"same business number, different names (a parent body's number, or an owner's)"
LABRADOR NORTH CHAMBER OF COMM,1,10227.0,Labrador North Chamber of Commerce Inc.,67,2077864.84,"same business number, different names (a parent body's number, or an owner's)"
Eastport Peninsula Recreation,1,10227.0,EP Recreation & Wellness Committee,4,35909.0,"same business number, different names (a parent body's number, or an owner's)"
Baymen Rugby Football Club,6,39128.0,BAYMEN RUGBY FOOTBALL CLUB INC BAYMAN RUGBY CLUB CHALLENGE 93,1,10227.0,"same business number, different names (a parent body's number, or an owner's)"
Ann Harvey Days Incorporated,8,49225.0,Isle aux Morts Ann Harvey Days Inc,1,10227.0,"same business number, different names (a parent body's number, or an owner's)"
Humber Tumblers,3,30741.0,HUMBER TUMBLERS GYMNASTICS CLU,1,10227.0,"same business number, different names (a parent body's number, or an owner's)"
Fortune Recreation Commision,1,10226.0,FORTUNE RECREATION COMMISSION 2022 INC.,3,12636.0,"same business number, different names (a parent body's number, or an owner's)"
Great Brehat Wharf Maintenance,1,10226.0,Great Brehat Wharf Maintenance & Harbour Authority Inc.,3,27651.0,"same business number, different names (a parent body's number, or an owner's)"
Anglican Church Women,3,15777.0,Anglican Parish of Gambo,3,10196.0,"same business number, different names (a parent body's number, or an owner's)"
Anglican Parish of Gambo,3,10196.0,Anglican Parish of Indian Bay,3,12812.0,"same business number, different names (a parent body's number, or an owner's)"
Anglican Parish of Gambo,3,10196.0,the diocesan synod of central newfoundland,4,12598.0,"same business number, different names (a parent body's number, or an owner's)"
Anglican Parish of Gambo,3,10196.0,St. Peter's Anglican Church,7,28078.0,"same business number, different names (a parent body's number, or an owner's)"
SARAH J THOMPSON,4,44228.0,Sarah June Thompson,1,10150.0,"same business number, different names (a parent body's number, or an owner's)"
The Governing Council of The Salvation Army,4,17812.0,The Governing Council of The Salvation Army in Canada,2,10100.0,"same business number, different names (a parent body's number, or an owner's)"
The Governing Council of the salvation Army,8,34767.0,The Governing Council of The Salvation Army in Canada,2,10100.0,"same business number, different names (a parent body's number, or an owner's)"
The Governing Council of The Salvation Army,5,14697.0,The Governing Council of The Salvation Army in Canada,2,10100.0,"same business number, different names (a parent body's number, or an owner's)"
The Governing Council of the Salvation Army,2,21518.0,The Governing Council of The Salvation Army in Canada,2,10100.0,"same business number, different names (a parent body's number, or an owner's)"
The Governing Council of The Salvation Army in Canada,2,10100.0,The Governing Council of The Salvation Army of Canada,4,16508.0,"same business number, different names (a parent body's number, or an owner's)"
The Governing Council of The Salvation Army in Canada,2,10100.0,The Salvation Army,5,18852.0,"same business number, different names (a parent body's number, or an owner's)"
The Governing Council of The Salvation Army in Canada,2,10100.0,The Salvation Army Carbonear Corps,7,28314.0,"same business number, different names (a parent body's number, or an owner's)"
The Governing Council of The Salvation Army in Canada,2,10100.0,Salvation Army Faith And Hope Thrift Store,3,11422.0,"same business number, different names (a parent body's number, or an owner's)"
The Governing Council of The Salvation Army in Canada,2,10100.0,The Salvation Army Governing Council for Canada,1,20000.0,"same business number, different names (a parent body's number, or an owner's)"
"Harbour Main, Chapel's Cove & Lakeview Volunteer Fire Department",2,10100.0,Harbour Main Volunteer Fire Department,3,16276.0,"same business number, different names (a parent body's number, or an owner's)"
Supported Employment Deer Lake & Extended Regions,4,21712.0,Supported Employment for Deer Lake & Extended Region Inc,2,10100.0,"same business number, different names (a parent body's number, or an owner's)"
United Brotherhood of Carpenters and Joiners of America Local 579,2,10100.0,United Brotherhood of Carpenters (Atlantic Canada Regional Council - Local 579),1,1061663.0,"same business number, different names (a parent body's number, or an owner's)"
"Twillingate New World Island Fish, Fun and Folk Festival Incorporated",2,10100.0,"Twillingate/NWI Fish, Fun & Folk Festival",2,12333.0,"same business number, different names (a parent body's number, or an owner's)"
Sir Thomas Roddick Hospital Auxiliary,4,14491.0,Sir Thomas Roddick Hospital Ladies Aux Gift Shop,2,10100.0,"same business number, different names (a parent body's number, or an owner's)"
Stephenville Crossing Parks and Rec,2,10100.0,Stephenville Crossing Parks and Recreation,3,25315.0,"same business number, different names (a parent body's number, or an owner's)"
Island Harbour Parks and recreation,2,12385.0,Island Harbour Recreation Committee Inc.,2,10100.0,"same business number, different names (a parent body's number, or an owner's)"
The Governing Council of the Salvation Army in Canada,2,137124.0,The Governing Council of The Salvation Army in Canada,2,10100.0,"a spelling slip apart, with no business number, postal code or review to confirm it"
The Governing Council of The Salvation Army in Canada,6,61629.0,The Governing Council of The Salvation Army in Canada,2,10100.0,conflicting identifiers and disjoint postal evidence
The Governing Council of The Salvation Army in Canada,2,10100.0,The Governing Council of The Salvation Army in Canada,3,14733.0,conflicting identifiers and disjoint postal evidence
The Governing Council of The Salvation Army in Canada,2,10100.0,The Governing Council of The Salvation Army in Canada,17,207069.0,conflicting identifiers and disjoint postal evidence; identity unresolved unless a named anchor settles it (governing council of salvation army in canada [bn 107951618RR0077] / governing council of salvation army in canada [bn 107951618])
The Governing Council of The Salvation Army in Canada,17,207069.0,The Governing Council of The Salvation Army in Canada,2,10100.0,conflicting identifiers and disjoint postal evidence; identity unresolved unless a named anchor settles it (governing council of salvation army in canada [bn 107951618RR0077] / governing council of salvation army in canada [bn 107951618])
CLARENVILLE FOODS INC,1,25872.0,CLARENVILLE FORD,1,10000.0,"a spelling slip apart, with no business number, postal code or review to confirm it"
Heather Brake,1,10000.0,HEATHER CRANE,1,15481.0,"a spelling slip apart, with no business number, postal code or review to confirm it"
Marystown Recreation Committee,3,13770.0,Town Council of Town of Marystown,1,9974.0,"same business number, different names (a parent body's number, or an owner's)"
Baynet inc.,1,9974.0,BayNet Inc. (Bonavista Area Youth Network),2,93045.0,"same business number, different names (a parent body's number, or an owner's)"
Baynet inc.,1,9974.0,Bonavista Area Youth Network,5,56544.0,"same business number, different names (a parent body's number, or an owner's)"
Oceanside RV Park/ United Towns Lions Club,1,9974.0,United Towns Lions Club,7,43448.0,"same business number, different names (a parent body's number, or an owner's)"
St. Anthony and Area Boys and Girls Club,7,77657.0,St Anthony boys and girls club,1,9974.0,"same business number, different names (a parent body's number, or an owner's)"
Fortune Recreation 2022 INC,1,9974.0,Fortune Recreation Commision,1,10226.0,"same business number, different names (a parent body's number, or an owner's)"
Fortune Recreation 2022 INC,1,9974.0,Fortune Recreation Commission,2,12082.0,"same business number, different names (a parent body's number, or an owner's)"
Fortune Recreation 2022 INC,1,9974.0,FORTUNE RECREATION COMMISSION 2022 INC.,3,12636.0,"same business number, different names (a parent body's number, or an owner's)"
Dermot Lee Memorial RCLEGION Br 62,1,9973.0,Dermot Lee Memorial Royal Canadian Legion,2,19493.0,"same business number, different names (a parent body's number, or an owner's)"
Dermot Lee Memorial RCLEGION Br 62,1,9973.0,"Dermot Lee Memorial, Royal Canadian Legion Br. 62",3,26599.0,"same business number, different names (a parent body's number, or an owner's)"
Dermot Lee Memorial RCLEGION Br 62,1,9973.0,Royal Canadian Legion Br. 62,2,11643.0,"same business number, different names (a parent body's number, or an owner's)"
Dermot Lee Memorial RCLEGION Br 62,1,9973.0,Royal Canadian Legion Branch 62,3,53984.0,"same business number, different names (a parent body's number, or an owner's)"
Bartlett's Harbour Castor River North & South Fire Department,2,17677.0,"Bartletts Harbour, Castor River North and South Fire Hall",1,9973.0,"same business number, different names (a parent body's number, or an owner's)"
Baymen Rugby Football Club,6,39128.0,Baymen Rugby Football Club Inc. Baymen Rugby Club Challenge 93,1,9973.0,"same business number, different names (a parent body's number, or an owner's)"
Benevolent and Protective Order of Elks Corner Brook #505,1,24000.0,Corner Brook Elks Lodge,1,9968.0,"same business number, different names (a parent body's number, or an owner's)"
Tilting Historic Foundation,3,9863.0,Tilting Historic Trust Foundation,5,46484.0,"same business number, different names (a parent body's number, or an owner's)"
Community of Gillams,5,84933.0,TOWN OF GILLAMS,5,9756.0,"same business number, different names (a parent body's number, or an owner's)"
Gillams Recreation,1,10693.0,TOWN OF GILLAMS,5,9756.0,"same business number, different names (a parent body's number, or an owner's)"
Good Samaritan 50+ Club,2,9746.0,Good Samaritan 50 Plus Club,4,35295.0,"same business number, different names (a parent body's number, or an owner's)"
The Governing Council of The Salvation Army in Canada,6,61629.0,The Salvation Army Governing Council of Canada,3,9737.0,"same business number, different names (a parent body's number, or an owner's)"
The Governing Council of The Salvation Army in Canada,2,10100.0,The Salvation Army Governing Council of Canada,3,9737.0,"same business number, different names (a parent body's number, or an owner's)"
The Governing Council of The Salvation Army in Canada,3,14733.0,The Salvation Army Governing Council of Canada,3,9737.0,"same business number, different names (a parent body's number, or an owner's)"
The Governing Council of The Salvation Army in Canada,17,207069.0,The Salvation Army Governing Council of Canada,3,9737.0,"same business number, different names (a parent body's number, or an owner's)"
The Salvation Army,5,18852.0,The Salvation Army Governing Council of Canada,3,9737.0,"same business number, different names (a parent body's number, or an owner's)"
The Salvation Army Carbonear Corps,7,28314.0,The Salvation Army Governing Council of Canada,3,9737.0,"same business number, different names (a parent body's number, or an owner's)"
Salvation Army Faith And Hope Thrift Store,3,11422.0,The Salvation Army Governing Council of Canada,3,9737.0,"same business number, different names (a parent body's number, or an owner's)"
The Salvation Army Governing Council for Canada,1,20000.0,The Salvation Army Governing Council of Canada,3,9737.0,"same business number, different names (a parent body's number, or an owner's)"
The Governing Council of The Salvation Army,4,17812.0,The Salvation Army Governing Council of Canada,3,9737.0,conflicting identifiers and disjoint postal evidence
The Governing Council of the salvation Army,8,34767.0,The Salvation Army Governing Council of Canada,3,9737.0,conflicting identifiers and disjoint postal evidence
The Governing Council of The Salvation Army,5,14697.0,The Salvation Army Governing Council of Canada,3,9737.0,conflicting identifiers and disjoint postal evidence
The Governing Council of the Salvation Army,2,21518.0,The Salvation Army Governing Council of Canada,3,9737.0,conflicting identifiers and disjoint postal evidence
The Governing Council of The Salvation Army of Canada,4,16508.0,The Salvation Army Governing Council of Canada,3,9737.0,conflicting identifiers and disjoint postal evidence
Sinbad's Ltd,5,9705.0,STEELE HOTELS LIMITED,22,659682.16,"same business number, different names (a parent body's number, or an owner's)"
St. Paul's Sports and Recreation,2,9472.0,TOWN OF ST. PAUL'S,9,83340.0,"same business number, different names (a parent body's number, or an owner's)"
Our Lady of Grace BC Parish Committee,5,35724.0,Our Lady of Grace Parish Committee,2,9387.0,"same business number, different names (a parent body's number, or an owner's)"
Our Lady of Grace Parish Committee,2,9387.0,Parish of the Most Holy Redeemer and Immaculate Conception,3,11875.0,"same business number, different names (a parent body's number, or an owner's)"
Our Lady of Grace Parish Committee,2,9387.0,Roman Catholic Episcopal Corp. of St. Georges,5,47738.0,"same business number, different names (a parent body's number, or an owner's)"
Our Lady of Grace Parish Committee,2,9387.0,Roman Catholic Episcopal Corp. of St. Georges (Our Lady of Lourdes Parish),3,36094.0,"same business number, different names (a parent body's number, or an owner's)"
Dover Fault Committee,5,26154.0,Dover Fault Committee c/0 Town of Dover,1,9266.0,"same business number, different names (a parent body's number, or an owner's)"
Community Youth Network Isles of Notre Dame Corp,7,61307.0,CYN Isles of Notre Dame Corp,1,9266.0,"same business number, different names (a parent body's number, or an owner's)"
St. Michael's Artists - Printm,3,22933.0,St. Michael's Artists - Printmaker Association,1,9266.0,"same business number, different names (a parent body's number, or an owner's)"
GFW Community Garden,2,20199.0,Grand Fall-Windsor Community Garden,1,9266.0,"same business number, different names (a parent body's number, or an owner's)"
Arnold's Cove Heritage Foundation,6,50613.0,Town of Arnold' s Cove,2,9240.0,"same business number, different names (a parent body's number, or an owner's)"
Gander Golf Club Incorporated,8,137969.93,Gander Golf Course Inc.,1,9165.0,"same business number, different names (a parent body's number, or an owner's)"
Lab West Child Care INC,7,69498.0,Lab West Child Care Centre Building Block,1,8958.0,"same business number, different names (a parent body's number, or an owner's)"
Harbour Breton and Area Recreation Commission,1,8958.0,Harbour Breton Recreation Corporation,7,82690.0,"same business number, different names (a parent body's number, or an owner's)"
Rowing Newfoundland,1,8958.0,St. John's Rowing Association,8,96466.0,"same business number, different names (a parent body's number, or an owner's)"
Rowing Newfoundland,3,47502.0,Rowing Newfoundland,1,8958.0,"a spelling slip apart, with no business number, postal code or review to confirm it"
Rowing Newfoundland,1,8958.0,Rowing Newfoundland,3,47502.0,conflicting identifiers and disjoint postal evidence
Mount Pearl Baseball,1,8957.0,Mount Pearl Minor Baseball Association Inc.,7,227223.0,"same business number, different names (a parent body's number, or an owner's)"
Mount Pearl Baseball,1,8957.0,Mt. Pearl Minor Baseball Association Inc,1,34906.0,"same business number, different names (a parent body's number, or an owner's)"
Labrador West Coxswains Association,7,69033.0,Labrador West Rowing Association Labrador West Regatta,1,8957.0,"same business number, different names (a parent body's number, or an owner's)"
Cape Freels Heritage Trust Inc.,30,2576622.04,Cape Island Random Passage Trail Committee,1,8956.0,"same business number, different names (a parent body's number, or an owner's)"
Anglican Cemetery Committee of St. John's and Mount Pearl,1,8956.0,Anglican Cemetery Committee of St. John's and Mt Pearl,11,71316.0,"same business number, different names (a parent body's number, or an owner's)"
Anglican Cemetery Committee of St. John's and Mount Pearl,1,8956.0,The Anglican Committee of St. John's & Mt. Pearl,2,12220.0,"same business number, different names (a parent body's number, or an owner's)"
Bridges Employment Corporation,9,107111.0,Bridges Employment Corpration,1,8956.0,"same business number, different names (a parent body's number, or an owner's)"
CFS St John's Family Resource Centre Inc,6,73929.0,St. John's Military Family Resource Centre,1,8956.0,"same business number, different names (a parent body's number, or an owner's)"
Bay d' Espoir Community Youth Network,6,58669.0,COMMUNITY YOUTH CENTRE,1,8948.0,"same business number, different names (a parent body's number, or an owner's)"
Bay d'Espoir Community Youth Network,1,9703.0,COMMUNITY YOUTH CENTRE,1,8948.0,"same business number, different names (a parent body's number, or an owner's)"
Community Youth Center,1,49490.0,COMMUNITY YOUTH CENTRE,1,8948.0,"a spelling slip apart, with no business number, postal code or review to confirm it"
Trinity United Church,5,16220.0,Trinity United Church Botwood,2,8943.0,"same business number, different names (a parent body's number, or an owner's)"
Town of Lourdes,4,14679.0,TOWN OF LOURDES REGIONAL RECREATION ASSOCIATION (THE),4,8830.0,"same business number, different names (a parent body's number, or an owner's)"
Twillingate Historic Fishing Vessels Inc.,9,124371.0,The Twillingate Historic Fishing Vessels Incorportated,2,8779.0,"same business number, different names (a parent body's number, or an owner's)"
THE DERMOT LEE MEMORIAL BRANCH ROYAL CANADIAN LEGION BRANCH 62,1,8660.0,Dermot Lee Memorial RCLEGION Br 62,1,9973.0,"same business number, different names (a parent body's number, or an owner's)"
THE DERMOT LEE MEMORIAL BRANCH ROYAL CANADIAN LEGION BRANCH 62,1,8660.0,Dermot Lee Memorial Royal Canadian Legion,2,19493.0,"same business number, different names (a parent body's number, or an owner's)"
THE DERMOT LEE MEMORIAL BRANCH ROYAL CANADIAN LEGION BRANCH 62,1,8660.0,"Dermot Lee Memorial, Royal Canadian Legion Br. 62",3,26599.0,"same business number, different names (a parent body's number, or an owner's)"
THE DERMOT LEE MEMORIAL BRANCH ROYAL CANADIAN LEGION BRANCH 62,1,8660.0,Royal Canadian Legion Br. 62,2,11643.0,"same business number, different names (a parent body's number, or an owner's)"
THE DERMOT LEE MEMORIAL BRANCH ROYAL CANADIAN LEGION BRANCH 62,1,8660.0,Royal Canadian Legion Branch 62,3,53984.0,"same business number, different names (a parent body's number, or an owner's)"
CORNER BROOK ARTS CENTRE ASSOCIATION INC.,17,699056.0,The Rotary Arts Centre,2,8550.0,"same business number, different names (a parent body's number, or an owner's)"
Gander Minor Softball Associat,1,8766.0,Gander Minor Softball Association,1,8548.0,"same business number, different names (a parent body's number, or an owner's)"
DAL ENTERPRISES LTD,6,11753.0,TJL Enterprises Ltd.,2,8514.0,"a spelling slip apart, with no business number, postal code or review to confirm it"
JSL Enterprises Limited o/a All Wheel Drive,2,117216.51,TJL Enterprises Ltd.,2,8514.0,"a spelling slip apart, with no business number, postal code or review to confirm it"
St. George's Parks and Recreation,1,8412.0,St. George's Parks and Recreation Commission Inc.,5,29806.0,"same business number, different names (a parent body's number, or an owner's)"
Milltown-Head Bay d'Espoir Town Council,3,24315.0,Milltown-Head of Bay d'Espoir Recreation Committee,1,8412.0,"same business number, different names (a parent body's number, or an owner's)"
Upper Humber Golf Club Inc,4,29571.0,Upper Humber River Golf Club Inc,1,8412.0,"same business number, different names (a parent body's number, or an owner's)"
La Scie Beautification Commission,4,20524.0,La Scie Beautification Committee,1,8411.0,"same business number, different names (a parent body's number, or an owner's)"
Hospital Pond Community Garden Corp.,4,21042.0,Hospital Pond Park,1,8411.0,"same business number, different names (a parent body's number, or an owner's)"
West St. Modeste Recreation Com Inc,1,8411.0,WEST ST. MODESTE RECREATION COMMITTEE,13,40053.0,"same business number, different names (a parent body's number, or an owner's)"
Town of Heart's Delight Isling Recreation Committee,2,37275.0,Town of Heart's Delight-Islington Recreation Committee,2,8279.0,"same business number, different names (a parent body's number, or an owner's)"
DMC ENTERPRISES,1,17770.76,KMD Enterprises Ltd.,4,8262.0,"a spelling slip apart, with no business number, postal code or review to confirm it"
DMJ Enterprises Limited,2,106862.0,KMD Enterprises Ltd.,4,8262.0,"a spelling slip apart, with no business number, postal code or review to confirm it"
EMC Enterprises Inc.,1,15000.0,KMD Enterprises Ltd.,4,8262.0,"a spelling slip apart, with no business number, postal code or review to confirm it"
KGS Enterprises Ltd.,3,108100.0,KMD Enterprises Ltd.,4,8262.0,"a spelling slip apart, with no business number, postal code or review to confirm it"
KMD Enterprises Ltd.,4,8262.0,KTM Enterprises Limited,1,18000.0,"a spelling slip apart, with no business number, postal code or review to confirm it"
Heritage Society of Milltown / Head of Bay D'Espoir,1,8213.0,Town of Milltown-Head of Bay d'Espoir,3,31658.0,"same business number, different names (a parent body's number, or an owner's)"
"Allen, Tana-Memorial University of Newfoundland",2,100000.0,Johnson GEO CENTRE,1,8208.0,"same business number, different names (a parent body's number, or an owner's)"
"Benoukraf, Touati Memorial University of Newfoundland",2,1000000.0,Johnson GEO CENTRE,1,8208.0,"same business number, different names (a parent body's number, or an owner's)"
"Berger, Harris-Memorial University of Newfoundland",1,1400000.0,Johnson GEO CENTRE,1,8208.0,"same business number, different names (a parent body's number, or an owner's)"
"Carter, Angela-Memorial University of Newfoundland",1,600000.0,Johnson GEO CENTRE,1,8208.0,"same business number, different names (a parent body's number, or an owner's)"
"Chen, Bing-Memorial University of Newfoundland",1,250000.0,Johnson GEO CENTRE,1,8208.0,"same business number, different names (a parent body's number, or an owner's)"
"Dobre, Octavia-Memorial University of Newfoundland",1,1400000.0,Johnson GEO CENTRE,1,8208.0,"same business number, different names (a parent body's number, or an owner's)"
Fisheries and Marine Institute of Memorial University,11,1009424.0,Johnson GEO CENTRE,1,8208.0,"same business number, different names (a parent body's number, or an owner's)"
Fisheries & Marine Institute of Memorial University of Nfld.,19,3294815.5,Johnson GEO CENTRE,1,8208.0,"same business number, different names (a parent body's number, or an owner's)"
"Grenfell Campus, Memorial University",6,19710.0,Johnson GEO CENTRE,1,8208.0,"same business number, different names (a parent body's number, or an owner's)"
"Grenfell Campus, Memorial University of Newfoundland",32,99833.0,Johnson GEO CENTRE,1,8208.0,"same business number, different names (a parent body's number, or an owner's)"
"Grenfell Campus, MemorialUniversity of Newfoundland",1,19152.0,Johnson GEO CENTRE,1,8208.0,"same business number, different names (a parent body's number, or an owner's)"
"Grenfell Campus, MUN",5,10261.0,Johnson GEO CENTRE,1,8208.0,"same business number, different names (a parent body's number, or an owner's)"
Johnson GEO CENTRE,1,8208.0,Memorial University,37,8142666.62,"same business number, different names (a parent body's number, or an owner's)"
Johnson GEO CENTRE,1,8208.0,Memorial University of Newfoundland,703,541082578.12,"same business number, different names (a parent body's number, or an owner's)"
Johnson GEO CENTRE,1,8208.0,Memorial University of Newfoundland and Labrador,25,753973.5,"same business number, different names (a parent body's number, or an owner's)"
Johnson GEO CENTRE,1,8208.0,"Memorial University of Newfoundland, Department of Varsity Athletics (HKR)",1,12936.0,"same business number, different names (a parent body's number, or an owner's)"
Johnson GEO CENTRE,1,8208.0,Memorial University of Newfoundland - Faculty of Eng. & Applied Science,7,379000.0,"same business number, different names (a parent body's number, or an owner's)"
Johnson GEO CENTRE,1,8208.0,MEMORIAL UNIVERSITY OF NEWFOUNDLAND FINANCIAL AND ADMINISTRATIVE SERVICES,4,5444430.0,"same business number, different names (a parent body's number, or an owner's)"
Johnson GEO CENTRE,1,8208.0,Memorial University of Newfoundland Research Grant and Contract Services,1,22050.0,"same business number, different names (a parent body's number, or an owner's)"
Johnson GEO CENTRE,1,8208.0,Memorial University - Student Residences and Ancillary Operations,1,13440.0,"same business number, different names (a parent body's number, or an owner's)"
Johnson GEO CENTRE,1,8208.0,"Nguyen, Hai-Memorial University of Newfoundland",1,500000.0,"same business number, different names (a parent body's number, or an owner's)"
Johnson GEO CENTRE,1,8208.0,"Passow, Uta-Memorial University of Newfoundland",1,1400000.0,"same business number, different names (a parent body's number, or an owner's)"
Johnson GEO CENTRE,1,8208.0,Research Grant and Contract ServiceMemorial University,1,22000.0,"same business number, different names (a parent body's number, or an owner's)"
Johnson GEO CENTRE,1,8208.0,"Robert, Katleen-Memorial University of Newfoundland",1,500000.0,"same business number, different names (a parent body's number, or an owner's)"
Johnson GEO CENTRE,1,8208.0,"Welch, Nicholas-Memorial University of Newfoundland",1,500000.0,"same business number, different names (a parent body's number, or an owner's)"
Johnson GEO CENTRE,1,8208.0,"Ziegler, Susan-Memorial University of Newfoundland",1,1400000.0,"same business number, different names (a parent body's number, or an owner's)"
Johnson GEO CENTRE,1,8208.0,Johnson GEO CENTRE,1,17912.0,named anchors identify different organisations
Johnson GEO CENTRE,1,17912.0,Johnson GEO CENTRE,1,8208.0,named anchors identify different organisations
Coughlan United Church Committee,3,9801.0,Harbour Grace Pastoral Charge,2,8179.0,"same business number, different names (a parent body's number, or an owner's)"
Société de Saint-Vincent de Paul-Conseil national du Canada,1,31787.0,"Society of Saint Vincent de Paul, Corpus Christi Conference",1,8140.0,"same business number, different names (a parent body's number, or an owner's)"
"Society of Saint Vincent de Paul, Corpus Christi Conference",1,8140.0,Society of Saint Vincent de Paul St. Patrick's Conference,3,65321.0,"same business number, different names (a parent body's number, or an owner's)"
"Society of Saint Vincent de Paul, Corpus Christi Conference",1,8140.0,Society of St. Vincent De Paul,1,15000.0,"same business number, different names (a parent body's number, or an owner's)"
"Society of Saint Vincent de Paul, Corpus Christi Conference",1,8140.0,"Society of St Vincent De Paul, St Patrick's Conference",6,126636.0,"same business number, different names (a parent body's number, or an owner's)"
By the Sea Inn & Cafe,5,8090.31,By the Sea Resort Inc.,9,246004.0,"same business number, different names (a parent body's number, or an owner's)"
Port Rexton Community Council,4,8073.0,Town of Port Rexton,8,508772.0,"same business number, different names (a parent body's number, or an owner's)"
SACC-TV,2,8028.0,St. Alban's Community Channel,4,13417.0,"same business number, different names (a parent body's number, or an owner's)"
Burry Heights Camp and Retreat Centre,4,23144.0,Burry Heights Camp Committee Burry Height's Camp & Retreat Camp,1,7947.0,"same business number, different names (a parent body's number, or an owner's)"
Conception Bay Regional Community Centre,4,18939.0,Princess Sheila NaGeira Theatre Inc,1,7947.0,"same business number, different names (a parent body's number, or an owner's)"
FRESHWATER-ALEXANDER BAYS ECOS,1,7947.0,Freshwater-Alexander Bays Ecosystem Corporation,7,60738.0,"same business number, different names (a parent body's number, or an owner's)"
Springdale Minor Soccer Assoc.,1,7947.0,Springdale Minor Soccer Association,5,62000.0,"same business number, different names (a parent body's number, or an owner's)"
Our Lady of Grace BC Parish Committee,5,35724.0,Roman Catholic Episcopal Corp. ( Our Lady of Lourdes Grotto Committee),1,7947.0,"same business number, different names (a parent body's number, or an owner's)"
Our Lady of Grace Parish,8,46448.0,Roman Catholic Episcopal Corp. ( Our Lady of Lourdes Grotto Committee),1,7947.0,"same business number, different names (a parent body's number, or an owner's)"
Our Lady of Grace Parish Committee,2,9387.0,Roman Catholic Episcopal Corp. ( Our Lady of Lourdes Grotto Committee),1,7947.0,"same business number, different names (a parent body's number, or an owner's)"
Parish of the Most Holy Redeemer and Immaculate Conception,3,11875.0,Roman Catholic Episcopal Corp. ( Our Lady of Lourdes Grotto Committee),1,7947.0,"same business number, different names (a parent body's number, or an owner's)"
Roman Catholic Episcopal Corp. of St. Georges,5,47738.0,Roman Catholic Episcopal Corp. ( Our Lady of Lourdes Grotto Committee),1,7947.0,"same business number, different names (a parent body's number, or an owner's)"
Roman Catholic Episcopal Corp. of St. Georges (Our Lady of Lourdes Parish),3,36094.0,Roman Catholic Episcopal Corp. ( Our Lady of Lourdes Grotto Committee),1,7947.0,"same business number, different names (a parent body's number, or an owner's)"
The Parish of Harbour Grace,1,7947.0,St. Paul's Anglican Church,4,18939.0,"same business number, different names (a parent body's number, or an owner's)"
Downtown Stephenville Business Improvement Assoc Corp,1,7946.0,Downtown Stephenville Business Improvement Association Corporation,7,793130.0,"same business number, different names (a parent body's number, or an owner's)"
Downtown Stephenville Business Improvement Assoc Corp,1,7946.0,Stephenville Downtown Business Improvement Association,3,11844.0,"same business number, different names (a parent body's number, or an owner's)"
GOODYEAR'S COVE COMMITTEE,1,7946.0,Goodyear's Cove Park,2,12082.0,"same business number, different names (a parent body's number, or an owner's)"
GOODYEAR'S COVE COMMITTEE,1,7946.0,Goodyear's Cove Park Committee,3,20864.0,"same business number, different names (a parent body's number, or an owner's)"
THE SOCIETY FOR THE PREVENTION,3,15339.0,Society for Prevention of Cruelty to Animals,1,7946.0,"same business number, different names (a parent body's number, or an owner's)"
Red Bay Whaling Committee,3,24826.0,Red Bay Whaling Exhibit Committee,1,7942.0,"same business number, different names (a parent body's number, or an owner's)"
MacMorran Community Centre,23,1093546.0,McSheffrey Resource Centre,1,7940.0,"same business number, different names (a parent body's number, or an owner's)"
Community of Gillams,5,84933.0,Town of Gillams / Recreation,1,7880.0,"same business number, different names (a parent body's number, or an owner's)"
TOWN OF GILLAMS,5,9756.0,Town of Gillams / Recreation,1,7880.0,"same business number, different names (a parent body's number, or an owner's)"
DDNC Enterprises Ltd,5,7797.0,DMC ENTERPRISES,1,17770.76,"a spelling slip apart, with no business number, postal code or review to confirm it"
The Governing Council of The Salvation Army,2,7669.0,The Governing Council of The Salvation Army in Canada,6,61629.0,"same business number, different names (a parent body's number, or an owner's)"
The Governing Council of The Salvation Army,2,7669.0,The Governing Council of The Salvation Army in Canada,2,10100.0,"same business number, different names (a parent body's number, or an owner's)"
The Governing Council of The Salvation Army,2,7669.0,The Governing Council of The Salvation Army in Canada,3,14733.0,"same business number, different names (a parent body's number, or an owner's)"
The Governing Council of The Salvation Army,2,7669.0,The Governing Council of The Salvation Army in Canada,17,207069.0,"same business number, different names (a parent body's number, or an owner's)"
The Governing Council of The Salvation Army,2,7669.0,The Salvation Army,5,18852.0,"same business number, different names (a parent body's number, or an owner's)"
The Governing Council of The Salvation Army,2,7669.0,The Salvation Army Carbonear Corps,7,28314.0,"same business number, different names (a parent body's number, or an owner's)"
The Governing Council of The Salvation Army,2,7669.0,Salvation Army Faith And Hope Thrift Store,3,11422.0,"same business number, different names (a parent body's number, or an owner's)"
The Governing Council of The Salvation Army,2,7669.0,The Salvation Army Governing Council for Canada,1,20000.0,"same business number, different names (a parent body's number, or an owner's)"
Students Union of Sir Wilfred Grenfell Campus,3,13952.0,Students Union of Sir Wilfred Grenfell College Inc.,2,7669.0,"same business number, different names (a parent body's number, or an owner's)"
Basilica Museum & Archives Inc.,2,12975.0,Sacred Heart Parish Family Aid,2,7669.0,"same business number, different names (a parent body's number, or an owner's)"
RC Episcopal Corporation of St. John's,3,11875.0,Sacred Heart Parish Family Aid,2,7669.0,"same business number, different names (a parent body's number, or an owner's)"
Roman Catholic Episcopal Corporation,4,19538.0,Sacred Heart Parish Family Aid,2,7669.0,"same business number, different names (a parent body's number, or an owner's)"
Roman Catholic Episcopal Corporation of St. John's,3,14130.0,Sacred Heart Parish Family Aid,2,7669.0,"same business number, different names (a parent body's number, or an owner's)"
Roman Catholic Episcopal Corporation St. Peter's,2,35000.0,Sacred Heart Parish Family Aid,2,7669.0,"same business number, different names (a parent body's number, or an owner's)"
Sacred Heart Parish Family Aid,2,7669.0,St. Michael's Roman Catholic Parish,4,26065.0,"same business number, different names (a parent body's number, or an owner's)"
Sacred Heart Parish Family Aid,2,7669.0,St. Patrick's Parish,3,10957.0,"same business number, different names (a parent body's number, or an owner's)"
The Governing Council of The Salvation Army,4,17812.0,The Governing Council of The Salvation Army,2,7669.0,conflicting identifiers and disjoint postal evidence
The Governing Council of the salvation Army,8,34767.0,The Governing Council of The Salvation Army,2,7669.0,conflicting identifiers and disjoint postal evidence
The Governing Council of The Salvation Army,5,14697.0,The Governing Council of The Salvation Army,2,7669.0,conflicting identifiers and disjoint postal evidence
The Governing Council of The Salvation Army,2,7669.0,The Governing Council of the Salvation Army,2,21518.0,conflicting identifiers and disjoint postal evidence; identity unresolved unless a named anchor settles it (governing council of salvation army [bn 107951618RR0456] / governing council of salvation army [bn 107951618])
The Governing Council of the Salvation Army,2,21518.0,The Governing Council of The Salvation Army,2,7669.0,conflicting identifiers and disjoint postal evidence; identity unresolved unless a named anchor settles it (governing council of salvation army [bn 107951618RR0456] / governing council of salvation army [bn 107951618])
The Governing Council of The Salvation Army,2,7669.0,The Governing Council of The Salvation Army of Canada,4,16508.0,conflicting identifiers and disjoint postal evidence
The Governing Council of The Salvation Army,2,7669.0,The Salvation Army Governing Council of Canada,3,9737.0,conflicting identifiers and disjoint postal evidence
Gander and Area Society for the Prevention of Cruelty to Animals,5,20257.0,Gander and Area SPCA,2,7619.0,"same business number, different names (a parent body's number, or an owner's)"
Community 5 Lions Club,2,8657.0,New Harbour Dildo Community # 5,2,7576.0,"same business number, different names (a parent body's number, or an owner's)"
Hickey's Greenhouses,1,7762.5,Hickey's Greenhouses Nursery Ltd,3,7428.0,"same business number, different names (a parent body's number, or an owner's)"
Twillingate Historic Fishing Vessels Inc.,9,124371.0,Twillingate Historic Vessels Inc.,1,7392.0,"same business number, different names (a parent body's number, or an owner's)"
The Twillingate Historic Fishing Vessels Incorportated,2,8779.0,Twillingate Historic Vessels Inc.,1,7392.0,"same business number, different names (a parent body's number, or an owner's)"
Anglican Church Women,3,15777.0,The Anglican Parish of Burin,2,7325.0,"same business number, different names (a parent body's number, or an owner's)"
The Anglican Parish of Burin,2,7325.0,Anglican Parish of Gambo,3,10196.0,"same business number, different names (a parent body's number, or an owner's)"
The Anglican Parish of Burin,2,7325.0,Anglican Parish of Indian Bay,3,12812.0,"same business number, different names (a parent body's number, or an owner's)"
The Anglican Parish of Burin,2,7325.0,the diocesan synod of central newfoundland,4,12598.0,"same business number, different names (a parent body's number, or an owner's)"
The Anglican Parish of Burin,2,7325.0,St. Peter's Anglican Church,7,28078.0,"same business number, different names (a parent body's number, or an owner's)"
Basilica Museum & Archives Inc.,2,12975.0,St. Peter's Parish (Roman Catholic Episcopal Corporation),2,7301.0,"same business number, different names (a parent body's number, or an owner's)"
RC Episcopal Corporation of St. John's,3,11875.0,St. Peter's Parish (Roman Catholic Episcopal Corporation),2,7301.0,"same business number, different names (a parent body's number, or an owner's)"
Roman Catholic Episcopal Corporation,4,19538.0,St. Peter's Parish (Roman Catholic Episcopal Corporation),2,7301.0,"same business number, different names (a parent body's number, or an owner's)"
Roman Catholic Episcopal Corporation of St. John's,3,14130.0,St. Peter's Parish (Roman Catholic Episcopal Corporation),2,7301.0,"same business number, different names (a parent body's number, or an owner's)"
Roman Catholic Episcopal Corporation St. Peter's,2,35000.0,St. Peter's Parish (Roman Catholic Episcopal Corporation),2,7301.0,"same business number, different names (a parent body's number, or an owner's)"
Sacred Heart Parish Family Aid,2,7669.0,St. Peter's Parish (Roman Catholic Episcopal Corporation),2,7301.0,"same business number, different names (a parent body's number, or an owner's)"
St. Michael's Roman Catholic Parish,4,26065.0,St. Peter's Parish (Roman Catholic Episcopal Corporation),2,7301.0,"same business number, different names (a parent body's number, or an owner's)"
St. Patrick's Parish,3,10957.0,St. Peter's Parish (Roman Catholic Episcopal Corporation),2,7301.0,"same business number, different names (a parent body's number, or an owner's)"
Abundant Life Pentecostal Tabernacle,4,14930.0,Pentecostal Assemblies of Newfoundland,2,7261.0,"same business number, different names (a parent body's number, or an owner's)"
Calvary Pentecostal Tabernacle,3,10788.0,Pentecostal Assemblies of Newfoundland,2,7261.0,"same business number, different names (a parent body's number, or an owner's)"
Elim Pentecostal Tabernacle,6,43199.0,Pentecostal Assemblies of Newfoundland,2,7261.0,"same business number, different names (a parent body's number, or an owner's)"
Emmanuel Pentecostal Church,4,16614.0,Pentecostal Assemblies of Newfoundland,2,7261.0,"same business number, different names (a parent body's number, or an owner's)"
Evangel Pentecostal Church,8,41470.0,Pentecostal Assemblies of Newfoundland,2,7261.0,"same business number, different names (a parent body's number, or an owner's)"
Evangel Pentecostal Tabernacle,3,18714.0,Pentecostal Assemblies of Newfoundland,2,7261.0,"same business number, different names (a parent body's number, or an owner's)"
Pentecostal Assemblies of Newfoundland,2,7261.0,Pentecostal Assembly,5,22825.0,"same business number, different names (a parent body's number, or an owner's)"
Pentecostal Assemblies of Newfoundland,2,7261.0,Pentecostal Tabernacle,7,28568.0,"same business number, different names (a parent body's number, or an owner's)"
Pentecostal Assemblies of Newfoundland,2,7261.0,St. John's West Worship Centre,4,12628.0,"same business number, different names (a parent body's number, or an owner's)"
Pentecostal Assemblies of Newfoundland,2,7261.0,Zion Pentecostal Church,4,14994.0,"same business number, different names (a parent body's number, or an owner's)"
N.D. Bay Memorial Hospital Aux,2,7261.0,Notre Dame Bay Memorial Hospital Auxiliary,4,17769.0,"same business number, different names (a parent body's number, or an owner's)"
Royal Canadian Legion #22,1,7210.0,Royal Canadian Legion Branch 22,1,7947.0,"same business number, different names (a parent body's number, or an owner's)"
Cain's Quest Inc.,8,802911.0,Cain's Quest Snowmobile Endurance Race,1,7129.0,"same business number, different names (a parent body's number, or an owner's)"
The Governing Council of The Salvation Army,4,17812.0,The Salvation Army,2,7092.0,"same business number, different names (a parent body's number, or an owner's)"
The Governing Council of the salvation Army,8,34767.0,The Salvation Army,2,7092.0,"same business number, different names (a parent body's number, or an owner's)"
The Governing Council of The Salvation Army,5,14697.0,The Salvation Army,2,7092.0,"same business number, different names (a parent body's number, or an owner's)"
The Governing Council of The Salvation Army,2,7669.0,The Salvation Army,2,7092.0,"same business number, different names (a parent body's number, or an owner's)"
The Governing Council of the Salvation Army,2,21518.0,The Salvation Army,2,7092.0,"same business number, different names (a parent body's number, or an owner's)"
The Governing Council of The Salvation Army in Canada,6,61629.0,The Salvation Army,2,7092.0,"same business number, different names (a parent body's number, or an owner's)"
The Governing Council of The Salvation Army in Canada,2,10100.0,The Salvation Army,2,7092.0,"same business number, different names (a parent body's number, or an owner's)"
The Governing Council of The Salvation Army in Canada,3,14733.0,The Salvation Army,2,7092.0,"same business number, different names (a parent body's number, or an owner's)"
The Governing Council of The Salvation Army in Canada,17,207069.0,The Salvation Army,2,7092.0,"same business number, different names (a parent body's number, or an owner's)"
The Governing Council of The Salvation Army of Canada,4,16508.0,The Salvation Army,2,7092.0,"same business number, different names (a parent body's number, or an owner's)"
The Salvation Army,2,7092.0,The Salvation Army Carbonear Corps,7,28314.0,"same business number, different names (a parent body's number, or an owner's)"
The Salvation Army,2,7092.0,Salvation Army Faith And Hope Thrift Store,3,11422.0,"same business number, different names (a parent body's number, or an owner's)"
The Salvation Army,2,7092.0,The Salvation Army Governing Council for Canada,1,20000.0,"same business number, different names (a parent body's number, or an owner's)"
The Salvation Army,2,7092.0,The Salvation Army Governing Council of Canada,3,9737.0,"same business number, different names (a parent body's number, or an owner's)"
Knights of Columbus,2,8837.0,Knights of Columbus St. Ignatius Council #13763,2,7092.0,"same business number, different names (a parent body's number, or an owner's)"
The Salvation Army,5,18852.0,The Salvation Army,2,7092.0,conflicting identifiers and disjoint postal evidence; identity unresolved unless a named anchor settles it (salvation army [bn 107951618RR0434] / salvation army [bn 107951618])
Canadian Artists Representation,3,16264.0,Canadian Artists Representation Le Front des artistes canadiens,1,6959.0,"same business number, different names (a parent body's number, or an owner's)"
Bartlett's Harbour Castor River North & South Fire Department,2,17677.0,Bartlett's Harbour Castor River North & South Fire Dept,1,6954.0,"same business number, different names (a parent body's number, or an owner's)"
Bartlett's Harbour Castor River North & South Fire Dept,1,6954.0,"Bartletts Harbour, Castor River North and South Fire Hall",1,9973.0,"same business number, different names (a parent body's number, or an owner's)"
Cape Broyle Community Council,2,6911.0,Town of Cape Broyle,6,10103.0,"same business number, different names (a parent body's number, or an owner's)"
Corner Brook Arts Centre Inc,2,6902.0,The Rotary Arts Centre,2,8550.0,"same business number, different names (a parent body's number, or an owner's)"
"Community Youth Network, Southern Avalon",10,114713.0,CYN Southern Avalon,1,6812.0,"same business number, different names (a parent body's number, or an owner's)"
CYN Southern Avalon,1,6812.0,Southern Avalon Community Youth Network,3,31450.0,"same business number, different names (a parent body's number, or an owner's)"
St. Paul's Sports and Recreation,2,9472.0,St. Paul's Town Council,4,6795.0,"same business number, different names (a parent body's number, or an owner's)"
St. Paul's Town Council,4,6795.0,TOWN OF ST. PAUL'S,9,83340.0,"same business number, different names (a parent body's number, or an owner's)"
Community Council of Coachman's Cove,3,6792.0,Town of Coachman's Cove,7,105307.0,"same business number, different names (a parent body's number, or an owner's)"
Our Lady of Grace BC Parish Committee,5,35724.0,St. Stephen's Parish,3,6751.0,"same business number, different names (a parent body's number, or an owner's)"
Our Lady of Grace Parish,8,46448.0,St. Stephen's Parish,3,6751.0,"same business number, different names (a parent body's number, or an owner's)"
Our Lady of Grace Parish Committee,2,9387.0,St. Stephen's Parish,3,6751.0,"same business number, different names (a parent body's number, or an owner's)"
Parish of the Most Holy Redeemer and Immaculate Conception,3,11875.0,St. Stephen's Parish,3,6751.0,"same business number, different names (a parent body's number, or an owner's)"
Roman Catholic Episcopal Corp. of St. Georges,5,47738.0,St. Stephen's Parish,3,6751.0,"same business number, different names (a parent body's number, or an owner's)"
Roman Catholic Episcopal Corp. of St. Georges (Our Lady of Lourdes Parish),3,36094.0,St. Stephen's Parish,3,6751.0,"same business number, different names (a parent body's number, or an owner's)"
Roman Catholic Episcopal Corp. ( Our Lady of Lourdes Grotto Committee),1,7947.0,St. Stephen's Parish,3,6751.0,"same business number, different names (a parent body's number, or an owner's)"
Confederation Building Daycare Centre Co-operative Society Ltd,2,6751.0,Confederation Building Daycare Centre Society Ltd,2,11017.0,"same business number, different names (a parent body's number, or an owner's)"
Town of,1,6720.0,Town of Flatrock,10,183657.0,"same business number, different names (a parent body's number, or an owner's)"
Harbour Authority of L'Anse au Loup/Capstan Island,2,6550.0,L'Anse au Loup Harbour Authority,6,26608.0,"same business number, different names (a parent body's number, or an owner's)"
Gros Morne Adventure Guides Incorporated,8,131745.0,Gros Morne Adventures Incorporated,1,6524.0,"same business number, different names (a parent body's number, or an owner's)"
Riverwood Holdings Inc.,13,623840.0,Riverwood Inn INC,1,6524.0,"same business number, different names (a parent body's number, or an owner's)"
Benjamin's Menswear,2,18262.0,McCarthy Holdings Ltd,4,6500.0,"same business number, different names (a parent body's number, or an owner's)"
The Governing Council of The Salvation Army Canada,2,6461.0,The Governing Council of The Salvation Army in Canada,6,61629.0,"same business number, different names (a parent body's number, or an owner's)"
The Governing Council of The Salvation Army Canada,2,6461.0,The Governing Council of The Salvation Army in Canada,2,10100.0,"same business number, different names (a parent body's number, or an owner's)"
The Governing Council of The Salvation Army Canada,2,6461.0,The Governing Council of The Salvation Army in Canada,3,14733.0,"same business number, different names (a parent body's number, or an owner's)"
The Governing Council of The Salvation Army Canada,2,6461.0,The Governing Council of The Salvation Army in Canada,17,207069.0,"same business number, different names (a parent body's number, or an owner's)"
The Governing Council of The Salvation Army Canada,2,6461.0,The Salvation Army,5,18852.0,"same business number, different names (a parent body's number, or an owner's)"
The Governing Council of The Salvation Army Canada,2,6461.0,The Salvation Army,2,7092.0,"same business number, different names (a parent body's number, or an owner's)"
The Governing Council of The Salvation Army Canada,2,6461.0,The Salvation Army Carbonear Corps,7,28314.0,"same business number, different names (a parent body's number, or an owner's)"
The Governing Council of The Salvation Army Canada,2,6461.0,Salvation Army Faith And Hope Thrift Store,3,11422.0,"same business number, different names (a parent body's number, or an owner's)"
The Governing Council of The Salvation Army Canada,2,6461.0,The Salvation Army Governing Council for Canada,1,20000.0,"same business number, different names (a parent body's number, or an owner's)"
The Governing Council of the salvation Army,8,34767.0,The Governing Council of The Salvation Army Canada,2,6461.0,conflicting identifiers and disjoint postal evidence
The Governing Council of The Salvation Army,5,14697.0,The Governing Council of The Salvation Army Canada,2,6461.0,conflicting identifiers and disjoint postal evidence
The Governing Council of The Salvation Army,2,7669.0,The Governing Council of The Salvation Army Canada,2,6461.0,conflicting identifiers and disjoint postal evidence
The Governing Council of the Salvation Army,2,21518.0,The Governing Council of The Salvation Army Canada,2,6461.0,conflicting identifiers and disjoint postal evidence; identity unresolved unless a named anchor settles it (governing council of salvation army [bn 107951618RR0067] / governing council of salvation army [bn 107951618])
The Governing Council of The Salvation Army Canada,2,6461.0,The Salvation Army Governing Council of Canada,3,9737.0,conflicting identifiers and disjoint postal evidence
HARBOUR AUTHORITY OF MUSGRAVE HARBO,4,147730.63,Harbour Authority of Musgrave Harbour,1,6380.0,"a spelling slip apart, with no business number, postal code or review to confirm it"
Lester Farms Incorporated,8,302617.0,Michelle Lester,1,6362.0,"same business number, different names (a parent body's number, or an owner's)"
Basilica Museum & Archives Inc.,2,12975.0,"Roman Catholic Episcopal Corp. of St. John's, St. Thomas Aquinas Parish",2,6354.0,"same business number, different names (a parent body's number, or an owner's)"
RC Episcopal Corporation of St. John's,3,11875.0,"Roman Catholic Episcopal Corp. of St. John's, St. Thomas Aquinas Parish",2,6354.0,"same business number, different names (a parent body's number, or an owner's)"
Roman Catholic Episcopal Corporation,4,19538.0,"Roman Catholic Episcopal Corp. of St. John's, St. Thomas Aquinas Parish",2,6354.0,"same business number, different names (a parent body's number, or an owner's)"
Roman Catholic Episcopal Corporation of St. John's,3,14130.0,"Roman Catholic Episcopal Corp. of St. John's, St. Thomas Aquinas Parish",2,6354.0,"same business number, different names (a parent body's number, or an owner's)"
"Roman Catholic Episcopal Corp. of St. John's, St. Thomas Aquinas Parish",2,6354.0,Roman Catholic Episcopal Corporation St. Peter's,2,35000.0,"same business number, different names (a parent body's number, or an owner's)"
"Roman Catholic Episcopal Corp. of St. John's, St. Thomas Aquinas Parish",2,6354.0,Sacred Heart Parish Family Aid,2,7669.0,"same business number, different names (a parent body's number, or an owner's)"
"Roman Catholic Episcopal Corp. of St. John's, St. Thomas Aquinas Parish",2,6354.0,St. Michael's Roman Catholic Parish,4,26065.0,"same business number, different names (a parent body's number, or an owner's)"
"Roman Catholic Episcopal Corp. of St. John's, St. Thomas Aquinas Parish",2,6354.0,St. Patrick's Parish,3,10957.0,"same business number, different names (a parent body's number, or an owner's)"
"Roman Catholic Episcopal Corp. of St. John's, St. Thomas Aquinas Parish",2,6354.0,St. Peter's Parish (Roman Catholic Episcopal Corporation),2,7301.0,"same business number, different names (a parent body's number, or an owner's)"
"Bartletts Harbour, Castor River North and Castor River South Fire Department",1,6237.0,Bartlett's Harbour Castor River North & South Fire Dept,1,6954.0,"same business number, different names (a parent body's number, or an owner's)"
"Bartletts Harbour, Castor River North and Castor River South Fire Department",1,6237.0,"Bartletts Harbour, Castor River North and South Fire Hall",1,9973.0,"same business number, different names (a parent body's number, or an owner's)"
The Squid Jigger's Tourism Corporation,1,9974.0,Squid Jiggers Tourism Assoc.,1,6237.0,"same business number, different names (a parent body's number, or an owner's)"
Squid Jiggers Tourism Assoc.,1,6237.0,Squid Jiggers Tourism Association,6,31875.0,"same business number, different names (a parent body's number, or an owner's)"
Baie Verte Spree by the Sea 2018,1,8958.0,Spree by The Sea 2019,1,6237.0,"same business number, different names (a parent body's number, or an owner's)"
Canadian Forces Base Gander Family Resource Centre,5,52258.0,Gander Military Family Resource Centre,1,6237.0,"same business number, different names (a parent body's number, or an owner's)"
BBBS of Eastern Newfoundland Inc,1,6110.0,Big Brothers Big Sisters of Eastern Newfoundland Inc,8,79075.0,"same business number, different names (a parent body's number, or an owner's)"
Conception Bay Regional Community Centre,4,18939.0,Princess Sheila NaGeira Theatre Board,1,6110.0,"same business number, different names (a parent body's number, or an owner's)"
Advocate Youth Services,1,6110.0,Advocate Youth Services Cooperative,2,10177.0,"same business number, different names (a parent body's number, or an owner's)"
Camber Arts,8,539233.3,Gros Morne Summe Music Incorporated,1,6096.0,"same business number, different names (a parent body's number, or an owner's)"
The Governing Council of the Salvation Army,2,6041.0,The Governing Council of The Salvation Army in Canada,6,61629.0,"same business number, different names (a parent body's number, or an owner's)"
The Governing Council of the Salvation Army,2,6041.0,The Governing Council of The Salvation Army in Canada,2,10100.0,"same business number, different names (a parent body's number, or an owner's)"
The Governing Council of the Salvation Army,2,6041.0,The Governing Council of The Salvation Army in Canada,3,14733.0,"same business number, different names (a parent body's number, or an owner's)"
The Governing Council of the Salvation Army,2,6041.0,The Governing Council of The Salvation Army in Canada,17,207069.0,"same business number, different names (a parent body's number, or an owner's)"
The Governing Council of the Salvation Army,2,6041.0,The Salvation Army,5,18852.0,"same business number, different names (a parent body's number, or an owner's)"
The Governing Council of the Salvation Army,2,6041.0,The Salvation Army,2,7092.0,"same business number, different names (a parent body's number, or an owner's)"
The Governing Council of the Salvation Army,2,6041.0,The Salvation Army Carbonear Corps,7,28314.0,"same business number, different names (a parent body's number, or an owner's)"
The Governing Council of the Salvation Army,2,6041.0,Salvation Army Faith And Hope Thrift Store,3,11422.0,"same business number, different names (a parent body's number, or an owner's)"
The Governing Council of the Salvation Army,2,6041.0,The Salvation Army Governing Council for Canada,1,20000.0,"same business number, different names (a parent body's number, or an owner's)"
Eastern Health,4,1592817.0,General Hospital Auxiliary,2,6041.0,"same business number, different names (a parent body's number, or an owner's)"
"Eastern Health, Sexual Assault Nursing Program",1,12900.0,General Hospital Auxiliary,2,6041.0,"same business number, different names (a parent body's number, or an owner's)"
Eastern Regional Health Authority,11,4607350.49,General Hospital Auxiliary,2,6041.0,"same business number, different names (a parent body's number, or an owner's)"
General Hospital Auxiliary,2,6041.0,NEWFOUNDLAND & LABRADOR HEALTH SERVICES,7,1947786.61,"same business number, different names (a parent body's number, or an owner's)"
General Hospital Auxiliary,2,6041.0,Provincial Health Authority,5,2256553.0,"same business number, different names (a parent body's number, or an owner's)"
The Heart's Content Mizzen Heritage Society Inc.,15,751621.0,Mizzen Heritage Society,2,6041.0,"same business number, different names (a parent body's number, or an owner's)"
Margaree Fox Roost Harbour Authority,1,55000.0,Margaree Harbour Authority,2,6041.0,"same business number, different names (a parent body's number, or an owner's)"
Burry Heights Camp & Retreat Center,2,6041.0,Burry Heights Camp Committee Burry Height's Camp & Retreat Camp,1,7947.0,"same business number, different names (a parent body's number, or an owner's)"
The Anglican Parish of the Holy Trinity,2,6041.0,The Parish of the Holy Trinity,14,45672.0,"same business number, different names (a parent body's number, or an owner's)"
Student Union of Sir Wilfred Grenfell College Inc.,2,6041.0,Students Union of Sir Wilfred Grenfell Campus,3,13952.0,"same business number, different names (a parent body's number, or an owner's)"
Port de Grave Recreation Board,7,61848.0,Port de Grave Recreation Committee,2,6041.0,"same business number, different names (a parent body's number, or an owner's)"
Sir Thomas Roddick Hospital Auxiliary,4,14491.0,Western Regional Intergrated Authority,2,6041.0,"same business number, different names (a parent body's number, or an owner's)"
Sir Thomas Roddick Hospital Ladies Aux Gift Shop,2,10100.0,Western Regional Intergrated Authority,2,6041.0,"same business number, different names (a parent body's number, or an owner's)"
The Governing Council of the Salvation Army,2,6041.0,The Governing Council of The Salvation Army,4,17812.0,conflicting identifiers and disjoint postal evidence
The Governing Council of the Salvation Army,2,6041.0,The Governing Council of the salvation Army,8,34767.0,conflicting identifiers and disjoint postal evidence
The Governing Council of the Salvation Army,2,6041.0,The Governing Council of The Salvation Army,5,14697.0,conflicting identifiers and disjoint postal evidence
The Governing Council of the Salvation Army,2,6041.0,The Governing Council of The Salvation Army,2,7669.0,conflicting identifiers and disjoint postal evidence
The Governing Council of the Salvation Army,2,6041.0,The Governing Council of the Salvation Army,2,21518.0,conflicting identifiers and disjoint postal evidence
The Governing Council of the Salvation Army,2,21518.0,The Governing Council of the Salvation Army,2,6041.0,conflicting identifiers and disjoint postal evidence; identity unresolved unless a named anchor settles it (governing council of salvation army [bn 107951618RR0038] / governing council of salvation army [bn 107951618])
The Governing Council of the Salvation Army,2,6041.0,The Governing Council of The Salvation Army Canada,2,6461.0,conflicting identifiers and disjoint postal evidence
The Governing Council of the Salvation Army,2,6041.0,The Governing Council of The Salvation Army of Canada,4,16508.0,conflicting identifiers and disjoint postal evidence
The Governing Council of the Salvation Army,2,6041.0,The Salvation Army Governing Council of Canada,3,9737.0,conflicting identifiers and disjoint postal evidence
The United Church of Canada,1,36885.0,United Church of Canada,2,6040.0,"a spelling slip apart, with no business number, postal code or review to confirm it"
United Church of Canada,2,6040.0,The United Church of Canada,1,36885.0,conflicting identifiers and disjoint postal evidence; identity unresolved unless a named anchor settles it (united church of canada / united church of canada [bn 872937693])
55 Plus Association Inc.,1,6035.0,Grand Bank 50+ Club,2,45566.0,"same business number, different names (a parent body's number, or an owner's)"
55 Plus Association Inc.,1,6035.0,Reidville 50+ Club,9,87033.0,"same business number, different names (a parent body's number, or an owner's)"
GANDER HYUNDAI,14,200000.0,L.J.R. Sales Ltd,2,6029.0,"same business number, different names (a parent body's number, or an owner's)"
Marystown Minor Softball Assoc,2,6006.0,Marystown Minor Softball Association,4,33023.0,"same business number, different names (a parent body's number, or an owner's)"
Abundant Life Pentecostal Tabernacle,4,14930.0,Emmanuel Convention Centre-PAONL,1,5972.0,"same business number, different names (a parent body's number, or an owner's)"
Calvary Pentecostal Tabernacle,3,10788.0,Emmanuel Convention Centre-PAONL,1,5972.0,"same business number, different names (a parent body's number, or an owner's)"
Elim Pentecostal Tabernacle,6,43199.0,Emmanuel Convention Centre-PAONL,1,5972.0,"same business number, different names (a parent body's number, or an owner's)"
Emmanuel Convention Centre-PAONL,1,5972.0,Emmanuel Pentecostal Church,4,16614.0,"same business number, different names (a parent body's number, or an owner's)"
Emmanuel Convention Centre-PAONL,1,5972.0,Evangel Pentecostal Church,8,41470.0,"same business number, different names (a parent body's number, or an owner's)"
Emmanuel Convention Centre-PAONL,1,5972.0,Evangel Pentecostal Tabernacle,3,18714.0,"same business number, different names (a parent body's number, or an owner's)"
Emmanuel Convention Centre-PAONL,1,5972.0,Pentecostal Assemblies of Newfoundland,2,7261.0,"same business number, different names (a parent body's number, or an owner's)"
Emmanuel Convention Centre-PAONL,1,5972.0,Pentecostal Assemblies of Newfoundland and Labrador Corporation,9,81421.0,"same business number, different names (a parent body's number, or an owner's)"
Emmanuel Convention Centre-PAONL,1,5972.0,Pentecostal Assembly,5,22825.0,"same business number, different names (a parent body's number, or an owner's)"
Emmanuel Convention Centre-PAONL,1,5972.0,Pentecostal Tabernacle,7,28568.0,"same business number, different names (a parent body's number, or an owner's)"
Emmanuel Convention Centre-PAONL,1,5972.0,St. John's West Worship Centre,4,12628.0,"same business number, different names (a parent body's number, or an owner's)"
Emmanuel Convention Centre-PAONL,1,5972.0,Zion Pentecostal Church,4,14994.0,"same business number, different names (a parent body's number, or an owner's)"
Société de Saint-Vincent de Paul-Conseil national du Canada,1,31787.0,Society of Saint Vincent de Paul Carbonear Food Bank St. Patrick's Conference,1,5972.0,"same business number, different names (a parent body's number, or an owner's)"
Society of Saint Vincent de Paul Carbonear Food Bank St. Patrick's Conference,1,5972.0,"Society of Saint Vincent de Paul, Corpus Christi Conference",1,8140.0,"same business number, different names (a parent body's number, or an owner's)"
Society of Saint Vincent de Paul Carbonear Food Bank St. Patrick's Conference,1,5972.0,Society of Saint Vincent de Paul St. Patrick's Conference,3,65321.0,"same business number, different names (a parent body's number, or an owner's)"
Society of Saint Vincent de Paul Carbonear Food Bank St. Patrick's Conference,1,5972.0,Society of St. Vincent De Paul,1,15000.0,"same business number, different names (a parent body's number, or an owner's)"
Society of Saint Vincent de Paul Carbonear Food Bank St. Patrick's Conference,1,5972.0,"Society of St Vincent De Paul, St Patrick's Conference",6,126636.0,"same business number, different names (a parent body's number, or an owner's)"
Bell Island Community Development Cooperative,2,30953.0,Community Development Cooperative. The mandate is to create employment within the community,1,5972.0,"same business number, different names (a parent body's number, or an owner's)"
Bell Island Community Development Co-operative Society Limited,5,44415.0,Community Development Cooperative. The mandate is to create employment within the community,1,5972.0,"same business number, different names (a parent body's number, or an owner's)"
JBS Festival Committee,7,55527.0,Joe Batt's Arm Festival Committee,1,5972.0,"same business number, different names (a parent body's number, or an owner's)"
Upper Humber Golf Club Inc,4,29571.0,Upper Humber River Golf Club Incorported,1,5971.0,"same business number, different names (a parent body's number, or an owner's)"
Upper Humber River Golf Club Inc,1,8412.0,Upper Humber River Golf Club Incorported,1,5971.0,"same business number, different names (a parent body's number, or an owner's)"
Springdale Minor Soccer,1,5941.0,Springdale Minor Soccer Assoc.,1,7947.0,"same business number, different names (a parent body's number, or an owner's)"
Community of Rocky Harbour,2,5889.0,Town of Rocky Harbour,10,974323.0,"same business number, different names (a parent body's number, or an owner's)"
GRAND TOYOTA,12,110000.0,JaLynn Auto Ltd.,2,5889.0,"same business number, different names (a parent body's number, or an owner's)"
Layreg Holdings Ltd.,2,5889.0,STEELE HYUNDAI GRAND FALLS-WINDSOR,11,160000.0,"same business number, different names (a parent body's number, or an owner's)"
JBM INVESTMENTS INC.,2,102078.63,NBR Investments Inc,2,5889.0,"a spelling slip apart, with no business number, postal code or review to confirm it"
The Anglican Parish of All Saints,2,48000.0,St. Boniface Anglican Church,2,5885.0,"same business number, different names (a parent body's number, or an owner's)"
Anglican Parish of Flowers Cove,8,28944.0,St. Boniface Anglican Church,2,5885.0,"same business number, different names (a parent body's number, or an owner's)"
Church of Holy Spirit Isle aux Morts,5,20980.0,St. Boniface Anglican Church,2,5885.0,"same business number, different names (a parent body's number, or an owner's)"
Diocesan Synod of Western Newfoundland,7,36180.0,St. Boniface Anglican Church,2,5885.0,"same business number, different names (a parent body's number, or an owner's)"
Diocesean Synod of Western Newfoundland,3,32058.0,St. Boniface Anglican Church,2,5885.0,"same business number, different names (a parent body's number, or an owner's)"
Killdevil Camp and Conference Center,1,16823.0,St. Boniface Anglican Church,2,5885.0,"same business number, different names (a parent body's number, or an owner's)"
Eastport Peninsula Recreation,1,10227.0,Eastport Peninsula Recreation and Wellness Committee,2,5885.0,"same business number, different names (a parent body's number, or an owner's)"
Eastport Peninsula Recreation and Wellness Committee,2,5885.0,EP Recreation & Wellness Committee,4,35909.0,"same business number, different names (a parent body's number, or an owner's)"
Samy's Restaurant,4,7421.0,Ways Restaurant Ltd,3,5843.0,"a spelling slip apart, with no business number, postal code or review to confirm it"
Community Council of Howley,3,5822.0,Town of Howley,17,77427.0,"same business number, different names (a parent body's number, or an owner's)"
HARBOUR AUTHORITY OF DANIELS HARBOU,1,5750.0,Harbour Authority of Daniel's Harbour,1,17402.0,"a spelling slip apart, with no business number, postal code or review to confirm it"
St. Bride's Recreation Committee,5,54002.0,Town of St. Bride's,2,5729.0,"same business number, different names (a parent body's number, or an owner's)"
Town of Eastport,8,187137.0,TOWN OF WESTPORT,3,5700.0,"a spelling slip apart, with no business number, postal code or review to confirm it"
Janeway Children's health and rehabilitation centre,2,5669.0,Janeway Children's Health and Rehabilitation Centre Auxiliary,3,20524.0,"same business number, different names (a parent body's number, or an owner's)"
The Agnes Pratt Home Incorporated,6,46955.0,The Agnes Pratt Home Incorported,1,5660.0,"same business number, different names (a parent body's number, or an owner's)"
Bartletts Harbour Castor River and South Fire Department,1,5660.0,Bartlett's Harbour Castor River North & South Fire Dept,1,6954.0,"same business number, different names (a parent body's number, or an owner's)"
Bartletts Harbour Castor River and South Fire Department,1,5660.0,"Bartletts Harbour, Castor River North and South Fire Hall",1,9973.0,"same business number, different names (a parent body's number, or an owner's)"
The Royal Canadian Legion,5,5637.93,Royal Canadian Legion,2,27986.0,conflicting identifiers and disjoint postal evidence; identity unresolved unless a named anchor settles it (royal canadian legion / royal canadian legion [bn 107930836])
Michael Snook,4,11371.0,Piccadilly Head Regional Park,3,5635.0,"same business number, different names (a parent body's number, or an owner's)"
RJG CONSTRUCTION LTD,30,88153649.5,TBG Construction Ltd,2,5600.0,"a spelling slip apart, with no business number, postal code or review to confirm it"
Anglican Cathedral of St John the Baptist,2,12081.0,St. Mary's Church,2,5504.0,"same business number, different names (a parent body's number, or an owner's)"
Anglican Parish of St.Philips,3,14306.0,St. Mary's Church,2,5504.0,"same business number, different names (a parent body's number, or an owner's)"
Cathedral Parish of St. John the Baptist,4,381909.0,St. Mary's Church,2,5504.0,"same business number, different names (a parent body's number, or an owner's)"
Diocesan Synod of Eastern Newfoundland and Labrador,6,34168.0,St. Mary's Church,2,5504.0,"same business number, different names (a parent body's number, or an owner's)"
Parish of All Saints,3,34370.0,St. Mary's Church,2,5504.0,"same business number, different names (a parent body's number, or an owner's)"
Parish of St. Thomas',7,28016.0,St. Mary's Church,2,5504.0,"same business number, different names (a parent body's number, or an owner's)"
The Parish of Upper Island Cove,6,30582.0,St. Mary's Church,2,5504.0,"same business number, different names (a parent body's number, or an owner's)"
Town of Gaultois,3,58834.0,Town of Gaultois/Recreation Committee,1,5469.0,"same business number, different names (a parent body's number, or an owner's)"
ST JOHN'S ARCHDIOCESE INC,2,5313.0,St. Michael's Roman Catholic Parish,4,26065.0,"same business number, different names (a parent body's number, or an owner's)"
Delta Hotel,37,26928.87,Delta Hotels,10,5288.98,"a spelling slip apart, with no business number, postal code or review to confirm it"
"PATRICIA PUDDESTER, REG PUDDESTER",2,5282.0,Pat's Plants and Garden Supplies,8,31793.0,"same business number, different names (a parent body's number, or an owner's)"
"Allen, Tana-Memorial University of Newfoundland",2,100000.0,"Conference & Event Services, Signal Hill Campus, Memorial University",1,5253.0,"same business number, different names (a parent body's number, or an owner's)"
"Benoukraf, Touati Memorial University of Newfoundland",2,1000000.0,"Conference & Event Services, Signal Hill Campus, Memorial University",1,5253.0,"same business number, different names (a parent body's number, or an owner's)"
"Berger, Harris-Memorial University of Newfoundland",1,1400000.0,"Conference & Event Services, Signal Hill Campus, Memorial University",1,5253.0,"same business number, different names (a parent body's number, or an owner's)"
"Carter, Angela-Memorial University of Newfoundland",1,600000.0,"Conference & Event Services, Signal Hill Campus, Memorial University",1,5253.0,"same business number, different names (a parent body's number, or an owner's)"
"Chen, Bing-Memorial University of Newfoundland",1,250000.0,"Conference & Event Services, Signal Hill Campus, Memorial University",1,5253.0,"same business number, different names (a parent body's number, or an owner's)"
"Conference & Event Services, Signal Hill Campus, Memorial University",1,5253.0,"Dobre, Octavia-Memorial University of Newfoundland",1,1400000.0,"same business number, different names (a parent body's number, or an owner's)"
"Conference & Event Services, Signal Hill Campus, Memorial University",1,5253.0,Fisheries and Marine Institute of Memorial University,11,1009424.0,"same business number, different names (a parent body's number, or an owner's)"
"Conference & Event Services, Signal Hill Campus, Memorial University",1,5253.0,Fisheries & Marine Institute of Memorial University of Nfld.,19,3294815.5,"same business number, different names (a parent body's number, or an owner's)"
"Conference & Event Services, Signal Hill Campus, Memorial University",1,5253.0,"Grenfell Campus, Memorial University",6,19710.0,"same business number, different names (a parent body's number, or an owner's)"
"Conference & Event Services, Signal Hill Campus, Memorial University",1,5253.0,"Grenfell Campus, Memorial University of Newfoundland",32,99833.0,"same business number, different names (a parent body's number, or an owner's)"
"Conference & Event Services, Signal Hill Campus, Memorial University",1,5253.0,"Grenfell Campus, MemorialUniversity of Newfoundland",1,19152.0,"same business number, different names (a parent body's number, or an owner's)"
"Conference & Event Services, Signal Hill Campus, Memorial University",1,5253.0,"Grenfell Campus, MUN",5,10261.0,"same business number, different names (a parent body's number, or an owner's)"
"Conference & Event Services, Signal Hill Campus, Memorial University",1,5253.0,Johnson GEO CENTRE,1,8208.0,"same business number, different names (a parent body's number, or an owner's)"
"Conference & Event Services, Signal Hill Campus, Memorial University",1,5253.0,Memorial University,37,8142666.62,"same business number, different names (a parent body's number, or an owner's)"
"Conference & Event Services, Signal Hill Campus, Memorial University",1,5253.0,Memorial University of Newfoundland,703,541082578.12,"same business number, different names (a parent body's number, or an owner's)"
"Conference & Event Services, Signal Hill Campus, Memorial University",1,5253.0,Memorial University of Newfoundland and Labrador,25,753973.5,"same business number, different names (a parent body's number, or an owner's)"
"Conference & Event Services, Signal Hill Campus, Memorial University",1,5253.0,"Memorial University of Newfoundland, Department of Varsity Athletics (HKR)",1,12936.0,"same business number, different names (a parent body's number, or an owner's)"
"Conference & Event Services, Signal Hill Campus, Memorial University",1,5253.0,Memorial University of Newfoundland - Faculty of Eng. & Applied Science,7,379000.0,"same business number, different names (a parent body's number, or an owner's)"
"Conference & Event Services, Signal Hill Campus, Memorial University",1,5253.0,MEMORIAL UNIVERSITY OF NEWFOUNDLAND FINANCIAL AND ADMINISTRATIVE SERVICES,4,5444430.0,"same business number, different names (a parent body's number, or an owner's)"
"Conference & Event Services, Signal Hill Campus, Memorial University",1,5253.0,Memorial University of Newfoundland Research Grant and Contract Services,1,22050.0,"same business number, different names (a parent body's number, or an owner's)"
"Conference & Event Services, Signal Hill Campus, Memorial University",1,5253.0,Memorial University - Student Residences and Ancillary Operations,1,13440.0,"same business number, different names (a parent body's number, or an owner's)"
"Conference & Event Services, Signal Hill Campus, Memorial University",1,5253.0,"Nguyen, Hai-Memorial University of Newfoundland",1,500000.0,"same business number, different names (a parent body's number, or an owner's)"
"Conference & Event Services, Signal Hill Campus, Memorial University",1,5253.0,"Passow, Uta-Memorial University of Newfoundland",1,1400000.0,"same business number, different names (a parent body's number, or an owner's)"
"Conference & Event Services, Signal Hill Campus, Memorial University",1,5253.0,Research Grant and Contract ServiceMemorial University,1,22000.0,"same business number, different names (a parent body's number, or an owner's)"
"Conference & Event Services, Signal Hill Campus, Memorial University",1,5253.0,"Robert, Katleen-Memorial University of Newfoundland",1,500000.0,"same business number, different names (a parent body's number, or an owner's)"
"Conference & Event Services, Signal Hill Campus, Memorial University",1,5253.0,"Welch, Nicholas-Memorial University of Newfoundland",1,500000.0,"same business number, different names (a parent body's number, or an owner's)"
"Conference & Event Services, Signal Hill Campus, Memorial University",1,5253.0,"Ziegler, Susan-Memorial University of Newfoundland",1,1400000.0,"same business number, different names (a parent body's number, or an owner's)"
Mountain Top Cabin,4,5400.0,Mountain Top Outfitters,1,5253.0,"same business number, different names (a parent body's number, or an owner's)"
Upper Humber Golf Inc,1,5253.0,Upper Humber River Golf Club Inc,1,8412.0,"same business number, different names (a parent body's number, or an owner's)"
Upper Humber Golf Inc,1,5253.0,Upper Humber River Golf Club Incorported,1,5971.0,"same business number, different names (a parent body's number, or an owner's)"
Port Union Historical Museum Association,6,26286.0,Port Union Museum Association,1,5224.0,"same business number, different names (a parent body's number, or an owner's)"
Association For Youth & Leisure Activities,1,5224.0,Association for Youth and Leisure-time Activities,1,9973.0,"same business number, different names (a parent body's number, or an owner's)"
Association For Youth & Leisure Activities,1,5224.0,Association for Youth & Leisuretime Activities Inc.,4,28567.0,"same business number, different names (a parent body's number, or an owner's)"
North Harbour Amateur Sports Association,1,5347.0,North Harbour Amateur Sports Commission,1,5224.0,"same business number, different names (a parent body's number, or an owner's)"
MCIC,1,5224.0,McIvers Community Improvement Club,1,5347.0,"same business number, different names (a parent body's number, or an owner's)"
Hickey's Greenhouses,1,7762.5,Hickey's Greenhouses & Nursery Ltd.,3,5204.0,"same business number, different names (a parent body's number, or an owner's)"
Hickey's Greenhouse & Nursery Ltd,1,13892.25,Hickey's Greenhouses & Nursery Ltd.,3,5204.0,"a spelling slip apart, with no business number, postal code or review to confirm it"
JEGS Enterprises Limited,3,5169.0,KGS Enterprises Ltd.,3,108100.0,"a spelling slip apart, with no business number, postal code or review to confirm it"
The Governing Council of the Salvation Army,2,6041.0,Salvation Army Hare Bay - Dover Citadel,1,5113.0,"same business number, different names (a parent body's number, or an owner's)"
The Governing Council of The Salvation Army,4,17812.0,Salvation Army Hare Bay - Dover Citadel,1,5113.0,"same business number, different names (a parent body's number, or an owner's)"
The Governing Council of the salvation Army,8,34767.0,Salvation Army Hare Bay - Dover Citadel,1,5113.0,"same business number, different names (a parent body's number, or an owner's)"
The Governing Council of The Salvation Army,5,14697.0,Salvation Army Hare Bay - Dover Citadel,1,5113.0,"same business number, different names (a parent body's number, or an owner's)"
The Governing Council of The Salvation Army,2,7669.0,Salvation Army Hare Bay - Dover Citadel,1,5113.0,"same business number, different names (a parent body's number, or an owner's)"
The Governing Council of the Salvation Army,2,21518.0,Salvation Army Hare Bay - Dover Citadel,1,5113.0,"same business number, different names (a parent body's number, or an owner's)"
The Governing Council of The Salvation Army Canada,2,6461.0,Salvation Army Hare Bay - Dover Citadel,1,5113.0,"same business number, different names (a parent body's number, or an owner's)"
The Governing Council of The Salvation Army in Canada,6,61629.0,The Governing Council - The Salvation Army of Canada,1,5113.0,"same business number, different names (a parent body's number, or an owner's)"
The Governing Council of The Salvation Army in Canada,6,61629.0,Salvation Army Hare Bay - Dover Citadel,1,5113.0,"same business number, different names (a parent body's number, or an owner's)"
The Governing Council of The Salvation Army in Canada,2,10100.0,The Governing Council - The Salvation Army of Canada,1,5113.0,"same business number, different names (a parent body's number, or an owner's)"
The Governing Council of The Salvation Army in Canada,2,10100.0,Salvation Army Hare Bay - Dover Citadel,1,5113.0,"same business number, different names (a parent body's number, or an owner's)"
The Governing Council of The Salvation Army in Canada,3,14733.0,The Governing Council - The Salvation Army of Canada,1,5113.0,"same business number, different names (a parent body's number, or an owner's)"
The Governing Council of The Salvation Army in Canada,3,14733.0,Salvation Army Hare Bay - Dover Citadel,1,5113.0,"same business number, different names (a parent body's number, or an owner's)"
The Governing Council of The Salvation Army in Canada,17,207069.0,The Governing Council - The Salvation Army of Canada,1,5113.0,"same business number, different names (a parent body's number, or an owner's)"
The Governing Council of The Salvation Army in Canada,17,207069.0,Salvation Army Hare Bay - Dover Citadel,1,5113.0,"same business number, different names (a parent body's number, or an owner's)"
The Governing Council of The Salvation Army of Canada,4,16508.0,Salvation Army Hare Bay - Dover Citadel,1,5113.0,"same business number, different names (a parent body's number, or an owner's)"
The Governing Council - The Salvation Army of Canada,1,5113.0,The Salvation Army,5,18852.0,"same business number, different names (a parent body's number, or an owner's)"
The Governing Council - The Salvation Army of Canada,1,5113.0,The Salvation Army,2,7092.0,"same business number, different names (a parent body's number, or an owner's)"
The Governing Council - The Salvation Army of Canada,1,5113.0,The Salvation Army Carbonear Corps,7,28314.0,"same business number, different names (a parent body's number, or an owner's)"
The Governing Council - The Salvation Army of Canada,1,5113.0,Salvation Army Faith And Hope Thrift Store,3,11422.0,"same business number, different names (a parent body's number, or an owner's)"
The Governing Council - The Salvation Army of Canada,1,5113.0,The Salvation Army Governing Council for Canada,1,20000.0,"same business number, different names (a parent body's number, or an owner's)"
The Governing Council - The Salvation Army of Canada,1,5113.0,Salvation Army Hare Bay - Dover Citadel,1,5113.0,"same business number, different names (a parent body's number, or an owner's)"
The Salvation Army,5,18852.0,Salvation Army Hare Bay - Dover Citadel,1,5113.0,"same business number, different names (a parent body's number, or an owner's)"
The Salvation Army,2,7092.0,Salvation Army Hare Bay - Dover Citadel,1,5113.0,"same business number, different names (a parent body's number, or an owner's)"
The Salvation Army Carbonear Corps,7,28314.0,Salvation Army Hare Bay - Dover Citadel,1,5113.0,"same business number, different names (a parent body's number, or an owner's)"
Salvation Army Faith And Hope Thrift Store,3,11422.0,Salvation Army Hare Bay - Dover Citadel,1,5113.0,"same business number, different names (a parent body's number, or an owner's)"
The Salvation Army Governing Council for Canada,1,20000.0,Salvation Army Hare Bay - Dover Citadel,1,5113.0,"same business number, different names (a parent body's number, or an owner's)"
The Salvation Army Governing Council of Canada,3,9737.0,Salvation Army Hare Bay - Dover Citadel,1,5113.0,"same business number, different names (a parent body's number, or an owner's)"
Ken Williams Southern Shore Arena,4,22836.0,SOUTHERN SHORE ARENA,1,5113.0,"same business number, different names (a parent body's number, or an owner's)"
Ken Williams Southern Shore Arena Association Inc.,1,86250.0,SOUTHERN SHORE ARENA,1,5113.0,"same business number, different names (a parent body's number, or an owner's)"
Twillingate Island Tourism Association,2,15237.0,TWILLINGATE ISLANDS TOURISM AS,1,5113.0,"same business number, different names (a parent body's number, or an owner's)"
TWILLINGATE ISLANDS TOURISM AS,1,5113.0,Twillingate Islands Tourism Association Inc.,6,859980.0,"same business number, different names (a parent body's number, or an owner's)"
Anglican Church Women,3,15777.0,Anglican Diocese of Canada,1,5113.0,"same business number, different names (a parent body's number, or an owner's)"
Anglican Church Women,3,15777.0,Parish of Lewisporte,1,5113.0,"same business number, different names (a parent body's number, or an owner's)"
Anglican Diocese of Canada,1,5113.0,The Anglican Parish of Burin,2,7325.0,"same business number, different names (a parent body's number, or an owner's)"
Anglican Diocese of Canada,1,5113.0,Anglican Parish of Gambo,3,10196.0,"same business number, different names (a parent body's number, or an owner's)"
Anglican Diocese of Canada,1,5113.0,Anglican Parish of Indian Bay,3,12812.0,"same business number, different names (a parent body's number, or an owner's)"
Anglican Diocese of Canada,1,5113.0,the diocesan synod of central newfoundland,4,12598.0,"same business number, different names (a parent body's number, or an owner's)"
Anglican Diocese of Canada,1,5113.0,Parish of Lewisporte,1,5113.0,"same business number, different names (a parent body's number, or an owner's)"
Anglican Diocese of Canada,1,5113.0,St. Peter's Anglican Church,7,28078.0,"same business number, different names (a parent body's number, or an owner's)"
The Anglican Parish of Burin,2,7325.0,Parish of Lewisporte,1,5113.0,"same business number, different names (a parent body's number, or an owner's)"
Anglican Parish of Gambo,3,10196.0,Parish of Lewisporte,1,5113.0,"same business number, different names (a parent body's number, or an owner's)"
Anglican Parish of Indian Bay,3,12812.0,Parish of Lewisporte,1,5113.0,"same business number, different names (a parent body's number, or an owner's)"
the diocesan synod of central newfoundland,4,12598.0,Parish of Lewisporte,1,5113.0,"same business number, different names (a parent body's number, or an owner's)"
Parish of Lewisporte,1,5113.0,St. Peter's Anglican Church,7,28078.0,"same business number, different names (a parent body's number, or an owner's)"
Bay Roberts Pastoral Charge,1,5113.0,Coley's Point-Grace United Pastoral Charge,4,15004.0,"same business number, different names (a parent body's number, or an owner's)"
Bay d'Espoir Cancer Benefit Group,1,5113.0,Bay d'Espoir Local Cancer Benefit Group,2,6167.0,"same business number, different names (a parent body's number, or an owner's)"
Memorial United Church,5,17061.0,Memorial United Church Trustee,1,5113.0,"same business number, different names (a parent body's number, or an owner's)"
BGC St Anthony,1,5113.0,St. Anthony and Area Boys and Girls Club,7,77657.0,"same business number, different names (a parent body's number, or an owner's)"
BGC St Anthony,1,5113.0,St Anthony boys and girls club,1,9974.0,"same business number, different names (a parent body's number, or an owner's)"
Lethbridge and Area Local Service,1,5113.0,Lethbridge and Area Local Service District,8,34841.0,"same business number, different names (a parent body's number, or an owner's)"
Musgrave Harbour Recreation Co,1,5113.0,Musgrave Hbr Recreation and Youth Committee,1,6110.0,"same business number, different names (a parent body's number, or an owner's)"
Musgrave Harbour Recreation Co,1,5113.0,Musgrave Hbr Youth and Recreation Committee,1,5970.0,"same business number, different names (a parent body's number, or an owner's)"
BELL ISLAND COMMUNITY DEVELOPM,1,5113.0,Bell Island Community Development Housing Corporation,7,27536.0,"same business number, different names (a parent body's number, or an owner's)"
LEADING TICKLES RECREATION COM,1,5113.0,LEADING TICKLES RECREATION COMMITEE,1,7946.0,"same business number, different names (a parent body's number, or an owner's)"
LEADING TICKLES RECREATION COM,1,5113.0,LEADING TICKLES RECREATION COMMITTEE,12,48235.0,"same business number, different names (a parent body's number, or an owner's)"
BPHC Ladies Auxilliary Gift Shop,1,5113.0,Burin Peninsula Health Care Auxiliary,2,5668.0,"same business number, different names (a parent body's number, or an owner's)"
"Maria Regina Parish, Port au Port East",1,5113.0,Our Lady of Grace BC Parish Committee,5,35724.0,"same business number, different names (a parent body's number, or an owner's)"
"Maria Regina Parish, Port au Port East",1,5113.0,Our Lady of Grace Parish,8,46448.0,"same business number, different names (a parent body's number, or an owner's)"
"Maria Regina Parish, Port au Port East",1,5113.0,Our Lady of Grace Parish Committee,2,9387.0,"same business number, different names (a parent body's number, or an owner's)"
"Maria Regina Parish, Port au Port East",1,5113.0,Parish of the Most Holy Redeemer and Immaculate Conception,3,11875.0,"same business number, different names (a parent body's number, or an owner's)"
"Maria Regina Parish, Port au Port East",1,5113.0,Roman Catholic Episcopal Corp. of St. Georges,5,47738.0,"same business number, different names (a parent body's number, or an owner's)"
"Maria Regina Parish, Port au Port East",1,5113.0,Roman Catholic Episcopal Corp. of St. Georges (Our Lady of Lourdes Parish),3,36094.0,"same business number, different names (a parent body's number, or an owner's)"
"Maria Regina Parish, Port au Port East",1,5113.0,Roman Catholic Episcopal Corp. ( Our Lady of Lourdes Grotto Committee),1,7947.0,"same business number, different names (a parent body's number, or an owner's)"
"Maria Regina Parish, Port au Port East",1,5113.0,St. Stephen's Parish,3,6751.0,"same business number, different names (a parent body's number, or an owner's)"
Interfaith Cemetery Grand Fall Proj A184902,1,5113.0,Interfaith Cemetery Grand Falls-Windsor,4,26437.0,"same business number, different names (a parent body's number, or an owner's)"
Interfaith Cemetery Grand Fall Proj A184902,1,5113.0,"Interfaith Cemetery, Grand Falls Windsor, NL",1,8411.0,"same business number, different names (a parent body's number, or an owner's)"
ST.VINCENT'S,1,5113.0,St. Vincent's Lions Club,6,32730.0,"same business number, different names (a parent body's number, or an owner's)"
"Parish of Carbonear, St. James Church",1,25000.0,Parish of St. James Anglican Church,1,5113.0,"same business number, different names (a parent body's number, or an owner's)"
S.W. Memorial Park and Committee,1,5113.0,S.W. Moores Memorial Park and Committee,3,13826.0,"same business number, different names (a parent body's number, or an owner's)"
S.W. Memorial Park and Committee,1,5113.0,S.W. Moores Memorial Park Committee,4,14219.0,"same business number, different names (a parent body's number, or an owner's)"
St. Bride's Volunteer Fire Department,2,13044.0,St. Bride's Volunteer Fire Dept.,1,5113.0,"same business number, different names (a parent body's number, or an owner's)"
Consumers' Health Awareness Network Newfoundland and Labrador Incorporated,4,1234057.0,Lifewise Mental Health Peer Services,1,5113.0,"same business number, different names (a parent body's number, or an owner's)"
The Governing Council of The Salvation Army Canada,2,6461.0,The Governing Council - The Salvation Army of Canada,1,5113.0,conflicting identifiers and disjoint postal evidence
The Governing Council of The Salvation Army of Canada,4,16508.0,The Governing Council - The Salvation Army of Canada,1,5113.0,conflicting identifiers and disjoint postal evidence
The Governing Council of the Salvation Army,2,6041.0,The Governing Council - The Salvation Army of Canada,1,5113.0,conflicting identifiers and disjoint postal evidence
The Governing Council of The Salvation Army,4,17812.0,The Governing Council - The Salvation Army of Canada,1,5113.0,conflicting identifiers and disjoint postal evidence
The Governing Council of the salvation Army,8,34767.0,The Governing Council - The Salvation Army of Canada,1,5113.0,conflicting identifiers and disjoint postal evidence
The Governing Council of The Salvation Army,5,14697.0,The Governing Council - The Salvation Army of Canada,1,5113.0,conflicting identifiers and disjoint postal evidence
The Governing Council of The Salvation Army,2,7669.0,The Governing Council - The Salvation Army of Canada,1,5113.0,conflicting identifiers and disjoint postal evidence
The Governing Council - The Salvation Army of Canada,1,5113.0,The Salvation Army Governing Council of Canada,3,9737.0,conflicting identifiers and disjoint postal evidence
The Anglican Parish of All Saints,2,48000.0,PARISH OF MEADOWS,1,5000.0,"same business number, different names (a parent body's number, or an owner's)"
Anglican Parish of Flowers Cove,8,28944.0,PARISH OF MEADOWS,1,5000.0,"same business number, different names (a parent body's number, or an owner's)"
Church of Holy Spirit Isle aux Morts,5,20980.0,PARISH OF MEADOWS,1,5000.0,"same business number, different names (a parent body's number, or an owner's)"
Diocesan Synod of Western Newfoundland,7,36180.0,PARISH OF MEADOWS,1,5000.0,"same business number, different names (a parent body's number, or an owner's)"
Diocesean Synod of Western Newfoundland,3,32058.0,PARISH OF MEADOWS,1,5000.0,"same business number, different names (a parent body's number, or an owner's)"
Killdevil Camp and Conference Center,1,16823.0,PARISH OF MEADOWS,1,5000.0,"same business number, different names (a parent body's number, or an owner's)"
PARISH OF MEADOWS,1,5000.0,St. Boniface Anglican Church,2,5885.0,"same business number, different names (a parent body's number, or an owner's)"
RIVERVIEW MOTORS LTD,5,51668.05,TERRA NOVA CHEVROLET BUICK GMC,1,5000.0,"same business number, different names (a parent body's number, or an owner's)"
Royal Newfoundland Regiment Advisory Council (RAC),4,25732.0,THE ROYAL NEWFOUNDLAND REGIMENTAL ADVISORY COUNCIL,1,5000.0,"a spelling slip apart, with no business number, postal code or review to confirm it"
The Governing Council of the Salvation Army,2,6041.0,The Salvation Army Heritage Park Temple Corps,1,4987.0,"same business number, different names (a parent body's number, or an owner's)"
The Governing Council of the Salvation Army,2,6041.0,The Salvation Army Heritage Park Temple Corps,1,4987.0,"same business number, different names (a parent body's number, or an owner's)"
The Governing Council of The Salvation Army,4,17812.0,The Salvation Army Heritage Park Temple Corps,1,4987.0,"same business number, different names (a parent body's number, or an owner's)"
The Governing Council of The Salvation Army,4,17812.0,The Salvation Army Heritage Park Temple Corps,1,4987.0,"same business number, different names (a parent body's number, or an owner's)"
The Governing Council of the salvation Army,8,34767.0,The Salvation Army Heritage Park Temple Corps,1,4987.0,"same business number, different names (a parent body's number, or an owner's)"
The Governing Council of the salvation Army,8,34767.0,The Salvation Army Heritage Park Temple Corps,1,4987.0,"same business number, different names (a parent body's number, or an owner's)"
The Governing Council of The Salvation Army,5,14697.0,The Salvation Army Heritage Park Temple Corps,1,4987.0,"same business number, different names (a parent body's number, or an owner's)"
The Governing Council of The Salvation Army,5,14697.0,The Salvation Army Heritage Park Temple Corps,1,4987.0,"same business number, different names (a parent body's number, or an owner's)"
The Governing Council of The Salvation Army,2,7669.0,The Salvation Army Heritage Park Temple Corps,1,4987.0,"same business number, different names (a parent body's number, or an owner's)"
The Governing Council of The Salvation Army,2,7669.0,The Salvation Army Heritage Park Temple Corps,1,4987.0,"same business number, different names (a parent body's number, or an owner's)"
The Governing Council of the Salvation Army,2,21518.0,The Salvation Army Heritage Park Temple Corps,1,4987.0,"same business number, different names (a parent body's number, or an owner's)"
The Governing Council of the Salvation Army,2,21518.0,The Salvation Army Heritage Park Temple Corps,1,4987.0,"same business number, different names (a parent body's number, or an owner's)"
The Governing Council of The Salvation Army Canada,2,6461.0,The Salvation Army Heritage Park Temple Corps,1,4987.0,"same business number, different names (a parent body's number, or an owner's)"
The Governing Council of The Salvation Army Canada,2,6461.0,The Salvation Army Heritage Park Temple Corps,1,4987.0,"same business number, different names (a parent body's number, or an owner's)"
The Governing Council of The Salvation Army in Canada,6,61629.0,The Salvation Army Heritage Park Temple Corps,1,4987.0,"same business number, different names (a parent body's number, or an owner's)"
The Governing Council of The Salvation Army in Canada,6,61629.0,The Salvation Army Heritage Park Temple Corps,1,4987.0,"same business number, different names (a parent body's number, or an owner's)"
The Governing Council of The Salvation Army in Canada,2,10100.0,The Salvation Army Heritage Park Temple Corps,1,4987.0,"same business number, different names (a parent body's number, or an owner's)"
The Governing Council of The Salvation Army in Canada,2,10100.0,The Salvation Army Heritage Park Temple Corps,1,4987.0,"same business number, different names (a parent body's number, or an owner's)"
The Governing Council of The Salvation Army in Canada,3,14733.0,The Salvation Army Heritage Park Temple Corps,1,4987.0,"same business number, different names (a parent body's number, or an owner's)"
The Governing Council of The Salvation Army in Canada,3,14733.0,The Salvation Army Heritage Park Temple Corps,1,4987.0,"same business number, different names (a parent body's number, or an owner's)"
The Governing Council of The Salvation Army in Canada,17,207069.0,The Salvation Army Heritage Park Temple Corps,1,4987.0,"same business number, different names (a parent body's number, or an owner's)"
The Governing Council of The Salvation Army in Canada,17,207069.0,The Salvation Army Heritage Park Temple Corps,1,4987.0,"same business number, different names (a parent body's number, or an owner's)"
The Governing Council of The Salvation Army of Canada,4,16508.0,The Salvation Army Heritage Park Temple Corps,1,4987.0,"same business number, different names (a parent body's number, or an owner's)"
The Governing Council of The Salvation Army of Canada,4,16508.0,The Salvation Army Heritage Park Temple Corps,1,4987.0,"same business number, different names (a parent body's number, or an owner's)"
The Governing Council - The Salvation Army of Canada,1,5113.0,The Salvation Army Heritage Park Temple Corps,1,4987.0,"same business number, different names (a parent body's number, or an owner's)"
The Governing Council - The Salvation Army of Canada,1,5113.0,The Salvation Army Heritage Park Temple Corps,1,4987.0,"same business number, different names (a parent body's number, or an owner's)"
The Salvation Army,5,18852.0,The Salvation Army Heritage Park Temple Corps,1,4987.0,"same business number, different names (a parent body's number, or an owner's)"
The Salvation Army,5,18852.0,The Salvation Army Heritage Park Temple Corps,1,4987.0,"same business number, different names (a parent body's number, or an owner's)"
The Salvation Army,2,7092.0,The Salvation Army Heritage Park Temple Corps,1,4987.0,"same business number, different names (a parent body's number, or an owner's)"
The Salvation Army,2,7092.0,The Salvation Army Heritage Park Temple Corps,1,4987.0,"same business number, different names (a parent body's number, or an owner's)"
The Salvation Army Carbonear Corps,7,28314.0,The Salvation Army Heritage Park Temple Corps,1,4987.0,"same business number, different names (a parent body's number, or an owner's)"
The Salvation Army Carbonear Corps,7,28314.0,The Salvation Army Heritage Park Temple Corps,1,4987.0,"same business number, different names (a parent body's number, or an owner's)"
Salvation Army Faith And Hope Thrift Store,3,11422.0,The Salvation Army Heritage Park Temple Corps,1,4987.0,"same business number, different names (a parent body's number, or an owner's)"
Salvation Army Faith And Hope Thrift Store,3,11422.0,The Salvation Army Heritage Park Temple Corps,1,4987.0,"same business number, different names (a parent body's number, or an owner's)"
The Salvation Army Governing Council for Canada,1,20000.0,The Salvation Army Heritage Park Temple Corps,1,4987.0,"same business number, different names (a parent body's number, or an owner's)"
The Salvation Army Governing Council for Canada,1,20000.0,The Salvation Army Heritage Park Temple Corps,1,4987.0,"same business number, different names (a parent body's number, or an owner's)"
The Salvation Army Governing Council of Canada,3,9737.0,The Salvation Army Heritage Park Temple Corps,1,4987.0,"same business number, different names (a parent body's number, or an owner's)"
The Salvation Army Governing Council of Canada,3,9737.0,The Salvation Army Heritage Park Temple Corps,1,4987.0,"same business number, different names (a parent body's number, or an owner's)"
Salvation Army Hare Bay - Dover Citadel,1,5113.0,The Salvation Army Heritage Park Temple Corps,1,4987.0,"same business number, different names (a parent body's number, or an owner's)"
Salvation Army Hare Bay - Dover Citadel,1,5113.0,The Salvation Army Heritage Park Temple Corps,1,4987.0,"same business number, different names (a parent body's number, or an owner's)"
The Community of Red Bay,1,4987.0,Red Bay Community Council,3,12707.0,"same business number, different names (a parent body's number, or an owner's)"
The Community of Red Bay,1,4987.0,Town of Red Bay,14,1567649.0,"same business number, different names (a parent body's number, or an owner's)"
The Local service district Castor River north,1,4987.0,Local Service District Development Committee,3,16081.0,"same business number, different names (a parent body's number, or an owner's)"
Anglican Church Women,3,15777.0,Anglican Parish of Lewisporte,1,4987.0,"same business number, different names (a parent body's number, or an owner's)"
Anglican Diocese of Canada,1,5113.0,Anglican Parish of Lewisporte,1,4987.0,"same business number, different names (a parent body's number, or an owner's)"
The Anglican Parish of Burin,2,7325.0,Anglican Parish of Lewisporte,1,4987.0,"same business number, different names (a parent body's number, or an owner's)"
Anglican Parish of Gambo,3,10196.0,Anglican Parish of Lewisporte,1,4987.0,"same business number, different names (a parent body's number, or an owner's)"
Anglican Parish of Indian Bay,3,12812.0,Anglican Parish of Lewisporte,1,4987.0,"same business number, different names (a parent body's number, or an owner's)"
Anglican Parish of Lewisporte,1,4987.0,the diocesan synod of central newfoundland,4,12598.0,"same business number, different names (a parent body's number, or an owner's)"
Anglican Parish of Lewisporte,1,4987.0,Parish of Lewisporte,1,5113.0,"same business number, different names (a parent body's number, or an owner's)"
Anglican Parish of Lewisporte,1,4987.0,St. Peter's Anglican Church,7,28078.0,"same business number, different names (a parent body's number, or an owner's)"
The Anglican Parish of All Saints,2,48000.0,"St. Barnabas ACW, Ang. Parish of Flowers Cove",1,4987.0,"same business number, different names (a parent body's number, or an owner's)"
Anglican Parish of Flowers Cove,8,28944.0,"St. Barnabas ACW, Ang. Parish of Flowers Cove",1,4987.0,"same business number, different names (a parent body's number, or an owner's)"
Church of Holy Spirit Isle aux Morts,5,20980.0,"St. Barnabas ACW, Ang. Parish of Flowers Cove",1,4987.0,"same business number, different names (a parent body's number, or an owner's)"
Diocesan Synod of Western Newfoundland,7,36180.0,"St. Barnabas ACW, Ang. Parish of Flowers Cove",1,4987.0,"same business number, different names (a parent body's number, or an owner's)"
Diocesean Synod of Western Newfoundland,3,32058.0,"St. Barnabas ACW, Ang. Parish of Flowers Cove",1,4987.0,"same business number, different names (a parent body's number, or an owner's)"
Killdevil Camp and Conference Center,1,16823.0,"St. Barnabas ACW, Ang. Parish of Flowers Cove",1,4987.0,"same business number, different names (a parent body's number, or an owner's)"
PARISH OF MEADOWS,1,5000.0,"St. Barnabas ACW, Ang. Parish of Flowers Cove",1,4987.0,"same business number, different names (a parent body's number, or an owner's)"
"St. Barnabas ACW, Ang. Parish of Flowers Cove",1,4987.0,St. Boniface Anglican Church,2,5885.0,"same business number, different names (a parent body's number, or an owner's)"
Victoria Recreation Commission,6,62940.0,Victoria Recreation Committee,1,4987.0,"same business number, different names (a parent body's number, or an owner's)"
Point Leamington Heritage Committee,1,4987.0,Point Leamington Heritage Council,7,29899.0,"same business number, different names (a parent body's number, or an owner's)"
BPHC Ladies Auxilliary Gift Shop,1,5113.0,Burin Peninsula Health Care Centre Auxiliary,1,4987.0,"same business number, different names (a parent body's number, or an owner's)"
West St. Modeste Recreation Com Inc,1,8411.0,WSM REC COMM CHALL,1,4987.0,"same business number, different names (a parent body's number, or an owner's)"
WEST ST. MODESTE RECREATION COMMITTEE,13,40053.0,WSM REC COMM CHALL,1,4987.0,"same business number, different names (a parent body's number, or an owner's)"
St. Bride's Fire Dept,1,4987.0,St. Bride's Volunteer Fire Department,2,13044.0,"same business number, different names (a parent body's number, or an owner's)"
St. Bride's Fire Dept,1,4987.0,St. Bride's Volunteer Fire Dept.,1,5113.0,"same business number, different names (a parent body's number, or an owner's)"
TRINITY BAY NORTH HISTORIC SOC,1,5113.0,Trinity Bay North Historic Society Inc.,1,4987.0,"same business number, different names (a parent body's number, or an owner's)"
Divine Mercy Parish,1,4987.0,"Our Lady, Queen of Families Parish",1,4987.0,"same business number, different names (a parent body's number, or an owner's)"
Divine Mercy Parish,1,4987.0,ST JOHN'S ARCHDIOCESE INC,2,5313.0,"same business number, different names (a parent body's number, or an owner's)"
Divine Mercy Parish,1,4987.0,St. Michael's Roman Catholic Parish,4,26065.0,"same business number, different names (a parent body's number, or an owner's)"
"Our Lady, Queen of Families Parish",1,4987.0,ST JOHN'S ARCHDIOCESE INC,2,5313.0,"same business number, different names (a parent body's number, or an owner's)"
"Our Lady, Queen of Families Parish",1,4987.0,St. Michael's Roman Catholic Parish,4,26065.0,"same business number, different names (a parent body's number, or an owner's)"
The Salvation Army Heritage Park Temple Corps,1,4987.0,The Salvation Army Heritage Park Temple Corps,1,4987.0,named anchors identify different organisations
The Salvation Army Heritage Park Temple Corps,1,4987.0,The Salvation Army Heritage Park Temple Corps,1,4987.0,named anchors identify different organisations
The Governing Council of the Salvation Army,2,6041.0,The Governing Council of The Salvation Army in Canada,1,4931.0,"same business number, different names (a parent body's number, or an owner's)"
The Governing Council of The Salvation Army,4,17812.0,The Governing Council of The Salvation Army in Canada,1,4931.0,"same business number, different names (a parent body's number, or an owner's)"
The Governing Council of the salvation Army,8,34767.0,The Governing Council of The Salvation Army in Canada,1,4931.0,"same business number, different names (a parent body's number, or an owner's)"
The Governing Council of The Salvation Army,5,14697.0,The Governing Council of The Salvation Army in Canada,1,4931.0,"same business number, different names (a parent body's number, or an owner's)"
The Governing Council of The Salvation Army,2,7669.0,The Governing Council of The Salvation Army in Canada,1,4931.0,"same business number, different names (a parent body's number, or an owner's)"
The Governing Council of the Salvation Army,2,21518.0,The Governing Council of The Salvation Army in Canada,1,4931.0,"same business number, different names (a parent body's number, or an owner's)"
The Governing Council of The Salvation Army Canada,2,6461.0,The Governing Council of The Salvation Army in Canada,1,4931.0,"same business number, different names (a parent body's number, or an owner's)"
The Governing Council of The Salvation Army in Canada,1,4931.0,The Governing Council of The Salvation Army of Canada,4,16508.0,"same business number, different names (a parent body's number, or an owner's)"
The Governing Council of The Salvation Army in Canada,1,4931.0,The Governing Council - The Salvation Army of Canada,1,5113.0,"same business number, different names (a parent body's number, or an owner's)"
The Governing Council of The Salvation Army in Canada,1,4931.0,The Salvation Army,5,18852.0,"same business number, different names (a parent body's number, or an owner's)"
The Governing Council of The Salvation Army in Canada,1,4931.0,The Salvation Army,2,7092.0,"same business number, different names (a parent body's number, or an owner's)"
The Governing Council of The Salvation Army in Canada,1,4931.0,The Salvation Army Carbonear Corps,7,28314.0,"same business number, different names (a parent body's number, or an owner's)"
The Governing Council of The Salvation Army in Canada,1,4931.0,Salvation Army Faith And Hope Thrift Store,3,11422.0,"same business number, different names (a parent body's number, or an owner's)"
The Governing Council of The Salvation Army in Canada,1,4931.0,The Salvation Army Governing Council for Canada,1,20000.0,"same business number, different names (a parent body's number, or an owner's)"
The Governing Council of The Salvation Army in Canada,1,4931.0,The Salvation Army Governing Council of Canada,3,9737.0,"same business number, different names (a parent body's number, or an owner's)"
The Governing Council of The Salvation Army in Canada,1,4931.0,Salvation Army Hare Bay - Dover Citadel,1,5113.0,"same business number, different names (a parent body's number, or an owner's)"
The Governing Council of The Salvation Army in Canada,1,4931.0,The Salvation Army Heritage Park Temple Corps,1,4987.0,"same business number, different names (a parent body's number, or an owner's)"
The Governing Council of The Salvation Army in Canada,1,4931.0,The Salvation Army Heritage Park Temple Corps,1,4987.0,"same business number, different names (a parent body's number, or an owner's)"
The Governing Council of the Salvation Army in Canada,2,137124.0,The Governing Council of The Salvation Army in Canada,1,4931.0,"a spelling slip apart, with no business number, postal code or review to confirm it"
The Governing Council of The Salvation Army in Canada,6,61629.0,The Governing Council of The Salvation Army in Canada,1,4931.0,conflicting identifiers and disjoint postal evidence
The Governing Council of The Salvation Army in Canada,1,4931.0,The Governing Council of The Salvation Army in Canada,2,10100.0,conflicting identifiers and disjoint postal evidence
The Governing Council of The Salvation Army in Canada,1,4931.0,The Governing Council of The Salvation Army in Canada,3,14733.0,conflicting identifiers and disjoint postal evidence
The Governing Council of The Salvation Army in Canada,1,4931.0,The Governing Council of The Salvation Army in Canada,17,207069.0,conflicting identifiers and disjoint postal evidence; identity unresolved unless a named anchor settles it (governing council of salvation army in canada [bn 107951618RR0043] / governing council of salvation army in canada [bn 107951618])
The Governing Council of The Salvation Army in Canada,17,207069.0,The Governing Council of The Salvation Army in Canada,1,4931.0,conflicting identifiers and disjoint postal evidence; identity unresolved unless a named anchor settles it (governing council of salvation army in canada [bn 107951618RR0043] / governing council of salvation army in canada [bn 107951618])
Charlene M Rumbolt,1,5253.0,Great Caribou Studio,2,4858.0,"same business number, different names (a parent body's number, or an owner's)"
The Governing Council of the Salvation Army,2,6041.0,The Governing Council of the Salvation Army in Canada,1,4808.0,"same business number, different names (a parent body's number, or an owner's)"
The Governing Council of The Salvation Army,4,17812.0,The Governing Council of the Salvation Army in Canada,1,4808.0,"same business number, different names (a parent body's number, or an owner's)"
The Governing Council of the salvation Army,8,34767.0,The Governing Council of the Salvation Army in Canada,1,4808.0,"same business number, different names (a parent body's number, or an owner's)"
The Governing Council of The Salvation Army,5,14697.0,The Governing Council of the Salvation Army in Canada,1,4808.0,"same business number, different names (a parent body's number, or an owner's)"
The Governing Council of The Salvation Army,2,7669.0,The Governing Council of the Salvation Army in Canada,1,4808.0,"same business number, different names (a parent body's number, or an owner's)"
The Governing Council of The Salvation Army,1,4808.0,The Governing Council of The Salvation Army in Canada,6,61629.0,"same business number, different names (a parent body's number, or an owner's)"
The Governing Council of The Salvation Army,1,4808.0,The Governing Council of The Salvation Army in Canada,1,4931.0,"same business number, different names (a parent body's number, or an owner's)"
The Governing Council of The Salvation Army,1,4808.0,The Governing Council of the Salvation Army in Canada,1,4808.0,"same business number, different names (a parent body's number, or an owner's)"
The Governing Council of The Salvation Army,1,4808.0,The Governing Council of The Salvation Army in Canada,2,10100.0,"same business number, different names (a parent body's number, or an owner's)"
The Governing Council of The Salvation Army,1,4808.0,The Governing Council of The Salvation Army in Canada,3,14733.0,"same business number, different names (a parent body's number, or an owner's)"
The Governing Council of The Salvation Army,1,4808.0,The Governing Council of The Salvation Army in Canada,17,207069.0,"same business number, different names (a parent body's number, or an owner's)"
The Governing Council of The Salvation Army,1,4808.0,The Salvation Army,5,18852.0,"same business number, different names (a parent body's number, or an owner's)"
The Governing Council of The Salvation Army,1,4808.0,The Salvation Army,2,7092.0,"same business number, different names (a parent body's number, or an owner's)"
The Governing Council of The Salvation Army,1,4808.0,The Salvation Army Carbonear Corps,7,28314.0,"same business number, different names (a parent body's number, or an owner's)"
The Governing Council of The Salvation Army,1,4808.0,Salvation Army Faith And Hope Thrift Store,3,11422.0,"same business number, different names (a parent body's number, or an owner's)"
The Governing Council of The Salvation Army,1,4808.0,The Salvation Army Governing Council for Canada,1,20000.0,"same business number, different names (a parent body's number, or an owner's)"
The Governing Council of The Salvation Army,1,4808.0,Salvation Army Hare Bay - Dover Citadel,1,5113.0,"same business number, different names (a parent body's number, or an owner's)"
The Governing Council of The Salvation Army,1,4808.0,The Salvation Army Heritage Park Temple Corps,1,4987.0,"same business number, different names (a parent body's number, or an owner's)"
The Governing Council of The Salvation Army,1,4808.0,The Salvation Army Heritage Park Temple Corps,1,4987.0,"same business number, different names (a parent body's number, or an owner's)"
The Governing Council of the Salvation Army,2,21518.0,The Governing Council of the Salvation Army in Canada,1,4808.0,"same business number, different names (a parent body's number, or an owner's)"
The Governing Council of The Salvation Army Canada,2,6461.0,The Governing Council of the Salvation Army in Canada,1,4808.0,"same business number, different names (a parent body's number, or an owner's)"
The Governing Council of the Salvation Army in Canada,1,4808.0,The Governing Council of The Salvation Army of Canada,4,16508.0,"same business number, different names (a parent body's number, or an owner's)"
The Governing Council of the Salvation Army in Canada,1,4808.0,The Governing Council - The Salvation Army of Canada,1,5113.0,"same business number, different names (a parent body's number, or an owner's)"
The Governing Council of the Salvation Army in Canada,1,4808.0,The Salvation Army,5,18852.0,"same business number, different names (a parent body's number, or an owner's)"
The Governing Council of the Salvation Army in Canada,1,4808.0,The Salvation Army,2,7092.0,"same business number, different names (a parent body's number, or an owner's)"
The Governing Council of the Salvation Army in Canada,1,4808.0,The Salvation Army Carbonear Corps,7,28314.0,"same business number, different names (a parent body's number, or an owner's)"
The Governing Council of the Salvation Army in Canada,1,4808.0,Salvation Army Faith And Hope Thrift Store,3,11422.0,"same business number, different names (a parent body's number, or an owner's)"
The Governing Council of the Salvation Army in Canada,1,4808.0,The Salvation Army Governing Council for Canada,1,20000.0,"same business number, different names (a parent body's number, or an owner's)"
The Governing Council of the Salvation Army in Canada,1,4808.0,The Salvation Army Governing Council of Canada,3,9737.0,"same business number, different names (a parent body's number, or an owner's)"
The Governing Council of the Salvation Army in Canada,1,4808.0,Salvation Army Hare Bay - Dover Citadel,1,5113.0,"same business number, different names (a parent body's number, or an owner's)"
The Governing Council of the Salvation Army in Canada,1,4808.0,The Salvation Army Heritage Park Temple Corps,1,4987.0,"same business number, different names (a parent body's number, or an owner's)"
The Governing Council of the Salvation Army in Canada,1,4808.0,The Salvation Army Heritage Park Temple Corps,1,4987.0,"same business number, different names (a parent body's number, or an owner's)"
Royal Canadian Legion,1,4808.0,Royal Canadian Legion - Branch 50,4,47409.0,"same business number, different names (a parent body's number, or an owner's)"
Abundant Life Pentecostal Tabernacle,4,14930.0,Pentecostal Assemblies of Newf Evangel Pentecostal Tabernacle,1,4808.0,"same business number, different names (a parent body's number, or an owner's)"
Calvary Pentecostal Tabernacle,3,10788.0,Pentecostal Assemblies of Newf Evangel Pentecostal Tabernacle,1,4808.0,"same business number, different names (a parent body's number, or an owner's)"
Elim Pentecostal Tabernacle,6,43199.0,Pentecostal Assemblies of Newf Evangel Pentecostal Tabernacle,1,4808.0,"same business number, different names (a parent body's number, or an owner's)"
Emmanuel Convention Centre-PAONL,1,5972.0,Pentecostal Assemblies of Newf Evangel Pentecostal Tabernacle,1,4808.0,"same business number, different names (a parent body's number, or an owner's)"
Emmanuel Pentecostal Church,4,16614.0,Pentecostal Assemblies of Newf Evangel Pentecostal Tabernacle,1,4808.0,"same business number, different names (a parent body's number, or an owner's)"
Evangel Pentecostal Church,8,41470.0,Pentecostal Assemblies of Newf Evangel Pentecostal Tabernacle,1,4808.0,"same business number, different names (a parent body's number, or an owner's)"
Evangel Pentecostal Tabernacle,3,18714.0,Pentecostal Assemblies of Newf Evangel Pentecostal Tabernacle,1,4808.0,"same business number, different names (a parent body's number, or an owner's)"
Pentecostal Assemblies of Newf Evangel Pentecostal Tabernacle,1,4808.0,Pentecostal Assemblies of Newfoundland,2,7261.0,"same business number, different names (a parent body's number, or an owner's)"
Pentecostal Assemblies of Newf Evangel Pentecostal Tabernacle,1,4808.0,Pentecostal Assemblies of Newfoundland and Labrador Corporation,9,81421.0,"same business number, different names (a parent body's number, or an owner's)"
Pentecostal Assemblies of Newf Evangel Pentecostal Tabernacle,1,4808.0,Pentecostal Assembly,5,22825.0,"same business number, different names (a parent body's number, or an owner's)"
Pentecostal Assemblies of Newf Evangel Pentecostal Tabernacle,1,4808.0,Pentecostal Tabernacle,7,28568.0,"same business number, different names (a parent body's number, or an owner's)"
Pentecostal Assemblies of Newf Evangel Pentecostal Tabernacle,1,4808.0,St. John's West Worship Centre,4,12628.0,"same business number, different names (a parent body's number, or an owner's)"
Pentecostal Assemblies of Newf Evangel Pentecostal Tabernacle,1,4808.0,Zion Pentecostal Church,4,14994.0,"same business number, different names (a parent body's number, or an owner's)"
Charlene C Evans,1,5113.0,Marystown Marlins Swimteam,1,4808.0,"same business number, different names (a parent body's number, or an owner's)"
The Governing Council of the Salvation Army in Canada,2,137124.0,The Governing Council of the Salvation Army in Canada,1,4808.0,"a spelling slip apart, with no business number, postal code or review to confirm it"
The Governing Council of The Salvation Army in Canada,6,61629.0,The Governing Council of the Salvation Army in Canada,1,4808.0,conflicting identifiers and disjoint postal evidence
The Governing Council of The Salvation Army in Canada,1,4931.0,The Governing Council of the Salvation Army in Canada,1,4808.0,conflicting identifiers and disjoint postal evidence
The Governing Council of the Salvation Army in Canada,1,4808.0,The Governing Council of The Salvation Army in Canada,2,10100.0,conflicting identifiers and disjoint postal evidence
The Governing Council of the Salvation Army in Canada,1,4808.0,The Governing Council of The Salvation Army in Canada,3,14733.0,conflicting identifiers and disjoint postal evidence
The Governing Council of the Salvation Army in Canada,1,4808.0,The Governing Council of The Salvation Army in Canada,17,207069.0,conflicting identifiers and disjoint postal evidence; identity unresolved unless a named anchor settles it (governing council of salvation army in canada [bn 107951618RR0072] / governing council of salvation army in canada [bn 107951618])
The Royal Canadian Legion,5,5637.93,Royal Canadian Legion,1,4808.0,conflicting identifiers and disjoint postal evidence; identity unresolved unless a named anchor settles it (royal canadian legion / royal canadian legion [bn 107933061])
Royal Canadian Legion,2,27986.0,Royal Canadian Legion,1,4808.0,"a spelling slip apart, with no business number, postal code or review to confirm it"
The Governing Council of the Salvation Army,2,6041.0,The Governing Council of The Salvation Army,1,4808.0,conflicting identifiers and disjoint postal evidence
The Governing Council of The Salvation Army,4,17812.0,The Governing Council of The Salvation Army,1,4808.0,conflicting identifiers and disjoint postal evidence
The Governing Council of the salvation Army,8,34767.0,The Governing Council of The Salvation Army,1,4808.0,conflicting identifiers and disjoint postal evidence
The Governing Council of The Salvation Army,5,14697.0,The Governing Council of The Salvation Army,1,4808.0,conflicting identifiers and disjoint postal evidence
The Governing Council of The Salvation Army,2,7669.0,The Governing Council of The Salvation Army,1,4808.0,conflicting identifiers and disjoint postal evidence
The Governing Council of The Salvation Army,1,4808.0,The Governing Council of the Salvation Army,2,21518.0,conflicting identifiers and disjoint postal evidence; identity unresolved unless a named anchor settles it (governing council of salvation army [bn 107951618RR0510] / governing council of salvation army [bn 107951618])
The Governing Council of the Salvation Army,2,21518.0,The Governing Council of The Salvation Army,1,4808.0,conflicting identifiers and disjoint postal evidence; identity unresolved unless a named anchor settles it (governing council of salvation army [bn 107951618RR0510] / governing council of salvation army [bn 107951618])
The Governing Council of The Salvation Army in Canada,17,207069.0,The Governing Council of the Salvation Army in Canada,1,4808.0,conflicting identifiers and disjoint postal evidence; identity unresolved unless a named anchor settles it (governing council of salvation army in canada [bn 107951618RR0072] / governing council of salvation army in canada [bn 107951618])
The Governing Council of The Salvation Army,1,4808.0,The Governing Council of The Salvation Army Canada,2,6461.0,conflicting identifiers and disjoint postal evidence
The Governing Council of The Salvation Army,1,4808.0,The Governing Council of The Salvation Army of Canada,4,16508.0,conflicting identifiers and disjoint postal evidence
The Governing Council of The Salvation Army,1,4808.0,The Governing Council - The Salvation Army of Canada,1,5113.0,conflicting identifiers and disjoint postal evidence
The Governing Council of The Salvation Army,1,4808.0,The Salvation Army Governing Council of Canada,3,9737.0,conflicting identifiers and disjoint postal evidence
Town of Milertown,1,4756.0,Town of Millertown,6,16993.0,"a spelling slip apart, with no business number, postal code or review to confirm it"
Grand Falls Golf Club,6,77112.0,Town of Grand Falls- Windsor,1,4753.0,"same business number, different names (a parent body's number, or an owner's)"
TOWN OF GRAND FALLS- WINDSOR,22,15392415.35,Town of Grand Falls- Windsor,1,4753.0,conflicting identifiers and disjoint postal evidence; identity unresolved unless a named anchor settles it (town of grand falls windsor / town of grand falls windsor [bn 122184484])
Town of Grand Falls-Windsor,42,28465582.97,Town of Grand Falls- Windsor,1,4753.0,"a spelling slip apart, with no business number, postal code or review to confirm it"
Fortune Town Council,3,4714.0,Town of Fortune,6,961343.0,"same business number, different names (a parent body's number, or an owner's)"
The Governing Council of the Salvation Army,2,6041.0,The Salvation Army,1,4633.0,"same business number, different names (a parent body's number, or an owner's)"
The Governing Council of the Salvation Army,2,6041.0,The Salvation Army,1,4633.0,"same business number, different names (a parent body's number, or an owner's)"
The Governing Council of the Salvation Army,2,6041.0,The Salvation Army Faith And Hope Corps,1,4633.0,"same business number, different names (a parent body's number, or an owner's)"
The Governing Council of The Salvation Army,4,17812.0,The Salvation Army,1,4633.0,"same business number, different names (a parent body's number, or an owner's)"
The Governing Council of The Salvation Army,4,17812.0,The Salvation Army,1,4633.0,"same business number, different names (a parent body's number, or an owner's)"
The Governing Council of The Salvation Army,4,17812.0,The Salvation Army Faith And Hope Corps,1,4633.0,"same business number, different names (a parent body's number, or an owner's)"
The Governing Council of the salvation Army,8,34767.0,The Salvation Army,1,4633.0,"same business number, different names (a parent body's number, or an owner's)"
The Governing Council of the salvation Army,8,34767.0,The Salvation Army,1,4633.0,"same business number, different names (a parent body's number, or an owner's)"
The Governing Council of the salvation Army,8,34767.0,The Salvation Army Faith And Hope Corps,1,4633.0,"same business number, different names (a parent body's number, or an owner's)"
The Governing Council of The Salvation Army,5,14697.0,The Salvation Army,1,4633.0,"same business number, different names (a parent body's number, or an owner's)"
The Governing Council of The Salvation Army,5,14697.0,The Salvation Army,1,4633.0,"same business number, different names (a parent body's number, or an owner's)"
The Governing Council of The Salvation Army,5,14697.0,The Salvation Army Faith And Hope Corps,1,4633.0,"same business number, different names (a parent body's number, or an owner's)"
The Governing Council of The Salvation Army,2,7669.0,The Salvation Army,1,4633.0,"same business number, different names (a parent body's number, or an owner's)"
The Governing Council of The Salvation Army,2,7669.0,The Salvation Army,1,4633.0,"same business number, different names (a parent body's number, or an owner's)"
The Governing Council of The Salvation Army,2,7669.0,The Salvation Army Faith And Hope Corps,1,4633.0,"same business number, different names (a parent body's number, or an owner's)"
The Governing Council of The Salvation Army,1,4808.0,The Salvation Army,1,4633.0,"same business number, different names (a parent body's number, or an owner's)"
The Governing Council of The Salvation Army,1,4808.0,The Salvation Army,1,4633.0,"same business number, different names (a parent body's number, or an owner's)"
The Governing Council of The Salvation Army,1,4808.0,The Salvation Army Faith And Hope Corps,1,4633.0,"same business number, different names (a parent body's number, or an owner's)"
The Governing Council of the Salvation Army,2,21518.0,The Salvation Army,1,4633.0,"same business number, different names (a parent body's number, or an owner's)"
The Governing Council of the Salvation Army,2,21518.0,The Salvation Army,1,4633.0,"same business number, different names (a parent body's number, or an owner's)"
The Governing Council of the Salvation Army,2,21518.0,The Salvation Army Faith And Hope Corps,1,4633.0,"same business number, different names (a parent body's number, or an owner's)"
The Governing Council of The Salvation Army Canada,2,6461.0,The Salvation Army,1,4633.0,"same business number, different names (a parent body's number, or an owner's)"
The Governing Council of The Salvation Army Canada,2,6461.0,The Salvation Army,1,4633.0,"same business number, different names (a parent body's number, or an owner's)"
The Governing Council of The Salvation Army Canada,2,6461.0,The Salvation Army Faith And Hope Corps,1,4633.0,"same business number, different names (a parent body's number, or an owner's)"
The Governing Council of The Salvation Army in Canada,6,61629.0,The Salvation Army,1,4633.0,"same business number, different names (a parent body's number, or an owner's)"
The Governing Council of The Salvation Army in Canada,6,61629.0,The Salvation Army,1,4633.0,"same business number, different names (a parent body's number, or an owner's)"
The Governing Council of The Salvation Army in Canada,6,61629.0,The Salvation Army Faith And Hope Corps,1,4633.0,"same business number, different names (a parent body's number, or an owner's)"
The Governing Council of The Salvation Army in Canada,1,4931.0,The Salvation Army,1,4633.0,"same business number, different names (a parent body's number, or an owner's)"
The Governing Council of The Salvation Army in Canada,1,4931.0,The Salvation Army,1,4633.0,"same business number, different names (a parent body's number, or an owner's)"
The Governing Council of The Salvation Army in Canada,1,4931.0,The Salvation Army Faith And Hope Corps,1,4633.0,"same business number, different names (a parent body's number, or an owner's)"
The Governing Council of the Salvation Army in Canada,1,4808.0,The Salvation Army,1,4633.0,"same business number, different names (a parent body's number, or an owner's)"
The Governing Council of the Salvation Army in Canada,1,4808.0,The Salvation Army,1,4633.0,"same business number, different names (a parent body's number, or an owner's)"
The Governing Council of the Salvation Army in Canada,1,4808.0,The Salvation Army Faith And Hope Corps,1,4633.0,"same business number, different names (a parent body's number, or an owner's)"
The Governing Council of The Salvation Army in Canada,2,10100.0,The Salvation Army,1,4633.0,"same business number, different names (a parent body's number, or an owner's)"
The Governing Council of The Salvation Army in Canada,2,10100.0,The Salvation Army,1,4633.0,"same business number, different names (a parent body's number, or an owner's)"
The Governing Council of The Salvation Army in Canada,2,10100.0,The Salvation Army Faith And Hope Corps,1,4633.0,"same business number, different names (a parent body's number, or an owner's)"
The Governing Council of The Salvation Army in Canada,3,14733.0,The Salvation Army,1,4633.0,"same business number, different names (a parent body's number, or an owner's)"
The Governing Council of The Salvation Army in Canada,3,14733.0,The Salvation Army,1,4633.0,"same business number, different names (a parent body's number, or an owner's)"
The Governing Council of The Salvation Army in Canada,3,14733.0,The Salvation Army Faith And Hope Corps,1,4633.0,"same business number, different names (a parent body's number, or an owner's)"
The Governing Council of The Salvation Army in Canada,17,207069.0,The Salvation Army,1,4633.0,"same business number, different names (a parent body's number, or an owner's)"
The Governing Council of The Salvation Army in Canada,17,207069.0,The Salvation Army,1,4633.0,"same business number, different names (a parent body's number, or an owner's)"
The Governing Council of The Salvation Army in Canada,17,207069.0,The Salvation Army Faith And Hope Corps,1,4633.0,"same business number, different names (a parent body's number, or an owner's)"
The Governing Council of The Salvation Army of Canada,4,16508.0,The Salvation Army,1,4633.0,"same business number, different names (a parent body's number, or an owner's)"
The Governing Council of The Salvation Army of Canada,4,16508.0,The Salvation Army,1,4633.0,"same business number, different names (a parent body's number, or an owner's)"
The Governing Council of The Salvation Army of Canada,4,16508.0,The Salvation Army Faith And Hope Corps,1,4633.0,"same business number, different names (a parent body's number, or an owner's)"
The Governing Council - The Salvation Army of Canada,1,5113.0,The Salvation Army,1,4633.0,"same business number, different names (a parent body's number, or an owner's)"
The Governing Council - The Salvation Army of Canada,1,5113.0,The Salvation Army,1,4633.0,"same business number, different names (a parent body's number, or an owner's)"
The Governing Council - The Salvation Army of Canada,1,5113.0,The Salvation Army Faith And Hope Corps,1,4633.0,"same business number, different names (a parent body's number, or an owner's)"
The Salvation Army,1,4633.0,The Salvation Army Carbonear Corps,7,28314.0,"same business number, different names (a parent body's number, or an owner's)"
The Salvation Army,1,4633.0,The Salvation Army Faith And Hope Corps,1,4633.0,"same business number, different names (a parent body's number, or an owner's)"
The Salvation Army,1,4633.0,Salvation Army Faith And Hope Thrift Store,3,11422.0,"same business number, different names (a parent body's number, or an owner's)"
The Salvation Army,1,4633.0,The Salvation Army Governing Council for Canada,1,20000.0,"same business number, different names (a parent body's number, or an owner's)"
The Salvation Army,1,4633.0,The Salvation Army Governing Council of Canada,3,9737.0,"same business number, different names (a parent body's number, or an owner's)"
The Salvation Army,1,4633.0,Salvation Army Hare Bay - Dover Citadel,1,5113.0,"same business number, different names (a parent body's number, or an owner's)"
The Salvation Army,1,4633.0,The Salvation Army Heritage Park Temple Corps,1,4987.0,"same business number, different names (a parent body's number, or an owner's)"
The Salvation Army,1,4633.0,The Salvation Army Heritage Park Temple Corps,1,4987.0,"same business number, different names (a parent body's number, or an owner's)"
The Salvation Army,5,18852.0,The Salvation Army Faith And Hope Corps,1,4633.0,"same business number, different names (a parent body's number, or an owner's)"
The Salvation Army,1,4633.0,The Salvation Army Carbonear Corps,7,28314.0,"same business number, different names (a parent body's number, or an owner's)"
The Salvation Army,1,4633.0,The Salvation Army Faith And Hope Corps,1,4633.0,"same business number, different names (a parent body's number, or an owner's)"
The Salvation Army,1,4633.0,Salvation Army Faith And Hope Thrift Store,3,11422.0,"same business number, different names (a parent body's number, or an owner's)"
The Salvation Army,1,4633.0,The Salvation Army Governing Council for Canada,1,20000.0,"same business number, different names (a parent body's number, or an owner's)"
The Salvation Army,1,4633.0,The Salvation Army Governing Council of Canada,3,9737.0,"same business number, different names (a parent body's number, or an owner's)"
The Salvation Army,1,4633.0,Salvation Army Hare Bay - Dover Citadel,1,5113.0,"same business number, different names (a parent body's number, or an owner's)"
The Salvation Army,1,4633.0,The Salvation Army Heritage Park Temple Corps,1,4987.0,"same business number, different names (a parent body's number, or an owner's)"
The Salvation Army,1,4633.0,The Salvation Army Heritage Park Temple Corps,1,4987.0,"same business number, different names (a parent body's number, or an owner's)"
The Salvation Army,2,7092.0,The Salvation Army Faith And Hope Corps,1,4633.0,"same business number, different names (a parent body's number, or an owner's)"
The Salvation Army Carbonear Corps,7,28314.0,The Salvation Army Faith And Hope Corps,1,4633.0,"same business number, different names (a parent body's number, or an owner's)"
The Salvation Army Faith And Hope Corps,1,4633.0,Salvation Army Faith And Hope Thrift Store,3,11422.0,"same business number, different names (a parent body's number, or an owner's)"
The Salvation Army Faith And Hope Corps,1,4633.0,The Salvation Army Governing Council for Canada,1,20000.0,"same business number, different names (a parent body's number, or an owner's)"
The Salvation Army Faith And Hope Corps,1,4633.0,The Salvation Army Governing Council of Canada,3,9737.0,"same business number, different names (a parent body's number, or an owner's)"
The Salvation Army Faith And Hope Corps,1,4633.0,Salvation Army Hare Bay - Dover Citadel,1,5113.0,"same business number, different names (a parent body's number, or an owner's)"
The Salvation Army Faith And Hope Corps,1,4633.0,The Salvation Army Heritage Park Temple Corps,1,4987.0,"same business number, different names (a parent body's number, or an owner's)"
The Salvation Army Faith And Hope Corps,1,4633.0,The Salvation Army Heritage Park Temple Corps,1,4987.0,"same business number, different names (a parent body's number, or an owner's)"
Anglican Church Women,3,15777.0,The Anglican Parish of Grand Bank,1,4633.0,"same business number, different names (a parent body's number, or an owner's)"
Anglican Diocese of Canada,1,5113.0,The Anglican Parish of Grand Bank,1,4633.0,"same business number, different names (a parent body's number, or an owner's)"
The Anglican Parish of Burin,2,7325.0,The Anglican Parish of Grand Bank,1,4633.0,"same business number, different names (a parent body's number, or an owner's)"
Anglican Parish of Gambo,3,10196.0,The Anglican Parish of Grand Bank,1,4633.0,"same business number, different names (a parent body's number, or an owner's)"
The Anglican Parish of Grand Bank,1,4633.0,Anglican Parish of Indian Bay,3,12812.0,"same business number, different names (a parent body's number, or an owner's)"
The Anglican Parish of Grand Bank,1,4633.0,Anglican Parish of Lewisporte,1,4987.0,"same business number, different names (a parent body's number, or an owner's)"
The Anglican Parish of Grand Bank,1,4633.0,the diocesan synod of central newfoundland,4,12598.0,"same business number, different names (a parent body's number, or an owner's)"
The Anglican Parish of Grand Bank,1,4633.0,Parish of Lewisporte,1,5113.0,"same business number, different names (a parent body's number, or an owner's)"
The Anglican Parish of Grand Bank,1,4633.0,St. Peter's Anglican Church,7,28078.0,"same business number, different names (a parent body's number, or an owner's)"
Anglican Cathedral of St John the Baptist,2,12081.0,The Anglican Parish of St Phillip's,1,4633.0,"same business number, different names (a parent body's number, or an owner's)"
The Anglican Parish of St Phillip's,1,4633.0,Cathedral Parish of St. John the Baptist,4,381909.0,"same business number, different names (a parent body's number, or an owner's)"
The Anglican Parish of St Phillip's,1,4633.0,Diocesan Synod of Eastern Newfoundland and Labrador,6,34168.0,"same business number, different names (a parent body's number, or an owner's)"
The Anglican Parish of St Phillip's,1,4633.0,Parish of All Saints,3,34370.0,"same business number, different names (a parent body's number, or an owner's)"
The Anglican Parish of St Phillip's,1,4633.0,Parish of St. Thomas',7,28016.0,"same business number, different names (a parent body's number, or an owner's)"
The Anglican Parish of St Phillip's,1,4633.0,The Parish of Upper Island Cove,6,30582.0,"same business number, different names (a parent body's number, or an owner's)"
The Anglican Parish of St Phillip's,1,4633.0,St. Mary's Church,2,5504.0,"same business number, different names (a parent body's number, or an owner's)"
N.D. Bay Hospital Aux,1,4633.0,N.D. Bay Memorial Hospital Aux,2,7261.0,"same business number, different names (a parent body's number, or an owner's)"
N.D. Bay Hospital Aux,1,4633.0,Notre Dame Bay Memorial Hospital Auxiliary,4,17769.0,"same business number, different names (a parent body's number, or an owner's)"
Breakwater Youth Centre,1,4633.0,Musgrave Harbour Recreation Co,1,5113.0,"same business number, different names (a parent body's number, or an owner's)"
Breakwater Youth Centre,1,4633.0,Musgrave Hbr Recreation and Youth Committee,1,6110.0,"same business number, different names (a parent body's number, or an owner's)"
Breakwater Youth Centre,1,4633.0,Musgrave Hbr Youth and Recreation Committee,1,5970.0,"same business number, different names (a parent body's number, or an owner's)"
Canadian Red Cross,4,611696.0,The Canadian Red Cross Society La Société Canadienne de la Croix-Rouge,1,4633.0,"same business number, different names (a parent body's number, or an owner's)"
The Salvation Army,1,4633.0,The Salvation Army,5,18852.0,conflicting identifiers and disjoint postal evidence
The Salvation Army,1,4633.0,The Salvation Army,1,4633.0,conflicting identifiers and disjoint postal evidence
The Salvation Army,1,4633.0,The Salvation Army,2,7092.0,conflicting identifiers and disjoint postal evidence; identity unresolved unless a named anchor settles it (salvation army [bn 107951618RR0089] / salvation army [bn 107951618])
The Salvation Army,5,18852.0,The Salvation Army,1,4633.0,conflicting identifiers and disjoint postal evidence
The Salvation Army,1,4633.0,The Salvation Army,2,7092.0,conflicting identifiers and disjoint postal evidence; identity unresolved unless a named anchor settles it (salvation army [bn 107951618RR0441] / salvation army [bn 107951618])
Fresh Health and Wellness Inc.,2,4630.0,Physio & Co.,1,15000.0,"same business number, different names (a parent body's number, or an owner's)"
Hearts Delight - Islington Recreation,2,38480.0,Town of Heart's Delight Islington Municpal Library,2,4529.0,"same business number, different names (a parent body's number, or an owner's)"
Town of Heart's Delight Isling Recreation Committee,2,37275.0,Town of Heart's Delight Islington Municpal Library,2,4529.0,"same business number, different names (a parent body's number, or an owner's)"
Town of Heart's Delight Islington Municpal Library,2,4529.0,Town of Heart's Delight-Islington Recreation Committee,2,8279.0,"same business number, different names (a parent body's number, or an owner's)"
Bonne Bay Health Centre,3,4514.0,Sir Thomas Roddick Hospital Auxiliary,4,14491.0,"same business number, different names (a parent body's number, or an owner's)"
Bonne Bay Health Centre,3,4514.0,Western Health Care Corporation,2,31429.95,"same business number, different names (a parent body's number, or an owner's)"
Bonne Bay Health Centre,3,4514.0,WESTERN REGIONAL HEALTH AUTHORITY,6,627174.25,"same business number, different names (a parent body's number, or an owner's)"
Bonne Bay Health Centre,3,4514.0,Western Regional Integrated Health Authority,4,15489.0,"same business number, different names (a parent body's number, or an owner's)"
Town of Clarenville,23,2639709.0,TOWN OF CLARENVILLE TOWN OF CLARENVILLE TOWN COUNC,1,4480.0,"same business number, different names (a parent body's number, or an owner's)"
Conception Bay Regional Community Center,1,4479.0,Princess Sheila NaGeira Theatre Inc,1,7947.0,"same business number, different names (a parent body's number, or an owner's)"
Conception Bay Regional Community Center,1,4479.0,Princess Sheila NaGeira Theatre Board,1,6110.0,"same business number, different names (a parent body's number, or an owner's)"
61799 Newfoundland and Labrador Incorporated,3,7805.0,67199 Newfoundland & Labrador,2,4475.0,"same business number, different names (a parent body's number, or an owner's)"
The Newfoundland and Labrador Tri NL,1,4468.0,The Newfoundland and Labrador TriNL,5,20681.0,"same business number, different names (a parent body's number, or an owner's)"
Corey Adams,3,130003.0,Dreamland Kitchen Cabinets,3,4452.0,"same business number, different names (a parent body's number, or an owner's)"
Bay St. George Long Term Care Center,2,4424.0,Bonne Bay Health Centre,3,4514.0,"same business number, different names (a parent body's number, or an owner's)"
Bay St. George Long Term Care Center,2,4424.0,Sir Thomas Roddick Hospital Auxiliary,4,14491.0,"same business number, different names (a parent body's number, or an owner's)"
Bay St. George Long Term Care Center,2,4424.0,Western Health Care Corporation,2,31429.95,"same business number, different names (a parent body's number, or an owner's)"
Bay St. George Long Term Care Center,2,4424.0,WESTERN REGIONAL HEALTH AUTHORITY,6,627174.25,"same business number, different names (a parent body's number, or an owner's)"
Bay St. George Long Term Care Center,2,4424.0,Western Regional Integrated Health Authority,4,15489.0,"same business number, different names (a parent body's number, or an owner's)"
CICC Hicks Holdings Limited,1,208439.0,CJCC Hicks Holdings Limited,2,4424.0,"a spelling slip apart, with no business number, postal code or review to confirm it"
The Governing Council of the Salvation Army,2,6041.0,The Governing Council of The Salvation Army in Canada,1,4383.0,"same business number, different names (a parent body's number, or an owner's)"
The Governing Council of The Salvation Army,4,17812.0,The Governing Council of The Salvation Army in Canada,1,4383.0,"same business number, different names (a parent body's number, or an owner's)"
The Governing Council of the salvation Army,8,34767.0,The Governing Council of The Salvation Army in Canada,1,4383.0,"same business number, different names (a parent body's number, or an owner's)"
The Governing Council of The Salvation Army,5,14697.0,The Governing Council of The Salvation Army in Canada,1,4383.0,"same business number, different names (a parent body's number, or an owner's)"
The Governing Council of The Salvation Army,2,7669.0,The Governing Council of The Salvation Army in Canada,1,4383.0,"same business number, different names (a parent body's number, or an owner's)"
The Governing Council of The Salvation Army,1,4808.0,The Governing Council of The Salvation Army in Canada,1,4383.0,"same business number, different names (a parent body's number, or an owner's)"
The Governing Council of the Salvation Army,2,21518.0,The Governing Council of The Salvation Army in Canada,1,4383.0,"same business number, different names (a parent body's number, or an owner's)"
The Governing Council of The Salvation Army Canada,2,6461.0,The Governing Council of The Salvation Army in Canada,1,4383.0,"same business number, different names (a parent body's number, or an owner's)"
The Governing Council of The Salvation Army in Canada,1,4383.0,The Governing Council of The Salvation Army of Canada,4,16508.0,"same business number, different names (a parent body's number, or an owner's)"
The Governing Council of The Salvation Army in Canada,1,4383.0,The Governing Council - The Salvation Army of Canada,1,5113.0,"same business number, different names (a parent body's number, or an owner's)"
The Governing Council of The Salvation Army in Canada,1,4383.0,The Salvation Army,1,4633.0,"same business number, different names (a parent body's number, or an owner's)"
The Governing Council of The Salvation Army in Canada,1,4383.0,The Salvation Army,5,18852.0,"same business number, different names (a parent body's number, or an owner's)"
The Governing Council of The Salvation Army in Canada,1,4383.0,The Salvation Army,1,4633.0,"same business number, different names (a parent body's number, or an owner's)"
The Governing Council of The Salvation Army in Canada,1,4383.0,The Salvation Army,2,7092.0,"same business number, different names (a parent body's number, or an owner's)"
The Governing Council of The Salvation Army in Canada,1,4383.0,The Salvation Army Carbonear Corps,7,28314.0,"same business number, different names (a parent body's number, or an owner's)"
The Governing Council of The Salvation Army in Canada,1,4383.0,The Salvation Army Faith And Hope Corps,1,4633.0,"same business number, different names (a parent body's number, or an owner's)"
The Governing Council of The Salvation Army in Canada,1,4383.0,Salvation Army Faith And Hope Thrift Store,3,11422.0,"same business number, different names (a parent body's number, or an owner's)"
The Governing Council of The Salvation Army in Canada,1,4383.0,The Salvation Army Governing Council for Canada,1,20000.0,"same business number, different names (a parent body's number, or an owner's)"
The Governing Council of The Salvation Army in Canada,1,4383.0,The Salvation Army Governing Council of Canada,3,9737.0,"same business number, different names (a parent body's number, or an owner's)"
The Governing Council of The Salvation Army in Canada,1,4383.0,Salvation Army Hare Bay - Dover Citadel,1,5113.0,"same business number, different names (a parent body's number, or an owner's)"
The Governing Council of The Salvation Army in Canada,1,4383.0,The Salvation Army Heritage Park Temple Corps,1,4987.0,"same business number, different names (a parent body's number, or an owner's)"
The Governing Council of The Salvation Army in Canada,1,4383.0,The Salvation Army Heritage Park Temple Corps,1,4987.0,"same business number, different names (a parent body's number, or an owner's)"
The Governing Council of the Salvation Army in Canada,2,137124.0,The Governing Council of The Salvation Army in Canada,1,4383.0,"a spelling slip apart, with no business number, postal code or review to confirm it"
The Governing Council of The Salvation Army in Canada,6,61629.0,The Governing Council of The Salvation Army in Canada,1,4383.0,conflicting identifiers and disjoint postal evidence
The Governing Council of The Salvation Army in Canada,1,4931.0,The Governing Council of The Salvation Army in Canada,1,4383.0,conflicting identifiers and disjoint postal evidence
The Governing Council of the Salvation Army in Canada,1,4808.0,The Governing Council of The Salvation Army in Canada,1,4383.0,conflicting identifiers and disjoint postal evidence
The Governing Council of The Salvation Army in Canada,2,10100.0,The Governing Council of The Salvation Army in Canada,1,4383.0,conflicting identifiers and disjoint postal evidence
The Governing Council of The Salvation Army in Canada,1,4383.0,The Governing Council of The Salvation Army in Canada,3,14733.0,conflicting identifiers and disjoint postal evidence
The Governing Council of The Salvation Army in Canada,1,4383.0,The Governing Council of The Salvation Army in Canada,17,207069.0,conflicting identifiers and disjoint postal evidence; identity unresolved unless a named anchor settles it (governing council of salvation army in canada [bn 107951618RR0089] / governing council of salvation army in canada [bn 107951618])
The Governing Council of The Salvation Army in Canada,17,207069.0,The Governing Council of The Salvation Army in Canada,1,4383.0,conflicting identifiers and disjoint postal evidence; identity unresolved unless a named anchor settles it (governing council of salvation army in canada [bn 107951618RR0089] / governing council of salvation army in canada [bn 107951618])
Gros Morne Adventures Incorporated,1,6524.0,Gros Morne Adventures Guides Incorporated,1,4368.0,"same business number, different names (a parent body's number, or an owner's)"
Saltbox & Everoutdoor adventures,1,4368.0,Saltbox Cafe Inc,10,162387.0,"same business number, different names (a parent body's number, or an owner's)"
The Governing Council of the Salvation Army,2,6041.0,The Salvation Army Thrift Store,1,4274.0,"same business number, different names (a parent body's number, or an owner's)"
The Governing Council of The Salvation Army,4,17812.0,The Salvation Army Thrift Store,1,4274.0,"same business number, different names (a parent body's number, or an owner's)"
The Governing Council of the salvation Army,8,34767.0,The Salvation Army Thrift Store,1,4274.0,"same business number, different names (a parent body's number, or an owner's)"
The Governing Council of The Salvation Army,5,14697.0,The Salvation Army Thrift Store,1,4274.0,"same business number, different names (a parent body's number, or an owner's)"
The Governing Council of The Salvation Army,2,7669.0,The Salvation Army Thrift Store,1,4274.0,"same business number, different names (a parent body's number, or an owner's)"
The Governing Council of The Salvation Army,1,4808.0,The Salvation Army Thrift Store,1,4274.0,"same business number, different names (a parent body's number, or an owner's)"
The Governing Council of the Salvation Army,2,21518.0,The Salvation Army Thrift Store,1,4274.0,"same business number, different names (a parent body's number, or an owner's)"
The Governing Council of The Salvation Army Canada,2,6461.0,The Salvation Army Thrift Store,1,4274.0,"same business number, different names (a parent body's number, or an owner's)"
The Governing Council of The Salvation Army in Canada,6,61629.0,The Salvation Army Thrift Store,1,4274.0,"same business number, different names (a parent body's number, or an owner's)"
The Governing Council of The Salvation Army in Canada,1,4931.0,The Salvation Army Thrift Store,1,4274.0,"same business number, different names (a parent body's number, or an owner's)"
The Governing Council of the Salvation Army in Canada,1,4808.0,The Salvation Army Thrift Store,1,4274.0,"same business number, different names (a parent body's number, or an owner's)"
The Governing Council of The Salvation Army in Canada,2,10100.0,The Salvation Army Thrift Store,1,4274.0,"same business number, different names (a parent body's number, or an owner's)"
The Governing Council of The Salvation Army in Canada,1,4383.0,The Salvation Army Thrift Store,1,4274.0,"same business number, different names (a parent body's number, or an owner's)"
The Governing Council of The Salvation Army in Canada,3,14733.0,The Salvation Army Thrift Store,1,4274.0,"same business number, different names (a parent body's number, or an owner's)"
The Governing Council of The Salvation Army in Canada,17,207069.0,The Salvation Army Thrift Store,1,4274.0,"same business number, different names (a parent body's number, or an owner's)"
The Governing Council of The Salvation Army of Canada,4,16508.0,The Salvation Army Thrift Store,1,4274.0,"same business number, different names (a parent body's number, or an owner's)"
The Governing Council - The Salvation Army of Canada,1,5113.0,The Salvation Army Thrift Store,1,4274.0,"same business number, different names (a parent body's number, or an owner's)"
The Salvation Army,1,4633.0,The Salvation Army Thrift Store,1,4274.0,"same business number, different names (a parent body's number, or an owner's)"
The Salvation Army,5,18852.0,The Salvation Army Thrift Store,1,4274.0,"same business number, different names (a parent body's number, or an owner's)"
The Salvation Army,1,4633.0,The Salvation Army Thrift Store,1,4274.0,"same business number, different names (a parent body's number, or an owner's)"
The Salvation Army,2,7092.0,The Salvation Army Thrift Store,1,4274.0,"same business number, different names (a parent body's number, or an owner's)"
The Salvation Army Carbonear Corps,7,28314.0,The Salvation Army Thrift Store,1,4274.0,"same business number, different names (a parent body's number, or an owner's)"
The Salvation Army Faith And Hope Corps,1,4633.0,The Salvation Army Thrift Store,1,4274.0,"same business number, different names (a parent body's number, or an owner's)"
Salvation Army Faith And Hope Thrift Store,3,11422.0,The Salvation Army Thrift Store,1,4274.0,"same business number, different names (a parent body's number, or an owner's)"
The Salvation Army Governing Council for Canada,1,20000.0,The Salvation Army Thrift Store,1,4274.0,"same business number, different names (a parent body's number, or an owner's)"
The Salvation Army Governing Council of Canada,3,9737.0,The Salvation Army Thrift Store,1,4274.0,"same business number, different names (a parent body's number, or an owner's)"
Salvation Army Hare Bay - Dover Citadel,1,5113.0,The Salvation Army Thrift Store,1,4274.0,"same business number, different names (a parent body's number, or an owner's)"
The Salvation Army Heritage Park Temple Corps,1,4987.0,The Salvation Army Thrift Store,1,4274.0,"same business number, different names (a parent body's number, or an owner's)"
The Salvation Army Heritage Park Temple Corps,1,4987.0,The Salvation Army Thrift Store,1,4274.0,"same business number, different names (a parent body's number, or an owner's)"
K & R Harwood Ltd,5,7962.0,K & R Harwood Ltd. ( Moorlands Ultramar ),2,4270.0,"same business number, different names (a parent body's number, or an owner's)"
GANDER HYUNDAI,14,200000.0,LJR Sales Ltd,3,4221.0,"same business number, different names (a parent body's number, or an owner's)"
The Anglican Parish of All Saints,2,48000.0,"St. Barnabas Anglican Church Women, Anglican parish of Flowers Cove",1,4206.0,"same business number, different names (a parent body's number, or an owner's)"
The Anglican Parish of All Saints,2,48000.0,St. Mary's Anglican Church,1,4206.0,"same business number, different names (a parent body's number, or an owner's)"
Anglican Parish of Flowers Cove,8,28944.0,"St. Barnabas Anglican Church Women, Anglican parish of Flowers Cove",1,4206.0,"same business number, different names (a parent body's number, or an owner's)"
Anglican Parish of Flowers Cove,8,28944.0,St. Mary's Anglican Church,1,4206.0,"same business number, different names (a parent body's number, or an owner's)"
Church of Holy Spirit Isle aux Morts,5,20980.0,"St. Barnabas Anglican Church Women, Anglican parish of Flowers Cove",1,4206.0,"same business number, different names (a parent body's number, or an owner's)"
Church of Holy Spirit Isle aux Morts,5,20980.0,St. Mary's Anglican Church,1,4206.0,"same business number, different names (a parent body's number, or an owner's)"
Diocesan Synod of Western Newfoundland,7,36180.0,"St. Barnabas Anglican Church Women, Anglican parish of Flowers Cove",1,4206.0,"same business number, different names (a parent body's number, or an owner's)"
Diocesan Synod of Western Newfoundland,7,36180.0,St. Mary's Anglican Church,1,4206.0,"same business number, different names (a parent body's number, or an owner's)"
Diocesean Synod of Western Newfoundland,3,32058.0,"St. Barnabas Anglican Church Women, Anglican parish of Flowers Cove",1,4206.0,"same business number, different names (a parent body's number, or an owner's)"
Diocesean Synod of Western Newfoundland,3,32058.0,St. Mary's Anglican Church,1,4206.0,"same business number, different names (a parent body's number, or an owner's)"
Killdevil Camp and Conference Center,1,16823.0,"St. Barnabas Anglican Church Women, Anglican parish of Flowers Cove",1,4206.0,"same business number, different names (a parent body's number, or an owner's)"
Killdevil Camp and Conference Center,1,16823.0,St. Mary's Anglican Church,1,4206.0,"same business number, different names (a parent body's number, or an owner's)"
PARISH OF MEADOWS,1,5000.0,"St. Barnabas Anglican Church Women, Anglican parish of Flowers Cove",1,4206.0,"same business number, different names (a parent body's number, or an owner's)"
PARISH OF MEADOWS,1,5000.0,St. Mary's Anglican Church,1,4206.0,"same business number, different names (a parent body's number, or an owner's)"
"St. Barnabas ACW, Ang. Parish of Flowers Cove",1,4987.0,"St. Barnabas Anglican Church Women, Anglican parish of Flowers Cove",1,4206.0,"same business number, different names (a parent body's number, or an owner's)"
"St. Barnabas ACW, Ang. Parish of Flowers Cove",1,4987.0,St. Mary's Anglican Church,1,4206.0,"same business number, different names (a parent body's number, or an owner's)"
"St. Barnabas Anglican Church Women, Anglican parish of Flowers Cove",1,4206.0,St. Boniface Anglican Church,2,5885.0,"same business number, different names (a parent body's number, or an owner's)"
"St. Barnabas Anglican Church Women, Anglican parish of Flowers Cove",1,4206.0,St. Mary's Anglican Church,1,4206.0,"same business number, different names (a parent body's number, or an owner's)"
St. Boniface Anglican Church,2,5885.0,St. Mary's Anglican Church,1,4206.0,"same business number, different names (a parent body's number, or an owner's)"
Matthew Legacy Inc,8,66123.0,Matthew Legacy zinc.,1,4206.0,"same business number, different names (a parent body's number, or an owner's)"
Dermot Lee Memorial Br. 62 Royal Canadian Legion,1,4206.0,THE DERMOT LEE MEMORIAL BRANCH ROYAL CANADIAN LEGION BRANCH 62,1,8660.0,"same business number, different names (a parent body's number, or an owner's)"
Dermot Lee Memorial Br. 62 Royal Canadian Legion,1,4206.0,Dermot Lee Memorial RCLEGION Br 62,1,9973.0,"same business number, different names (a parent body's number, or an owner's)"
Dermot Lee Memorial Br. 62 Royal Canadian Legion,1,4206.0,Dermot Lee Memorial Royal Canadian Legion,2,19493.0,"same business number, different names (a parent body's number, or an owner's)"
Dermot Lee Memorial Br. 62 Royal Canadian Legion,1,4206.0,Royal Canadian Legion Br. 62,2,11643.0,"same business number, different names (a parent body's number, or an owner's)"
Dermot Lee Memorial Br. 62 Royal Canadian Legion,1,4206.0,Royal Canadian Legion Branch 62,3,53984.0,"same business number, different names (a parent body's number, or an owner's)"
Breakwater Youth Centre,1,4633.0,Musgrave Harbour Recreation and Youth Committee,1,4206.0,"same business number, different names (a parent body's number, or an owner's)"
Musgrave Harbour Recreation Co,1,5113.0,Musgrave Harbour Recreation and Youth Committee,1,4206.0,"same business number, different names (a parent body's number, or an owner's)"
Musgrave Harbour Recreation and Youth Committee,1,4206.0,Musgrave Hbr Recreation and Youth Committee,1,6110.0,"same business number, different names (a parent body's number, or an owner's)"
Musgrave Harbour Recreation and Youth Committee,1,4206.0,Musgrave Hbr Youth and Recreation Committee,1,5970.0,"same business number, different names (a parent body's number, or an owner's)"
Strait of Belle Isle Association for Community Living,1,4206.0,Straits Association for Community Living,5,19305.0,"same business number, different names (a parent body's number, or an owner's)"
Glovertown Marina Inc.,1,4206.0,Glovertown Marina Yacht Club Inc.,2,17199.0,"same business number, different names (a parent body's number, or an owner's)"
Glovertown Marina Inc.,1,4206.0,Glovertown Yacht Club Inc.,8,574421.0,"same business number, different names (a parent body's number, or an owner's)"
BPHC Ladies Auxilliary Gift Shop,1,5113.0,Burin Health Care Centre Auxilary Gift Shop,1,4206.0,"same business number, different names (a parent body's number, or an owner's)"
Burin Health Care Centre Auxilary Gift Shop,1,4206.0,Burin Peninsula Health Care Auxiliary,2,5668.0,"same business number, different names (a parent body's number, or an owner's)"
Burin Health Care Centre Auxilary Gift Shop,1,4206.0,Burin Peninsula Health Care Centre Auxiliary,1,4987.0,"same business number, different names (a parent body's number, or an owner's)"
Bonavista Horticultural Maintenance Committee,3,12302.0,Bonavista Horticultural Society Inc,1,4206.0,"same business number, different names (a parent body's number, or an owner's)"
GFW Community Garden,2,20199.0,Grand Falls-Windsor Community Garden,1,4206.0,"same business number, different names (a parent body's number, or an owner's)"
Newfoundland and Labrador,14,63704090.53,Newfoundland & Labrador Amateur Wrestling Association,1,4191.0,"same business number, different names (a parent body's number, or an owner's)"
81351 Newfoundland and Labrador Inc.,2,4164.0,81351 NL & LAB INC,2,4475.0,"same business number, different names (a parent body's number, or an owner's)"
Forteau Town Council,2,4151.0,TOWN OF FORTEAU,21,356279.72,"same business number, different names (a parent body's number, or an owner's)"
Spirit of Newfoundland Ltd.,2,4104.0,Spirit of Newfoundland Productions Ltd.,3,130179.0,"same business number, different names (a parent body's number, or an owner's)"
The Governing Council of the Salvation Army,2,6041.0,The Governing Council of The Salvation Army in Canada,1,4055.0,"same business number, different names (a parent body's number, or an owner's)"
The Governing Council of The Salvation Army,4,17812.0,The Governing Council of The Salvation Army in Canada,1,4055.0,"same business number, different names (a parent body's number, or an owner's)"
The Governing Council of the salvation Army,8,34767.0,The Governing Council of The Salvation Army in Canada,1,4055.0,"same business number, different names (a parent body's number, or an owner's)"
The Governing Council of The Salvation Army,5,14697.0,The Governing Council of The Salvation Army in Canada,1,4055.0,"same business number, different names (a parent body's number, or an owner's)"
The Governing Council of The Salvation Army,2,7669.0,The Governing Council of The Salvation Army in Canada,1,4055.0,"same business number, different names (a parent body's number, or an owner's)"
The Governing Council of The Salvation Army,1,4808.0,The Governing Council of The Salvation Army in Canada,1,4055.0,"same business number, different names (a parent body's number, or an owner's)"
The Governing Council of the Salvation Army,2,21518.0,The Governing Council of The Salvation Army in Canada,1,4055.0,"same business number, different names (a parent body's number, or an owner's)"
The Governing Council of The Salvation Army Canada,2,6461.0,The Governing Council of The Salvation Army in Canada,1,4055.0,"same business number, different names (a parent body's number, or an owner's)"
The Governing Council of The Salvation Army in Canada,1,4055.0,The Governing Council of The Salvation Army of Canada,4,16508.0,"same business number, different names (a parent body's number, or an owner's)"
The Governing Council of The Salvation Army in Canada,1,4055.0,The Governing Council - The Salvation Army of Canada,1,5113.0,"same business number, different names (a parent body's number, or an owner's)"
The Governing Council of The Salvation Army in Canada,1,4055.0,The Salvation Army,1,4633.0,"same business number, different names (a parent body's number, or an owner's)"
The Governing Council of The Salvation Army in Canada,1,4055.0,The Salvation Army,5,18852.0,"same business number, different names (a parent body's number, or an owner's)"
The Governing Council of The Salvation Army in Canada,1,4055.0,The Salvation Army,1,4633.0,"same business number, different names (a parent body's number, or an owner's)"
The Governing Council of The Salvation Army in Canada,1,4055.0,The Salvation Army,2,7092.0,"same business number, different names (a parent body's number, or an owner's)"
The Governing Council of The Salvation Army in Canada,1,4055.0,The Salvation Army Carbonear Corps,7,28314.0,"same business number, different names (a parent body's number, or an owner's)"
The Governing Council of The Salvation Army in Canada,1,4055.0,The Salvation Army Faith And Hope Corps,1,4633.0,"same business number, different names (a parent body's number, or an owner's)"
The Governing Council of The Salvation Army in Canada,1,4055.0,Salvation Army Faith And Hope Thrift Store,3,11422.0,"same business number, different names (a parent body's number, or an owner's)"
The Governing Council of The Salvation Army in Canada,1,4055.0,The Salvation Army Governing Council for Canada,1,20000.0,"same business number, different names (a parent body's number, or an owner's)"
The Governing Council of The Salvation Army in Canada,1,4055.0,The Salvation Army Governing Council of Canada,3,9737.0,"same business number, different names (a parent body's number, or an owner's)"
The Governing Council of The Salvation Army in Canada,1,4055.0,Salvation Army Hare Bay - Dover Citadel,1,5113.0,"same business number, different names (a parent body's number, or an owner's)"
The Governing Council of The Salvation Army in Canada,1,4055.0,The Salvation Army Heritage Park Temple Corps,1,4987.0,"same business number, different names (a parent body's number, or an owner's)"
The Governing Council of The Salvation Army in Canada,1,4055.0,The Salvation Army Heritage Park Temple Corps,1,4987.0,"same business number, different names (a parent body's number, or an owner's)"
The Governing Council of The Salvation Army in Canada,1,4055.0,The Salvation Army Thrift Store,1,4274.0,"same business number, different names (a parent body's number, or an owner's)"
The Governing Council of the Salvation Army in Canada,2,137124.0,The Governing Council of The Salvation Army in Canada,1,4055.0,"a spelling slip apart, with no business number, postal code or review to confirm it"
The Governing Council of The Salvation Army in Canada,6,61629.0,The Governing Council of The Salvation Army in Canada,1,4055.0,conflicting identifiers and disjoint postal evidence
The Governing Council of The Salvation Army in Canada,1,4931.0,The Governing Council of The Salvation Army in Canada,1,4055.0,conflicting identifiers and disjoint postal evidence
The Governing Council of the Salvation Army in Canada,1,4808.0,The Governing Council of The Salvation Army in Canada,1,4055.0,conflicting identifiers and disjoint postal evidence
The Governing Council of The Salvation Army in Canada,2,10100.0,The Governing Council of The Salvation Army in Canada,1,4055.0,conflicting identifiers and disjoint postal evidence
The Governing Council of The Salvation Army in Canada,1,4383.0,The Governing Council of The Salvation Army in Canada,1,4055.0,conflicting identifiers and disjoint postal evidence
The Governing Council of The Salvation Army in Canada,1,4055.0,The Governing Council of The Salvation Army in Canada,3,14733.0,conflicting identifiers and disjoint postal evidence
The Governing Council of The Salvation Army in Canada,1,4055.0,The Governing Council of The Salvation Army in Canada,17,207069.0,conflicting identifiers and disjoint postal evidence; identity unresolved unless a named anchor settles it (governing council of salvation army in canada [bn 107951618RR0093] / governing council of salvation army in canada [bn 107951618])
The Governing Council of The Salvation Army in Canada,17,207069.0,The Governing Council of The Salvation Army in Canada,1,4055.0,conflicting identifiers and disjoint postal evidence; identity unresolved unless a named anchor settles it (governing council of salvation army in canada [bn 107951618RR0093] / governing council of salvation army in canada [bn 107951618])
Town of Baie Verte,21,1994584.11,Town of Baie Verte Summer Job Program,1,4018.0,"same business number, different names (a parent body's number, or an owner's)"
The Governing Council of the Salvation Army,2,6041.0,The Governing Council of The Salvation Army in Canada,1,3973.0,"same business number, different names (a parent body's number, or an owner's)"
The Governing Council of The Salvation Army,4,17812.0,The Governing Council of The Salvation Army in Canada,1,3973.0,"same business number, different names (a parent body's number, or an owner's)"
The Governing Council of the salvation Army,8,34767.0,The Governing Council of The Salvation Army in Canada,1,3973.0,"same business number, different names (a parent body's number, or an owner's)"
The Governing Council of The Salvation Army,5,14697.0,The Governing Council of The Salvation Army in Canada,1,3973.0,"same business number, different names (a parent body's number, or an owner's)"
The Governing Council of The Salvation Army,2,7669.0,The Governing Council of The Salvation Army in Canada,1,3973.0,"same business number, different names (a parent body's number, or an owner's)"
The Governing Council of The Salvation Army,1,4808.0,The Governing Council of The Salvation Army in Canada,1,3973.0,"same business number, different names (a parent body's number, or an owner's)"
The Governing Council of the Salvation Army,2,21518.0,The Governing Council of The Salvation Army in Canada,1,3973.0,"same business number, different names (a parent body's number, or an owner's)"
The Governing Council of The Salvation Army Canada,2,6461.0,The Governing Council of The Salvation Army in Canada,1,3973.0,"same business number, different names (a parent body's number, or an owner's)"
The Governing Council of The Salvation Army in Canada,1,3973.0,The Governing Council of The Salvation Army of Canada,4,16508.0,"same business number, different names (a parent body's number, or an owner's)"
The Governing Council of The Salvation Army in Canada,1,3973.0,The Governing Council - The Salvation Army of Canada,1,5113.0,"same business number, different names (a parent body's number, or an owner's)"
The Governing Council of The Salvation Army in Canada,1,3973.0,The Salvation Army,1,4633.0,"same business number, different names (a parent body's number, or an owner's)"
The Governing Council of The Salvation Army in Canada,1,3973.0,The Salvation Army,5,18852.0,"same business number, different names (a parent body's number, or an owner's)"
The Governing Council of The Salvation Army in Canada,1,3973.0,The Salvation Army,1,4633.0,"same business number, different names (a parent body's number, or an owner's)"
The Governing Council of The Salvation Army in Canada,1,3973.0,The Salvation Army,2,7092.0,"same business number, different names (a parent body's number, or an owner's)"
The Governing Council of The Salvation Army in Canada,1,3973.0,The Salvation Army Carbonear Corps,7,28314.0,"same business number, different names (a parent body's number, or an owner's)"
The Governing Council of The Salvation Army in Canada,1,3973.0,The Salvation Army Faith And Hope Corps,1,4633.0,"same business number, different names (a parent body's number, or an owner's)"
The Governing Council of The Salvation Army in Canada,1,3973.0,Salvation Army Faith And Hope Thrift Store,3,11422.0,"same business number, different names (a parent body's number, or an owner's)"
The Governing Council of The Salvation Army in Canada,1,3973.0,The Salvation Army Governing Council for Canada,1,20000.0,"same business number, different names (a parent body's number, or an owner's)"
The Governing Council of The Salvation Army in Canada,1,3973.0,The Salvation Army Governing Council of Canada,3,9737.0,"same business number, different names (a parent body's number, or an owner's)"
The Governing Council of The Salvation Army in Canada,1,3973.0,Salvation Army Hare Bay - Dover Citadel,1,5113.0,"same business number, different names (a parent body's number, or an owner's)"
The Governing Council of The Salvation Army in Canada,1,3973.0,The Salvation Army Heritage Park Temple Corps,1,4987.0,"same business number, different names (a parent body's number, or an owner's)"
The Governing Council of The Salvation Army in Canada,1,3973.0,The Salvation Army Heritage Park Temple Corps,1,4987.0,"same business number, different names (a parent body's number, or an owner's)"
The Governing Council of The Salvation Army in Canada,1,3973.0,The Salvation Army Thrift Store,1,4274.0,"same business number, different names (a parent body's number, or an owner's)"
2. Placentia Area Chamber of Commerce,1,3973.0,Placentia Area Chamber of Commerce,39,597137.0,"same business number, different names (a parent body's number, or an owner's)"
Cabox Aspiring Geopark Inc,1,3973.0,Cabox Geopark Inc.,5,873145.0,"same business number, different names (a parent body's number, or an owner's)"
Abundant Life Pentecostal Tabernacle,4,14930.0,Paonl - Pentecostal Church Pasadena,1,3973.0,"same business number, different names (a parent body's number, or an owner's)"
Calvary Pentecostal Tabernacle,3,10788.0,Paonl - Pentecostal Church Pasadena,1,3973.0,"same business number, different names (a parent body's number, or an owner's)"
Elim Pentecostal Tabernacle,6,43199.0,Paonl - Pentecostal Church Pasadena,1,3973.0,"same business number, different names (a parent body's number, or an owner's)"
Emmanuel Convention Centre-PAONL,1,5972.0,Paonl - Pentecostal Church Pasadena,1,3973.0,"same business number, different names (a parent body's number, or an owner's)"
Emmanuel Pentecostal Church,4,16614.0,Paonl - Pentecostal Church Pasadena,1,3973.0,"same business number, different names (a parent body's number, or an owner's)"
Evangel Pentecostal Church,8,41470.0,Paonl - Pentecostal Church Pasadena,1,3973.0,"same business number, different names (a parent body's number, or an owner's)"
Evangel Pentecostal Tabernacle,3,18714.0,Paonl - Pentecostal Church Pasadena,1,3973.0,"same business number, different names (a parent body's number, or an owner's)"
Paonl - Pentecostal Church Pasadena,1,3973.0,Pentecostal Assemblies of Newf Evangel Pentecostal Tabernacle,1,4808.0,"same business number, different names (a parent body's number, or an owner's)"
Paonl - Pentecostal Church Pasadena,1,3973.0,Pentecostal Assemblies of Newfoundland,2,7261.0,"same business number, different names (a parent body's number, or an owner's)"
Paonl - Pentecostal Church Pasadena,1,3973.0,Pentecostal Assemblies of Newfoundland and Labrador Corporation,9,81421.0,"same business number, different names (a parent body's number, or an owner's)"
Paonl - Pentecostal Church Pasadena,1,3973.0,Pentecostal Assembly,5,22825.0,"same business number, different names (a parent body's number, or an owner's)"
Paonl - Pentecostal Church Pasadena,1,3973.0,Pentecostal Tabernacle,7,28568.0,"same business number, different names (a parent body's number, or an owner's)"
Paonl - Pentecostal Church Pasadena,1,3973.0,St. John's West Worship Centre,4,12628.0,"same business number, different names (a parent body's number, or an owner's)"
Paonl - Pentecostal Church Pasadena,1,3973.0,Zion Pentecostal Church,4,14994.0,"same business number, different names (a parent body's number, or an owner's)"
South Dildo Museum Committee,1,3973.0,South Dildo Whaling & Sealing Museum,7,33635.0,"same business number, different names (a parent body's number, or an owner's)"
The Anglican Parish of All Saints,2,48000.0,St. Mary's Anglican Church - St. Anthony,1,3973.0,"same business number, different names (a parent body's number, or an owner's)"
Anglican Parish of Flowers Cove,8,28944.0,St. Mary's Anglican Church - St. Anthony,1,3973.0,"same business number, different names (a parent body's number, or an owner's)"
Church of Holy Spirit Isle aux Morts,5,20980.0,St. Mary's Anglican Church - St. Anthony,1,3973.0,"same business number, different names (a parent body's number, or an owner's)"
Diocesan Synod of Western Newfoundland,7,36180.0,St. Mary's Anglican Church - St. Anthony,1,3973.0,"same business number, different names (a parent body's number, or an owner's)"
Diocesean Synod of Western Newfoundland,3,32058.0,St. Mary's Anglican Church - St. Anthony,1,3973.0,"same business number, different names (a parent body's number, or an owner's)"
Killdevil Camp and Conference Center,1,16823.0,St. Mary's Anglican Church - St. Anthony,1,3973.0,"same business number, different names (a parent body's number, or an owner's)"
PARISH OF MEADOWS,1,5000.0,St. Mary's Anglican Church - St. Anthony,1,3973.0,"same business number, different names (a parent body's number, or an owner's)"
"St. Barnabas ACW, Ang. Parish of Flowers Cove",1,4987.0,St. Mary's Anglican Church - St. Anthony,1,3973.0,"same business number, different names (a parent body's number, or an owner's)"
"St. Barnabas Anglican Church Women, Anglican parish of Flowers Cove",1,4206.0,St. Mary's Anglican Church - St. Anthony,1,3973.0,"same business number, different names (a parent body's number, or an owner's)"
St. Boniface Anglican Church,2,5885.0,St. Mary's Anglican Church - St. Anthony,1,3973.0,"same business number, different names (a parent body's number, or an owner's)"
St. Mary's Anglican Church,1,4206.0,St. Mary's Anglican Church - St. Anthony,1,3973.0,"same business number, different names (a parent body's number, or an owner's)"
Charles S. Curtis Hospital Auxiliary,2,6105.0,Charles S. Curtis Memorial Hospital Auiliary,1,3973.0,"same business number, different names (a parent body's number, or an owner's)"
Breakwater Youth Centre,1,4633.0,Musgrave Harbour Recreation Committee,1,3973.0,"same business number, different names (a parent body's number, or an owner's)"
Musgrave Harbour Recreation and Youth Committee,1,4206.0,Musgrave Harbour Recreation Committee,1,3973.0,"same business number, different names (a parent body's number, or an owner's)"
Musgrave Harbour Recreation Committee,1,3973.0,Musgrave Hbr Recreation and Youth Committee,1,6110.0,"same business number, different names (a parent body's number, or an owner's)"
Musgrave Harbour Recreation Committee,1,3973.0,Musgrave Hbr Youth and Recreation Committee,1,5970.0,"same business number, different names (a parent body's number, or an owner's)"
St. James Pastoral Charge,1,3973.0,St. James United Church,6,23625.0,"same business number, different names (a parent body's number, or an owner's)"
PLACENTIA STAR OF THE SEA ASSOCIATION INC.,2,28540.0,"Star of the Sea Association of the Sacred Heart Parish, Placentia",1,3973.0,"same business number, different names (a parent body's number, or an owner's)"
Star of the Sea Association,7,30986.0,"Star of the Sea Association of the Sacred Heart Parish, Placentia",1,3973.0,"same business number, different names (a parent body's number, or an owner's)"
Boot Shrine Club,2,6820.0,Mazol Shriners. (Boot Shrine Club),1,3973.0,"same business number, different names (a parent body's number, or an owner's)"
HARBOUR AUTHORITY OF LITTLE BAY,2,20880.0,Harbour Authority of Little Bay/Marystown,1,3973.0,"same business number, different names (a parent body's number, or an owner's)"
Basilica Museum & Archives Inc.,2,12975.0,Roman Catholic Episcopal Corporation of St. John's - Our Lady of Angels Parish,1,3973.0,"same business number, different names (a parent body's number, or an owner's)"
Basilica Museum & Archives Inc.,2,12975.0,Roman Catholic Esp Corp- St. Francis of Assisi Par,1,3973.0,"same business number, different names (a parent body's number, or an owner's)"
RC Episcopal Corporation of St. John's,3,11875.0,Roman Catholic Episcopal Corporation of St. John's - Our Lady of Angels Parish,1,3973.0,"same business number, different names (a parent body's number, or an owner's)"
RC Episcopal Corporation of St. John's,3,11875.0,Roman Catholic Esp Corp- St. Francis of Assisi Par,1,3973.0,"same business number, different names (a parent body's number, or an owner's)"
Roman Catholic Episcopal Corporation,4,19538.0,Roman Catholic Episcopal Corporation of St. John's - Our Lady of Angels Parish,1,3973.0,"same business number, different names (a parent body's number, or an owner's)"
Roman Catholic Episcopal Corporation,4,19538.0,Roman Catholic Esp Corp- St. Francis of Assisi Par,1,3973.0,"same business number, different names (a parent body's number, or an owner's)"
Roman Catholic Episcopal Corporation of St. John's,3,14130.0,Roman Catholic Episcopal Corporation of St. John's - Our Lady of Angels Parish,1,3973.0,"same business number, different names (a parent body's number, or an owner's)"
Roman Catholic Episcopal Corporation of St. John's,3,14130.0,Roman Catholic Esp Corp- St. Francis of Assisi Par,1,3973.0,"same business number, different names (a parent body's number, or an owner's)"
Roman Catholic Episcopal Corporation of St. John's - Our Lady of Angels Parish,1,3973.0,"Roman Catholic Episcopal Corp. of St. John's, St. Thomas Aquinas Parish",2,6354.0,"same business number, different names (a parent body's number, or an owner's)"
Roman Catholic Episcopal Corporation of St. John's - Our Lady of Angels Parish,1,3973.0,Roman Catholic Episcopal Corporation St. Peter's,2,35000.0,"same business number, different names (a parent body's number, or an owner's)"
Roman Catholic Episcopal Corporation of St. John's - Our Lady of Angels Parish,1,3973.0,Roman Catholic Esp Corp- St. Francis of Assisi Par,1,3973.0,"same business number, different names (a parent body's number, or an owner's)"
Roman Catholic Episcopal Corporation of St. John's - Our Lady of Angels Parish,1,3973.0,Sacred Heart Parish Family Aid,2,7669.0,"same business number, different names (a parent body's number, or an owner's)"
Roman Catholic Episcopal Corporation of St. John's - Our Lady of Angels Parish,1,3973.0,St. Michael's Roman Catholic Parish,4,26065.0,"same business number, different names (a parent body's number, or an owner's)"
Roman Catholic Episcopal Corporation of St. John's - Our Lady of Angels Parish,1,3973.0,St. Patrick's Parish,3,10957.0,"same business number, different names (a parent body's number, or an owner's)"
Roman Catholic Episcopal Corporation of St. John's - Our Lady of Angels Parish,1,3973.0,St. Peter's Parish (Roman Catholic Episcopal Corporation),2,7301.0,"same business number, different names (a parent body's number, or an owner's)"
"Roman Catholic Episcopal Corp. of St. John's, St. Thomas Aquinas Parish",2,6354.0,Roman Catholic Esp Corp- St. Francis of Assisi Par,1,3973.0,"same business number, different names (a parent body's number, or an owner's)"
Roman Catholic Episcopal Corporation St. Peter's,2,35000.0,Roman Catholic Esp Corp- St. Francis of Assisi Par,1,3973.0,"same business number, different names (a parent body's number, or an owner's)"
Roman Catholic Esp Corp- St. Francis of Assisi Par,1,3973.0,Sacred Heart Parish Family Aid,2,7669.0,"same business number, different names (a parent body's number, or an owner's)"
Roman Catholic Esp Corp- St. Francis of Assisi Par,1,3973.0,St. Michael's Roman Catholic Parish,4,26065.0,"same business number, different names (a parent body's number, or an owner's)"
Roman Catholic Esp Corp- St. Francis of Assisi Par,1,3973.0,St. Patrick's Parish,3,10957.0,"same business number, different names (a parent body's number, or an owner's)"
Roman Catholic Esp Corp- St. Francis of Assisi Par,1,3973.0,St. Peter's Parish (Roman Catholic Episcopal Corporation),2,7301.0,"same business number, different names (a parent body's number, or an owner's)"
Conception Bay Family Resource Inc,1,3973.0,Conception Bay Family Resource Program,6,25754.0,"same business number, different names (a parent body's number, or an owner's)"
Harbour Authority of Petty Harbour,19,815298.88,Hr. Authority of Petty Hr.,1,3973.0,"same business number, different names (a parent body's number, or an owner's)"
Gander Elks Lodge #310,1,3973.0,Gander Elks Lodge No 310,2,10100.0,"same business number, different names (a parent body's number, or an owner's)"
The Governing Council of the Salvation Army in Canada,2,137124.0,The Governing Council of The Salvation Army in Canada,1,3973.0,"a spelling slip apart, with no business number, postal code or review to confirm it"
The Governing Council of The Salvation Army in Canada,6,61629.0,The Governing Council of The Salvation Army in Canada,1,3973.0,conflicting identifiers and disjoint postal evidence
The Governing Council of The Salvation Army in Canada,1,4931.0,The Governing Council of The Salvation Army in Canada,1,3973.0,conflicting identifiers and disjoint postal evidence
The Governing Council of the Salvation Army in Canada,1,4808.0,The Governing Council of The Salvation Army in Canada,1,3973.0,conflicting identifiers and disjoint postal evidence
The Governing Council of The Salvation Army in Canada,2,10100.0,The Governing Council of The Salvation Army in Canada,1,3973.0,conflicting identifiers and disjoint postal evidence
The Governing Council of The Salvation Army in Canada,1,4383.0,The Governing Council of The Salvation Army in Canada,1,3973.0,conflicting identifiers and disjoint postal evidence
The Governing Council of The Salvation Army in Canada,1,4055.0,The Governing Council of The Salvation Army in Canada,1,3973.0,conflicting identifiers and disjoint postal evidence
The Governing Council of The Salvation Army in Canada,1,3973.0,The Governing Council of The Salvation Army in Canada,3,14733.0,conflicting identifiers and disjoint postal evidence
The Governing Council of The Salvation Army in Canada,1,3973.0,The Governing Council of The Salvation Army in Canada,17,207069.0,conflicting identifiers and disjoint postal evidence; identity unresolved unless a named anchor settles it (governing council of salvation army in canada [bn 107951618RR0127] / governing council of salvation army in canada [bn 107951618])
The Governing Council of The Salvation Army in Canada,17,207069.0,The Governing Council of The Salvation Army in Canada,1,3973.0,conflicting identifiers and disjoint postal evidence; identity unresolved unless a named anchor settles it (governing council of salvation army in canada [bn 107951618RR0127] / governing council of salvation army in canada [bn 107951618])
All Saints Parish,1,3971.0,Anglican Cathedral of St John the Baptist,2,12081.0,"same business number, different names (a parent body's number, or an owner's)"
All Saints Parish,1,3971.0,Anglican Parish of St.Philips,3,14306.0,"same business number, different names (a parent body's number, or an owner's)"
All Saints Parish,1,3971.0,The Anglican Parish of St Phillip's,1,4633.0,"same business number, different names (a parent body's number, or an owner's)"
All Saints Parish,1,3971.0,Cathedral Parish of St. John the Baptist,4,381909.0,"same business number, different names (a parent body's number, or an owner's)"
All Saints Parish,1,3971.0,Diocesan Synod of Eastern Newfoundland and Labrador,6,34168.0,"same business number, different names (a parent body's number, or an owner's)"
All Saints Parish,1,3971.0,Parish of St. Thomas',7,28016.0,"same business number, different names (a parent body's number, or an owner's)"
All Saints Parish,1,3971.0,The Parish of Upper Island Cove,6,30582.0,"same business number, different names (a parent body's number, or an owner's)"
All Saints Parish,1,3971.0,St. Mary's Church,2,5504.0,"same business number, different names (a parent body's number, or an owner's)"
Exploits Valley YMCA,5,171198.0,Young Christian Men's Association,1,3971.0,"same business number, different names (a parent body's number, or an owner's)"
YMCA of Exploits Valley,13,218813.0,Young Christian Men's Association,1,3971.0,"same business number, different names (a parent body's number, or an owner's)"
Breakwater Youth Centre,1,4633.0,Musgrave Harbour Recreation and Youth,1,3855.0,"same business number, different names (a parent body's number, or an owner's)"
Musgrave Harbour Recreation Co,1,5113.0,Musgrave Harbour Recreation and Youth,1,3855.0,"same business number, different names (a parent body's number, or an owner's)"
Musgrave Harbour Recreation and Youth,1,3855.0,Musgrave Harbour Recreation Committee,1,3973.0,"same business number, different names (a parent body's number, or an owner's)"
Musgrave Harbour Recreation and Youth,1,3855.0,Musgrave Hbr Recreation and Youth Committee,1,6110.0,"same business number, different names (a parent body's number, or an owner's)"
Musgrave Harbour Recreation and Youth,1,3855.0,Musgrave Hbr Youth and Recreation Committee,1,5970.0,"same business number, different names (a parent body's number, or an owner's)"
Port Rexton & Area Around Home,1,3835.0,Port Rexton & Area Around Home Heritage Society Inc,1,4055.0,"same business number, different names (a parent body's number, or an owner's)"
Bay Roberts Pastoral Charge,1,5113.0,Coley's Point Grace United Community of Faith,1,3832.0,"same business number, different names (a parent body's number, or an owner's)"
Coley's Point Grace United Community of Faith,1,3832.0,Coley's Point-Grace United Pastoral Charge,4,15004.0,"same business number, different names (a parent body's number, or an owner's)"
Basilica Museum & Archives Inc.,2,12975.0,Roman Catholic Esp Corp- St. Paul's Parish,1,3832.0,"same business number, different names (a parent body's number, or an owner's)"
RC Episcopal Corporation of St. John's,3,11875.0,Roman Catholic Esp Corp- St. Paul's Parish,1,3832.0,"same business number, different names (a parent body's number, or an owner's)"
Roman Catholic Episcopal Corporation,4,19538.0,Roman Catholic Esp Corp- St. Paul's Parish,1,3832.0,"same business number, different names (a parent body's number, or an owner's)"
Roman Catholic Episcopal Corporation of St. John's,3,14130.0,Roman Catholic Esp Corp- St. Paul's Parish,1,3832.0,"same business number, different names (a parent body's number, or an owner's)"
Roman Catholic Episcopal Corporation of St. John's - Our Lady of Angels Parish,1,3973.0,Roman Catholic Esp Corp- St. Paul's Parish,1,3832.0,"same business number, different names (a parent body's number, or an owner's)"
"Roman Catholic Episcopal Corp. of St. John's, St. Thomas Aquinas Parish",2,6354.0,Roman Catholic Esp Corp- St. Paul's Parish,1,3832.0,"same business number, different names (a parent body's number, or an owner's)"
Roman Catholic Episcopal Corporation St. Peter's,2,35000.0,Roman Catholic Esp Corp- St. Paul's Parish,1,3832.0,"same business number, different names (a parent body's number, or an owner's)"
Roman Catholic Esp Corp- St. Francis of Assisi Par,1,3973.0,Roman Catholic Esp Corp- St. Paul's Parish,1,3832.0,"same business number, different names (a parent body's number, or an owner's)"
Roman Catholic Esp Corp- St. Paul's Parish,1,3832.0,Sacred Heart Parish Family Aid,2,7669.0,"same business number, different names (a parent body's number, or an owner's)"
Roman Catholic Esp Corp- St. Paul's Parish,1,3832.0,St. Michael's Roman Catholic Parish,4,26065.0,"same business number, different names (a parent body's number, or an owner's)"
Roman Catholic Esp Corp- St. Paul's Parish,1,3832.0,St. Patrick's Parish,3,10957.0,"same business number, different names (a parent body's number, or an owner's)"
Roman Catholic Esp Corp- St. Paul's Parish,1,3832.0,St. Peter's Parish (Roman Catholic Episcopal Corporation),2,7301.0,"same business number, different names (a parent body's number, or an owner's)"
Canadian Legion Club,1,3832.0,Royal Canadian Legion Branch 11,3,32500.0,"same business number, different names (a parent body's number, or an owner's)"
"Autism Society, Newfoundland and Labrador",5,22311.0,The Autism Society of Newfoundland Western Region,1,3819.0,"same business number, different names (a parent body's number, or an owner's)"
"Autism Society, Newfoundland Labrador",2,19071.0,The Autism Society of Newfoundland Western Region,1,3819.0,"same business number, different names (a parent body's number, or an owner's)"
Autism Society of Newfoundland and Labrador Inc.,28,1546751.0,The Autism Society of Newfoundland Western Region,1,3819.0,"same business number, different names (a parent body's number, or an owner's)"
The Hangout VR Games Cafe Inc,1,3802.0,The Hangout VR Games Cafe Inc,1,4503.0,"a spelling slip apart, with no business number, postal code or review to confirm it"
The Hangout VR Games Cafe Inc,1,4503.0,The Hangout VR Games Cafe Inc,1,3802.0,conflicting identifiers and disjoint postal evidence
Cecil Brown and Barbara Brown,2,170000.0,Cecil W. Brown,2,3744.0,"same business number, different names (a parent body's number, or an owner's)"
Community Council of Bird Cove,2,8562.0,Town of Bird Cove (Museum),1,3744.0,"same business number, different names (a parent body's number, or an owner's)"
Torbay Museum Inc.,1,3696.0,Town of Torbay,32,29226325.09,"same business number, different names (a parent body's number, or an owner's)"
The Anglican Parish of All Saints,2,48000.0,"St. Barnabas ACW, Anglican Parish of Flowers Cove",1,3696.0,"same business number, different names (a parent body's number, or an owner's)"
Anglican Parish of Flowers Cove,8,28944.0,"St. Barnabas ACW, Anglican Parish of Flowers Cove",1,3696.0,"same business number, different names (a parent body's number, or an owner's)"
Church of Holy Spirit Isle aux Morts,5,20980.0,"St. Barnabas ACW, Anglican Parish of Flowers Cove",1,3696.0,"same business number, different names (a parent body's number, or an owner's)"
Diocesan Synod of Western Newfoundland,7,36180.0,"St. Barnabas ACW, Anglican Parish of Flowers Cove",1,3696.0,"same business number, different names (a parent body's number, or an owner's)"
Diocesean Synod of Western Newfoundland,3,32058.0,"St. Barnabas ACW, Anglican Parish of Flowers Cove",1,3696.0,"same business number, different names (a parent body's number, or an owner's)"
Killdevil Camp and Conference Center,1,16823.0,"St. Barnabas ACW, Anglican Parish of Flowers Cove",1,3696.0,"same business number, different names (a parent body's number, or an owner's)"
PARISH OF MEADOWS,1,5000.0,"St. Barnabas ACW, Anglican Parish of Flowers Cove",1,3696.0,"same business number, different names (a parent body's number, or an owner's)"
"St. Barnabas ACW, Ang. Parish of Flowers Cove",1,4987.0,"St. Barnabas ACW, Anglican Parish of Flowers Cove",1,3696.0,"same business number, different names (a parent body's number, or an owner's)"
"St. Barnabas ACW, Anglican Parish of Flowers Cove",1,3696.0,"St. Barnabas Anglican Church Women, Anglican parish of Flowers Cove",1,4206.0,"same business number, different names (a parent body's number, or an owner's)"
"St. Barnabas ACW, Anglican Parish of Flowers Cove",1,3696.0,St. Boniface Anglican Church,2,5885.0,"same business number, different names (a parent body's number, or an owner's)"
"St. Barnabas ACW, Anglican Parish of Flowers Cove",1,3696.0,St. Mary's Anglican Church,1,4206.0,"same business number, different names (a parent body's number, or an owner's)"
"St. Barnabas ACW, Anglican Parish of Flowers Cove",1,3696.0,St. Mary's Anglican Church - St. Anthony,1,3973.0,"same business number, different names (a parent body's number, or an owner's)"
All Saints Parish,1,3971.0,Parish of Heart's Content,1,3696.0,"same business number, different names (a parent body's number, or an owner's)"
Anglican Cathedral of St John the Baptist,2,12081.0,Parish of Heart's Content,1,3696.0,"same business number, different names (a parent body's number, or an owner's)"
Anglican Parish of St.Philips,3,14306.0,Parish of Heart's Content,1,3696.0,"same business number, different names (a parent body's number, or an owner's)"
The Anglican Parish of St Phillip's,1,4633.0,Parish of Heart's Content,1,3696.0,"same business number, different names (a parent body's number, or an owner's)"
Cathedral Parish of St. John the Baptist,4,381909.0,Parish of Heart's Content,1,3696.0,"same business number, different names (a parent body's number, or an owner's)"
Diocesan Synod of Eastern Newfoundland and Labrador,6,34168.0,Parish of Heart's Content,1,3696.0,"same business number, different names (a parent body's number, or an owner's)"
Parish of All Saints,3,34370.0,Parish of Heart's Content,1,3696.0,"same business number, different names (a parent body's number, or an owner's)"
Parish of Heart's Content,1,3696.0,Parish of St. Thomas',7,28016.0,"same business number, different names (a parent body's number, or an owner's)"
Parish of Heart's Content,1,3696.0,The Parish of Upper Island Cove,6,30582.0,"same business number, different names (a parent body's number, or an owner's)"
Parish of Heart's Content,1,3696.0,St. Mary's Church,2,5504.0,"same business number, different names (a parent body's number, or an owner's)"
Eastport Peninsula Recreation and Wellness Committee,2,5885.0,Eastport Peninsula Recreation Committee,1,3696.0,"same business number, different names (a parent body's number, or an owner's)"
Eastport Peninsula Recreation Committee,1,3696.0,EP Recreation & Wellness Committee,4,35909.0,"same business number, different names (a parent body's number, or an owner's)"
Salmon Cove Future Association,1,3696.0,Salmon Cove Future Development,5,21994.0,"same business number, different names (a parent body's number, or an owner's)"
Salmon Cove Future Association,1,3696.0,Salmon Cove Future Development Association Inc.,5,281573.0,"same business number, different names (a parent body's number, or an owner's)"
Canadian National Institute for the Blind,11,123195.0,The Canadian National Institute for the Blind (CNIB),1,3696.0,"same business number, different names (a parent body's number, or an owner's)"
Diversified Supply & Rentals Inc.,7,42703.35,Diversified Supply & Supply Rentatls Inc,1,3696.0,"same business number, different names (a parent body's number, or an owner's)"
Bartlett's Harbor Castor River North & South Fire department,1,3696.0,Bartlett's Harbour Castor River North & South Fire Dept,1,6954.0,"same business number, different names (a parent body's number, or an owner's)"
Bartlett's Harbor Castor River North & South Fire department,1,3696.0,"Bartletts Harbour, Castor River North and South Fire Hall",1,9973.0,"same business number, different names (a parent body's number, or an owner's)"
Advocate Youth Services,1,6110.0,Advocate Youth Services Cooperative CYN,1,3696.0,"same business number, different names (a parent body's number, or an owner's)"
Advocate Youth Services Cooperative,2,10177.0,Advocate Youth Services Cooperative CYN,1,3696.0,"same business number, different names (a parent body's number, or an owner's)"
Dorset Eskimo Activity Committee Inc.,3,20494.0,Dorset Eskimo Committee Inc.,1,3696.0,"same business number, different names (a parent body's number, or an owner's)"
Community Volunteer Builders Committee,1,3696.0,Open Hall Community Volunteer Builders Committee,2,6041.0,"same business number, different names (a parent body's number, or an owner's)"
Habitat,1,3696.0,Habitat for Humanity Newfoundland and Labrador inc.,6,33151.0,"same business number, different names (a parent body's number, or an owner's)"
"Maria Regina Parish, Port au Port East",1,5113.0,Our Lady of Lourdes Parish/Grotto Committee,1,3696.0,"same business number, different names (a parent body's number, or an owner's)"
Our Lady of Grace BC Parish Committee,5,35724.0,Our Lady of Lourdes Parish/Grotto Committee,1,3696.0,"same business number, different names (a parent body's number, or an owner's)"
Our Lady of Grace Parish,8,46448.0,Our Lady of Lourdes Parish/Grotto Committee,1,3696.0,"same business number, different names (a parent body's number, or an owner's)"
Our Lady of Grace Parish Committee,2,9387.0,Our Lady of Lourdes Parish/Grotto Committee,1,3696.0,"same business number, different names (a parent body's number, or an owner's)"
Our Lady of Lourdes Parish/Grotto Committee,1,3696.0,Parish of the Most Holy Redeemer and Immaculate Conception,3,11875.0,"same business number, different names (a parent body's number, or an owner's)"
Our Lady of Lourdes Parish/Grotto Committee,1,3696.0,Roman Catholic Episcopal Corp. of St. Georges,5,47738.0,"same business number, different names (a parent body's number, or an owner's)"
Our Lady of Lourdes Parish/Grotto Committee,1,3696.0,Roman Catholic Episcopal Corp. of St. Georges (Our Lady of Lourdes Parish),3,36094.0,"same business number, different names (a parent body's number, or an owner's)"
Our Lady of Lourdes Parish/Grotto Committee,1,3696.0,Roman Catholic Episcopal Corp. ( Our Lady of Lourdes Grotto Committee),1,7947.0,"same business number, different names (a parent body's number, or an owner's)"
Our Lady of Lourdes Parish/Grotto Committee,1,3696.0,St. Stephen's Parish,3,6751.0,"same business number, different names (a parent body's number, or an owner's)"
Basilica Museum & Archives Inc.,2,12975.0,Roman Catholic Episcopal Corp - Corpus Christi Parish,1,3696.0,"same business number, different names (a parent body's number, or an owner's)"
RC Episcopal Corporation of St. John's,3,11875.0,Roman Catholic Episcopal Corp - Corpus Christi Parish,1,3696.0,"same business number, different names (a parent body's number, or an owner's)"
Roman Catholic Episcopal Corporation,4,19538.0,Roman Catholic Episcopal Corp - Corpus Christi Parish,1,3696.0,"same business number, different names (a parent body's number, or an owner's)"
Roman Catholic Episcopal Corp - Corpus Christi Parish,1,3696.0,Roman Catholic Episcopal Corporation of St. John's,3,14130.0,"same business number, different names (a parent body's number, or an owner's)"
Roman Catholic Episcopal Corp - Corpus Christi Parish,1,3696.0,Roman Catholic Episcopal Corporation of St. John's - Our Lady of Angels Parish,1,3973.0,"same business number, different names (a parent body's number, or an owner's)"
Roman Catholic Episcopal Corp - Corpus Christi Parish,1,3696.0,"Roman Catholic Episcopal Corp. of St. John's, St. Thomas Aquinas Parish",2,6354.0,"same business number, different names (a parent body's number, or an owner's)"
Roman Catholic Episcopal Corp - Corpus Christi Parish,1,3696.0,Roman Catholic Episcopal Corporation St. Peter's,2,35000.0,"same business number, different names (a parent body's number, or an owner's)"
Roman Catholic Episcopal Corp - Corpus Christi Parish,1,3696.0,Roman Catholic Esp Corp- St. Francis of Assisi Par,1,3973.0,"same business number, different names (a parent body's number, or an owner's)"
Roman Catholic Episcopal Corp - Corpus Christi Parish,1,3696.0,Roman Catholic Esp Corp- St. Paul's Parish,1,3832.0,"same business number, different names (a parent body's number, or an owner's)"
Roman Catholic Episcopal Corp - Corpus Christi Parish,1,3696.0,Sacred Heart Parish Family Aid,2,7669.0,"same business number, different names (a parent body's number, or an owner's)"
Roman Catholic Episcopal Corp - Corpus Christi Parish,1,3696.0,St. Michael's Roman Catholic Parish,4,26065.0,"same business number, different names (a parent body's number, or an owner's)"
Roman Catholic Episcopal Corp - Corpus Christi Parish,1,3696.0,St. Patrick's Parish,3,10957.0,"same business number, different names (a parent body's number, or an owner's)"
Roman Catholic Episcopal Corp - Corpus Christi Parish,1,3696.0,St. Peter's Parish (Roman Catholic Episcopal Corporation),2,7301.0,"same business number, different names (a parent body's number, or an owner's)"
The Crossing Church Inc.,4,18939.0,West End Baptist Church St. John's,1,3696.0,"same business number, different names (a parent body's number, or an owner's)"
The Anglican Parrish of Harbour Grace,1,3696.0,The Parish of Harbour Grace,1,7947.0,"same business number, different names (a parent body's number, or an owner's)"
The Anglican Parrish of Harbour Grace,1,3696.0,St. Paul's Anglican Church,4,18939.0,"same business number, different names (a parent body's number, or an owner's)"
Newfoundland and Labrador Building and Construction Trades Council,1,3696.0,Trades NL Building Trades of Newfoundland and Labrador,1,5113.0,"same business number, different names (a parent body's number, or an owner's)"
Western Memorial Hospital Auxiliary,4,17799.0,Western Memorial Regional Hospital/Corner Brook Long Term Care Gift Shops,1,3696.0,"same business number, different names (a parent body's number, or an owner's)"
Grand Fall-Windsor Community Garden,1,9266.0,Grand Falls-Windsor Community Garden Inc.,1,3696.0,"a spelling slip apart, with no business number, postal code or review to confirm it"
Grand Falls-Windsor Community Garden Inc.,1,3696.0,Grand Falls-Windsor Community Garden,1,4206.0,conflicting identifiers and disjoint postal evidence
Knights of Colombus,1,3680.0,Knights of Columbus St. Ignatius Council #13763,2,7092.0,"same business number, different names (a parent body's number, or an owner's)"
Patti Myroon,4,8302.0,Sandy Cove Pony RIdes,2,3632.0,"same business number, different names (a parent body's number, or an owner's)"
Exploits Valley Society for the Prevention of Cruelty to Animals,1,3605.0,Exploits Valley SPCA,5,18486.0,"same business number, different names (a parent body's number, or an owner's)"
Immaculate Conception Parish,5,19767.0,Roman Catholic Epiciscopal Corporation of Grand Falls,1,3605.0,"same business number, different names (a parent body's number, or an owner's)"
R.C. Episcopal Corporation of Grand Falls,7,37674.0,Roman Catholic Epiciscopal Corporation of Grand Falls,1,3605.0,"same business number, different names (a parent body's number, or an owner's)"
Roman Catholic Epiciscopal Corporation of Grand Falls,1,3605.0,Roman Catholic Episcopal C Immaculate Conception Parish,3,33319.0,"same business number, different names (a parent body's number, or an owner's)"
Roman Catholic Epiciscopal Corporation of Grand Falls,1,3605.0,Roman Catholic Parish of Brigus,6,28919.0,"same business number, different names (a parent body's number, or an owner's)"
Coley's Point Grace United Community of Faith,1,3605.0,Coley's Point-Grace United Pastoral Charge,4,15004.0,"same business number, different names (a parent body's number, or an owner's)"
Coley's Point Grace United Community of Faith,1,3832.0,Coley's Point Grace United Community of Faith,1,3605.0,conflicting identifiers and disjoint postal evidence
Anglican Church Women,3,15777.0,DIOCESAN SYNOD OF CENTRAL NL,2,3583.0,"same business number, different names (a parent body's number, or an owner's)"
Anglican Diocese of Canada,1,5113.0,DIOCESAN SYNOD OF CENTRAL NL,2,3583.0,"same business number, different names (a parent body's number, or an owner's)"
The Anglican Parish of Burin,2,7325.0,DIOCESAN SYNOD OF CENTRAL NL,2,3583.0,"same business number, different names (a parent body's number, or an owner's)"
Anglican Parish of Gambo,3,10196.0,DIOCESAN SYNOD OF CENTRAL NL,2,3583.0,"same business number, different names (a parent body's number, or an owner's)"
The Anglican Parish of Grand Bank,1,4633.0,DIOCESAN SYNOD OF CENTRAL NL,2,3583.0,"same business number, different names (a parent body's number, or an owner's)"
Anglican Parish of Indian Bay,3,12812.0,DIOCESAN SYNOD OF CENTRAL NL,2,3583.0,"same business number, different names (a parent body's number, or an owner's)"
Anglican Parish of Lewisporte,1,4987.0,DIOCESAN SYNOD OF CENTRAL NL,2,3583.0,"same business number, different names (a parent body's number, or an owner's)"
DIOCESAN SYNOD OF CENTRAL NL,2,3583.0,Parish of Lewisporte,1,5113.0,"same business number, different names (a parent body's number, or an owner's)"
DIOCESAN SYNOD OF CENTRAL NL,2,3583.0,St. Peter's Anglican Church,7,28078.0,"same business number, different names (a parent body's number, or an owner's)"
St. Vincent's-St. Stephen's-Peter's River Recreation Commission Inc.,3,19846.0,St.Vincent's-St.Stephen's- Peters River Recreation Committee Inc.,1,3564.0,"same business number, different names (a parent body's number, or an owner's)"
Pets People Practice Partners Inc,2,3504.0,West Coast Veterinary Services,3,6778.0,"same business number, different names (a parent body's number, or an owner's)"
Planned Parenthood Newfoundland and Labrador Sexual Health Centre,7,150348.0,Planned Parenthood Newfoundland and Labrador Sexual Health Clinic,1,3483.0,"same business number, different names (a parent body's number, or an owner's)"
St. Brendan's Fire Department,1,3477.0,St. Brendan`s Fire Dept.,2,5288.0,"same business number, different names (a parent body's number, or an owner's)"
Cape Broyle Recreation Commission,5,15030.0,Town of Cape Broyle Recreation Committee,1,3475.0,"same business number, different names (a parent body's number, or an owner's)"
Immaculate Conception Parish,5,19767.0,RC Episcopal Corporation of Grand Falls,1,3475.0,"same business number, different names (a parent body's number, or an owner's)"
RC Episcopal Corporation of Grand Falls,1,3475.0,Roman Catholic Epiciscopal Corporation of Grand Falls,1,3605.0,"same business number, different names (a parent body's number, or an owner's)"
RC Episcopal Corporation of Grand Falls,1,3475.0,The Roman Catholic Episcopal Corp.,5,16449.0,"same business number, different names (a parent body's number, or an owner's)"
RC Episcopal Corporation of Grand Falls,1,3475.0,Roman Catholic Episcopal C Immaculate Conception Parish,3,33319.0,"same business number, different names (a parent body's number, or an owner's)"
RC Episcopal Corporation of Grand Falls,1,3475.0,Roman Catholic Episcopal Corporation of Grand Falls,9,83030.0,"same business number, different names (a parent body's number, or an owner's)"
RC Episcopal Corporation of Grand Falls,1,3475.0,Roman Catholic Parish of Brigus,6,28919.0,"same business number, different names (a parent body's number, or an owner's)"
Supported Employment Deer Lake & Extended Regions,4,21712.0,Supported Employment Deer Lake & Extended Regions - Green Depot,1,3406.0,"same business number, different names (a parent body's number, or an owner's)"
Supported Employment Deer Lake & Extended Regions - Green Depot,1,3406.0,Supported Employment for Deer Lake & Extended Region Inc,2,10100.0,"same business number, different names (a parent body's number, or an owner's)"
Exploits Valley Society for the Prevention of Cruelty to Annimals,1,3406.0,Exploits Valley SPCA,5,18486.0,"same business number, different names (a parent body's number, or an owner's)"
Town of Cow Head,10,131692.0,Town of Crow Head,2,3398.0,"a spelling slip apart, with no business number, postal code or review to confirm it"
Forteau Community Council,2,3394.0,Forteau Town Council,2,4151.0,"same business number, different names (a parent body's number, or an owner's)"
Forteau Community Council,2,3394.0,TOWN OF FORTEAU,21,356279.72,"same business number, different names (a parent body's number, or an owner's)"
Community of Anchor Point,2,3318.0,TOWN OF ANCHOR POINT,13,16749.0,"same business number, different names (a parent body's number, or an owner's)"
The Country Outport,1,3262.0,"Paul W Dove, O/Op The Country Outport",7,13512.0,"same business number, different names (a parent body's number, or an owner's)"
Witless Bay Hardware Limited,3,4221.0,Witless Bay Home Building Centre,1,3262.0,"same business number, different names (a parent body's number, or an owner's)"
Lanes Retirement Living Northern,1,3262.0,Lanes Retirement Living Port Saunders Inc,2,4475.0,"same business number, different names (a parent body's number, or an owner's)"
G&H Home Specialties Inc.,4,9105.0,Peninsula Castle (O/A G&H Home Specialties),1,3262.0,"same business number, different names (a parent body's number, or an owner's)"
The Governing Council of the Salvation Army,2,6041.0,The Governing Council of The Salvation Army in Canada,1,3236.0,"same business number, different names (a parent body's number, or an owner's)"
The Governing Council of The Salvation Army,4,17812.0,The Governing Council of The Salvation Army in Canada,1,3236.0,"same business number, different names (a parent body's number, or an owner's)"
The Governing Council of the salvation Army,8,34767.0,The Governing Council of The Salvation Army in Canada,1,3236.0,"same business number, different names (a parent body's number, or an owner's)"
The Governing Council of The Salvation Army,5,14697.0,The Governing Council of The Salvation Army in Canada,1,3236.0,"same business number, different names (a parent body's number, or an owner's)"
The Governing Council of The Salvation Army,2,7669.0,The Governing Council of The Salvation Army in Canada,1,3236.0,"same business number, different names (a parent body's number, or an owner's)"
The Governing Council of The Salvation Army,1,4808.0,The Governing Council of The Salvation Army in Canada,1,3236.0,"same business number, different names (a parent body's number, or an owner's)"
The Governing Council of the Salvation Army,2,21518.0,The Governing Council of The Salvation Army in Canada,1,3236.0,"same business number, different names (a parent body's number, or an owner's)"
The Governing Council of The Salvation Army Canada,2,6461.0,The Governing Council of The Salvation Army in Canada,1,3236.0,"same business number, different names (a parent body's number, or an owner's)"
The Governing Council of The Salvation Army in Canada,1,3236.0,The Governing Council of The Salvation Army of Canada,4,16508.0,"same business number, different names (a parent body's number, or an owner's)"
The Governing Council of The Salvation Army in Canada,1,3236.0,The Governing Council - The Salvation Army of Canada,1,5113.0,"same business number, different names (a parent body's number, or an owner's)"
The Governing Council of The Salvation Army in Canada,1,3236.0,The Salvation Army,1,4633.0,"same business number, different names (a parent body's number, or an owner's)"
The Governing Council of The Salvation Army in Canada,1,3236.0,The Salvation Army,5,18852.0,"same business number, different names (a parent body's number, or an owner's)"
The Governing Council of The Salvation Army in Canada,1,3236.0,The Salvation Army,1,4633.0,"same business number, different names (a parent body's number, or an owner's)"
The Governing Council of The Salvation Army in Canada,1,3236.0,The Salvation Army,2,7092.0,"same business number, different names (a parent body's number, or an owner's)"
The Governing Council of The Salvation Army in Canada,1,3236.0,The Salvation Army Carbonear Corps,7,28314.0,"same business number, different names (a parent body's number, or an owner's)"
The Governing Council of The Salvation Army in Canada,1,3236.0,The Salvation Army Faith And Hope Corps,1,4633.0,"same business number, different names (a parent body's number, or an owner's)"
The Governing Council of The Salvation Army in Canada,1,3236.0,Salvation Army Faith And Hope Thrift Store,3,11422.0,"same business number, different names (a parent body's number, or an owner's)"
The Governing Council of The Salvation Army in Canada,1,3236.0,The Salvation Army Governing Council for Canada,1,20000.0,"same business number, different names (a parent body's number, or an owner's)"
The Governing Council of The Salvation Army in Canada,1,3236.0,The Salvation Army Governing Council of Canada,3,9737.0,"same business number, different names (a parent body's number, or an owner's)"
The Governing Council of The Salvation Army in Canada,1,3236.0,Salvation Army Hare Bay - Dover Citadel,1,5113.0,"same business number, different names (a parent body's number, or an owner's)"
The Governing Council of The Salvation Army in Canada,1,3236.0,The Salvation Army Heritage Park Temple Corps,1,4987.0,"same business number, different names (a parent body's number, or an owner's)"
The Governing Council of The Salvation Army in Canada,1,3236.0,The Salvation Army Heritage Park Temple Corps,1,4987.0,"same business number, different names (a parent body's number, or an owner's)"
The Governing Council of The Salvation Army in Canada,1,3236.0,The Salvation Army Thrift Store,1,4274.0,"same business number, different names (a parent body's number, or an owner's)"
Immaculate Conception Parish,5,19767.0,Our Lady of Mount Carmel RC Episcopal Corporation of Grand Falls,1,3236.0,"same business number, different names (a parent body's number, or an owner's)"
Our Lady of Mount Carmel RC Episcopal Corporation of Grand Falls,1,3236.0,R.C. Episcopal Corporation of Grand Falls,7,37674.0,"same business number, different names (a parent body's number, or an owner's)"
Our Lady of Mount Carmel RC Episcopal Corporation of Grand Falls,1,3236.0,RC Episcopal Corporation of Grand Falls,1,3475.0,"same business number, different names (a parent body's number, or an owner's)"
Our Lady of Mount Carmel RC Episcopal Corporation of Grand Falls,1,3236.0,Roman Catholic Epiciscopal Corporation of Grand Falls,1,3605.0,"same business number, different names (a parent body's number, or an owner's)"
Our Lady of Mount Carmel RC Episcopal Corporation of Grand Falls,1,3236.0,The Roman Catholic Episcopal Corp.,5,16449.0,"same business number, different names (a parent body's number, or an owner's)"
Our Lady of Mount Carmel RC Episcopal Corporation of Grand Falls,1,3236.0,Roman Catholic Episcopal C Immaculate Conception Parish,3,33319.0,"same business number, different names (a parent body's number, or an owner's)"
Our Lady of Mount Carmel RC Episcopal Corporation of Grand Falls,1,3236.0,Roman Catholic Episcopal Corporation of Grand Falls,9,83030.0,"same business number, different names (a parent body's number, or an owner's)"
Our Lady of Mount Carmel RC Episcopal Corporation of Grand Falls,1,3236.0,Roman Catholic Parish of Brigus,6,28919.0,"same business number, different names (a parent body's number, or an owner's)"
The Governing Council of the Salvation Army in Canada,2,137124.0,The Governing Council of The Salvation Army in Canada,1,3236.0,"a spelling slip apart, with no business number, postal code or review to confirm it"
The Governing Council of The Salvation Army in Canada,6,61629.0,The Governing Council of The Salvation Army in Canada,1,3236.0,conflicting identifiers and disjoint postal evidence
The Governing Council of The Salvation Army in Canada,1,4931.0,The Governing Council of The Salvation Army in Canada,1,3236.0,conflicting identifiers and disjoint postal evidence
The Governing Council of the Salvation Army in Canada,1,4808.0,The Governing Council of The Salvation Army in Canada,1,3236.0,conflicting identifiers and disjoint postal evidence
The Governing Council of The Salvation Army in Canada,2,10100.0,The Governing Council of The Salvation Army in Canada,1,3236.0,conflicting identifiers and disjoint postal evidence
The Governing Council of The Salvation Army in Canada,1,3236.0,The Governing Council of The Salvation Army in Canada,1,4383.0,conflicting identifiers and disjoint postal evidence
The Governing Council of The Salvation Army in Canada,1,3236.0,The Governing Council of The Salvation Army in Canada,1,4055.0,conflicting identifiers and disjoint postal evidence
The Governing Council of The Salvation Army in Canada,1,3236.0,The Governing Council of The Salvation Army in Canada,1,3973.0,conflicting identifiers and disjoint postal evidence
The Governing Council of The Salvation Army in Canada,1,3236.0,The Governing Council of The Salvation Army in Canada,3,14733.0,conflicting identifiers and disjoint postal evidence
The Governing Council of The Salvation Army in Canada,1,3236.0,The Governing Council of The Salvation Army in Canada,17,207069.0,conflicting identifiers and disjoint postal evidence; identity unresolved unless a named anchor settles it (governing council of salvation army in canada [bn 107951618RR0088] / governing council of salvation army in canada [bn 107951618])
The Governing Council of The Salvation Army in Canada,17,207069.0,The Governing Council of The Salvation Army in Canada,1,3236.0,conflicting identifiers and disjoint postal evidence; identity unresolved unless a named anchor settles it (governing council of salvation army in canada [bn 107951618RR0088] / governing council of salvation army in canada [bn 107951618])
Harbour Authority of Rose Blanche,7,29594.0,Harbour Authority of Rose Blanche and Harbour Le Cou,1,3119.0,"same business number, different names (a parent body's number, or an owner's)"
Anglican Church Women,3,15777.0,Anglican Parish of Fogo Island West,1,3119.0,"same business number, different names (a parent body's number, or an owner's)"
Anglican Diocese of Canada,1,5113.0,Anglican Parish of Fogo Island West,1,3119.0,"same business number, different names (a parent body's number, or an owner's)"
The Anglican Parish of Burin,2,7325.0,Anglican Parish of Fogo Island West,1,3119.0,"same business number, different names (a parent body's number, or an owner's)"
Anglican Parish of Fogo Island West,1,3119.0,Anglican Parish of Gambo,3,10196.0,"same business number, different names (a parent body's number, or an owner's)"
Anglican Parish of Fogo Island West,1,3119.0,The Anglican Parish of Grand Bank,1,4633.0,"same business number, different names (a parent body's number, or an owner's)"
Anglican Parish of Fogo Island West,1,3119.0,Anglican Parish of Indian Bay,3,12812.0,"same business number, different names (a parent body's number, or an owner's)"
Anglican Parish of Fogo Island West,1,3119.0,Anglican Parish of Lewisporte,1,4987.0,"same business number, different names (a parent body's number, or an owner's)"
Anglican Parish of Fogo Island West,1,3119.0,the diocesan synod of central newfoundland,4,12598.0,"same business number, different names (a parent body's number, or an owner's)"
Anglican Parish of Fogo Island West,1,3119.0,DIOCESAN SYNOD OF CENTRAL NL,2,3583.0,"same business number, different names (a parent body's number, or an owner's)"
Anglican Parish of Fogo Island West,1,3119.0,Parish of Lewisporte,1,5113.0,"same business number, different names (a parent body's number, or an owner's)"
Anglican Parish of Fogo Island West,1,3119.0,St. Peter's Anglican Church,7,28078.0,"same business number, different names (a parent body's number, or an owner's)"
Youth Centres Canada - Centres Des Jeunes Can,1,6096.0,Youth Centres Canada - Centres Des Jeunes Canada,1,3119.0,"same business number, different names (a parent body's number, or an owner's)"
Firemen's Hydrant Club,5,22635.0,Harbour Grace Volunteer Fire Brigade,1,3119.0,"same business number, different names (a parent body's number, or an owner's)"
FIREMENS`S HYDRANT CLUB,1,3973.0,Harbour Grace Volunteer Fire Brigade,1,3119.0,"same business number, different names (a parent body's number, or an owner's)"
Faith And Hope Salvation Army Thrift storwe,1,3055.0,The Governing Council of the Salvation Army,2,6041.0,"same business number, different names (a parent body's number, or an owner's)"
Faith And Hope Salvation Army Thrift storwe,1,3055.0,The Governing Council of The Salvation Army,4,17812.0,"same business number, different names (a parent body's number, or an owner's)"
Faith And Hope Salvation Army Thrift storwe,1,3055.0,The Governing Council of the salvation Army,8,34767.0,"same business number, different names (a parent body's number, or an owner's)"
Faith And Hope Salvation Army Thrift storwe,1,3055.0,The Governing Council of The Salvation Army,5,14697.0,"same business number, different names (a parent body's number, or an owner's)"
Faith And Hope Salvation Army Thrift storwe,1,3055.0,The Governing Council of The Salvation Army,2,7669.0,"same business number, different names (a parent body's number, or an owner's)"
Faith And Hope Salvation Army Thrift storwe,1,3055.0,The Governing Council of The Salvation Army,1,4808.0,"same business number, different names (a parent body's number, or an owner's)"
Faith And Hope Salvation Army Thrift storwe,1,3055.0,The Governing Council of the Salvation Army,2,21518.0,"same business number, different names (a parent body's number, or an owner's)"
Faith And Hope Salvation Army Thrift storwe,1,3055.0,The Governing Council of The Salvation Army Canada,2,6461.0,"same business number, different names (a parent body's number, or an owner's)"
Faith And Hope Salvation Army Thrift storwe,1,3055.0,The Governing Council of The Salvation Army in Canada,6,61629.0,"same business number, different names (a parent body's number, or an owner's)"
Faith And Hope Salvation Army Thrift storwe,1,3055.0,The Governing Council of The Salvation Army in Canada,1,4931.0,"same business number, different names (a parent body's number, or an owner's)"
Faith And Hope Salvation Army Thrift storwe,1,3055.0,The Governing Council of the Salvation Army in Canada,1,4808.0,"same business number, different names (a parent body's number, or an owner's)"
Faith And Hope Salvation Army Thrift storwe,1,3055.0,The Governing Council of The Salvation Army in Canada,2,10100.0,"same business number, different names (a parent body's number, or an owner's)"
Faith And Hope Salvation Army Thrift storwe,1,3055.0,The Governing Council of The Salvation Army in Canada,1,3236.0,"same business number, different names (a parent body's number, or an owner's)"
Faith And Hope Salvation Army Thrift storwe,1,3055.0,The Governing Council of The Salvation Army in Canada,1,4383.0,"same business number, different names (a parent body's number, or an owner's)"
Faith And Hope Salvation Army Thrift storwe,1,3055.0,The Governing Council of The Salvation Army in Canada,1,4055.0,"same business number, different names (a parent body's number, or an owner's)"
Faith And Hope Salvation Army Thrift storwe,1,3055.0,The Governing Council of The Salvation Army in Canada,1,3973.0,"same business number, different names (a parent body's number, or an owner's)"
Faith And Hope Salvation Army Thrift storwe,1,3055.0,The Governing Council of The Salvation Army in Canada,3,14733.0,"same business number, different names (a parent body's number, or an owner's)"
Faith And Hope Salvation Army Thrift storwe,1,3055.0,The Governing Council of The Salvation Army in Canada,17,207069.0,"same business number, different names (a parent body's number, or an owner's)"
Faith And Hope Salvation Army Thrift storwe,1,3055.0,The Governing Council of The Salvation Army of Canada,4,16508.0,"same business number, different names (a parent body's number, or an owner's)"
Faith And Hope Salvation Army Thrift storwe,1,3055.0,The Governing Council - The Salvation Army of Canada,1,5113.0,"same business number, different names (a parent body's number, or an owner's)"
Faith And Hope Salvation Army Thrift storwe,1,3055.0,The Salvation Army,1,4633.0,"same business number, different names (a parent body's number, or an owner's)"
Faith And Hope Salvation Army Thrift storwe,1,3055.0,The Salvation Army,5,18852.0,"same business number, different names (a parent body's number, or an owner's)"
Faith And Hope Salvation Army Thrift storwe,1,3055.0,The Salvation Army,1,4633.0,"same business number, different names (a parent body's number, or an owner's)"
Faith And Hope Salvation Army Thrift storwe,1,3055.0,The Salvation Army,2,7092.0,"same business number, different names (a parent body's number, or an owner's)"
Faith And Hope Salvation Army Thrift storwe,1,3055.0,The Salvation Army Arnold's Cove Corps,1,3055.0,"same business number, different names (a parent body's number, or an owner's)"
Faith And Hope Salvation Army Thrift storwe,1,3055.0,The Salvation Army Carbonear Corps,7,28314.0,"same business number, different names (a parent body's number, or an owner's)"
Faith And Hope Salvation Army Thrift storwe,1,3055.0,The Salvation Army Faith And Hope Corps,1,4633.0,"same business number, different names (a parent body's number, or an owner's)"
Faith And Hope Salvation Army Thrift storwe,1,3055.0,Salvation Army Faith And Hope Thrift Store,3,11422.0,"same business number, different names (a parent body's number, or an owner's)"
Faith And Hope Salvation Army Thrift storwe,1,3055.0,The Salvation Army Governing Council for Canada,1,20000.0,"same business number, different names (a parent body's number, or an owner's)"
Faith And Hope Salvation Army Thrift storwe,1,3055.0,The Salvation Army Governing Council of Canada,3,9737.0,"same business number, different names (a parent body's number, or an owner's)"
Faith And Hope Salvation Army Thrift storwe,1,3055.0,Salvation Army Hare Bay - Dover Citadel,1,5113.0,"same business number, different names (a parent body's number, or an owner's)"
Faith And Hope Salvation Army Thrift storwe,1,3055.0,The Salvation Army Heritage Park Temple Corps,1,4987.0,"same business number, different names (a parent body's number, or an owner's)"
Faith And Hope Salvation Army Thrift storwe,1,3055.0,The Salvation Army Heritage Park Temple Corps,1,4987.0,"same business number, different names (a parent body's number, or an owner's)"
Faith And Hope Salvation Army Thrift storwe,1,3055.0,The Salvation Army Thrift Store,1,4274.0,"same business number, different names (a parent body's number, or an owner's)"
The Governing Council of the Salvation Army,2,6041.0,The Salvation Army Arnold's Cove Corps,1,3055.0,"same business number, different names (a parent body's number, or an owner's)"
The Governing Council of The Salvation Army,4,17812.0,The Salvation Army Arnold's Cove Corps,1,3055.0,"same business number, different names (a parent body's number, or an owner's)"
The Governing Council of the salvation Army,8,34767.0,The Salvation Army Arnold's Cove Corps,1,3055.0,"same business number, different names (a parent body's number, or an owner's)"
The Governing Council of The Salvation Army,5,14697.0,The Salvation Army Arnold's Cove Corps,1,3055.0,"same business number, different names (a parent body's number, or an owner's)"
The Governing Council of The Salvation Army,2,7669.0,The Salvation Army Arnold's Cove Corps,1,3055.0,"same business number, different names (a parent body's number, or an owner's)"
The Governing Council of The Salvation Army,1,4808.0,The Salvation Army Arnold's Cove Corps,1,3055.0,"same business number, different names (a parent body's number, or an owner's)"
The Governing Council of the Salvation Army,2,21518.0,The Salvation Army Arnold's Cove Corps,1,3055.0,"same business number, different names (a parent body's number, or an owner's)"
The Governing Council of The Salvation Army Canada,2,6461.0,The Salvation Army Arnold's Cove Corps,1,3055.0,"same business number, different names (a parent body's number, or an owner's)"
The Governing Council of The Salvation Army in Canada,6,61629.0,The Salvation Army Arnold's Cove Corps,1,3055.0,"same business number, different names (a parent body's number, or an owner's)"
The Governing Council of The Salvation Army in Canada,1,4931.0,The Salvation Army Arnold's Cove Corps,1,3055.0,"same business number, different names (a parent body's number, or an owner's)"
The Governing Council of the Salvation Army in Canada,1,4808.0,The Salvation Army Arnold's Cove Corps,1,3055.0,"same business number, different names (a parent body's number, or an owner's)"
The Governing Council of The Salvation Army in Canada,2,10100.0,The Salvation Army Arnold's Cove Corps,1,3055.0,"same business number, different names (a parent body's number, or an owner's)"
The Governing Council of The Salvation Army in Canada,1,3236.0,The Salvation Army Arnold's Cove Corps,1,3055.0,"same business number, different names (a parent body's number, or an owner's)"
The Governing Council of The Salvation Army in Canada,1,4383.0,The Salvation Army Arnold's Cove Corps,1,3055.0,"same business number, different names (a parent body's number, or an owner's)"
The Governing Council of The Salvation Army in Canada,1,4055.0,The Salvation Army Arnold's Cove Corps,1,3055.0,"same business number, different names (a parent body's number, or an owner's)"
The Governing Council of The Salvation Army in Canada,1,3973.0,The Salvation Army Arnold's Cove Corps,1,3055.0,"same business number, different names (a parent body's number, or an owner's)"
The Governing Council of The Salvation Army in Canada,3,14733.0,The Salvation Army Arnold's Cove Corps,1,3055.0,"same business number, different names (a parent body's number, or an owner's)"
The Governing Council of The Salvation Army in Canada,17,207069.0,The Salvation Army Arnold's Cove Corps,1,3055.0,"same business number, different names (a parent body's number, or an owner's)"
The Governing Council of The Salvation Army of Canada,4,16508.0,The Salvation Army Arnold's Cove Corps,1,3055.0,"same business number, different names (a parent body's number, or an owner's)"
The Governing Council - The Salvation Army of Canada,1,5113.0,The Salvation Army Arnold's Cove Corps,1,3055.0,"same business number, different names (a parent body's number, or an owner's)"
The Salvation Army,1,4633.0,The Salvation Army Arnold's Cove Corps,1,3055.0,"same business number, different names (a parent body's number, or an owner's)"
The Salvation Army,5,18852.0,The Salvation Army Arnold's Cove Corps,1,3055.0,"same business number, different names (a parent body's number, or an owner's)"
The Salvation Army,1,4633.0,The Salvation Army Arnold's Cove Corps,1,3055.0,"same business number, different names (a parent body's number, or an owner's)"
The Salvation Army,2,7092.0,The Salvation Army Arnold's Cove Corps,1,3055.0,"same business number, different names (a parent body's number, or an owner's)"
The Salvation Army Arnold's Cove Corps,1,3055.0,The Salvation Army Carbonear Corps,7,28314.0,"same business number, different names (a parent body's number, or an owner's)"
The Salvation Army Arnold's Cove Corps,1,3055.0,The Salvation Army Faith And Hope Corps,1,4633.0,"same business number, different names (a parent body's number, or an owner's)"
The Salvation Army Arnold's Cove Corps,1,3055.0,Salvation Army Faith And Hope Thrift Store,3,11422.0,"same business number, different names (a parent body's number, or an owner's)"
The Salvation Army Arnold's Cove Corps,1,3055.0,The Salvation Army Governing Council for Canada,1,20000.0,"same business number, different names (a parent body's number, or an owner's)"
The Salvation Army Arnold's Cove Corps,1,3055.0,The Salvation Army Governing Council of Canada,3,9737.0,"same business number, different names (a parent body's number, or an owner's)"
The Salvation Army Arnold's Cove Corps,1,3055.0,Salvation Army Hare Bay - Dover Citadel,1,5113.0,"same business number, different names (a parent body's number, or an owner's)"
The Salvation Army Arnold's Cove Corps,1,3055.0,The Salvation Army Heritage Park Temple Corps,1,4987.0,"same business number, different names (a parent body's number, or an owner's)"
The Salvation Army Arnold's Cove Corps,1,3055.0,The Salvation Army Heritage Park Temple Corps,1,4987.0,"same business number, different names (a parent body's number, or an owner's)"
The Salvation Army Arnold's Cove Corps,1,3055.0,The Salvation Army Thrift Store,1,4274.0,"same business number, different names (a parent body's number, or an owner's)"
Autism Society of Newfoundland and Labrador Eastern Region,1,3055.0,The Autism Society of Newfoundland Western Region,1,3819.0,"same business number, different names (a parent body's number, or an owner's)"
The Cornher Brook Arts centre Association Ltd,1,3055.0,The Rotary Arts Centre,2,8550.0,"same business number, different names (a parent body's number, or an owner's)"
Dr. Charles L. LeGrow Healthcare Auxiliary,1,3055.0,The Lions Club of Channel-Port aux Basques,5,636879.84,"same business number, different names (a parent body's number, or an owner's)"
Ramea Fire Department,1,3055.0,TOWN OF RAMEA,6,75044.0,"same business number, different names (a parent body's number, or an owner's)"
Harold W. Duffett Shriners RV Park,1,3055.0,Mazol Charitable Trust Inc,5,29859.0,"same business number, different names (a parent body's number, or an owner's)"
Harold W. Duffett Shriners RV Park,1,3055.0,Mazol Shriners Charitable Trust Inc.,5,335033.0,"same business number, different names (a parent body's number, or an owner's)"
Professional Fish Harvesters Certification Board,3,10655.0,Professional Fish Harvesters Certification Board - PFHCB,1,3055.0,"same business number, different names (a parent body's number, or an owner's)"
Professional Fish Harvesters Certification Board NL,1,4633.0,Professional Fish Harvesters Certification Board - PFHCB,1,3055.0,"same business number, different names (a parent body's number, or an owner's)"
Turks Gut Heritage,1,3055.0,Turks Gut Heritage Conservation Inc.,3,3786.0,"same business number, different names (a parent body's number, or an owner's)"
Bay St. George South Ride for Ages Inc.,1,3055.0,Bay St. George South Ride for Ages Transportation,1,5971.0,"same business number, different names (a parent body's number, or an owner's)"
Dermot Lee Memorial Br. 62 Royal Canadian Legion,1,4206.0,Royal Canadian Legion Br. 62 Veterans Interpretation Centre,1,3055.0,"same business number, different names (a parent body's number, or an owner's)"
THE DERMOT LEE MEMORIAL BRANCH ROYAL CANADIAN LEGION BRANCH 62,1,8660.0,Royal Canadian Legion Br. 62 Veterans Interpretation Centre,1,3055.0,"same business number, different names (a parent body's number, or an owner's)"
Dermot Lee Memorial RCLEGION Br 62,1,9973.0,Royal Canadian Legion Br. 62 Veterans Interpretation Centre,1,3055.0,"same business number, different names (a parent body's number, or an owner's)"
Dermot Lee Memorial Royal Canadian Legion,2,19493.0,Royal Canadian Legion Br. 62 Veterans Interpretation Centre,1,3055.0,"same business number, different names (a parent body's number, or an owner's)"
"Dermot Lee Memorial, Royal Canadian Legion Br. 62",3,26599.0,Royal Canadian Legion Br. 62 Veterans Interpretation Centre,1,3055.0,"same business number, different names (a parent body's number, or an owner's)"
Royal Canadian Legion Br. 62,2,11643.0,Royal Canadian Legion Br. 62 Veterans Interpretation Centre,1,3055.0,"same business number, different names (a parent body's number, or an owner's)"
Royal Canadian Legion Br. 62 Veterans Interpretation Centre,1,3055.0,Royal Canadian Legion Branch 62,3,53984.0,"same business number, different names (a parent body's number, or an owner's)"
"First Dawn Eastern Edge Regional Council, The United Church of Canada",6,29598.0,First Dawn Eastern Regional Council of The United Church of Canada,1,3055.0,"same business number, different names (a parent body's number, or an owner's)"
Dover & Area Community Family Coalition,9,110412.0,Family Matters Child Care Centre,1,3055.0,"same business number, different names (a parent body's number, or an owner's)"
House of Diamonds,1,3055.0,House of Diamonds Art Centre Inc.,3,64751.0,"same business number, different names (a parent body's number, or an owner's)"
Stephenville Cultural Destination,1,3055.0,Stephenville Cultural Destination Development Inc.,1,3973.0,"same business number, different names (a parent body's number, or an owner's)"
Seniors Resource Centre Association of Newfoundland & Labrador Inc.,13,8294200.0,Seniors Resource Centre Association of Newfoundland and Labrador L Inc.,1,3055.0,"same business number, different names (a parent body's number, or an owner's)"
"Maria Regina Parish, Port au Port East",1,5113.0,Our Lady of Lourdes Grotto Committee,1,3055.0,"same business number, different names (a parent body's number, or an owner's)"
"Maria Regina Parish, Port au Port East",1,5113.0,Parish of the Most Holy Redeemer,1,3055.0,"same business number, different names (a parent body's number, or an owner's)"
Our Lady of Grace BC Parish Committee,5,35724.0,Our Lady of Lourdes Grotto Committee,1,3055.0,"same business number, different names (a parent body's number, or an owner's)"
Our Lady of Grace BC Parish Committee,5,35724.0,Parish of the Most Holy Redeemer,1,3055.0,"same business number, different names (a parent body's number, or an owner's)"
Our Lady of Grace Parish,8,46448.0,Our Lady of Lourdes Grotto Committee,1,3055.0,"same business number, different names (a parent body's number, or an owner's)"
Our Lady of Grace Parish,8,46448.0,Parish of the Most Holy Redeemer,1,3055.0,"same business number, different names (a parent body's number, or an owner's)"
Our Lady of Grace Parish Committee,2,9387.0,Our Lady of Lourdes Grotto Committee,1,3055.0,"same business number, different names (a parent body's number, or an owner's)"
Our Lady of Grace Parish Committee,2,9387.0,Parish of the Most Holy Redeemer,1,3055.0,"same business number, different names (a parent body's number, or an owner's)"
Our Lady of Lourdes Grotto Committee,1,3055.0,Our Lady of Lourdes Parish/Grotto Committee,1,3696.0,"same business number, different names (a parent body's number, or an owner's)"
Our Lady of Lourdes Grotto Committee,1,3055.0,Parish of the Most Holy Redeemer,1,3055.0,"same business number, different names (a parent body's number, or an owner's)"
Our Lady of Lourdes Grotto Committee,1,3055.0,Parish of the Most Holy Redeemer and Immaculate Conception,3,11875.0,"same business number, different names (a parent body's number, or an owner's)"
Our Lady of Lourdes Grotto Committee,1,3055.0,Roman Catholic Episcopal Corp. of St. Georges,5,47738.0,"same business number, different names (a parent body's number, or an owner's)"
Our Lady of Lourdes Grotto Committee,1,3055.0,Roman Catholic Episcopal Corp. of St. Georges (Our Lady of Lourdes Parish),3,36094.0,"same business number, different names (a parent body's number, or an owner's)"
Our Lady of Lourdes Grotto Committee,1,3055.0,Roman Catholic Episcopal Corp. ( Our Lady of Lourdes Grotto Committee),1,7947.0,"same business number, different names (a parent body's number, or an owner's)"
Our Lady of Lourdes Grotto Committee,1,3055.0,St. Stephen's Parish,3,6751.0,"same business number, different names (a parent body's number, or an owner's)"
Our Lady of Lourdes Parish/Grotto Committee,1,3696.0,Parish of the Most Holy Redeemer,1,3055.0,"same business number, different names (a parent body's number, or an owner's)"
Parish of the Most Holy Redeemer,1,3055.0,Parish of the Most Holy Redeemer and Immaculate Conception,3,11875.0,"same business number, different names (a parent body's number, or an owner's)"
Parish of the Most Holy Redeemer,1,3055.0,Roman Catholic Episcopal Corp. of St. Georges,5,47738.0,"same business number, different names (a parent body's number, or an owner's)"
Parish of the Most Holy Redeemer,1,3055.0,Roman Catholic Episcopal Corp. of St. Georges (Our Lady of Lourdes Parish),3,36094.0,"same business number, different names (a parent body's number, or an owner's)"
Parish of the Most Holy Redeemer,1,3055.0,Roman Catholic Episcopal Corp. ( Our Lady of Lourdes Grotto Committee),1,7947.0,"same business number, different names (a parent body's number, or an owner's)"
Parish of the Most Holy Redeemer,1,3055.0,St. Stephen's Parish,3,6751.0,"same business number, different names (a parent body's number, or an owner's)"
Basilica Museum & Archives Inc.,2,12975.0,RC Episcopal Corportation,1,3055.0,"same business number, different names (a parent body's number, or an owner's)"
Basilica Museum & Archives Inc.,2,12975.0,Roman Catholic Episcopal Corporation for St. John's,1,3055.0,"same business number, different names (a parent body's number, or an owner's)"
Basilica Museum & Archives Inc.,2,12975.0,Roman Catholic Episcopal Corporation- St. Peter's Parish,1,3055.0,"same business number, different names (a parent body's number, or an owner's)"
Basilica Museum & Archives Inc.,2,12975.0,Sacred Heart Family Aid Committee,1,3055.0,"same business number, different names (a parent body's number, or an owner's)"
RC Episcopal Corportation,1,3055.0,RC Episcopal Corporation of St. John's,3,11875.0,"same business number, different names (a parent body's number, or an owner's)"
RC Episcopal Corportation,1,3055.0,Roman Catholic Episcopal Corporation,4,19538.0,"same business number, different names (a parent body's number, or an owner's)"
RC Episcopal Corportation,1,3055.0,Roman Catholic Episcopal Corp - Corpus Christi Parish,1,3696.0,"same business number, different names (a parent body's number, or an owner's)"
RC Episcopal Corportation,1,3055.0,Roman Catholic Episcopal Corporation for St. John's,1,3055.0,"same business number, different names (a parent body's number, or an owner's)"
RC Episcopal Corportation,1,3055.0,Roman Catholic Episcopal Corporation of St. John's,3,14130.0,"same business number, different names (a parent body's number, or an owner's)"
RC Episcopal Corportation,1,3055.0,Roman Catholic Episcopal Corporation of St. John's - Our Lady of Angels Parish,1,3973.0,"same business number, different names (a parent body's number, or an owner's)"
RC Episcopal Corportation,1,3055.0,"Roman Catholic Episcopal Corp. of St. John's, St. Thomas Aquinas Parish",2,6354.0,"same business number, different names (a parent body's number, or an owner's)"
RC Episcopal Corportation,1,3055.0,Roman Catholic Episcopal Corporation St. Peter's,2,35000.0,"same business number, different names (a parent body's number, or an owner's)"
RC Episcopal Corportation,1,3055.0,Roman Catholic Episcopal Corporation- St. Peter's Parish,1,3055.0,"same business number, different names (a parent body's number, or an owner's)"
RC Episcopal Corportation,1,3055.0,Roman Catholic Esp Corp- St. Francis of Assisi Par,1,3973.0,"same business number, different names (a parent body's number, or an owner's)"
RC Episcopal Corportation,1,3055.0,Roman Catholic Esp Corp- St. Paul's Parish,1,3832.0,"same business number, different names (a parent body's number, or an owner's)"
RC Episcopal Corportation,1,3055.0,Sacred Heart Family Aid Committee,1,3055.0,"same business number, different names (a parent body's number, or an owner's)"
RC Episcopal Corportation,1,3055.0,Sacred Heart Parish Family Aid,2,7669.0,"same business number, different names (a parent body's number, or an owner's)"
RC Episcopal Corportation,1,3055.0,St. Michael's Roman Catholic Parish,4,26065.0,"same business number, different names (a parent body's number, or an owner's)"
RC Episcopal Corportation,1,3055.0,St. Patrick's Parish,3,10957.0,"same business number, different names (a parent body's number, or an owner's)"
RC Episcopal Corportation,1,3055.0,St. Peter's Parish (Roman Catholic Episcopal Corporation),2,7301.0,"same business number, different names (a parent body's number, or an owner's)"
RC Episcopal Corporation of St. John's,3,11875.0,Roman Catholic Episcopal Corporation for St. John's,1,3055.0,"same business number, different names (a parent body's number, or an owner's)"
RC Episcopal Corporation of St. John's,3,11875.0,Roman Catholic Episcopal Corporation- St. Peter's Parish,1,3055.0,"same business number, different names (a parent body's number, or an owner's)"
RC Episcopal Corporation of St. John's,3,11875.0,Sacred Heart Family Aid Committee,1,3055.0,"same business number, different names (a parent body's number, or an owner's)"
Roman Catholic Episcopal Corporation,4,19538.0,Roman Catholic Episcopal Corporation- St. Peter's Parish,1,3055.0,"same business number, different names (a parent body's number, or an owner's)"
Roman Catholic Episcopal Corporation,4,19538.0,Sacred Heart Family Aid Committee,1,3055.0,"same business number, different names (a parent body's number, or an owner's)"
Roman Catholic Episcopal Corp - Corpus Christi Parish,1,3696.0,Roman Catholic Episcopal Corporation for St. John's,1,3055.0,"same business number, different names (a parent body's number, or an owner's)"
Roman Catholic Episcopal Corp - Corpus Christi Parish,1,3696.0,Roman Catholic Episcopal Corporation- St. Peter's Parish,1,3055.0,"same business number, different names (a parent body's number, or an owner's)"
Roman Catholic Episcopal Corp - Corpus Christi Parish,1,3696.0,Sacred Heart Family Aid Committee,1,3055.0,"same business number, different names (a parent body's number, or an owner's)"
Roman Catholic Episcopal Corporation for St. John's,1,3055.0,Roman Catholic Episcopal Corporation of St. John's - Our Lady of Angels Parish,1,3973.0,"same business number, different names (a parent body's number, or an owner's)"
Roman Catholic Episcopal Corporation for St. John's,1,3055.0,"Roman Catholic Episcopal Corp. of St. John's, St. Thomas Aquinas Parish",2,6354.0,"same business number, different names (a parent body's number, or an owner's)"
Roman Catholic Episcopal Corporation for St. John's,1,3055.0,Roman Catholic Episcopal Corporation St. Peter's,2,35000.0,"same business number, different names (a parent body's number, or an owner's)"
Roman Catholic Episcopal Corporation for St. John's,1,3055.0,Roman Catholic Episcopal Corporation- St. Peter's Parish,1,3055.0,"same business number, different names (a parent body's number, or an owner's)"
Roman Catholic Episcopal Corporation for St. John's,1,3055.0,Roman Catholic Esp Corp- St. Francis of Assisi Par,1,3973.0,"same business number, different names (a parent body's number, or an owner's)"
Roman Catholic Episcopal Corporation for St. John's,1,3055.0,Roman Catholic Esp Corp- St. Paul's Parish,1,3832.0,"same business number, different names (a parent body's number, or an owner's)"
Roman Catholic Episcopal Corporation for St. John's,1,3055.0,Sacred Heart Family Aid Committee,1,3055.0,"same business number, different names (a parent body's number, or an owner's)"
Roman Catholic Episcopal Corporation for St. John's,1,3055.0,Sacred Heart Parish Family Aid,2,7669.0,"same business number, different names (a parent body's number, or an owner's)"
Roman Catholic Episcopal Corporation for St. John's,1,3055.0,St. Michael's Roman Catholic Parish,4,26065.0,"same business number, different names (a parent body's number, or an owner's)"
Roman Catholic Episcopal Corporation for St. John's,1,3055.0,St. Patrick's Parish,3,10957.0,"same business number, different names (a parent body's number, or an owner's)"
Roman Catholic Episcopal Corporation for St. John's,1,3055.0,St. Peter's Parish (Roman Catholic Episcopal Corporation),2,7301.0,"same business number, different names (a parent body's number, or an owner's)"
Roman Catholic Episcopal Corporation of St. John's,3,14130.0,Roman Catholic Episcopal Corporation- St. Peter's Parish,1,3055.0,"same business number, different names (a parent body's number, or an owner's)"
Roman Catholic Episcopal Corporation of St. John's,3,14130.0,Sacred Heart Family Aid Committee,1,3055.0,"same business number, different names (a parent body's number, or an owner's)"
Roman Catholic Episcopal Corporation of St. John's - Our Lady of Angels Parish,1,3973.0,Roman Catholic Episcopal Corporation- St. Peter's Parish,1,3055.0,"same business number, different names (a parent body's number, or an owner's)"
Roman Catholic Episcopal Corporation of St. John's - Our Lady of Angels Parish,1,3973.0,Sacred Heart Family Aid Committee,1,3055.0,"same business number, different names (a parent body's number, or an owner's)"
"Roman Catholic Episcopal Corp. of St. John's, St. Thomas Aquinas Parish",2,6354.0,Roman Catholic Episcopal Corporation- St. Peter's Parish,1,3055.0,"same business number, different names (a parent body's number, or an owner's)"
"Roman Catholic Episcopal Corp. of St. John's, St. Thomas Aquinas Parish",2,6354.0,Sacred Heart Family Aid Committee,1,3055.0,"same business number, different names (a parent body's number, or an owner's)"
Roman Catholic Episcopal Corporation St. Peter's,2,35000.0,Roman Catholic Episcopal Corporation- St. Peter's Parish,1,3055.0,"same business number, different names (a parent body's number, or an owner's)"
Roman Catholic Episcopal Corporation St. Peter's,2,35000.0,Sacred Heart Family Aid Committee,1,3055.0,"same business number, different names (a parent body's number, or an owner's)"
Roman Catholic Episcopal Corporation- St. Peter's Parish,1,3055.0,Roman Catholic Esp Corp- St. Francis of Assisi Par,1,3973.0,"same business number, different names (a parent body's number, or an owner's)"
Roman Catholic Episcopal Corporation- St. Peter's Parish,1,3055.0,Roman Catholic Esp Corp- St. Paul's Parish,1,3832.0,"same business number, different names (a parent body's number, or an owner's)"
Roman Catholic Episcopal Corporation- St. Peter's Parish,1,3055.0,Sacred Heart Family Aid Committee,1,3055.0,"same business number, different names (a parent body's number, or an owner's)"
Roman Catholic Episcopal Corporation- St. Peter's Parish,1,3055.0,Sacred Heart Parish Family Aid,2,7669.0,"same business number, different names (a parent body's number, or an owner's)"
Roman Catholic Episcopal Corporation- St. Peter's Parish,1,3055.0,St. Michael's Roman Catholic Parish,4,26065.0,"same business number, different names (a parent body's number, or an owner's)"
Roman Catholic Episcopal Corporation- St. Peter's Parish,1,3055.0,St. Patrick's Parish,3,10957.0,"same business number, different names (a parent body's number, or an owner's)"
Roman Catholic Esp Corp- St. Francis of Assisi Par,1,3973.0,Sacred Heart Family Aid Committee,1,3055.0,"same business number, different names (a parent body's number, or an owner's)"
Roman Catholic Esp Corp- St. Paul's Parish,1,3832.0,Sacred Heart Family Aid Committee,1,3055.0,"same business number, different names (a parent body's number, or an owner's)"
Sacred Heart Family Aid Committee,1,3055.0,Sacred Heart Parish Family Aid,2,7669.0,"same business number, different names (a parent body's number, or an owner's)"
Sacred Heart Family Aid Committee,1,3055.0,St. Michael's Roman Catholic Parish,4,26065.0,"same business number, different names (a parent body's number, or an owner's)"
Sacred Heart Family Aid Committee,1,3055.0,St. Patrick's Parish,3,10957.0,"same business number, different names (a parent body's number, or an owner's)"
Sacred Heart Family Aid Committee,1,3055.0,St. Peter's Parish (Roman Catholic Episcopal Corporation),2,7301.0,"same business number, different names (a parent body's number, or an owner's)"
Bonavista Horticultural Society Inc,1,4206.0,Bonavista Horticulture Maintenance Committee,1,3055.0,"same business number, different names (a parent body's number, or an owner's)"
The Crossing Church Inc.,4,18939.0,West End Baptist Church,1,3055.0,"same business number, different names (a parent body's number, or an owner's)"
The Anglican Parish of Harbour Grace,1,3055.0,The Parish of Harbour Grace,1,7947.0,"same business number, different names (a parent body's number, or an owner's)"
The Anglican Parish of Harbour Grace,1,3055.0,St. Paul's Anglican Church,4,18939.0,"same business number, different names (a parent body's number, or an owner's)"
Faith And Hope Salvation Army Thrift storwe,1,3055.0,The Salvation Army Gander Family Services,1,3048.0,"same business number, different names (a parent body's number, or an owner's)"
The Governing Council of the Salvation Army,2,6041.0,The Salvation Army Gander Family Services,1,3048.0,"same business number, different names (a parent body's number, or an owner's)"
The Governing Council of The Salvation Army,4,17812.0,The Salvation Army Gander Family Services,1,3048.0,"same business number, different names (a parent body's number, or an owner's)"
The Governing Council of the salvation Army,8,34767.0,The Salvation Army Gander Family Services,1,3048.0,"same business number, different names (a parent body's number, or an owner's)"
The Governing Council of The Salvation Army,5,14697.0,The Salvation Army Gander Family Services,1,3048.0,"same business number, different names (a parent body's number, or an owner's)"
The Governing Council of The Salvation Army,2,7669.0,The Salvation Army Gander Family Services,1,3048.0,"same business number, different names (a parent body's number, or an owner's)"
The Governing Council of The Salvation Army,1,4808.0,The Salvation Army Gander Family Services,1,3048.0,"same business number, different names (a parent body's number, or an owner's)"
The Governing Council of the Salvation Army,2,21518.0,The Salvation Army Gander Family Services,1,3048.0,"same business number, different names (a parent body's number, or an owner's)"
The Governing Council of The Salvation Army Canada,2,6461.0,The Salvation Army Gander Family Services,1,3048.0,"same business number, different names (a parent body's number, or an owner's)"
The Governing Council of The Salvation Army in Canada,6,61629.0,The Salvation Army Gander Family Services,1,3048.0,"same business number, different names (a parent body's number, or an owner's)"
The Governing Council of The Salvation Army in Canada,1,4931.0,The Salvation Army Gander Family Services,1,3048.0,"same business number, different names (a parent body's number, or an owner's)"
The Governing Council of the Salvation Army in Canada,1,4808.0,The Salvation Army Gander Family Services,1,3048.0,"same business number, different names (a parent body's number, or an owner's)"
The Governing Council of The Salvation Army in Canada,2,10100.0,The Salvation Army Gander Family Services,1,3048.0,"same business number, different names (a parent body's number, or an owner's)"
The Governing Council of The Salvation Army in Canada,1,3236.0,The Salvation Army Gander Family Services,1,3048.0,"same business number, different names (a parent body's number, or an owner's)"
The Governing Council of The Salvation Army in Canada,1,4383.0,The Salvation Army Gander Family Services,1,3048.0,"same business number, different names (a parent body's number, or an owner's)"
The Governing Council of The Salvation Army in Canada,1,4055.0,The Salvation Army Gander Family Services,1,3048.0,"same business number, different names (a parent body's number, or an owner's)"
The Governing Council of The Salvation Army in Canada,1,3973.0,The Salvation Army Gander Family Services,1,3048.0,"same business number, different names (a parent body's number, or an owner's)"
The Governing Council of The Salvation Army in Canada,3,14733.0,The Salvation Army Gander Family Services,1,3048.0,"same business number, different names (a parent body's number, or an owner's)"
The Governing Council of The Salvation Army in Canada,17,207069.0,The Salvation Army Gander Family Services,1,3048.0,"same business number, different names (a parent body's number, or an owner's)"
The Governing Council of The Salvation Army of Canada,4,16508.0,The Salvation Army Gander Family Services,1,3048.0,"same business number, different names (a parent body's number, or an owner's)"
The Governing Council - The Salvation Army of Canada,1,5113.0,The Salvation Army Gander Family Services,1,3048.0,"same business number, different names (a parent body's number, or an owner's)"
The Salvation Army,1,4633.0,The Salvation Army Gander Family Services,1,3048.0,"same business number, different names (a parent body's number, or an owner's)"
The Salvation Army,5,18852.0,The Salvation Army Gander Family Services,1,3048.0,"same business number, different names (a parent body's number, or an owner's)"
The Salvation Army,1,4633.0,The Salvation Army Gander Family Services,1,3048.0,"same business number, different names (a parent body's number, or an owner's)"
The Salvation Army,2,7092.0,The Salvation Army Gander Family Services,1,3048.0,"same business number, different names (a parent body's number, or an owner's)"
The Salvation Army Arnold's Cove Corps,1,3055.0,The Salvation Army Gander Family Services,1,3048.0,"same business number, different names (a parent body's number, or an owner's)"
The Salvation Army Carbonear Corps,7,28314.0,The Salvation Army Gander Family Services,1,3048.0,"same business number, different names (a parent body's number, or an owner's)"
The Salvation Army Faith And Hope Corps,1,4633.0,The Salvation Army Gander Family Services,1,3048.0,"same business number, different names (a parent body's number, or an owner's)"
Salvation Army Faith And Hope Thrift Store,3,11422.0,The Salvation Army Gander Family Services,1,3048.0,"same business number, different names (a parent body's number, or an owner's)"
The Salvation Army Gander Family Services,1,3048.0,The Salvation Army Governing Council for Canada,1,20000.0,"same business number, different names (a parent body's number, or an owner's)"
The Salvation Army Gander Family Services,1,3048.0,The Salvation Army Governing Council of Canada,3,9737.0,"same business number, different names (a parent body's number, or an owner's)"
The Salvation Army Gander Family Services,1,3048.0,Salvation Army Hare Bay - Dover Citadel,1,5113.0,"same business number, different names (a parent body's number, or an owner's)"
The Salvation Army Gander Family Services,1,3048.0,The Salvation Army Heritage Park Temple Corps,1,4987.0,"same business number, different names (a parent body's number, or an owner's)"
The Salvation Army Gander Family Services,1,3048.0,The Salvation Army Heritage Park Temple Corps,1,4987.0,"same business number, different names (a parent body's number, or an owner's)"
The Salvation Army Gander Family Services,1,3048.0,The Salvation Army Thrift Store,1,4274.0,"same business number, different names (a parent body's number, or an owner's)"
Brigus Fire Brigade,4,23173.0,Brigus Volunteer Fire Brigade,1,3048.0,"same business number, different names (a parent body's number, or an owner's)"
"Harbour Authority of Bridgeport, Moreton's Harbour, and Valley Pond",1,3973.0,"Harbour Authority of Bridgeport, Moretons Harbour, Valleypond",1,3048.0,"same business number, different names (a parent body's number, or an owner's)"
"First Dawn Eastern Edge Regional Council, The United Church of Canada",6,29598.0,"The United Church of Canada, Newfoundland and Labrador Conference",1,3048.0,"same business number, different names (a parent body's number, or an owner's)"
First Dawn Eastern Regional Council of The United Church of Canada,1,3055.0,"The United Church of Canada, Newfoundland and Labrador Conference",1,3048.0,"same business number, different names (a parent body's number, or an owner's)"
Twillingate Lodge #7,1,3048.0,Twillingate Lodge No. 7,3,10788.0,"same business number, different names (a parent body's number, or an owner's)"
Twillingate Lodge #7,1,3048.0,Twillingate Masonic Lodge No. 7,3,14306.0,"same business number, different names (a parent body's number, or an owner's)"
Faith And Hope Salvation Army Thrift storwe,1,3055.0,The Governing Council of The Salvation Amry.,1,2986.0,"same business number, different names (a parent body's number, or an owner's)"
Faith And Hope Salvation Army Thrift storwe,1,3055.0,The Salvation Army Deer Lake Citadel,1,2986.0,"same business number, different names (a parent body's number, or an owner's)"
Faith And Hope Salvation Army Thrift storwe,1,3055.0,The Salvation Army Pasadena Thrift Store,1,2986.0,"same business number, different names (a parent body's number, or an owner's)"
Faith And Hope Salvation Army Thrift storwe,1,3055.0,The Salvation Army Roberts Arm Corps,1,2986.0,"same business number, different names (a parent body's number, or an owner's)"
The Governing Council of The Salvation Amry.,1,2986.0,The Governing Council of The Salvation Army Canada,2,6461.0,"same business number, different names (a parent body's number, or an owner's)"
The Governing Council of The Salvation Amry.,1,2986.0,The Governing Council of The Salvation Army in Canada,6,61629.0,"same business number, different names (a parent body's number, or an owner's)"
The Governing Council of The Salvation Amry.,1,2986.0,The Governing Council of The Salvation Army in Canada,1,4931.0,"same business number, different names (a parent body's number, or an owner's)"
The Governing Council of The Salvation Amry.,1,2986.0,The Governing Council of the Salvation Army in Canada,1,4808.0,"same business number, different names (a parent body's number, or an owner's)"
The Governing Council of The Salvation Amry.,1,2986.0,The Governing Council of The Salvation Army in Canada,2,10100.0,"same business number, different names (a parent body's number, or an owner's)"
The Governing Council of The Salvation Amry.,1,2986.0,The Governing Council of The Salvation Army in Canada,1,3236.0,"same business number, different names (a parent body's number, or an owner's)"
The Governing Council of The Salvation Amry.,1,2986.0,The Governing Council of The Salvation Army in Canada,1,4383.0,"same business number, different names (a parent body's number, or an owner's)"
The Governing Council of The Salvation Amry.,1,2986.0,The Governing Council of The Salvation Army in Canada,1,4055.0,"same business number, different names (a parent body's number, or an owner's)"
The Governing Council of The Salvation Amry.,1,2986.0,The Governing Council of The Salvation Army in Canada,1,3973.0,"same business number, different names (a parent body's number, or an owner's)"
The Governing Council of The Salvation Amry.,1,2986.0,The Governing Council of The Salvation Army in Canada,3,14733.0,"same business number, different names (a parent body's number, or an owner's)"
The Governing Council of The Salvation Amry.,1,2986.0,The Governing Council of The Salvation Army in Canada,17,207069.0,"same business number, different names (a parent body's number, or an owner's)"
The Governing Council of The Salvation Amry.,1,2986.0,The Governing Council of The Salvation Army of Canada,4,16508.0,"same business number, different names (a parent body's number, or an owner's)"
The Governing Council of The Salvation Amry.,1,2986.0,The Governing Council - The Salvation Army of Canada,1,5113.0,"same business number, different names (a parent body's number, or an owner's)"
The Governing Council of The Salvation Amry.,1,2986.0,The Salvation Army,1,4633.0,"same business number, different names (a parent body's number, or an owner's)"
The Governing Council of The Salvation Amry.,1,2986.0,The Salvation Army,5,18852.0,"same business number, different names (a parent body's number, or an owner's)"
The Governing Council of The Salvation Amry.,1,2986.0,The Salvation Army,1,4633.0,"same business number, different names (a parent body's number, or an owner's)"
The Governing Council of The Salvation Amry.,1,2986.0,The Salvation Army,2,7092.0,"same business number, different names (a parent body's number, or an owner's)"
The Governing Council of The Salvation Amry.,1,2986.0,The Salvation Army Arnold's Cove Corps,1,3055.0,"same business number, different names (a parent body's number, or an owner's)"
The Governing Council of The Salvation Amry.,1,2986.0,The Salvation Army Carbonear Corps,7,28314.0,"same business number, different names (a parent body's number, or an owner's)"
The Governing Council of The Salvation Amry.,1,2986.0,The Salvation Army Deer Lake Citadel,1,2986.0,"same business number, different names (a parent body's number, or an owner's)"
The Governing Council of The Salvation Amry.,1,2986.0,The Salvation Army Faith And Hope Corps,1,4633.0,"same business number, different names (a parent body's number, or an owner's)"
The Governing Council of The Salvation Amry.,1,2986.0,Salvation Army Faith And Hope Thrift Store,3,11422.0,"same business number, different names (a parent body's number, or an owner's)"
The Governing Council of The Salvation Amry.,1,2986.0,The Salvation Army Gander Family Services,1,3048.0,"same business number, different names (a parent body's number, or an owner's)"
The Governing Council of The Salvation Amry.,1,2986.0,The Salvation Army Governing Council for Canada,1,20000.0,"same business number, different names (a parent body's number, or an owner's)"
The Governing Council of The Salvation Amry.,1,2986.0,The Salvation Army Governing Council of Canada,3,9737.0,"same business number, different names (a parent body's number, or an owner's)"
The Governing Council of The Salvation Amry.,1,2986.0,Salvation Army Hare Bay - Dover Citadel,1,5113.0,"same business number, different names (a parent body's number, or an owner's)"
The Governing Council of The Salvation Amry.,1,2986.0,The Salvation Army Heritage Park Temple Corps,1,4987.0,"same business number, different names (a parent body's number, or an owner's)"
The Governing Council of The Salvation Amry.,1,2986.0,The Salvation Army Heritage Park Temple Corps,1,4987.0,"same business number, different names (a parent body's number, or an owner's)"
The Governing Council of The Salvation Amry.,1,2986.0,The Salvation Army Pasadena Thrift Store,1,2986.0,"same business number, different names (a parent body's number, or an owner's)"
The Governing Council of The Salvation Amry.,1,2986.0,The Salvation Army Roberts Arm Corps,1,2986.0,"same business number, different names (a parent body's number, or an owner's)"
The Governing Council of The Salvation Amry.,1,2986.0,The Salvation Army Thrift Store,1,4274.0,"same business number, different names (a parent body's number, or an owner's)"
The Governing Council of the Salvation Army,2,6041.0,The Salvation Army Deer Lake Citadel,1,2986.0,"same business number, different names (a parent body's number, or an owner's)"
The Governing Council of the Salvation Army,2,6041.0,The Salvation Army Pasadena Thrift Store,1,2986.0,"same business number, different names (a parent body's number, or an owner's)"
The Governing Council of the Salvation Army,2,6041.0,The Salvation Army Roberts Arm Corps,1,2986.0,"same business number, different names (a parent body's number, or an owner's)"
The Governing Council of The Salvation Army,4,17812.0,The Salvation Army Deer Lake Citadel,1,2986.0,"same business number, different names (a parent body's number, or an owner's)"
The Governing Council of The Salvation Army,4,17812.0,The Salvation Army Pasadena Thrift Store,1,2986.0,"same business number, different names (a parent body's number, or an owner's)"
The Governing Council of The Salvation Army,4,17812.0,The Salvation Army Roberts Arm Corps,1,2986.0,"same business number, different names (a parent body's number, or an owner's)"
The Governing Council of the salvation Army,8,34767.0,The Salvation Army Deer Lake Citadel,1,2986.0,"same business number, different names (a parent body's number, or an owner's)"
The Governing Council of the salvation Army,8,34767.0,The Salvation Army Pasadena Thrift Store,1,2986.0,"same business number, different names (a parent body's number, or an owner's)"
The Governing Council of the salvation Army,8,34767.0,The Salvation Army Roberts Arm Corps,1,2986.0,"same business number, different names (a parent body's number, or an owner's)"
The Governing Council of The Salvation Army,5,14697.0,The Salvation Army Deer Lake Citadel,1,2986.0,"same business number, different names (a parent body's number, or an owner's)"
The Governing Council of The Salvation Army,5,14697.0,The Salvation Army Pasadena Thrift Store,1,2986.0,"same business number, different names (a parent body's number, or an owner's)"
The Governing Council of The Salvation Army,5,14697.0,The Salvation Army Roberts Arm Corps,1,2986.0,"same business number, different names (a parent body's number, or an owner's)"
The Governing Council of The Salvation Army,2,7669.0,The Salvation Army Deer Lake Citadel,1,2986.0,"same business number, different names (a parent body's number, or an owner's)"
The Governing Council of The Salvation Army,2,7669.0,The Salvation Army Pasadena Thrift Store,1,2986.0,"same business number, different names (a parent body's number, or an owner's)"
The Governing Council of The Salvation Army,2,7669.0,The Salvation Army Roberts Arm Corps,1,2986.0,"same business number, different names (a parent body's number, or an owner's)"
The Governing Council of The Salvation Army,1,4808.0,The Salvation Army Deer Lake Citadel,1,2986.0,"same business number, different names (a parent body's number, or an owner's)"
The Governing Council of The Salvation Army,1,4808.0,The Salvation Army Pasadena Thrift Store,1,2986.0,"same business number, different names (a parent body's number, or an owner's)"
The Governing Council of The Salvation Army,1,4808.0,The Salvation Army Roberts Arm Corps,1,2986.0,"same business number, different names (a parent body's number, or an owner's)"
The Governing Council of the Salvation Army,2,21518.0,The Salvation Army Deer Lake Citadel,1,2986.0,"same business number, different names (a parent body's number, or an owner's)"
The Governing Council of the Salvation Army,2,21518.0,The Salvation Army Pasadena Thrift Store,1,2986.0,"same business number, different names (a parent body's number, or an owner's)"
The Governing Council of the Salvation Army,2,21518.0,The Salvation Army Roberts Arm Corps,1,2986.0,"same business number, different names (a parent body's number, or an owner's)"
The Governing Council of The Salvation Army Canada,2,6461.0,The Salvation Army Deer Lake Citadel,1,2986.0,"same business number, different names (a parent body's number, or an owner's)"
The Governing Council of The Salvation Army Canada,2,6461.0,The Salvation Army Pasadena Thrift Store,1,2986.0,"same business number, different names (a parent body's number, or an owner's)"
The Governing Council of The Salvation Army Canada,2,6461.0,The Salvation Army Roberts Arm Corps,1,2986.0,"same business number, different names (a parent body's number, or an owner's)"
The Governing Council of The Salvation Army in Canada,6,61629.0,The Salvation Army Deer Lake Citadel,1,2986.0,"same business number, different names (a parent body's number, or an owner's)"
The Governing Council of The Salvation Army in Canada,6,61629.0,The Salvation Army Pasadena Thrift Store,1,2986.0,"same business number, different names (a parent body's number, or an owner's)"
The Governing Council of The Salvation Army in Canada,6,61629.0,The Salvation Army Roberts Arm Corps,1,2986.0,"same business number, different names (a parent body's number, or an owner's)"
The Governing Council of The Salvation Army in Canada,1,4931.0,The Salvation Army Deer Lake Citadel,1,2986.0,"same business number, different names (a parent body's number, or an owner's)"
The Governing Council of The Salvation Army in Canada,1,4931.0,The Salvation Army Pasadena Thrift Store,1,2986.0,"same business number, different names (a parent body's number, or an owner's)"
The Governing Council of The Salvation Army in Canada,1,4931.0,The Salvation Army Roberts Arm Corps,1,2986.0,"same business number, different names (a parent body's number, or an owner's)"
The Governing Council of the Salvation Army in Canada,1,4808.0,The Salvation Army Deer Lake Citadel,1,2986.0,"same business number, different names (a parent body's number, or an owner's)"
The Governing Council of the Salvation Army in Canada,1,4808.0,The Salvation Army Pasadena Thrift Store,1,2986.0,"same business number, different names (a parent body's number, or an owner's)"
The Governing Council of the Salvation Army in Canada,1,4808.0,The Salvation Army Roberts Arm Corps,1,2986.0,"same business number, different names (a parent body's number, or an owner's)"
The Governing Council of The Salvation Army in Canada,2,10100.0,The Salvation Army Deer Lake Citadel,1,2986.0,"same business number, different names (a parent body's number, or an owner's)"
The Governing Council of The Salvation Army in Canada,2,10100.0,The Salvation Army Pasadena Thrift Store,1,2986.0,"same business number, different names (a parent body's number, or an owner's)"
The Governing Council of The Salvation Army in Canada,2,10100.0,The Salvation Army Roberts Arm Corps,1,2986.0,"same business number, different names (a parent body's number, or an owner's)"
The Governing Council of The Salvation Army in Canada,1,3236.0,The Salvation Army Deer Lake Citadel,1,2986.0,"same business number, different names (a parent body's number, or an owner's)"
The Governing Council of The Salvation Army in Canada,1,3236.0,The Salvation Army Pasadena Thrift Store,1,2986.0,"same business number, different names (a parent body's number, or an owner's)"
The Governing Council of The Salvation Army in Canada,1,3236.0,The Salvation Army Roberts Arm Corps,1,2986.0,"same business number, different names (a parent body's number, or an owner's)"
The Governing Council of The Salvation Army in Canada,1,4383.0,The Salvation Army Deer Lake Citadel,1,2986.0,"same business number, different names (a parent body's number, or an owner's)"
The Governing Council of The Salvation Army in Canada,1,4383.0,The Salvation Army Pasadena Thrift Store,1,2986.0,"same business number, different names (a parent body's number, or an owner's)"
The Governing Council of The Salvation Army in Canada,1,4383.0,The Salvation Army Roberts Arm Corps,1,2986.0,"same business number, different names (a parent body's number, or an owner's)"
The Governing Council of The Salvation Army in Canada,1,4055.0,The Salvation Army Deer Lake Citadel,1,2986.0,"same business number, different names (a parent body's number, or an owner's)"
The Governing Council of The Salvation Army in Canada,1,4055.0,The Salvation Army Pasadena Thrift Store,1,2986.0,"same business number, different names (a parent body's number, or an owner's)"
The Governing Council of The Salvation Army in Canada,1,4055.0,The Salvation Army Roberts Arm Corps,1,2986.0,"same business number, different names (a parent body's number, or an owner's)"
The Governing Council of The Salvation Army in Canada,1,3973.0,The Salvation Army Deer Lake Citadel,1,2986.0,"same business number, different names (a parent body's number, or an owner's)"
The Governing Council of The Salvation Army in Canada,1,3973.0,The Salvation Army Pasadena Thrift Store,1,2986.0,"same business number, different names (a parent body's number, or an owner's)"
The Governing Council of The Salvation Army in Canada,1,3973.0,The Salvation Army Roberts Arm Corps,1,2986.0,"same business number, different names (a parent body's number, or an owner's)"
The Governing Council of The Salvation Army in Canada,3,14733.0,The Salvation Army Deer Lake Citadel,1,2986.0,"same business number, different names (a parent body's number, or an owner's)"
The Governing Council of The Salvation Army in Canada,3,14733.0,The Salvation Army Pasadena Thrift Store,1,2986.0,"same business number, different names (a parent body's number, or an owner's)"
The Governing Council of The Salvation Army in Canada,3,14733.0,The Salvation Army Roberts Arm Corps,1,2986.0,"same business number, different names (a parent body's number, or an owner's)"
The Governing Council of The Salvation Army in Canada,17,207069.0,The Salvation Army Deer Lake Citadel,1,2986.0,"same business number, different names (a parent body's number, or an owner's)"
The Governing Council of The Salvation Army in Canada,17,207069.0,The Salvation Army Pasadena Thrift Store,1,2986.0,"same business number, different names (a parent body's number, or an owner's)"
The Governing Council of The Salvation Army in Canada,17,207069.0,The Salvation Army Roberts Arm Corps,1,2986.0,"same business number, different names (a parent body's number, or an owner's)"
The Governing Council of The Salvation Army of Canada,4,16508.0,The Salvation Army Deer Lake Citadel,1,2986.0,"same business number, different names (a parent body's number, or an owner's)"
The Governing Council of The Salvation Army of Canada,4,16508.0,The Salvation Army Pasadena Thrift Store,1,2986.0,"same business number, different names (a parent body's number, or an owner's)"
The Governing Council of The Salvation Army of Canada,4,16508.0,The Salvation Army Roberts Arm Corps,1,2986.0,"same business number, different names (a parent body's number, or an owner's)"
The Governing Council - The Salvation Army of Canada,1,5113.0,The Salvation Army Deer Lake Citadel,1,2986.0,"same business number, different names (a parent body's number, or an owner's)"
The Governing Council - The Salvation Army of Canada,1,5113.0,The Salvation Army Pasadena Thrift Store,1,2986.0,"same business number, different names (a parent body's number, or an owner's)"
The Governing Council - The Salvation Army of Canada,1,5113.0,The Salvation Army Roberts Arm Corps,1,2986.0,"same business number, different names (a parent body's number, or an owner's)"
The Salvation Army,1,4633.0,The Salvation Army Deer Lake Citadel,1,2986.0,"same business number, different names (a parent body's number, or an owner's)"
The Salvation Army,1,4633.0,The Salvation Army Pasadena Thrift Store,1,2986.0,"same business number, different names (a parent body's number, or an owner's)"
The Salvation Army,1,4633.0,The Salvation Army Roberts Arm Corps,1,2986.0,"same business number, different names (a parent body's number, or an owner's)"
The Salvation Army,5,18852.0,The Salvation Army Deer Lake Citadel,1,2986.0,"same business number, different names (a parent body's number, or an owner's)"
The Salvation Army,5,18852.0,The Salvation Army Pasadena Thrift Store,1,2986.0,"same business number, different names (a parent body's number, or an owner's)"
The Salvation Army,5,18852.0,The Salvation Army Roberts Arm Corps,1,2986.0,"same business number, different names (a parent body's number, or an owner's)"
The Salvation Army,1,4633.0,The Salvation Army Deer Lake Citadel,1,2986.0,"same business number, different names (a parent body's number, or an owner's)"
The Salvation Army,1,4633.0,The Salvation Army Pasadena Thrift Store,1,2986.0,"same business number, different names (a parent body's number, or an owner's)"
The Salvation Army,1,4633.0,The Salvation Army Roberts Arm Corps,1,2986.0,"same business number, different names (a parent body's number, or an owner's)"
The Salvation Army,2,7092.0,The Salvation Army Deer Lake Citadel,1,2986.0,"same business number, different names (a parent body's number, or an owner's)"
The Salvation Army,2,7092.0,The Salvation Army Pasadena Thrift Store,1,2986.0,"same business number, different names (a parent body's number, or an owner's)"
The Salvation Army,2,7092.0,The Salvation Army Roberts Arm Corps,1,2986.0,"same business number, different names (a parent body's number, or an owner's)"
The Salvation Army Arnold's Cove Corps,1,3055.0,The Salvation Army Deer Lake Citadel,1,2986.0,"same business number, different names (a parent body's number, or an owner's)"
The Salvation Army Arnold's Cove Corps,1,3055.0,The Salvation Army Pasadena Thrift Store,1,2986.0,"same business number, different names (a parent body's number, or an owner's)"
The Salvation Army Arnold's Cove Corps,1,3055.0,The Salvation Army Roberts Arm Corps,1,2986.0,"same business number, different names (a parent body's number, or an owner's)"
The Salvation Army Carbonear Corps,7,28314.0,The Salvation Army Deer Lake Citadel,1,2986.0,"same business number, different names (a parent body's number, or an owner's)"
The Salvation Army Carbonear Corps,7,28314.0,The Salvation Army Pasadena Thrift Store,1,2986.0,"same business number, different names (a parent body's number, or an owner's)"
The Salvation Army Carbonear Corps,7,28314.0,The Salvation Army Roberts Arm Corps,1,2986.0,"same business number, different names (a parent body's number, or an owner's)"
The Salvation Army Deer Lake Citadel,1,2986.0,The Salvation Army Faith And Hope Corps,1,4633.0,"same business number, different names (a parent body's number, or an owner's)"
The Salvation Army Deer Lake Citadel,1,2986.0,Salvation Army Faith And Hope Thrift Store,3,11422.0,"same business number, different names (a parent body's number, or an owner's)"
The Salvation Army Deer Lake Citadel,1,2986.0,The Salvation Army Gander Family Services,1,3048.0,"same business number, different names (a parent body's number, or an owner's)"
The Salvation Army Deer Lake Citadel,1,2986.0,The Salvation Army Governing Council for Canada,1,20000.0,"same business number, different names (a parent body's number, or an owner's)"
The Salvation Army Deer Lake Citadel,1,2986.0,The Salvation Army Governing Council of Canada,3,9737.0,"same business number, different names (a parent body's number, or an owner's)"
The Salvation Army Deer Lake Citadel,1,2986.0,Salvation Army Hare Bay - Dover Citadel,1,5113.0,"same business number, different names (a parent body's number, or an owner's)"
The Salvation Army Deer Lake Citadel,1,2986.0,The Salvation Army Heritage Park Temple Corps,1,4987.0,"same business number, different names (a parent body's number, or an owner's)"
The Salvation Army Deer Lake Citadel,1,2986.0,The Salvation Army Heritage Park Temple Corps,1,4987.0,"same business number, different names (a parent body's number, or an owner's)"
The Salvation Army Deer Lake Citadel,1,2986.0,The Salvation Army Pasadena Thrift Store,1,2986.0,"same business number, different names (a parent body's number, or an owner's)"
The Salvation Army Deer Lake Citadel,1,2986.0,The Salvation Army Roberts Arm Corps,1,2986.0,"same business number, different names (a parent body's number, or an owner's)"
The Salvation Army Deer Lake Citadel,1,2986.0,The Salvation Army Thrift Store,1,4274.0,"same business number, different names (a parent body's number, or an owner's)"
The Salvation Army Faith And Hope Corps,1,4633.0,The Salvation Army Pasadena Thrift Store,1,2986.0,"same business number, different names (a parent body's number, or an owner's)"
The Salvation Army Faith And Hope Corps,1,4633.0,The Salvation Army Roberts Arm Corps,1,2986.0,"same business number, different names (a parent body's number, or an owner's)"
Salvation Army Faith And Hope Thrift Store,3,11422.0,The Salvation Army Pasadena Thrift Store,1,2986.0,"same business number, different names (a parent body's number, or an owner's)"
Salvation Army Faith And Hope Thrift Store,3,11422.0,The Salvation Army Roberts Arm Corps,1,2986.0,"same business number, different names (a parent body's number, or an owner's)"
The Salvation Army Gander Family Services,1,3048.0,The Salvation Army Pasadena Thrift Store,1,2986.0,"same business number, different names (a parent body's number, or an owner's)"
The Salvation Army Gander Family Services,1,3048.0,The Salvation Army Roberts Arm Corps,1,2986.0,"same business number, different names (a parent body's number, or an owner's)"
The Salvation Army Governing Council for Canada,1,20000.0,The Salvation Army Pasadena Thrift Store,1,2986.0,"same business number, different names (a parent body's number, or an owner's)"
The Salvation Army Governing Council for Canada,1,20000.0,The Salvation Army Roberts Arm Corps,1,2986.0,"same business number, different names (a parent body's number, or an owner's)"
The Salvation Army Governing Council of Canada,3,9737.0,The Salvation Army Pasadena Thrift Store,1,2986.0,"same business number, different names (a parent body's number, or an owner's)"
The Salvation Army Governing Council of Canada,3,9737.0,The Salvation Army Roberts Arm Corps,1,2986.0,"same business number, different names (a parent body's number, or an owner's)"
Salvation Army Hare Bay - Dover Citadel,1,5113.0,The Salvation Army Pasadena Thrift Store,1,2986.0,"same business number, different names (a parent body's number, or an owner's)"
Salvation Army Hare Bay - Dover Citadel,1,5113.0,The Salvation Army Roberts Arm Corps,1,2986.0,"same business number, different names (a parent body's number, or an owner's)"
The Salvation Army Heritage Park Temple Corps,1,4987.0,The Salvation Army Pasadena Thrift Store,1,2986.0,"same business number, different names (a parent body's number, or an owner's)"
The Salvation Army Heritage Park Temple Corps,1,4987.0,The Salvation Army Roberts Arm Corps,1,2986.0,"same business number, different names (a parent body's number, or an owner's)"
The Salvation Army Heritage Park Temple Corps,1,4987.0,The Salvation Army Pasadena Thrift Store,1,2986.0,"same business number, different names (a parent body's number, or an owner's)"
The Salvation Army Heritage Park Temple Corps,1,4987.0,The Salvation Army Roberts Arm Corps,1,2986.0,"same business number, different names (a parent body's number, or an owner's)"
The Salvation Army Pasadena Thrift Store,1,2986.0,The Salvation Army Roberts Arm Corps,1,2986.0,"same business number, different names (a parent body's number, or an owner's)"
The Salvation Army Pasadena Thrift Store,1,2986.0,The Salvation Army Thrift Store,1,4274.0,"same business number, different names (a parent body's number, or an owner's)"
The Salvation Army Roberts Arm Corps,1,2986.0,The Salvation Army Thrift Store,1,4274.0,"same business number, different names (a parent body's number, or an owner's)"
Community Business Development Corporation Gateway,1,2986.0,Gateway Community Developement Corporation,1,4633.0,"same business number, different names (a parent body's number, or an owner's)"
Community Business Development Corporation Gateway,1,2986.0,Gateway Community Development Corporation,13,5699930.0,"same business number, different names (a parent body's number, or an owner's)"
Royal Canadian Legion Branch 365,1,2986.0,"Royal Canadian Legion, Branch #65",8,76058.0,"same business number, different names (a parent body's number, or an owner's)"
Royal Canadian Legion Branch 365,1,2986.0,Royal Canadian Legion Branch # 65 Brigus,4,36869.0,"same business number, different names (a parent body's number, or an owner's)"
New World Theatre Project Inc.,14,497407.0,New World Theatre Project Inc. Perchance Theatre Group,1,2986.0,"same business number, different names (a parent body's number, or an owner's)"
George's Brook & Milton Local Service District,1,2986.0,Town of George's Brook-Milton,4,427234.86,"same business number, different names (a parent body's number, or an owner's)"
Waterloo Loyal Orange Lodge,1,2986.0,Waterloo Loyal Orange Lodge #18,1,3055.0,"same business number, different names (a parent body's number, or an owner's)"
The Anglican Parish of All Saints,2,48000.0,Parish of Seal Cove,1,2986.0,"same business number, different names (a parent body's number, or an owner's)"
Anglican Parish of Flowers Cove,8,28944.0,Parish of Seal Cove,1,2986.0,"same business number, different names (a parent body's number, or an owner's)"
Church of Holy Spirit Isle aux Morts,5,20980.0,Parish of Seal Cove,1,2986.0,"same business number, different names (a parent body's number, or an owner's)"
Diocesan Synod of Western Newfoundland,7,36180.0,Parish of Seal Cove,1,2986.0,"same business number, different names (a parent body's number, or an owner's)"
Diocesean Synod of Western Newfoundland,3,32058.0,Parish of Seal Cove,1,2986.0,"same business number, different names (a parent body's number, or an owner's)"
Killdevil Camp and Conference Center,1,16823.0,Parish of Seal Cove,1,2986.0,"same business number, different names (a parent body's number, or an owner's)"
PARISH OF MEADOWS,1,5000.0,Parish of Seal Cove,1,2986.0,"same business number, different names (a parent body's number, or an owner's)"
Parish of Seal Cove,1,2986.0,"St. Barnabas ACW, Ang. Parish of Flowers Cove",1,4987.0,"same business number, different names (a parent body's number, or an owner's)"
Parish of Seal Cove,1,2986.0,"St. Barnabas ACW, Anglican Parish of Flowers Cove",1,3696.0,"same business number, different names (a parent body's number, or an owner's)"
Parish of Seal Cove,1,2986.0,"St. Barnabas Anglican Church Women, Anglican parish of Flowers Cove",1,4206.0,"same business number, different names (a parent body's number, or an owner's)"
Parish of Seal Cove,1,2986.0,St. Boniface Anglican Church,2,5885.0,"same business number, different names (a parent body's number, or an owner's)"
Parish of Seal Cove,1,2986.0,St. Mary's Anglican Church,1,4206.0,"same business number, different names (a parent body's number, or an owner's)"
Parish of Seal Cove,1,2986.0,St. Mary's Anglican Church - St. Anthony,1,3973.0,"same business number, different names (a parent body's number, or an owner's)"
The Newfoundland and Labrador Tri NL,1,4468.0,The Newfoundland and Labrador Triathlon Association Incorporated,1,2986.0,"same business number, different names (a parent body's number, or an owner's)"
The Newfoundland and Labrador Triathlon Association Incorporated,1,2986.0,The Newfoundland and Labrador TriNL,5,20681.0,"same business number, different names (a parent body's number, or an owner's)"
All Saints Parish,1,3971.0,Diocese of Eastern Newfoundland and Labrador,1,2986.0,"same business number, different names (a parent body's number, or an owner's)"
Anglican Cathedral of St John the Baptist,2,12081.0,Diocese of Eastern Newfoundland and Labrador,1,2986.0,"same business number, different names (a parent body's number, or an owner's)"
Anglican Parish of St.Philips,3,14306.0,Diocese of Eastern Newfoundland and Labrador,1,2986.0,"same business number, different names (a parent body's number, or an owner's)"
The Anglican Parish of St Phillip's,1,4633.0,Diocese of Eastern Newfoundland and Labrador,1,2986.0,"same business number, different names (a parent body's number, or an owner's)"
Cathedral Parish of St. John the Baptist,4,381909.0,Diocese of Eastern Newfoundland and Labrador,1,2986.0,"same business number, different names (a parent body's number, or an owner's)"
Diocesan Synod of Eastern Newfoundland and Labrador,6,34168.0,Diocese of Eastern Newfoundland and Labrador,1,2986.0,"same business number, different names (a parent body's number, or an owner's)"
Diocese of Eastern Newfoundland and Labrador,1,2986.0,Parish of All Saints,3,34370.0,"same business number, different names (a parent body's number, or an owner's)"
Diocese of Eastern Newfoundland and Labrador,1,2986.0,Parish of Heart's Content,1,3696.0,"same business number, different names (a parent body's number, or an owner's)"
Diocese of Eastern Newfoundland and Labrador,1,2986.0,Parish of St. Thomas',7,28016.0,"same business number, different names (a parent body's number, or an owner's)"
Diocese of Eastern Newfoundland and Labrador,1,2986.0,The Parish of Upper Island Cove,6,30582.0,"same business number, different names (a parent body's number, or an owner's)"
Diocese of Eastern Newfoundland and Labrador,1,2986.0,St. Mary's Church,2,5504.0,"same business number, different names (a parent body's number, or an owner's)"
N.D. Bay Hospital Aux,1,4633.0,Notre Dame Bay Memorial Hospital,1,2986.0,"same business number, different names (a parent body's number, or an owner's)"
N.D. Bay Memorial Hospital Aux,2,7261.0,Notre Dame Bay Memorial Hospital,1,2986.0,"same business number, different names (a parent body's number, or an owner's)"
Notre Dame Bay Memorial Hospital,1,2986.0,Notre Dame Bay Memorial Hospital Auxiliary,4,17769.0,"same business number, different names (a parent body's number, or an owner's)"
Newfoundland Provincial Council for The Duke of Edinburgh's Award,2,8912.0,Provincial Council for The Duke of Edinburgh's Award Young Canadians Challenge,1,2986.0,"same business number, different names (a parent body's number, or an owner's)"
Gambo Public Board,1,2986.0,Twillingate Public Library Board,1,6096.0,"same business number, different names (a parent body's number, or an owner's)"
Dermot Lee Memorial Br. 62 Royal Canadian Legion,1,4206.0,Royal Canadian Legion Dermot lee Memorial #62,1,2986.0,"same business number, different names (a parent body's number, or an owner's)"
THE DERMOT LEE MEMORIAL BRANCH ROYAL CANADIAN LEGION BRANCH 62,1,8660.0,Royal Canadian Legion Dermot lee Memorial #62,1,2986.0,"same business number, different names (a parent body's number, or an owner's)"
Dermot Lee Memorial RCLEGION Br 62,1,9973.0,Royal Canadian Legion Dermot lee Memorial #62,1,2986.0,"same business number, different names (a parent body's number, or an owner's)"
Dermot Lee Memorial Royal Canadian Legion,2,19493.0,Royal Canadian Legion Dermot lee Memorial #62,1,2986.0,"same business number, different names (a parent body's number, or an owner's)"
"Dermot Lee Memorial, Royal Canadian Legion Br. 62",3,26599.0,Royal Canadian Legion Dermot lee Memorial #62,1,2986.0,"same business number, different names (a parent body's number, or an owner's)"
Royal Canadian Legion Br. 62,2,11643.0,Royal Canadian Legion Dermot lee Memorial #62,1,2986.0,"same business number, different names (a parent body's number, or an owner's)"
Royal Canadian Legion Br. 62 Veterans Interpretation Centre,1,3055.0,Royal Canadian Legion Dermot lee Memorial #62,1,2986.0,"same business number, different names (a parent body's number, or an owner's)"
Royal Canadian Legion Branch 62,3,53984.0,Royal Canadian Legion Dermot lee Memorial #62,1,2986.0,"same business number, different names (a parent body's number, or an owner's)"
Office to Advance Women Apprentices,1,2986.0,United Brotherhood of Carpenters and Joiners of America Local 579,2,10100.0,"same business number, different names (a parent body's number, or an owner's)"
Office to Advance Women Apprentices,1,2986.0,United Brotherhood of Carpenters (Atlantic Canada Regional Council - Local 579),1,1061663.0,"same business number, different names (a parent body's number, or an owner's)"
JBS Heritage & Culture,1,3055.0,Joe Batt's Arm - Barr'd Islands - Shoal Bay Heritage and Culture,1,2986.0,"same business number, different names (a parent body's number, or an owner's)"
JBS Heritage & Culture Committee,6,45548.0,Joe Batt's Arm - Barr'd Islands - Shoal Bay Heritage and Culture,1,2986.0,"same business number, different names (a parent body's number, or an owner's)"
The Hub Physically Handicapped Centre Incorporated,6,25030.0,THE PHYSICALLY HANDICAPPED SERVICE CENTRE,1,2986.0,"same business number, different names (a parent body's number, or an owner's)"
Mazol Shrine Centre,2,3458.51,Mazol Temple Holding Corporation,1,2986.0,"same business number, different names (a parent body's number, or an owner's)"
Newfoundland Federation of Music,1,3696.0,Newfoundland Federation of Music Festivals,1,2986.0,"same business number, different names (a parent body's number, or an owner's)"
Stephenville Cultural Destination Committee,1,2986.0,Stephenville Cultural Destination Development Inc.,1,3973.0,"same business number, different names (a parent body's number, or an owner's)"
The Governing Council of The Salvation Amry.,1,2986.0,The Governing Council of the Salvation Army,2,6041.0,conflicting identifiers and disjoint postal evidence
The Governing Council of The Salvation Amry.,1,2986.0,The Governing Council of The Salvation Army,4,17812.0,conflicting identifiers and disjoint postal evidence
The Governing Council of The Salvation Amry.,1,2986.0,The Governing Council of The Salvation Army,5,14697.0,conflicting identifiers and disjoint postal evidence
The Governing Council of The Salvation Amry.,1,2986.0,The Governing Council of The Salvation Army,2,7669.0,conflicting identifiers and disjoint postal evidence
The Governing Council of The Salvation Amry.,1,2986.0,The Governing Council of The Salvation Army,1,4808.0,conflicting identifiers and disjoint postal evidence
The Governing Council of The Salvation Amry.,1,2986.0,The Governing Council of the Salvation Army,2,21518.0,conflicting identifiers and disjoint postal evidence; identity unresolved unless a named anchor settles it (governing council of salvation army [bn 107951618RR0077] / governing council of salvation army [bn 107951618])
Autism Society - Eastern Region,1,2985.0,The Autism Society of Newfoundland Western Region,1,3819.0,"same business number, different names (a parent body's number, or an owner's)"
Harold W. Duffett Shrinersd RV Park,1,2985.0,Mazol Charitable Trust Inc,5,29859.0,"same business number, different names (a parent body's number, or an owner's)"
Harold W. Duffett Shrinersd RV Park,1,2985.0,Mazol Shriners Charitable Trust Inc.,5,335033.0,"same business number, different names (a parent body's number, or an owner's)"
"Allen, Tana-Memorial University of Newfoundland",2,100000.0,"Grernfell Campus, Memorial University of Newfoundland",1,2983.0,"same business number, different names (a parent body's number, or an owner's)"
"Benoukraf, Touati Memorial University of Newfoundland",2,1000000.0,"Grernfell Campus, Memorial University of Newfoundland",1,2983.0,"same business number, different names (a parent body's number, or an owner's)"
"Berger, Harris-Memorial University of Newfoundland",1,1400000.0,"Grernfell Campus, Memorial University of Newfoundland",1,2983.0,"same business number, different names (a parent body's number, or an owner's)"
"Carter, Angela-Memorial University of Newfoundland",1,600000.0,"Grernfell Campus, Memorial University of Newfoundland",1,2983.0,"same business number, different names (a parent body's number, or an owner's)"
"Chen, Bing-Memorial University of Newfoundland",1,250000.0,"Grernfell Campus, Memorial University of Newfoundland",1,2983.0,"same business number, different names (a parent body's number, or an owner's)"
"Conference & Event Services, Signal Hill Campus, Memorial University",1,5253.0,"Grernfell Campus, Memorial University of Newfoundland",1,2983.0,"same business number, different names (a parent body's number, or an owner's)"
"Dobre, Octavia-Memorial University of Newfoundland",1,1400000.0,"Grernfell Campus, Memorial University of Newfoundland",1,2983.0,"same business number, different names (a parent body's number, or an owner's)"
"Grenfell Campus, MUN",5,10261.0,"Grernfell Campus, Memorial University of Newfoundland",1,2983.0,"same business number, different names (a parent body's number, or an owner's)"
"Grernfell Campus, Memorial University of Newfoundland",1,2983.0,Johnson GEO CENTRE,1,8208.0,"same business number, different names (a parent body's number, or an owner's)"
"Grernfell Campus, Memorial University of Newfoundland",1,2983.0,MEMORIAL UNIVERSITY OF NEWFOUNDLAND FINANCIAL AND ADMINISTRATIVE SERVICES,4,5444430.0,"same business number, different names (a parent body's number, or an owner's)"
"Grernfell Campus, Memorial University of Newfoundland",1,2983.0,Memorial University of Newfoundland Research Grant and Contract Services,1,22050.0,"same business number, different names (a parent body's number, or an owner's)"
"Grernfell Campus, Memorial University of Newfoundland",1,2983.0,Memorial University - Student Residences and Ancillary Operations,1,13440.0,"same business number, different names (a parent body's number, or an owner's)"
"Grernfell Campus, Memorial University of Newfoundland",1,2983.0,"Nguyen, Hai-Memorial University of Newfoundland",1,500000.0,"same business number, different names (a parent body's number, or an owner's)"
"Grernfell Campus, Memorial University of Newfoundland",1,2983.0,"Passow, Uta-Memorial University of Newfoundland",1,1400000.0,"same business number, different names (a parent body's number, or an owner's)"
"Grernfell Campus, Memorial University of Newfoundland",1,2983.0,Research Grant and Contract ServiceMemorial University,1,22000.0,"same business number, different names (a parent body's number, or an owner's)"
"Grernfell Campus, Memorial University of Newfoundland",1,2983.0,"Robert, Katleen-Memorial University of Newfoundland",1,500000.0,"same business number, different names (a parent body's number, or an owner's)"
"Grernfell Campus, Memorial University of Newfoundland",1,2983.0,"Welch, Nicholas-Memorial University of Newfoundland",1,500000.0,"same business number, different names (a parent body's number, or an owner's)"
"Grernfell Campus, Memorial University of Newfoundland",1,2983.0,"Ziegler, Susan-Memorial University of Newfoundland",1,1400000.0,"same business number, different names (a parent body's number, or an owner's)"
Boot Shrine Club,2,6820.0,Boot Shrine Club (Mazol Shriners),1,2851.0,"same business number, different names (a parent body's number, or an owner's)"
Green Island Cove Development Committee,1,2830.0,Green Island Cove Local Development Committee,6,21930.0,"same business number, different names (a parent body's number, or an owner's)"
Cow Head Recreation Committee,1,2830.0,Cow Head Sports & Recreation,9,34612.0,"same business number, different names (a parent body's number, or an owner's)"
Memorial United Church,5,17061.0,Memorial United Church,1,2830.0,conflicting identifiers and disjoint postal evidence
63486 NL Corp,2,2800.0,Rocket Bakery & Fresh Food,2,25000.0,"same business number, different names (a parent body's number, or an owner's)"
Heritage Society of Milltown / Head of Bay D'Espoir,1,8213.0,Town of Milltown/Hd. Bay d'Espoir,1,2793.0,"same business number, different names (a parent body's number, or an owner's)"
Town of Milltown/Hd. Bay d'Espoir,1,2793.0,Town of Milltown-Head of Bay d'Espoir,3,31658.0,"same business number, different names (a parent body's number, or an owner's)"
Cecil Brown,2,2745.0,Cecil Brown and Barbara Brown,2,170000.0,"same business number, different names (a parent body's number, or an owner's)"
Cecil Brown,2,2745.0,Cecil W. Brown,2,3744.0,"same business number, different names (a parent body's number, or an owner's)"
Blazing Horizon Cottages,1,2736.0,Cecil Brown,2,2745.0,"same business number, different names (a parent body's number, or an owner's)"
Blazing Horizon Cottages,1,2736.0,Cecil Brown and Barbara Brown,2,170000.0,"same business number, different names (a parent body's number, or an owner's)"
Blazing Horizon Cottages,1,2736.0,Cecil W. Brown,2,3744.0,"same business number, different names (a parent body's number, or an owner's)"
EASTERN EDGE ART GALLERY INC.,15,622645.0,Eastern Edge Gallery Inc.,2,2736.0,"same business number, different names (a parent body's number, or an owner's)"
TOWN OF SEAL COVE,10,20358.0,Town of Seal Cove Fortune Bay,1,2735.0,"same business number, different names (a parent body's number, or an owner's)"
Glenburnie Birchy Head Shoal B,5,33302.0,Glenburnie-Birchy Head-Shoal Brook Community Council,2,2708.0,"same business number, different names (a parent body's number, or an owner's)"
Glenburnie-Birchy Head-Shoal Brook Community Council,2,2708.0,Town of Glenburnie-Birchy Head-Shoal Brook,8,186087.0,"same business number, different names (a parent body's number, or an owner's)"
Sinbad's Ltd,5,9705.0,Sinbad's Hotel & Suites,3,2679.72,"same business number, different names (a parent body's number, or an owner's)"
Sinbad's Hotel & Suites,3,2679.72,STEELE HOTELS LIMITED,22,659682.16,"same business number, different names (a parent body's number, or an owner's)"
83806 NL & Lab Inc,1,3262.0,Green Bay Digital,3,2662.46,"same business number, different names (a parent body's number, or an owner's)"
CENTRAL KIA (GOLMAX AUTO LTD.),3,15000.0,GolMax Auto Ltd,1,2627.0,"same business number, different names (a parent body's number, or an owner's)"
B-B Takeout & Grocery,1,3262.0,bb grocery foodex,1,2627.0,"same business number, different names (a parent body's number, or an owner's)"
Whiteway Community Council,1,2627.0,Whiteway Recreation Committee,2,11318.0,"same business number, different names (a parent body's number, or an owner's)"
The Glynmill Incorporated,1,2627.0,The Glynmill Inn Incorporated,11,400621.13,"same business number, different names (a parent body's number, or an owner's)"
COMMUNITY OF CROW HEAD,1,2627.0,Town of Crow Head,2,3398.0,"same business number, different names (a parent body's number, or an owner's)"
80036 Newfoundland and Labrador Inc.,1,2627.0,GANDER TOYOTA,7,77500.0,"same business number, different names (a parent body's number, or an owner's)"
DA BIRDS EYE RESTAURANT & LOUNGE,1,2627.0,Matilda White,2,3878.0,"same business number, different names (a parent body's number, or an owner's)"
Mats Matter,1,2627.0,Miles Holdings Inc.,2,3878.0,"same business number, different names (a parent body's number, or an owner's)"
B & M Building Supplies and Hardware Inc.,1,2627.0,Fogo Island Castle Ltd.,2,4424.0,"same business number, different names (a parent body's number, or an owner's)"
Country Side Abbatoire Ltd.,1,2627.0,Countryside Abattoir Limited,3,6272.0,"same business number, different names (a parent body's number, or an owner's)"
Wikmaq Autoparts and Equipment Corporation,2,4022.0,Wikmaq Autoparts and Equipment Corportation,1,2627.0,"same business number, different names (a parent body's number, or an owner's)"
79726 Newfoundland & Labrador,2,3878.0,81655 Newfoundland and Labrador,1,2627.0,"same business number, different names (a parent body's number, or an owner's)"
Garcin's Autobody Limited,1,2627.0,Garcin's RV Centre Ltd.,2,3824.0,"same business number, different names (a parent body's number, or an owner's)"
KGS Enterprises Ltd.,3,108100.0,NCS Enterprises Ltd.,1,2627.0,"a spelling slip apart, with no business number, postal code or review to confirm it"
55 Plus Association Inc.,1,6035.0,Reidville 50 Plus Club,1,2614.0,"same business number, different names (a parent body's number, or an owner's)"
Grand Bank 50+ Club,2,45566.0,Reidville 50 Plus Club,1,2614.0,"same business number, different names (a parent body's number, or an owner's)"
Reidville 50+ Club,9,87033.0,Reidville 50 Plus Club,1,2614.0,"same business number, different names (a parent body's number, or an owner's)"
Firemen's Hydrant Club,5,22635.0,Harbour Grace Volunteer Fire Department,1,2614.0,"same business number, different names (a parent body's number, or an owner's)"
FIREMENS`S HYDRANT CLUB,1,3973.0,Harbour Grace Volunteer Fire Department,1,2614.0,"same business number, different names (a parent body's number, or an owner's)"
Harbour Grace Volunteer Fire Brigade,1,3119.0,Harbour Grace Volunteer Fire Department,1,2614.0,"same business number, different names (a parent body's number, or an owner's)"
HA of Ochre Pit Cove,1,2613.0,HARBOUR AUTHORITY OCHRE PIT COVE,2,23293.0,"same business number, different names (a parent body's number, or an owner's)"
HA of Ochre Pit Cove,1,2613.0,Harbour Authority of Ochre Pit Cove,6,25967.0,"same business number, different names (a parent body's number, or an owner's)"
PORT HOPE SIMPSON TOWN COUNCIL,10,40354.0,Town Council of Port Hope Simpsoon,1,2594.0,"same business number, different names (a parent body's number, or an owner's)"
Heart's Delight-Islington Municipal Library Volunteer Committee,1,2554.0,Town of Heart's Delight-Islington Municipal Library,4,13258.0,"same business number, different names (a parent body's number, or an owner's)"
Grant Enterprises Limited,1,2533.0,PARKWAY HYUNDAI,13,240000.0,"same business number, different names (a parent body's number, or an owner's)"
ASAN BAY INC. O/A PENNEY KIA,1,2500.0,BARMAX AUTO LTD.,11,844609.0,"same business number, different names (a parent body's number, or an owner's)"
ASAN BAY INC. O/A PENNEY KIA,1,2500.0,PENNEY KIA,7,50000.0,"same business number, different names (a parent body's number, or an owner's)"
STEELE CLARENVILLE CHRYSLER DODGE JEEP RAM,1,2500.0,STEELE ST. JOHN'S CHRYSLER DODGE JEEP RAM LIMITED,4,37500.0,"same business number, different names (a parent body's number, or an owner's)"
"Allen, Tana-Memorial University of Newfoundland",2,100000.0,"Memorial University, Grenfell Campus",1,2439.0,"same business number, different names (a parent body's number, or an owner's)"
"Benoukraf, Touati Memorial University of Newfoundland",2,1000000.0,"Memorial University, Grenfell Campus",1,2439.0,"same business number, different names (a parent body's number, or an owner's)"
"Berger, Harris-Memorial University of Newfoundland",1,1400000.0,"Memorial University, Grenfell Campus",1,2439.0,"same business number, different names (a parent body's number, or an owner's)"
"Carter, Angela-Memorial University of Newfoundland",1,600000.0,"Memorial University, Grenfell Campus",1,2439.0,"same business number, different names (a parent body's number, or an owner's)"
"Chen, Bing-Memorial University of Newfoundland",1,250000.0,"Memorial University, Grenfell Campus",1,2439.0,"same business number, different names (a parent body's number, or an owner's)"
"Conference & Event Services, Signal Hill Campus, Memorial University",1,5253.0,"Memorial University, Grenfell Campus",1,2439.0,"same business number, different names (a parent body's number, or an owner's)"
"Dobre, Octavia-Memorial University of Newfoundland",1,1400000.0,"Memorial University, Grenfell Campus",1,2439.0,"same business number, different names (a parent body's number, or an owner's)"
"Grenfell Campus, MUN",5,10261.0,"Memorial University, Grenfell Campus",1,2439.0,"same business number, different names (a parent body's number, or an owner's)"
Johnson GEO CENTRE,1,8208.0,"Memorial University, Grenfell Campus",1,2439.0,"same business number, different names (a parent body's number, or an owner's)"
"Memorial University, Grenfell Campus",1,2439.0,MEMORIAL UNIVERSITY OF NEWFOUNDLAND FINANCIAL AND ADMINISTRATIVE SERVICES,4,5444430.0,"same business number, different names (a parent body's number, or an owner's)"
"Memorial University, Grenfell Campus",1,2439.0,Memorial University of Newfoundland Research Grant and Contract Services,1,22050.0,"same business number, different names (a parent body's number, or an owner's)"
"Memorial University, Grenfell Campus",1,2439.0,Memorial University - Student Residences and Ancillary Operations,1,13440.0,"same business number, different names (a parent body's number, or an owner's)"
"Memorial University, Grenfell Campus",1,2439.0,"Nguyen, Hai-Memorial University of Newfoundland",1,500000.0,"same business number, different names (a parent body's number, or an owner's)"
"Memorial University, Grenfell Campus",1,2439.0,"Passow, Uta-Memorial University of Newfoundland",1,1400000.0,"same business number, different names (a parent body's number, or an owner's)"
"Memorial University, Grenfell Campus",1,2439.0,Research Grant and Contract ServiceMemorial University,1,22000.0,"same business number, different names (a parent body's number, or an owner's)"
"Memorial University, Grenfell Campus",1,2439.0,"Robert, Katleen-Memorial University of Newfoundland",1,500000.0,"same business number, different names (a parent body's number, or an owner's)"
"Memorial University, Grenfell Campus",1,2439.0,"Welch, Nicholas-Memorial University of Newfoundland",1,500000.0,"same business number, different names (a parent body's number, or an owner's)"
"Memorial University, Grenfell Campus",1,2439.0,"Ziegler, Susan-Memorial University of Newfoundland",1,1400000.0,"same business number, different names (a parent body's number, or an owner's)"
Gander Public & Resource Library,2,4690.0,Gander Public & resources Library,1,2425.0,"a spelling slip apart, with no business number, postal code or review to confirm it"
Boston Pizza,1,2402.0,HRH Investments Inc.,2,3150.0,"same business number, different names (a parent body's number, or an owner's)"
Immaculate Conception Parish,5,19767.0,Sacred Heart Parish,1,2376.0,"same business number, different names (a parent body's number, or an owner's)"
Our Lady of Mount Carmel RC Episcopal Corporation of Grand Falls,1,3236.0,Sacred Heart Parish,1,2376.0,"same business number, different names (a parent body's number, or an owner's)"
R.C. Episcopal Corporation of Grand Falls,7,37674.0,Sacred Heart Parish,1,2376.0,"same business number, different names (a parent body's number, or an owner's)"
RC Episcopal Corporation of Grand Falls,1,3475.0,Sacred Heart Parish,1,2376.0,"same business number, different names (a parent body's number, or an owner's)"
Roman Catholic Epiciscopal Corporation of Grand Falls,1,3605.0,Sacred Heart Parish,1,2376.0,"same business number, different names (a parent body's number, or an owner's)"
The Roman Catholic Episcopal Corp.,5,16449.0,Sacred Heart Parish,1,2376.0,"same business number, different names (a parent body's number, or an owner's)"
Roman Catholic Episcopal C Immaculate Conception Parish,3,33319.0,Sacred Heart Parish,1,2376.0,"same business number, different names (a parent body's number, or an owner's)"
Roman Catholic Episcopal Corporation of Grand Falls,9,83030.0,Sacred Heart Parish,1,2376.0,"same business number, different names (a parent body's number, or an owner's)"
Roman Catholic Parish of Brigus,6,28919.0,Sacred Heart Parish,1,2376.0,"same business number, different names (a parent body's number, or an owner's)"
Walbourne's Drug Store Inc.,1,2796.0,Walbournes Drugs Inc.,2,2373.0,"same business number, different names (a parent body's number, or an owner's)"
6890211 Canada Limited,2,2373.0,GRAND TOYOTA,12,110000.0,"same business number, different names (a parent body's number, or an owner's)"
6890211 Canada Limited,2,2373.0,JaLynn Auto Ltd.,2,5889.0,"same business number, different names (a parent body's number, or an owner's)"
6890199 Canada Limited,2,2373.0,CENTRAL KIA (GOLMAX AUTO LTD.),3,15000.0,"same business number, different names (a parent body's number, or an owner's)"
6890199 Canada Limited,2,2373.0,GolMax Auto Ltd,1,2627.0,"same business number, different names (a parent body's number, or an owner's)"
Jennifer Parsons o/c of Seaside Restaurant,1,6524.0,SEASIDE RESTAURANT (Jennifer Parsons),2,2373.0,"same business number, different names (a parent body's number, or an owner's)"
Jennifer Parsons o/c Seaside Restaurant,2,6323.0,SEASIDE RESTAURANT (Jennifer Parsons),2,2373.0,"same business number, different names (a parent body's number, or an owner's)"
Cashin's Chestnut Tree Cafe,2,2373.0,Cashin's Chestnut Tree Cafe/Groceries,1,3262.0,"same business number, different names (a parent body's number, or an owner's)"
Dean's Greenhouse,7,11089.8,Dean's Greenhouse & Flower Shop,4,2332.2,"same business number, different names (a parent body's number, or an owner's)"
Immaculate Conception Parish,5,19767.0,RC Episcopal Corporation Grand Falls,1,2292.0,"same business number, different names (a parent body's number, or an owner's)"
Our Lady of Mount Carmel RC Episcopal Corporation of Grand Falls,1,3236.0,RC Episcopal Corporation Grand Falls,1,2292.0,"same business number, different names (a parent body's number, or an owner's)"
RC Episcopal Corporation Grand Falls,1,2292.0,Roman Catholic Epiciscopal Corporation of Grand Falls,1,3605.0,"same business number, different names (a parent body's number, or an owner's)"
RC Episcopal Corporation Grand Falls,1,2292.0,The Roman Catholic Episcopal Corp.,5,16449.0,"same business number, different names (a parent body's number, or an owner's)"
RC Episcopal Corporation Grand Falls,1,2292.0,Roman Catholic Episcopal C Immaculate Conception Parish,3,33319.0,"same business number, different names (a parent body's number, or an owner's)"
RC Episcopal Corporation Grand Falls,1,2292.0,Roman Catholic Episcopal Corporation of Grand Falls,9,83030.0,"same business number, different names (a parent body's number, or an owner's)"
RC Episcopal Corporation Grand Falls,1,2292.0,Roman Catholic Parish of Brigus,6,28919.0,"same business number, different names (a parent body's number, or an owner's)"
RC Episcopal Corporation Grand Falls,1,2292.0,Sacred Heart Parish,1,2376.0,"same business number, different names (a parent body's number, or an owner's)"
Bay Roberts Pastoral Charge,1,5113.0,United Church of Canada,1,2291.0,"same business number, different names (a parent body's number, or an owner's)"
Coley's Point Grace United Community of Faith,1,3832.0,United Church of Canada,1,2291.0,"same business number, different names (a parent body's number, or an owner's)"
Coley's Point-Grace United Pastoral Charge,4,15004.0,United Church of Canada,1,2291.0,"same business number, different names (a parent body's number, or an owner's)"
All Saints Parish,1,3971.0,Parish of Heart's Content,1,2291.0,"same business number, different names (a parent body's number, or an owner's)"
Anglican Cathedral of St John the Baptist,2,12081.0,Parish of Heart's Content,1,2291.0,"same business number, different names (a parent body's number, or an owner's)"
Anglican Parish of St.Philips,3,14306.0,Parish of Heart's Content,1,2291.0,"same business number, different names (a parent body's number, or an owner's)"
The Anglican Parish of St Phillip's,1,4633.0,Parish of Heart's Content,1,2291.0,"same business number, different names (a parent body's number, or an owner's)"
Cathedral Parish of St. John the Baptist,4,381909.0,Parish of Heart's Content,1,2291.0,"same business number, different names (a parent body's number, or an owner's)"
Diocesan Synod of Eastern Newfoundland and Labrador,6,34168.0,Parish of Heart's Content,1,2291.0,"same business number, different names (a parent body's number, or an owner's)"
Diocese of Eastern Newfoundland and Labrador,1,2986.0,Parish of Heart's Content,1,2291.0,"same business number, different names (a parent body's number, or an owner's)"
Parish of All Saints,3,34370.0,Parish of Heart's Content,1,2291.0,"same business number, different names (a parent body's number, or an owner's)"
Parish of Heart's Content,1,2291.0,Parish of St. Thomas',7,28016.0,"same business number, different names (a parent body's number, or an owner's)"
Parish of Heart's Content,1,2291.0,The Parish of Upper Island Cove,6,30582.0,"same business number, different names (a parent body's number, or an owner's)"
Parish of Heart's Content,1,2291.0,St. Mary's Church,2,5504.0,"same business number, different names (a parent body's number, or an owner's)"
The United Church of Canada,1,36885.0,United Church of Canada,1,2291.0,"a spelling slip apart, with no business number, postal code or review to confirm it"
United Church of Canada,1,2291.0,United Church of Canada,2,6040.0,"a spelling slip apart, with no business number, postal code or review to confirm it"
Parish of Heart's Content,1,2291.0,Parish of Heart's Content,1,3696.0,named anchors identify different organisations
United Church of Canada,2,6040.0,United Church of Canada,1,2291.0,conflicting identifiers and disjoint postal evidence
Parish of Heart's Content,1,3696.0,Parish of Heart's Content,1,2291.0,named anchors identify different organisations
Blazing Horizon Cottages,1,2736.0,Cecil Brown / Blazing Horizon Resort,1,2252.0,"same business number, different names (a parent body's number, or an owner's)"
Cecil Brown,2,2745.0,Cecil Brown / Blazing Horizon Resort,1,2252.0,"same business number, different names (a parent body's number, or an owner's)"
Cecil Brown and Barbara Brown,2,170000.0,Cecil Brown / Blazing Horizon Resort,1,2252.0,"same business number, different names (a parent body's number, or an owner's)"
Cecil Brown / Blazing Horizon Resort,1,2252.0,Cecil W. Brown,2,3744.0,"same business number, different names (a parent body's number, or an owner's)"
Kilmory V,1,2240.0,Kilmory Ventures Inc.,8,263296.0,"same business number, different names (a parent body's number, or an owner's)"
Kilmory V,1,2240.0,Kilmory Venutres Inc,1,5253.0,"same business number, different names (a parent body's number, or an owner's)"
Robert's Arm Fire Department,5,14195.0,Town of Robert's Arm Volunteer Fire Dept Green Depot,1,2240.0,"same business number, different names (a parent body's number, or an owner's)"
COMMUNITY COUNCIL OF WOODY POI COMMUNITY COUNCIL ACCOUNT,1,2240.0,Community Council of Woody Point,6,50096.0,"same business number, different names (a parent body's number, or an owner's)"
COMMUNITY COUNCIL OF WOODY POI COMMUNITY COUNCIL ACCOUNT,1,2240.0,Town of Woody Point,8,73387.0,"same business number, different names (a parent body's number, or an owner's)"
TOWN COUNCIL OF NORRIS POINT O THE COMMUNITY OF NORRIS POINT,1,2240.0,Town of Norris Point,20,935702.0,"same business number, different names (a parent body's number, or an owner's)"
95267 Newfoundland & Labrador Inc.,1,100000.0,95267 Newfoundland & Labrador Inc. ( Woody Island Resort),1,2240.0,"same business number, different names (a parent body's number, or an owner's)"
Town Council Grand Le Pierre,1,2240.0,Town of Grand Le Pierre,2,2877.0,"same business number, different names (a parent body's number, or an owner's)"
JACQUELINE DOVE NORTH 99,1,2240.0,North 99 Motel & Pub,4,8726.0,"same business number, different names (a parent body's number, or an owner's)"
Baie Verte Consumers Co-op,6,12294.0,Baie Verte Co-op,1,2240.0,"same business number, different names (a parent body's number, or an owner's)"
DIVERSIFIED SUPPLY & RENTAL INC,1,2240.0,Diversified Supply & Supply Rentatls Inc,1,3696.0,"same business number, different names (a parent body's number, or an owner's)"
Noseworthy Chapman Chartered Accountants,4,18435.0,Noseworthy Chapman Chartered Professional Accountants,1,2240.0,"same business number, different names (a parent body's number, or an owner's)"
A&K Convenience,4,7940.0,RYAN POWELL,1,2240.0,"same business number, different names (a parent body's number, or an owner's)"
Community Council St. Paul's,1,2240.0,St. Paul's Sports and Recreation,2,9472.0,"same business number, different names (a parent body's number, or an owner's)"
Community Council St. Paul's,1,2240.0,St. Paul's Town Council,4,6795.0,"same business number, different names (a parent body's number, or an owner's)"
Community Council St. Paul's,1,2240.0,TOWN OF ST. PAUL'S,9,83340.0,"same business number, different names (a parent body's number, or an owner's)"
Redmond Hurley Pond St. Anthony Family Dental Clinic PDC,1,2240.0,Redmond Hurley Pond St. Anthony Family Dental Clinic Professional Dental Corp.,5,22102.0,"same business number, different names (a parent body's number, or an owner's)"
Lynnwell Auto Ltd.,1,2240.0,WESTERN MAZDA,5,26250.0,"same business number, different names (a parent body's number, or an owner's)"
79726 Newfoundland & Labrador,2,3878.0,79726 NEWFOUNFLAND &LABRADORR BASIC,1,2240.0,"same business number, different names (a parent body's number, or an owner's)"
Community Council Gaskiers Point La Haye,1,10050.0,Town Council Gaskier-Point La Haye,1,2240.0,"same business number, different names (a parent body's number, or an owner's)"
TOWN OF COWHEAD,1,2240.0,Town of Crow Head,2,3398.0,"a spelling slip apart, with no business number, postal code or review to confirm it"
Bay Roberts Pastoral Charge,1,5113.0,Church of Canada,1,2238.0,"same business number, different names (a parent body's number, or an owner's)"
Church of Canada,1,2238.0,Coley's Point Grace United Community of Faith,1,3832.0,"same business number, different names (a parent body's number, or an owner's)"
Church of Canada,1,2238.0,Coley's Point-Grace United Pastoral Charge,4,15004.0,"same business number, different names (a parent body's number, or an owner's)"
Church of Canada,1,2238.0,United Church of Canada,1,2291.0,"same business number, different names (a parent body's number, or an owner's)"
All Saints Parish,1,3971.0,Anglican Parish of the Holy Trinity: St. Augustine's,1,2238.0,"same business number, different names (a parent body's number, or an owner's)"
All Saints Parish,1,3971.0,St. Lukes Anglican Church,1,2238.0,"same business number, different names (a parent body's number, or an owner's)"
Anglican Cathedral of St John the Baptist,2,12081.0,Anglican Parish of the Holy Trinity: St. Augustine's,1,2238.0,"same business number, different names (a parent body's number, or an owner's)"
Anglican Cathedral of St John the Baptist,2,12081.0,St. Lukes Anglican Church,1,2238.0,"same business number, different names (a parent body's number, or an owner's)"
Anglican Parish of the Holy Trinity: St. Augustine's,1,2238.0,Anglican Parish of St.Philips,3,14306.0,"same business number, different names (a parent body's number, or an owner's)"
Anglican Parish of the Holy Trinity: St. Augustine's,1,2238.0,The Anglican Parish of St Phillip's,1,4633.0,"same business number, different names (a parent body's number, or an owner's)"
Anglican Parish of the Holy Trinity: St. Augustine's,1,2238.0,Cathedral Parish of St. John the Baptist,4,381909.0,"same business number, different names (a parent body's number, or an owner's)"
Anglican Parish of the Holy Trinity: St. Augustine's,1,2238.0,Diocesan Synod of Eastern Newfoundland and Labrador,6,34168.0,"same business number, different names (a parent body's number, or an owner's)"
Anglican Parish of the Holy Trinity: St. Augustine's,1,2238.0,Diocese of Eastern Newfoundland and Labrador,1,2986.0,"same business number, different names (a parent body's number, or an owner's)"
Anglican Parish of the Holy Trinity: St. Augustine's,1,2238.0,Parish of All Saints,3,34370.0,"same business number, different names (a parent body's number, or an owner's)"
Anglican Parish of the Holy Trinity: St. Augustine's,1,2238.0,Parish of Heart's Content,1,2291.0,"same business number, different names (a parent body's number, or an owner's)"
Anglican Parish of the Holy Trinity: St. Augustine's,1,2238.0,Parish of Heart's Content,1,3696.0,"same business number, different names (a parent body's number, or an owner's)"
Anglican Parish of the Holy Trinity: St. Augustine's,1,2238.0,Parish of St. Thomas',7,28016.0,"same business number, different names (a parent body's number, or an owner's)"
Anglican Parish of the Holy Trinity: St. Augustine's,1,2238.0,The Parish of Upper Island Cove,6,30582.0,"same business number, different names (a parent body's number, or an owner's)"
Anglican Parish of the Holy Trinity: St. Augustine's,1,2238.0,St. Lukes Anglican Church,1,2238.0,"same business number, different names (a parent body's number, or an owner's)"
Anglican Parish of the Holy Trinity: St. Augustine's,1,2238.0,St. Mary's Church,2,5504.0,"same business number, different names (a parent body's number, or an owner's)"
Anglican Parish of St.Philips,3,14306.0,St. Lukes Anglican Church,1,2238.0,"same business number, different names (a parent body's number, or an owner's)"
The Anglican Parish of St Phillip's,1,4633.0,St. Lukes Anglican Church,1,2238.0,"same business number, different names (a parent body's number, or an owner's)"
Cathedral Parish of St. John the Baptist,4,381909.0,St. Lukes Anglican Church,1,2238.0,"same business number, different names (a parent body's number, or an owner's)"
Diocesan Synod of Eastern Newfoundland and Labrador,6,34168.0,St. Lukes Anglican Church,1,2238.0,"same business number, different names (a parent body's number, or an owner's)"
Diocese of Eastern Newfoundland and Labrador,1,2986.0,St. Lukes Anglican Church,1,2238.0,"same business number, different names (a parent body's number, or an owner's)"
Parish of All Saints,3,34370.0,St. Lukes Anglican Church,1,2238.0,"same business number, different names (a parent body's number, or an owner's)"
Parish of Heart's Content,1,2291.0,St. Lukes Anglican Church,1,2238.0,"same business number, different names (a parent body's number, or an owner's)"
Parish of Heart's Content,1,3696.0,St. Lukes Anglican Church,1,2238.0,"same business number, different names (a parent body's number, or an owner's)"
Parish of St. Thomas',7,28016.0,St. Lukes Anglican Church,1,2238.0,"same business number, different names (a parent body's number, or an owner's)"
The Parish of Upper Island Cove,6,30582.0,St. Lukes Anglican Church,1,2238.0,"same business number, different names (a parent body's number, or an owner's)"
St. Lukes Anglican Church,1,2238.0,St. Mary's Church,2,5504.0,"same business number, different names (a parent body's number, or an owner's)"
Hearts Delight-Islington Ambulance Service,1,2238.0,Hearts Delight - Islington Recreation,2,38480.0,"same business number, different names (a parent body's number, or an owner's)"
Hearts Delight-Islington Ambulance Service,1,2238.0,Town of Heart's Delight Isling Recreation Committee,2,37275.0,"same business number, different names (a parent body's number, or an owner's)"
Hearts Delight-Islington Ambulance Service,1,2238.0,Town of Heart's Delight Islington Municpal Library,2,4529.0,"same business number, different names (a parent body's number, or an owner's)"
Hearts Delight-Islington Ambulance Service,1,2238.0,Town of Heart's Delight-Islington Recreation Committee,2,8279.0,"same business number, different names (a parent body's number, or an owner's)"
Point May Volunteer Fire Department,2,6096.0,Point May Volunteer Fire Dept.,1,2238.0,"same business number, different names (a parent body's number, or an owner's)"
The Anglican Parish of the Holy Trinity,2,6041.0,The Holy Spirit Cemetery Old Shop,1,2238.0,"same business number, different names (a parent body's number, or an owner's)"
The Anglican Parish of the Holy Trinity,2,6041.0,St. John the Baptist Church Whitbourne,1,2238.0,"same business number, different names (a parent body's number, or an owner's)"
The Holy Spirit Cemetery Old Shop,1,2238.0,The Parish of the Holy Trinity,14,45672.0,"same business number, different names (a parent body's number, or an owner's)"
The Holy Spirit Cemetery Old Shop,1,2238.0,St. John the Baptist Church Whitbourne,1,2238.0,"same business number, different names (a parent body's number, or an owner's)"
The Parish of the Holy Trinity,14,45672.0,St. John the Baptist Church Whitbourne,1,2238.0,"same business number, different names (a parent body's number, or an owner's)"
Middle Arm Volunteer Fire Department,1,2238.0,Middle Arm Volunteer Fire Dept.,5,13213.0,"same business number, different names (a parent body's number, or an owner's)"
Kountry Korner Inc.,9,509763.0,"Pirate's Haven ATV Friendly RV Park, Chalets & Adventures",1,2184.0,"same business number, different names (a parent body's number, or an owner's)"
Community Council of Woody Point,6,50096.0,Community Council of Woody Point Community Council Account,1,2184.0,"same business number, different names (a parent body's number, or an owner's)"
Community Council of Woody Point Community Council Account,1,2184.0,Town of Woody Point,8,73387.0,"same business number, different names (a parent body's number, or an owner's)"
Lauralee Ledrew,1,22500.0,Mark Ledrew and Lauralee Ledrew,1,2184.0,"same business number, different names (a parent body's number, or an owner's)"
Sherry L Sharron,1,2184.0,Sherry Sharron,4,9134.0,"same business number, different names (a parent body's number, or an owner's)"
J & C Sod Farm,5,36221.0,JC Sod Farm Ltd,1,2184.0,"same business number, different names (a parent body's number, or an owner's)"
Point Leamington Parks and Recreation,7,67922.0,Town Council of Point Leamington,1,2184.0,"same business number, different names (a parent body's number, or an owner's)"
POINT LEAMINGTON PARKS AND RECREATION COMMITTEE,7,17117.0,Town Council of Point Leamington,1,2184.0,"same business number, different names (a parent body's number, or an owner's)"
87144 Newfoundland and Labrador Incorporated,2,4088.0,871744 Newfoundland and Labrador Inc.,1,2184.0,"same business number, different names (a parent body's number, or an owner's)"
Goose Cove Retreat Inc.,4,526474.0,June P Perry,1,2160.0,"same business number, different names (a parent body's number, or an owner's)"
Blazing Horizon Cottages,1,2736.0,Cecil Brown / Barbara Brown,1,2106.0,"same business number, different names (a parent body's number, or an owner's)"
Cecil Brown,2,2745.0,Cecil Brown / Barbara Brown,1,2106.0,"same business number, different names (a parent body's number, or an owner's)"
Cecil Brown / Barbara Brown,1,2106.0,Cecil Brown / Blazing Horizon Resort,1,2252.0,"same business number, different names (a parent body's number, or an owner's)"
Cecil Brown / Barbara Brown,1,2106.0,Cecil W. Brown,2,3744.0,"same business number, different names (a parent body's number, or an owner's)"
P F Enterprises Ltd.,5,10016.0,PF Enterprises Ltd. Fillier's Clover Farm,1,2048.0,"same business number, different names (a parent body's number, or an owner's)"
Bay St. George Long Term Care Center,2,4424.0,Corner Brook Long Term Care Home Auxiliary,1,2030.0,"same business number, different names (a parent body's number, or an owner's)"
Bonne Bay Health Centre,3,4514.0,Corner Brook Long Term Care Home Auxiliary,1,2030.0,"same business number, different names (a parent body's number, or an owner's)"
Corner Brook Long Term Care Home Auxiliary,1,2030.0,Sir Thomas Roddick Hospital Auxiliary,4,14491.0,"same business number, different names (a parent body's number, or an owner's)"
Corner Brook Long Term Care Home Auxiliary,1,2030.0,Western Health Care Corporation,2,31429.95,"same business number, different names (a parent body's number, or an owner's)"
Corner Brook Long Term Care Home Auxiliary,1,2030.0,WESTERN REGIONAL HEALTH AUTHORITY,6,627174.25,"same business number, different names (a parent body's number, or an owner's)"
Corner Brook Long Term Care Home Auxiliary,1,2030.0,Western Regional Integrated Health Authority,4,15489.0,"same business number, different names (a parent body's number, or an owner's)"
Meaney's Limited,1,2030.0,MEANEY'S LIMITED YOGI'S,1,2240.0,"same business number, different names (a parent body's number, or an owner's)"
Carter Agencies,6,13375.0,Carters Dairy and Convenience,1,2009.0,"same business number, different names (a parent body's number, or an owner's)"
Rencontre East Community Council,7,23140.0,TOWN COUNCIL RENCONTRE EAST,1,1970.0,"same business number, different names (a parent body's number, or an owner's)"
Mary gushue,3,7626.0,The Vimy Boutique Rags To Riches,1,1848.0,"same business number, different names (a parent body's number, or an owner's)"
Donninis Express,1,1848.0,Sherry L Sharron,1,2184.0,"same business number, different names (a parent body's number, or an owner's)"
Donninis Express,1,1848.0,Sherry Sharron,4,9134.0,"same business number, different names (a parent body's number, or an owner's)"
Cashin's Chestnut Tree Cafe,2,2373.0,Cashin's Chestnut Tree Cafe/Grocery,1,1848.0,"same business number, different names (a parent body's number, or an owner's)"
Cashin's Chestnut Tree Cafe/Groceries,1,3262.0,Cashin's Chestnut Tree Cafe/Grocery,1,1848.0,"same business number, different names (a parent body's number, or an owner's)"
Gander Medical Clinic,1,2627.0,"Gander Medical Clinic Bennett, Doug Button, Eric Casey, Carmel",1,1848.0,"same business number, different names (a parent body's number, or an owner's)"
Pennyworth (2001) Limited,1,2627.0,Pennyworth (2011) Limited,1,1848.0,"same business number, different names (a parent body's number, or an owner's)"
Raymond Dwyer,3,7051.0,Red Ochre Cafe,1,1848.0,"same business number, different names (a parent body's number, or an owner's)"
Ellis House Bonavista,1,2627.0,Reagh Ellis,1,1848.0,"same business number, different names (a parent body's number, or an owner's)"
Universal Construction Co. Ltd.,1,1848.0,Universal Construction and Manufacturing Company Ltd.,1,2627.0,"same business number, different names (a parent body's number, or an owner's)"
"Allison Maloney, Marc-Alexandre Mestres",1,1848.0,The ReVibe Centre,1,2627.0,"same business number, different names (a parent body's number, or an owner's)"
Lynwell Auto Ltd,1,1848.0,WESTERN MAZDA,5,26250.0,"same business number, different names (a parent body's number, or an owner's)"
Jago Auto Ltd.(Western Toyota),1,1848.0,WESTERN TOYOTA,16,197500.0,"same business number, different names (a parent body's number, or an owner's)"
80194 Newfoundland and Labrador,1,1848.0,Shear Perfection Hair Studio,1,2240.0,"same business number, different names (a parent body's number, or an owner's)"
Corporal Jamie Brenden Murphy Community Play Park,1,2986.0,Jakeman All Grade School,2,1800.0,"same business number, different names (a parent body's number, or an owner's)"
"Allen, Tana-Memorial University of Newfoundland",2,100000.0,Memorial University of Newfoudland,1,1784.0,"same business number, different names (a parent body's number, or an owner's)"
"Benoukraf, Touati Memorial University of Newfoundland",2,1000000.0,Memorial University of Newfoudland,1,1784.0,"same business number, different names (a parent body's number, or an owner's)"
"Berger, Harris-Memorial University of Newfoundland",1,1400000.0,Memorial University of Newfoudland,1,1784.0,"same business number, different names (a parent body's number, or an owner's)"
"Carter, Angela-Memorial University of Newfoundland",1,600000.0,Memorial University of Newfoudland,1,1784.0,"same business number, different names (a parent body's number, or an owner's)"
"Chen, Bing-Memorial University of Newfoundland",1,250000.0,Memorial University of Newfoudland,1,1784.0,"same business number, different names (a parent body's number, or an owner's)"
"Conference & Event Services, Signal Hill Campus, Memorial University",1,5253.0,Memorial University of Newfoudland,1,1784.0,"same business number, different names (a parent body's number, or an owner's)"
"Dobre, Octavia-Memorial University of Newfoundland",1,1400000.0,Memorial University of Newfoudland,1,1784.0,"same business number, different names (a parent body's number, or an owner's)"
"Grenfell Campus, MUN",5,10261.0,Memorial University of Newfoudland,1,1784.0,"same business number, different names (a parent body's number, or an owner's)"
Johnson GEO CENTRE,1,8208.0,Memorial University of Newfoudland,1,1784.0,"same business number, different names (a parent body's number, or an owner's)"
Memorial University of Newfoudland,1,1784.0,MEMORIAL UNIVERSITY OF NEWFOUNDLAND FINANCIAL AND ADMINISTRATIVE SERVICES,4,5444430.0,"same business number, different names (a parent body's number, or an owner's)"
Memorial University of Newfoudland,1,1784.0,Memorial University of Newfoundland Research Grant and Contract Services,1,22050.0,"same business number, different names (a parent body's number, or an owner's)"
Memorial University of Newfoudland,1,1784.0,Memorial University - Student Residences and Ancillary Operations,1,13440.0,"same business number, different names (a parent body's number, or an owner's)"
Memorial University of Newfoudland,1,1784.0,"Nguyen, Hai-Memorial University of Newfoundland",1,500000.0,"same business number, different names (a parent body's number, or an owner's)"
Memorial University of Newfoudland,1,1784.0,"Passow, Uta-Memorial University of Newfoundland",1,1400000.0,"same business number, different names (a parent body's number, or an owner's)"
Memorial University of Newfoudland,1,1784.0,Research Grant and Contract ServiceMemorial University,1,22000.0,"same business number, different names (a parent body's number, or an owner's)"
Memorial University of Newfoudland,1,1784.0,"Robert, Katleen-Memorial University of Newfoundland",1,500000.0,"same business number, different names (a parent body's number, or an owner's)"
Memorial University of Newfoudland,1,1784.0,"Welch, Nicholas-Memorial University of Newfoundland",1,500000.0,"same business number, different names (a parent body's number, or an owner's)"
Memorial University of Newfoudland,1,1784.0,"Ziegler, Susan-Memorial University of Newfoundland",1,1400000.0,"same business number, different names (a parent body's number, or an owner's)"
Memoral University of Newfoundland,1,150000.0,Memorial University of Newfoudland,1,1784.0,"a spelling slip apart, with no business number, postal code or review to confirm it"
Memorial University of Newfoudland,1,1784.0,Memorial Universtiy of Newfoundland,1,35000.0,"a spelling slip apart, with no business number, postal code or review to confirm it"
Dory's Way Inc,1,1782.0,Dorys Way Incorperated,1,2627.0,"same business number, different names (a parent body's number, or an owner's)"
Ocean Delight Properties Limited,9,672280.0,Ocean Delight Properties Lim,1,1740.0,"same business number, different names (a parent body's number, or an owner's)"
Pets People Practice NL Inc.,1,1740.0,Pets People Practice Partners Inc,2,3504.0,"same business number, different names (a parent body's number, or an owner's)"
Pets People Practice NL Inc.,1,1740.0,West Coast Veterinary Services,3,6778.0,"same business number, different names (a parent body's number, or an owner's)"
The Hangout VR Games Cafe Inc,1,3802.0,Michael McDonald,1,1740.0,"same business number, different names (a parent body's number, or an owner's)"
Cape Broyle Community Council,2,6911.0,TWON OF CAPE BROYLE,1,1680.0,"same business number, different names (a parent body's number, or an owner's)"
Kyle Alaverdy,1,1584.0,Resilience Elite Athletic Training,1,1876.0,"same business number, different names (a parent body's number, or an owner's)"
Fogo Island PharmaChoice,1,1523.0,The RX Drug mart(Newfoundland and Labrador) Inc.,5,10110.0,"same business number, different names (a parent body's number, or an owner's)"
Forteau Community Council,2,3394.0,Town of Forteau709,1,1397.0,"same business number, different names (a parent body's number, or an owner's)"
Forteau Town Council,2,4151.0,Town of Forteau709,1,1397.0,"same business number, different names (a parent body's number, or an owner's)"
TOWN OF FORTEAU,21,356279.72,Town of Forteau709,1,1397.0,"same business number, different names (a parent body's number, or an owner's)"
FIRE SERVICE TOWN OF POINT MAY,1,2627.0,Town of Point May,1,1386.0,"same business number, different names (a parent body's number, or an owner's)"
"Allen, Tana-Memorial University of Newfoundland",2,100000.0,"Signal Hill Campus, Memorial University of NL",1,1368.0,"same business number, different names (a parent body's number, or an owner's)"
"Benoukraf, Touati Memorial University of Newfoundland",2,1000000.0,"Signal Hill Campus, Memorial University of NL",1,1368.0,"same business number, different names (a parent body's number, or an owner's)"
"Berger, Harris-Memorial University of Newfoundland",1,1400000.0,"Signal Hill Campus, Memorial University of NL",1,1368.0,"same business number, different names (a parent body's number, or an owner's)"
"Carter, Angela-Memorial University of Newfoundland",1,600000.0,"Signal Hill Campus, Memorial University of NL",1,1368.0,"same business number, different names (a parent body's number, or an owner's)"
"Chen, Bing-Memorial University of Newfoundland",1,250000.0,"Signal Hill Campus, Memorial University of NL",1,1368.0,"same business number, different names (a parent body's number, or an owner's)"
"Conference & Event Services, Signal Hill Campus, Memorial University",1,5253.0,"Signal Hill Campus, Memorial University of NL",1,1368.0,"same business number, different names (a parent body's number, or an owner's)"
"Dobre, Octavia-Memorial University of Newfoundland",1,1400000.0,"Signal Hill Campus, Memorial University of NL",1,1368.0,"same business number, different names (a parent body's number, or an owner's)"
Fisheries and Marine Institute of Memorial University,11,1009424.0,"Signal Hill Campus, Memorial University of NL",1,1368.0,"same business number, different names (a parent body's number, or an owner's)"
Fisheries & Marine Institute of Memorial University of Nfld.,19,3294815.5,"Signal Hill Campus, Memorial University of NL",1,1368.0,"same business number, different names (a parent body's number, or an owner's)"
"Grenfell Campus, Memorial University",6,19710.0,"Signal Hill Campus, Memorial University of NL",1,1368.0,"same business number, different names (a parent body's number, or an owner's)"
"Grenfell Campus, Memorial University of Newfoundland",32,99833.0,"Signal Hill Campus, Memorial University of NL",1,1368.0,"same business number, different names (a parent body's number, or an owner's)"
"Grenfell Campus, MemorialUniversity of Newfoundland",1,19152.0,"Signal Hill Campus, Memorial University of NL",1,1368.0,"same business number, different names (a parent body's number, or an owner's)"
"Grenfell Campus, MUN",5,10261.0,"Signal Hill Campus, Memorial University of NL",1,1368.0,"same business number, different names (a parent body's number, or an owner's)"
"Grernfell Campus, Memorial University of Newfoundland",1,2983.0,"Signal Hill Campus, Memorial University of NL",1,1368.0,"same business number, different names (a parent body's number, or an owner's)"
Johnson GEO CENTRE,1,8208.0,"Signal Hill Campus, Memorial University of NL",1,1368.0,"same business number, different names (a parent body's number, or an owner's)"
Memorial University,37,8142666.62,"Signal Hill Campus, Memorial University of NL",1,1368.0,"same business number, different names (a parent body's number, or an owner's)"
"Memorial University, Grenfell Campus",1,2439.0,"Signal Hill Campus, Memorial University of NL",1,1368.0,"same business number, different names (a parent body's number, or an owner's)"
Memorial University of Newfoudland,1,1784.0,"Signal Hill Campus, Memorial University of NL",1,1368.0,"same business number, different names (a parent body's number, or an owner's)"
Memorial University of Newfoundland,703,541082578.12,"Signal Hill Campus, Memorial University of NL",1,1368.0,"same business number, different names (a parent body's number, or an owner's)"
Memorial University of Newfoundland and Labrador,25,753973.5,"Signal Hill Campus, Memorial University of NL",1,1368.0,"same business number, different names (a parent body's number, or an owner's)"
"Memorial University of Newfoundland, Department of Varsity Athletics (HKR)",1,12936.0,"Signal Hill Campus, Memorial University of NL",1,1368.0,"same business number, different names (a parent body's number, or an owner's)"
Memorial University of Newfoundland - Faculty of Eng. & Applied Science,7,379000.0,"Signal Hill Campus, Memorial University of NL",1,1368.0,"same business number, different names (a parent body's number, or an owner's)"
MEMORIAL UNIVERSITY OF NEWFOUNDLAND FINANCIAL AND ADMINISTRATIVE SERVICES,4,5444430.0,"Signal Hill Campus, Memorial University of NL",1,1368.0,"same business number, different names (a parent body's number, or an owner's)"
Memorial University of Newfoundland Research Grant and Contract Services,1,22050.0,"Signal Hill Campus, Memorial University of NL",1,1368.0,"same business number, different names (a parent body's number, or an owner's)"
Memorial University - Student Residences and Ancillary Operations,1,13440.0,"Signal Hill Campus, Memorial University of NL",1,1368.0,"same business number, different names (a parent body's number, or an owner's)"
"Nguyen, Hai-Memorial University of Newfoundland",1,500000.0,"Signal Hill Campus, Memorial University of NL",1,1368.0,"same business number, different names (a parent body's number, or an owner's)"
"Passow, Uta-Memorial University of Newfoundland",1,1400000.0,"Signal Hill Campus, Memorial University of NL",1,1368.0,"same business number, different names (a parent body's number, or an owner's)"
Research Grant and Contract ServiceMemorial University,1,22000.0,"Signal Hill Campus, Memorial University of NL",1,1368.0,"same business number, different names (a parent body's number, or an owner's)"
"Robert, Katleen-Memorial University of Newfoundland",1,500000.0,"Signal Hill Campus, Memorial University of NL",1,1368.0,"same business number, different names (a parent body's number, or an owner's)"
"Signal Hill Campus, Memorial University of NL",1,1368.0,"Welch, Nicholas-Memorial University of Newfoundland",1,500000.0,"same business number, different names (a parent body's number, or an owner's)"
"Signal Hill Campus, Memorial University of NL",1,1368.0,"Ziegler, Susan-Memorial University of Newfoundland",1,1400000.0,"same business number, different names (a parent body's number, or an owner's)"
Eastern Health,4,1592817.0,Eastern Health Regional Integrated Health Authority,1,1368.0,"same business number, different names (a parent body's number, or an owner's)"
Eastern Health Regional Integrated Health Authority,1,1368.0,"Eastern Health, Sexual Assault Nursing Program",1,12900.0,"same business number, different names (a parent body's number, or an owner's)"
Eastern Health Regional Integrated Health Authority,1,1368.0,Eastern Regional Health Authority,11,4607350.49,"same business number, different names (a parent body's number, or an owner's)"
Eastern Health Regional Integrated Health Authority,1,1368.0,General Hospital Auxiliary,2,6041.0,"same business number, different names (a parent body's number, or an owner's)"
Eastern Health Regional Integrated Health Authority,1,1368.0,NEWFOUNDLAND & LABRADOR HEALTH SERVICES,7,1947786.61,"same business number, different names (a parent body's number, or an owner's)"
Eastern Health Regional Integrated Health Authority,1,1368.0,Provincial Health Authority,5,2256553.0,"same business number, different names (a parent body's number, or an owner's)"
Bonne Bay Wholesale & Retail Limited,2,1368.0,Western Pump Services Ltd.,1,50000.0,"same business number, different names (a parent body's number, or an owner's)"
DARREN JACKMAN ENTER INC,1,1368.0,DARREN JACKMAN ENTERPEISE INC,1,2580.0,"same business number, different names (a parent body's number, or an owner's)"
DARREN JACKMAN ENTER INC,1,1368.0,Darren Jackman Enterprise Inc,1,1584.0,"same business number, different names (a parent body's number, or an owner's)"
DARREN JACKMAN ENTER INC,1,1368.0,Darren Jackman Enterprises Inc.,1,2796.0,"same business number, different names (a parent body's number, or an owner's)"
133232371RT0001,1,1368.0,Ryan's Outfitters,3,7271.0,"same business number, different names (a parent body's number, or an owner's)"
854178548RP0001,1,1368.0,Donninis Express,1,1848.0,"same business number, different names (a parent body's number, or an owner's)"
854178548RP0001,1,1368.0,Sherry L Sharron,1,2184.0,"same business number, different names (a parent body's number, or an owner's)"
854178548RP0001,1,1368.0,Sherry Sharron,4,9134.0,"same business number, different names (a parent body's number, or an owner's)"
B-B Takeout & Grocery,1,3262.0,Bbgrocery,1,1368.0,"same business number, different names (a parent body's number, or an owner's)"
bb grocery foodex,1,2627.0,Bbgrocery,1,1368.0,"same business number, different names (a parent body's number, or an owner's)"
829894849RT0001,1,1368.0,"Brian Rose, Rick Rose",1,2627.0,"same business number, different names (a parent body's number, or an owner's)"
Patti Myroon,4,8302.0,Sandy Cove Pony Rides & Petting Farm,1,1368.0,"same business number, different names (a parent body's number, or an owner's)"
Sandy Cove Pony RIdes,2,3632.0,Sandy Cove Pony Rides & Petting Farm,1,1368.0,"same business number, different names (a parent body's number, or an owner's)"
801325689RP0001,1,1368.0,Jeff Jenkins; Amy Jenkins,1,2097.0,"same business number, different names (a parent body's number, or an owner's)"
TRILA AUTO LTDN,1,1368.0,Trilan auto ltd,9,20174.0,"same business number, different names (a parent body's number, or an owner's)"
Boyd Tucker,5,12538.0,Skipper Joe's Souvenirs,1,1368.0,"same business number, different names (a parent body's number, or an owner's)"
Sheri E Bombick,2,4644.0,The Turnip Bed and Breakfast,1,1368.0,"same business number, different names (a parent body's number, or an owner's)"
832760995RT0001,1,1368.0,Alex Henniffent,3,10269.0,"same business number, different names (a parent body's number, or an owner's)"
The Newfoundland Tea Company,1,1368.0,Nicole Keats,5,13624.0,"same business number, different names (a parent body's number, or an owner's)"
Cabot Endeavour Inc.,2,4644.0,Mom's Take Out Inc.,1,1368.0,"same business number, different names (a parent body's number, or an owner's)"
Thunderland Amusement Park,1,1368.0,Thunderland Amusements,1,2627.0,"same business number, different names (a parent body's number, or an owner's)"
81546 Newfoundland and Labrador Corp,1,2627.0,81546 NL&LAb Crop,1,1368.0,"same business number, different names (a parent body's number, or an owner's)"
Star Creations,1,1368.0,Stella Gale,1,2627.0,"same business number, different names (a parent body's number, or an owner's)"
Riverwood Inn INC,1,6524.0,Silverwood Inn Ltd,1,1368.0,"a spelling slip apart, with no business number, postal code or review to confirm it"
Spaniard's Bay Tourism Advisory Committee Inc,2,6224.0,Town of Spaniard's Bay,1,1340.0,"same business number, different names (a parent body's number, or an owner's)"
Killick Retirement Home Inc.,1,1270.0,Lanes Retirement Living Botwood,1,3262.0,"same business number, different names (a parent body's number, or an owner's)"
St Barbe Consumers Co-operative Society Ltd,1,2627.0,St. Barbe Consumers Co-Operation Society Ltd,1,1232.0,"same business number, different names (a parent body's number, or an owner's)"
Community Council of Comfort Cove-Newstead,1,1188.0,Town of Comfort Cove-Newstead,8,83618.33,"same business number, different names (a parent body's number, or an owner's)"
Legge's Garage and Auto Body Shop Limited,2,3452.0,Legge's Garage and Autobody Limited,1,1188.0,"same business number, different names (a parent body's number, or an owner's)"
Legge's Garage and Autobody Limited,1,1188.0,Legges Garage and Autobody Shop Ltd,1,1368.0,"same business number, different names (a parent body's number, or an owner's)"
The Community of Point Au Gaul,1,1188.0,Point Aux Gaul Recreation,2,5732.0,"same business number, different names (a parent body's number, or an owner's)"
The Community Council of Aquaforte,2,2745.0,Town Council of Aquaforte,1,1188.0,"same business number, different names (a parent body's number, or an owner's)"
Hot Tub Pros,1,1172.0,Sun Heating & Air Conditioning Ltd,12,1875856.75,"same business number, different names (a parent body's number, or an owner's)"
Cupid's Haven Inc,1,1368.0,Cupid's Haven Bed and Breakfast and Restaurant,1,1172.0,"same business number, different names (a parent body's number, or an owner's)"
829894849RT0001,1,1368.0,St.Pierre Ferry Office,1,1172.0,"same business number, different names (a parent body's number, or an owner's)"
"Brian Rose, Rick Rose",1,2627.0,St.Pierre Ferry Office,1,1172.0,"same business number, different names (a parent body's number, or an owner's)"
Jacqueline Bennett o/a Sapling Forest School,3,10268.0,Sapling Forest School,1,1026.0,"same business number, different names (a parent body's number, or an owner's)"
Dorman Roberts Ltd.,12,453732.0,Dorman Roberts Ltd. General Store,1,1005.0,"same business number, different names (a parent body's number, or an owner's)"
Corey Adams,3,130003.0,Corey R Adams,1,1005.0,"same business number, different names (a parent body's number, or an owner's)"
Corey R Adams,1,1005.0,Dreamland Kitchen Cabinets,3,4452.0,"same business number, different names (a parent body's number, or an owner's)"
Subway (Clarenville),1,1005.0,Subway@Random Inc.,4,9105.0,"same business number, different names (a parent body's number, or an owner's)"
Darren Jackman Ent. Inc.,1,1005.0,DARREN JACKMAN ENTERPEISE INC,1,2580.0,"same business number, different names (a parent body's number, or an owner's)"
Darren Jackman Ent. Inc.,1,1005.0,Darren Jackman Enterprise Inc,1,1584.0,"same business number, different names (a parent body's number, or an owner's)"
Darren Jackman Ent. Inc.,1,1005.0,Darren Jackman Enterprises Inc.,1,2796.0,"same business number, different names (a parent body's number, or an owner's)"
133232371RT0001,1,1368.0,Daniel T Ryan,1,1005.0,"same business number, different names (a parent body's number, or an owner's)"
Daniel T Ryan,1,1005.0,Ryan's Outfitters,3,7271.0,"same business number, different names (a parent body's number, or an owner's)"
Genevieve Bay Inn/Thirsty's lounge Inc,3,5843.0,Thirsty's Lounge Inc.,1,1005.0,"same business number, different names (a parent body's number, or an owner's)"
Crocker Cabins,1,1005.0,Ivy Crocker & Russell Crocker OP. Crocker Cabins,1,1368.0,"same business number, different names (a parent body's number, or an owner's)"
Atlantic Adventures Inc.,6,61135.0,"Dock Marina Restaurant, Gallery and Boat Tours",1,1005.0,"same business number, different names (a parent body's number, or an owner's)"
K & R Harwood Ltd,5,7962.0,Robins Donuts and Moorlands Ultramar,1,1005.0,"same business number, different names (a parent body's number, or an owner's)"
K & R Harwood Ltd. ( Moorlands Ultramar ),2,4270.0,Robins Donuts and Moorlands Ultramar,1,1005.0,"same business number, different names (a parent body's number, or an owner's)"
Whitsha Inn B and B,2,3216.0,Whitsha Inn Bed and Breakfast,1,1005.0,"same business number, different names (a parent body's number, or an owner's)"
Howard McGrath,1,1368.0,Howard P McGrath,1,1005.0,"same business number, different names (a parent body's number, or an owner's)"
B&B takeout and grocery,1,1005.0,bb grocery foodex,1,2627.0,"same business number, different names (a parent body's number, or an owner's)"
B&B takeout and grocery,1,1005.0,Bbgrocery,1,1368.0,"same business number, different names (a parent body's number, or an owner's)"
Play Learn and Grow Childcare Centre,1,1005.0,Wanda Cave Carrie Cave,1,2627.0,"same business number, different names (a parent body's number, or an owner's)"
Lanes Retirement Living Northern,1,3262.0,Northern Retirement Home Inc.,1,1005.0,"same business number, different names (a parent body's number, or an owner's)"
Lanes Retirement Living Port Saunders Inc,2,4475.0,Northern Retirement Home Inc.,1,1005.0,"same business number, different names (a parent body's number, or an owner's)"
Bayshore Estates Inc.,1,1005.0,Lanes Retirement Living Irishtown,1,3262.0,"same business number, different names (a parent body's number, or an owner's)"
818483091RT0001,1,1368.0,Sheldon Sharpe Sheldon Williams,1,1005.0,"same business number, different names (a parent body's number, or an owner's)"
Donna Belben,1,1005.0,Donna Belben Fast Freddy's,1,1596.0,"same business number, different names (a parent body's number, or an owner's)"
801325689RP0001,1,1368.0,The Hair Salon,1,1005.0,"same business number, different names (a parent body's number, or an owner's)"
The Hair Salon,1,1005.0,Jeff Jenkins; Amy Jenkins,1,2097.0,"same business number, different names (a parent body's number, or an owner's)"
"Fishermen's View B&B, Inc.",1,1368.0,Fishermen's View Bed and Breakfast Incorporated,1,1005.0,"same business number, different names (a parent body's number, or an owner's)"
Flynn's Ltd,1,1368.0,Glynn's Clover Farm and Liquor Express,1,1005.0,"same business number, different names (a parent body's number, or an owner's)"
BRH Enterprises Limited,1,228500.0,WEH Enterprises Limited,1,1005.0,"a spelling slip apart, with no business number, postal code or review to confirm it"
DDNC Enterprises Ltd,5,7797.0,DMJC Enterprises Inc,1,1005.0,"a spelling slip apart, with no business number, postal code or review to confirm it"
DMC ENTERPRISES,1,17770.76,DMJC Enterprises Inc,1,1005.0,"a spelling slip apart, with no business number, postal code or review to confirm it"
DMJ Enterprises Limited,2,106862.0,DMJC Enterprises Inc,1,1005.0,"a spelling slip apart, with no business number, postal code or review to confirm it"
DMJC Enterprises Inc,1,1005.0,EMC Enterprises Inc.,1,15000.0,"a spelling slip apart, with no business number, postal code or review to confirm it"
FDA Enterprises Ltd,1,10506.0,GCA Enterprises,1,1005.0,"a spelling slip apart, with no business number, postal code or review to confirm it"
GCA Enterprises,1,1005.0,LBA Enterprises Ltd,1,69930.0,"a spelling slip apart, with no business number, postal code or review to confirm it"
GCA Enterprises,1,1005.0,NCS Enterprises Ltd.,1,2627.0,"a spelling slip apart, with no business number, postal code or review to confirm it"
Corporal Jamie Brenden Murphy Community Play Park,1,2986.0,MENIHEK HIGH SCHOOL,1,1000.0,"same business number, different names (a parent body's number, or an owner's)"
Jakeman All Grade School,2,1800.0,MENIHEK HIGH SCHOOL,1,1000.0,"same business number, different names (a parent body's number, or an owner's)"
Central Northeast Health Foundation in Partnership with the Notre Dame Bay Memorial Health Centre,1,3125.0,Central Regional Integrated Health Authority,1,1000.0,"same business number, different names (a parent body's number, or an owner's)"
Advocate Youth,1,1000.0,Advocate Youth Services Cooperative,2,10177.0,"same business number, different names (a parent body's number, or an owner's)"
Advocate Youth,1,1000.0,Advocate Youth Services Cooperative CYN,1,3696.0,"same business number, different names (a parent body's number, or an owner's)"
LABRADOR-GRENFELL RIHA,1,1000.0,Provinical Health Authority,1,450000.0,"same business number, different names (a parent body's number, or an owner's)"
Corporal Jamie Brenden Murphy Community Play Park,1,2986.0,Long Range Acadamy,1,771.0,"same business number, different names (a parent body's number, or an owner's)"
Jakeman All Grade School,2,1800.0,Long Range Acadamy,1,771.0,"same business number, different names (a parent body's number, or an owner's)"
Long Range Acadamy,1,771.0,MENIHEK HIGH SCHOOL,1,1000.0,"same business number, different names (a parent body's number, or an owner's)"
Delt St john's,1,692.81,Delta St John's,115,78330.62,"a spelling slip apart, with no business number, postal code or review to confirm it"
Delta St John's,115,78330.62,Depta St john's,1,692.81,"a spelling slip apart, with no business number, postal code or review to confirm it"
HARRY'S HARBOUR RECREATION COMMITTEE INC.,1,650.0,Mary's Harbour Recreation Committee,4,26462.0,"a spelling slip apart, with no business number, postal code or review to confirm it"
Caribou Memorial Veterans Pavilion,1,579.0,Caribou Memorial Veterans Pavillion,1,579.0,"a spelling slip apart, with no business number, postal code or review to confirm it"
Sandman Signature St. John's,15,8758.26,Sandmand Signature St. John's,1,455.12,"a spelling slip apart, with no business number, postal code or review to confirm it"
Fairfield by Mariott,1,449.87,Fairfield by Marriott,10,4575.23,"a spelling slip apart, with no business number, postal code or review to confirm it"
Holiday Inn St.John's Conference Center,1,384.21,Holiday Inn St. John's Conference Centre,19,5143.1,"a spelling slip apart, with no business number, postal code or review to confirm it"
Marystown Hotel and Convention Center,2,360.13,Marystown Hotel and Convention Centre,14,5641.04,"a spelling slip apart, with no business number, postal code or review to confirm it"
Crossroads Inn amd Suites,1,340.96,Crossroads Inn and Suites,9,1324.53,"a spelling slip apart, with no business number, postal code or review to confirm it"
The Glymill Inn Inc.,1,330.88,The Glynmill Inn Incorporated,11,400621.13,"a spelling slip apart, with no business number, postal code or review to confirm it"
Best Western Plus - St. Johnn's Airport Hotel & Suites,1,327.37,"Best Western Plus, St. John's Airport Hotel & Suites",5,2333.47,"a spelling slip apart, with no business number, postal code or review to confirm it"
Costco Wholesale,47,6483.46,Costco Wholesales,3,298.05,"a spelling slip apart, with no business number, postal code or review to confirm it"
All Newfoundland and Labrador,7,226.96,Vale Newfoundland and Labrador Limited,3,698000.0,"a spelling slip apart, with no business number, postal code or review to confirm it"
BNL Enterprises,3,225.46,BRH Enterprises Limited,1,228500.0,"a spelling slip apart, with no business number, postal code or review to confirm it"
BNL Enterprises,3,225.46,DAL ENTERPRISES LTD,6,11753.0,"a spelling slip apart, with no business number, postal code or review to confirm it"
BNL Enterprises,3,225.46,JSL Enterprises Limited o/a All Wheel Drive,2,117216.51,"a spelling slip apart, with no business number, postal code or review to confirm it"
BNL Enterprises,3,225.46,TJL Enterprises Ltd.,2,8514.0,"a spelling slip apart, with no business number, postal code or review to confirm it"
Capital Hotel,21,10310.22,Capitol Hotel,2,206.68,"a spelling slip apart, with no business number, postal code or review to confirm it"
Sandman Signature Hotel- St. John's,9,3599.84,Sandmand Signature Hotel- St. John's,1,199.31,"a spelling slip apart, with no business number, postal code or review to confirm it"
Canada Post,593,1502573.38,Canda Post,2,193.74,"a spelling slip apart, with no business number, postal code or review to confirm it"
Delta Hotel St John's,1,181.63,Delta Hotels – St. John’s,1,30673.44,"a spelling slip apart, with no business number, postal code or review to confirm it"
Louis Gees Pizza and Donair,6,371.61,Louis Gees Pizza and Donairs,3,175.49,"a spelling slip apart, with no business number, postal code or review to confirm it"
Ultramar,12,207.71,Ultramart,3,175.44,"a spelling slip apart, with no business number, postal code or review to confirm it"
H. Spurell,1,153.51,H. Spurrell,19,9824.58,"a spelling slip apart, with no business number, postal code or review to confirm it"
BUCKMASTER'S CIRCLE COMMUNITY CENTER INC,1,150.0,Buckmasters Circle Community Centre Inc.,20,911100.0,"a spelling slip apart, with no business number, postal code or review to confirm it"
Wesley United Church,2,6041.0,Westley United Church,1,140.35,"a spelling slip apart, with no business number, postal code or review to confirm it"
Dick's Fish and Chips,23,1430.89,Dicks Fish and Cips,1,137.76,"a spelling slip apart, with no business number, postal code or review to confirm it"
Delta St.Johns Hotel and Conference Center,2,290.2,Delta St. John's Hotel & Conference Centre,1,124.22,"a spelling slip apart, with no business number, postal code or review to confirm it"
Garden Center Florist,1,100.87,Garden Centre Florist,1,100.88,"a spelling slip apart, with no business number, postal code or review to confirm it"
Larry's Refrigeration & Appliance Repair INC,10,11171.54,Larry's Refrigeration & Applicance Repair,2,90.36,"a spelling slip apart, with no business number, postal code or review to confirm it"
Salvation Army,1,87.72,The Salvation Army,1,4633.0,conflicting identifiers and disjoint postal evidence; identity unresolved unless a named anchor settles it (salvation army / salvation army [bn 107951618RR0089])
Salvation Army,1,87.72,The Salvation Army,5,18852.0,conflicting identifiers and disjoint postal evidence; identity unresolved unless a named anchor settles it (salvation army / salvation army [bn 107951618RR0434])
Salvation Army,1,87.72,The Salvation Army,1,4633.0,conflicting identifiers and disjoint postal evidence; identity unresolved unless a named anchor settles it (salvation army / salvation army [bn 107951618RR0441])
Salvation Army,1,87.72,The Salvation Army,2,7092.0,conflicting identifiers and disjoint postal evidence; identity unresolved unless a named anchor settles it (salvation army / salvation army [bn 107951618])
St. John's Intl Airport,1,78.95,St. John's Itnl Airport,2,78.95,"a spelling slip apart, with no business number, postal code or review to confirm it"
Jiffy Cab,2,74.48,Jiffy Cabs,57,1351.21,"a spelling slip apart, with no business number, postal code or review to confirm it"
Dick's Fish and Chips,23,1430.89,Dicks's Fish and Chips,1,70.29,"a spelling slip apart, with no business number, postal code or review to confirm it"
Dicks Fish and Cips,1,137.76,Dicks's Fish and Chips,1,70.29,"a spelling slip apart, with no business number, postal code or review to confirm it"
Louie Gees Pizza,1,69.2,Louis Gees Pizza,1,89.22,"a spelling slip apart, with no business number, postal code or review to confirm it"
BNL Enterprises,3,225.46,BNL Enterprisess,1,66.73,"a spelling slip apart, with no business number, postal code or review to confirm it"
Bonavista Flower and Gift,1,60.53,Bonavista Flower and Gifts,2,147.28,"a spelling slip apart, with no business number, postal code or review to confirm it"
Canada Post,593,1502573.38,Canadas Post,1,59.9,"a spelling slip apart, with no business number, postal code or review to confirm it"
Prevention Magazine 1-year subscription,2,84.74,Prevention Mazazine 1-year subscription,1,58.03,"a spelling slip apart, with no business number, postal code or review to confirm it"
Barnes Store Limited,2,4211.0,Byrne's Store,2,58.0,"a spelling slip apart, with no business number, postal code or review to confirm it"
Bonavista Flower and Gifts,2,147.28,Bonavista Flowers and Gifts,1,55.48,"a spelling slip apart, with no business number, postal code or review to confirm it"
Bonavista Flower and Gift,1,60.53,Bonavista Flowers and Gifts,1,55.48,"a spelling slip apart, with no business number, postal code or review to confirm it"
The Anglican Parish of the Good Shepherd,5,120.79,Anglican Parish of the Good Sheppard,2,48.25,"a spelling slip apart, with no business number, postal code or review to confirm it"
Royal Canadaian Legion (BR 47 Labrador City),1,43.86,ROYAL CANADIAN LEGION (BR 47 LABRADOR CITY),2,100.0,"a spelling slip apart, with no business number, postal code or review to confirm it"
Giffy Cab,1,36.82,Jiffy Cab,2,74.48,"a spelling slip apart, with no business number, postal code or review to confirm it"
DMJ Enterprises Limited,2,106862.0,GJM Enterprises Ltd,1,31.01,"a spelling slip apart, with no business number, postal code or review to confirm it"
GCA Enterprises,1,1005.0,GJM Enterprises Ltd,1,31.01,"a spelling slip apart, with no business number, postal code or review to confirm it"
GJM Enterprises Ltd,1,31.01,KTM Enterprises Limited,1,18000.0,"a spelling slip apart, with no business number, postal code or review to confirm it"
GJM Enterprises Ltd,1,31.01,TJL Enterprises Ltd.,2,8514.0,"a spelling slip apart, with no business number, postal code or review to confirm it"
Knight of Columbus Bell Island,1,30.7,Knights of Columbus Bell Island,1,30.7,"a spelling slip apart, with no business number, postal code or review to confirm it"
Costco Wholesale,47,6483.46,Costco Wholesalers,1,30.25,"a spelling slip apart, with no business number, postal code or review to confirm it"
Costco Wholesalers,1,30.25,Costco Wholesales,3,298.05,"a spelling slip apart, with no business number, postal code or review to confirm it"
"Foodland, Chanel-Port aux Basques",3,29.78,"Foodland, Channel-Port aux Basques",11,1000.71,"a spelling slip apart, with no business number, postal code or review to confirm it"
"Couche-Tard Inc. QPS, Deer Lake",1,29.87,"Couche-Tarde Inc. QPS, Deer Lake",1,27.54,"a spelling slip apart, with no business number, postal code or review to confirm it"
Rod Dunne,7,163.52,Rodd Dunne,1,20.18,"a spelling slip apart, with no business number, postal code or review to confirm it"
Nort Atlantic Orange Store,1,11.86,north atlantic orange store,31,707.79,"a spelling slip apart, with no business number, postal code or review to confirm it"
Nort Atlantic Orange Store,1,11.86,North Atlantic Orangestore,13,217.27,"a spelling slip apart, with no business number, postal code or review to confirm it"
Macdonalds,1,26.63,Mcdonalds,1,9.7,"a spelling slip apart, with no business number, postal code or review to confirm it"
Shoppers Drug Mart,33,2702.74,Shopper's Dug Mart,1,9.07,"a spelling slip apart, with no business number, postal code or review to confirm it"
Clarenvilel area Co-op,1,8.94,Clarenville Area Co-op,5,97.8,"a spelling slip apart, with no business number, postal code or review to confirm it"
Rod Dunne (taxi),4,76.93,Rodd Dunne Taxi,1,8.42,"a spelling slip apart, with no business number, postal code or review to confirm it"
The Alt Hotel,1,7.89,Alt Hotels,1,420.89,"a spelling slip apart, with no business number, postal code or review to confirm it"
Clarenvilel area Co-op,1,8.94,CVlarenville Area Co-op,1,7.82,"a spelling slip apart, with no business number, postal code or review to confirm it"
Clarenville Area Co-op,5,97.8,CVlarenville Area Co-op,1,7.82,"a spelling slip apart, with no business number, postal code or review to confirm it"
North Altantic,1,3.08,north atlantic,29,650672.21,"a spelling slip apart, with no business number, postal code or review to confirm it"
"Allen, Tana-Memorial University of Newfoundland",2,100000.0,"Grenfell Campus Art Gallery, Grenfell Campus, Memorial University",1,0.0,"same business number, different names (a parent body's number, or an owner's)"
"Benoukraf, Touati Memorial University of Newfoundland",2,1000000.0,"Grenfell Campus Art Gallery, Grenfell Campus, Memorial University",1,0.0,"same business number, different names (a parent body's number, or an owner's)"
"Berger, Harris-Memorial University of Newfoundland",1,1400000.0,"Grenfell Campus Art Gallery, Grenfell Campus, Memorial University",1,0.0,"same business number, different names (a parent body's number, or an owner's)"
"Carter, Angela-Memorial University of Newfoundland",1,600000.0,"Grenfell Campus Art Gallery, Grenfell Campus, Memorial University",1,0.0,"same business number, different names (a parent body's number, or an owner's)"
"Chen, Bing-Memorial University of Newfoundland",1,250000.0,"Grenfell Campus Art Gallery, Grenfell Campus, Memorial University",1,0.0,"same business number, different names (a parent body's number, or an owner's)"
"Conference & Event Services, Signal Hill Campus, Memorial University",1,5253.0,"Grenfell Campus Art Gallery, Grenfell Campus, Memorial University",1,0.0,"same business number, different names (a parent body's number, or an owner's)"
"Dobre, Octavia-Memorial University of Newfoundland",1,1400000.0,"Grenfell Campus Art Gallery, Grenfell Campus, Memorial University",1,0.0,"same business number, different names (a parent body's number, or an owner's)"
Fisheries and Marine Institute of Memorial University,11,1009424.0,"Grenfell Campus Art Gallery, Grenfell Campus, Memorial University",1,0.0,"same business number, different names (a parent body's number, or an owner's)"
Fisheries & Marine Institute of Memorial University of Nfld.,19,3294815.5,"Grenfell Campus Art Gallery, Grenfell Campus, Memorial University",1,0.0,"same business number, different names (a parent body's number, or an owner's)"
"Grenfell Campus Art Gallery, Grenfell Campus, Memorial University",1,0.0,"Grenfell Campus, Memorial University",6,19710.0,"same business number, different names (a parent body's number, or an owner's)"
"Grenfell Campus Art Gallery, Grenfell Campus, Memorial University",1,0.0,"Grenfell Campus, Memorial University of Newfoundland",32,99833.0,"same business number, different names (a parent body's number, or an owner's)"
"Grenfell Campus Art Gallery, Grenfell Campus, Memorial University",1,0.0,"Grenfell Campus, MemorialUniversity of Newfoundland",1,19152.0,"same business number, different names (a parent body's number, or an owner's)"
"Grenfell Campus Art Gallery, Grenfell Campus, Memorial University",1,0.0,"Grenfell Campus, MUN",5,10261.0,"same business number, different names (a parent body's number, or an owner's)"
"Grenfell Campus Art Gallery, Grenfell Campus, Memorial University",1,0.0,"Grernfell Campus, Memorial University of Newfoundland",1,2983.0,"same business number, different names (a parent body's number, or an owner's)"
"Grenfell Campus Art Gallery, Grenfell Campus, Memorial University",1,0.0,Johnson GEO CENTRE,1,8208.0,"same business number, different names (a parent body's number, or an owner's)"
"Grenfell Campus Art Gallery, Grenfell Campus, Memorial University",1,0.0,Memorial University,37,8142666.62,"same business number, different names (a parent body's number, or an owner's)"
"Grenfell Campus Art Gallery, Grenfell Campus, Memorial University",1,0.0,"Memorial University, Grenfell Campus",1,2439.0,"same business number, different names (a parent body's number, or an owner's)"
"Grenfell Campus Art Gallery, Grenfell Campus, Memorial University",1,0.0,Memorial University of Newfoudland,1,1784.0,"same business number, different names (a parent body's number, or an owner's)"
"Grenfell Campus Art Gallery, Grenfell Campus, Memorial University",1,0.0,Memorial University of Newfoundland,703,541082578.12,"same business number, different names (a parent body's number, or an owner's)"
"Grenfell Campus Art Gallery, Grenfell Campus, Memorial University",1,0.0,Memorial University of Newfoundland and Labrador,25,753973.5,"same business number, different names (a parent body's number, or an owner's)"
"Grenfell Campus Art Gallery, Grenfell Campus, Memorial University",1,0.0,"Memorial University of Newfoundland, Department of Varsity Athletics (HKR)",1,12936.0,"same business number, different names (a parent body's number, or an owner's)"
"Grenfell Campus Art Gallery, Grenfell Campus, Memorial University",1,0.0,Memorial University of Newfoundland - Faculty of Eng. & Applied Science,7,379000.0,"same business number, different names (a parent body's number, or an owner's)"
"Grenfell Campus Art Gallery, Grenfell Campus, Memorial University",1,0.0,MEMORIAL UNIVERSITY OF NEWFOUNDLAND FINANCIAL AND ADMINISTRATIVE SERVICES,4,5444430.0,"same business number, different names (a parent body's number, or an owner's)"
"Grenfell Campus Art Gallery, Grenfell Campus, Memorial University",1,0.0,Memorial University of Newfoundland Research Grant and Contract Services,1,22050.0,"same business number, different names (a parent body's number, or an owner's)"
"Grenfell Campus Art Gallery, Grenfell Campus, Memorial University",1,0.0,Memorial University - Student Residences and Ancillary Operations,1,13440.0,"same business number, different names (a parent body's number, or an owner's)"
"Grenfell Campus Art Gallery, Grenfell Campus, Memorial University",1,0.0,"Nguyen, Hai-Memorial University of Newfoundland",1,500000.0,"same business number, different names (a parent body's number, or an owner's)"
"Grenfell Campus Art Gallery, Grenfell Campus, Memorial University",1,0.0,"Passow, Uta-Memorial University of Newfoundland",1,1400000.0,"same business number, different names (a parent body's number, or an owner's)"
"Grenfell Campus Art Gallery, Grenfell Campus, Memorial University",1,0.0,Research Grant and Contract ServiceMemorial University,1,22000.0,"same business number, different names (a parent body's number, or an owner's)"
"Grenfell Campus Art Gallery, Grenfell Campus, Memorial University",1,0.0,"Robert, Katleen-Memorial University of Newfoundland",1,500000.0,"same business number, different names (a parent body's number, or an owner's)"
"Grenfell Campus Art Gallery, Grenfell Campus, Memorial University",1,0.0,"Signal Hill Campus, Memorial University of NL",1,1368.0,"same business number, different names (a parent body's number, or an owner's)"
"Grenfell Campus Art Gallery, Grenfell Campus, Memorial University",1,0.0,"Welch, Nicholas-Memorial University of Newfoundland",1,500000.0,"same business number, different names (a parent body's number, or an owner's)"
"Grenfell Campus Art Gallery, Grenfell Campus, Memorial University",1,0.0,"Ziegler, Susan-Memorial University of Newfoundland",1,1400000.0,"same business number, different names (a parent body's number, or an owner's)"
2G Outfitters Ltd.,1,0.0,Clifford Vincent,1,64229.45,"same business number, different names (a parent body's number, or an owner's)"
Fogo Island Shop ¯ A Division of Shorefast Social Enterprises Inc.,1,0.0,Shorefast Social Enterprises Inc.,5,2880000.0,"same business number, different names (a parent body's number, or an owner's)"
Dildo Island Boat Tours & Adventures Ltd.,7,362340.0,Dildo Island Tours and Adventures inc.,1,0.0,"same business number, different names (a parent body's number, or an owner's)"
Provincial Council NFLD and Labrador,1,12220.0,Scouts Canada (NL) Properties Inc.,1,0.0,"same business number, different names (a parent body's number, or an owner's)"
Scouts Canada,4,25905.0,Scouts Canada (NL) Properties Inc.,1,0.0,"same business number, different names (a parent body's number, or an owner's)"
Port au Choix Pharmacy,4,6412.0,Port aux Choix Pharmacy,1,0.0,"same business number, different names (a parent body's number, or an owner's)"
Petty Harbour Fishermens' Co-operative Society Ltd,1,14960.0,Petty Harbour Fishermens Producer Co-operative,1,0.0,"same business number, different names (a parent body's number, or an owner's)"
STAR OF THE SEA ASSOCIATION(2005) INC,1,0.0,Star Of The Sea Associaton (20050) Inc,1,3055.0,"same business number, different names (a parent body's number, or an owner's)"
Central Health - Valley Vista,1,0.0,Central Northeast Health Foundation in Partnership with the Notre Dame Bay Memorial Health Centre,1,3125.0,"same business number, different names (a parent body's number, or an owner's)"
Central Health - Valley Vista,1,0.0,Central Regional Integrated Health Authority,1,1000.0,"same business number, different names (a parent body's number, or an owner's)"
Port Rexton Community Council,4,8073.0,Port Rexton Rec Comm chall 92,1,0.0,"same business number, different names (a parent body's number, or an owner's)"
Deer Lake Public Library,6,217205.0,Harmsworth Public Library Board,1,0.0,"same business number, different names (a parent body's number, or an owner's)"
Harmsworth Public Library Board,1,0.0,Provincial Information and Library Resources Board,22,495710.0,"same business number, different names (a parent body's number, or an owner's)"
Michelle Ball,2,8918.0,Michelle Ball Janitorial,1,0.0,"same business number, different names (a parent body's number, or an owner's)"
Town of St. Vincent's,1,0.0,TOWN OF ST.VINCENT'S-ST. STEPHEN'S-PETER'S RIVER,9,35600.0,"same business number, different names (a parent body's number, or an owner's)"
BADGER DINER,8,75076.47,Badger Diner Bar & Grill,1,0.0,"same business number, different names (a parent body's number, or an owner's)"
Kraken Robotic Systems Inc.,24,104211825.11,Kraken Sonar Systems Inc.,1,0.0,"same business number, different names (a parent body's number, or an owner's)"
Canadian Red Cross Society,1,0.0,The Canadian Red Cross Society La Société Canadienne de la Croix-Rouge,1,4633.0,"same business number, different names (a parent body's number, or an owner's)"
KIMJ CONSTRUCTION LTD,1,29134.45,KMJ CONSTUCTION LTD,1,0.0,"a spelling slip apart, with no business number, postal code or review to confirm it"
KMJ COBNSTRUCTION LTD,1,12072.32,KMJ CONSTUCTION LTD,1,0.0,"a spelling slip apart, with no business number, postal code or review to confirm it"
Kmj Construction Ltd,99,3054583.73,KMJ CONSTUCTION LTD,1,0.0,"a spelling slip apart, with no business number, postal code or review to confirm it"
KMJ CONSTUCTION LTD,1,0.0,KMJ OCNSTRUCTION LTD,1,11668.03,"a spelling slip apart, with no business number, postal code or review to confirm it"
Coleman Management Services,1,0.0,COLEMANS MANAGEMENT SERVICES LTD,2,46454.51,"a spelling slip apart, with no business number, postal code or review to confirm it"
Memoral University of Newfoundland,1,150000.0,Memorial University of Newfondland,1,0.0,"a spelling slip apart, with no business number, postal code or review to confirm it"
Memorial University of Newfondland,1,0.0,Memorial University of Newfoudland,1,1784.0,"a spelling slip apart, with no business number, postal code or review to confirm it"
Memorial University of Newfondland,1,0.0,Memorial University of Newfoundland,703,541082578.12,"a spelling slip apart, with no business number, postal code or review to confirm it"
Memorial University of Newfondland,1,0.0,Memorial Universtiy of Newfoundland,1,35000.0,"a spelling slip apart, with no business number, postal code or review to confirm it"
EDR Enterprises LTD,1,0.0,EMC Enterprises Inc.,1,15000.0,"a spelling slip apart, with no business number, postal code or review to confirm it"
EDR Enterprises LTD,1,0.0,FDA Enterprises Ltd,1,10506.0,"a spelling slip apart, with no business number, postal code or review to confirm it"
Harbourside Engineering Consultant,1,0.0,HARBOURSIDE ENGINEERING CONSULTANTS,17,1126936.64,"a spelling slip apart, with no business number, postal code or review to confirm it"
BUDGELL'S SPORT AND MARINE,1,19548.85,Budgell's Sports & Marine Limited,1,0.0,"a spelling slip apart, with no business number, postal code or review to confirm it"
MOUNT PEARL PARADISE CHAMBER,19,2085.0,Mount Peral Paradise Chamber,2,0.0,"a spelling slip apart, with no business number, postal code or review to confirm it"
Red Bay Recreation Commission,1,0.0,RED BAY RECREATIONAL COMMISSION,1,500.0,"a spelling slip apart, with no business number, postal code or review to confirm it"
Dee Jay Charters,1,0.0,Deejay Charters Inc.,1,11088.0,conflicting identifiers and disjoint postal evidence
