record_id,printed_supplier,before_supplier_key,after_supplier_key,dataset,amount,included_in_headline,source_url,source_file,locator
fed_grant-0044d54066a3,TOYOTA PLAZA,toyota plaza [bn 775115819],toyota plaza,fed_grant,17500.00,True,"https://search.open.canada.ca/grants/record/tc,217-2026-2027-Q1-91363,current",federal/grants_NL.jsonl,"agreement 217-2026-2027-Q1-91363, amendment 0"
fed_grant-006fff8fc17b,Nunatsiavut Government,nunatsiavut government [bn 122259609],nunatsiavut government,fed_grant,1000000.00,True,"https://search.open.canada.ca/grants/record/dfo-mpo,086-2020-2021-Q1-00139,current",federal/grants_NL.jsonl,"agreement 086-2020-2021-Q1-00139, amendment 1"
fed_grant-00908ba110c3,Come By Chance Recreation Commission,come by chance recreation commission [bn 108125790],come by chance recreation commission,fed_grant,4788.00,True,"https://search.open.canada.ca/grants/record/esdc-edsc,141-2019-2020-Q1-10526,current",federal/grants_NL.jsonl,"agreement 141-2019-2020-Q1-10526, amendment 0"
fed_grant-00d26aeda1ba,Burgeo Recreation Commission,burgeo recreation commission [bn 862754702],burgeo recreation commission,fed_grant,5792.00,True,"https://search.open.canada.ca/grants/record/esdc-edsc,141-2019-2020-Q1-10017,current",federal/grants_NL.jsonl,"agreement 141-2019-2020-Q1-10017, amendment 0"
fed_grant-01115937126c,Nunatsiavut Government,nunatsiavut government [bn 122259609],nunatsiavut government,fed_grant,988012.00,True,"https://search.open.canada.ca/grants/record/acoa-apeca,276-2026-2027-Q1-00188,current",federal/grants_NL.jsonl,"agreement 276-2026-2027-Q1-00188, amendment 0"
fed_grant-01522c6557cd,Angler Solutions Inc.,angler solutions [bn 788372142],angler solutions,fed_grant,29625.00,True,"https://search.open.canada.ca/grants/record/nrc-cnrc,172-2025-2026-Q1-1030297,current",federal/grants_NL.jsonl,"agreement 172-2025-2026-Q1-1030297, amendment 1"
fed_grant-01f7598e3699,Point Leamington Parks and Recreation Committee,point leamington parks and recreation committee,point leamington parks and recreation,fed_grant,6337.00,True,"https://search.open.canada.ca/grants/record/esdc-edsc,141-2020-2021-Q4-04309,current",federal/grants_NL.jsonl,"agreement 141-2020-2021-Q4-04309, amendment 0"
fed_grant-0265e9c0afaf,Angler Solutions Inc.,angler solutions [bn 788372142],angler solutions,fed_grant,30000.00,True,"https://search.open.canada.ca/grants/record/nrc-cnrc,172-2023-2024-Q1-1006029,current",federal/grants_NL.jsonl,"agreement 172-2023-2024-Q1-1006029, amendment 0"
fed_grant-02a18112ab66,Town of Springdale,town of springdale [bn 818402877],town of springdale,fed_grant,3973.00,True,"https://search.open.canada.ca/grants/record/esdc-edsc,141-2021-2022-Q2-03061,current",federal/grants_NL.jsonl,"agreement 141-2021-2022-Q2-03061, amendment 0"
fed_grant-02a4791fccef,Nunatsiavut Government,nunatsiavut government [bn 122259609],nunatsiavut government,fed_grant,460391.00,True,"https://search.open.canada.ca/grants/record/hc-sc,271-2020-2021-Q4-00077,current",federal/grants_NL.jsonl,"agreement 271-2020-2021-Q4-00077, amendment 1"
fed_grant-03152bb49b71,LABRADOR HUNTING AND FISHING ASSOCIATION INC,labrador hunting and fishing association [bn 823296884],labrador hunting and fishing association,fed_grant,5113.00,True,"https://search.open.canada.ca/grants/record/esdc-edsc,014-2025-2026-Q2-00593,current",federal/grants_NL.jsonl,"agreement 014-2025-2026-Q2-00593, amendment 0"
fed_grant-03b078645914,Nunatsiavut Government,nunatsiavut government [bn 122259609],nunatsiavut government,fed_grant,94600.00,True,"https://search.open.canada.ca/grants/record/dfo-mpo,086-2020-2021-Q1-00360,current",federal/grants_NL.jsonl,"agreement 086-2020-2021-Q1-00360, amendment 0"
fed_grant-03ce94eae3ac,Conche Recreation Committee,conche recreation committee [bn 795011600],conche recreation committee,fed_grant,3605.00,True,"https://search.open.canada.ca/grants/record/esdc-edsc,141-2022-2023-Q2-30911,current",federal/grants_NL.jsonl,"agreement 141-2022-2023-Q2-30911, amendment 0"
fed_grant-03f38e5e3874,PELMO International Incorporated,pelmo international [bn 781702873],pelmo international,fed_grant,50000.00,True,"https://search.open.canada.ca/grants/record/acoa-apeca,276-2020-2021-Q2-00363,current",federal/grants_NL.jsonl,"agreement 276-2020-2021-Q2-00363, amendment 0"
fed_grant-04cc58852598,The Parish of Upper Island Cove,parish of upper island cove [bn 805989555],parish of upper island cove,fed_grant,4633.00,True,"https://search.open.canada.ca/grants/record/esdc-edsc,141-2023-2024-Q2-03744,current",federal/grants_NL.jsonl,"agreement 141-2023-2024-Q2-03744, amendment 0"
fed_grant-05b476f6a65e,Marble Zip Tours Inc,marble zip tours [bn 831818166],marble zip tours,fed_grant,2184.00,True,"https://search.open.canada.ca/grants/record/esdc-edsc,141-2024-2025-Q2-02180,current",federal/grants_NL.jsonl,"agreement 141-2024-2025-Q2-02180, amendment 0"
fed_grant-05d203d49466,Labrador Hunting and Fishing Association Inc,labrador hunting and fishing association [bn 823296884],labrador hunting and fishing association,fed_grant,4987.00,True,"https://search.open.canada.ca/grants/record/esdc-edsc,141-2024-2025-Q2-03374,current",federal/grants_NL.jsonl,"agreement 141-2024-2025-Q2-03374, amendment 0"
fed_grant-06a0ad279917,Come By Chance Recreation Commission,come by chance recreation commission [bn 827254517],come by chance recreation commission,fed_grant,9703.00,True,"https://search.open.canada.ca/grants/record/esdc-edsc,141-2018-2019-Q1-13090,current",federal/grants_NL.jsonl,"agreement 141-2018-2019-Q1-13090, amendment 0"
fed_grant-06b2f9f846a0,Eastern Destination Management Organization,eastern destination management organization [bn 847696804],eastern destination management organization,fed_grant,3973.00,True,"https://search.open.canada.ca/grants/record/esdc-edsc,141-2021-2022-Q2-03905,current",federal/grants_NL.jsonl,"agreement 141-2021-2022-Q2-03905, amendment 0"
fed_grant-06e5570ecb2a,Westside Asphalt and Concrete Inc.,westside asphalt and concrete [bn 103682530],westside asphalt and concrete,fed_grant,1005.00,True,"https://search.open.canada.ca/grants/record/esdc-edsc,141-2018-2019-Q1-17809,current",federal/grants_NL.jsonl,"agreement 141-2018-2019-Q1-17809, amendment 0"
fed_grant-071f2f83b7ab,Town of Forteau,town of forteau [bn 107394033],town of forteau,fed_grant,1340.00,True,"https://search.open.canada.ca/grants/record/esdc-edsc,141-2018-2019-Q1-24136,current",federal/grants_NL.jsonl,"agreement 141-2018-2019-Q1-24136, amendment 0"
fed_grant-0808525fdacf,The Glynmill Inn Inc.,glynmill inn [bn 725766281],glynmill inn,fed_grant,1368.00,True,"https://search.open.canada.ca/grants/record/esdc-edsc,141-2019-2020-Q1-10559,current",federal/grants_NL.jsonl,"agreement 141-2019-2020-Q1-10559, amendment 0"
fed_grant-088755856c15,BreatheSuite Inc.,breathesuite [bn 754404283],breathesuite,fed_grant,190000.00,True,"https://search.open.canada.ca/grants/record/acoa-apeca,276-2019-2020-Q4-00091,current",federal/grants_NL.jsonl,"agreement 276-2019-2020-Q4-00091, amendment 0"
fed_grant-08d9a9f7da61,Loyal Orange Lodge No. 26,loyal orange lodge no 26 [bn 868554023],loyal orange lodge no 26,fed_grant,3696.00,True,"https://search.open.canada.ca/grants/record/esdc-edsc,141-2020-2021-Q4-04034,current",federal/grants_NL.jsonl,"agreement 141-2020-2021-Q4-04034, amendment 0"
fed_grant-0978917f481f,West Coast Cycling Association Inc.,west coast cycling association [bn 881574818],west coast cycling association,fed_grant,142647.00,True,"https://search.open.canada.ca/grants/record/acoa-apeca,276-2022-2023-Q1-00624,current",federal/grants_NL.jsonl,"agreement 276-2022-2023-Q1-00624, amendment 1"
fed_grant-0aca3d8a0fc8,Angler Solutions Inc.,angler solutions [bn 788372142],angler solutions,fed_grant,204815.00,True,"https://search.open.canada.ca/grants/record/nrc-cnrc,172-2023-2024-Q2-1009720,current",federal/grants_NL.jsonl,"agreement 172-2023-2024-Q2-1009720, amendment 2"
fed_grant-0ae11626db22,Spaniard's Bay Tourism Advisory Committee Inc.,spaniards bay tourism advisory committee [bn 710056888],spaniards bay tourism advisory committee,fed_grant,3055.00,True,"https://search.open.canada.ca/grants/record/esdc-edsc,141-2019-2020-Q1-14533,current",federal/grants_NL.jsonl,"agreement 141-2019-2020-Q1-14533, amendment 0"
fed_grant-0b874db088e8,Ocean Choice International,ocean choice international [bn 851568618],ocean choice international,fed_grant,100000.00,True,"https://search.open.canada.ca/grants/record/acoa-apeca,276-2022-2023-Q1-00286,current",federal/grants_NL.jsonl,"agreement 276-2022-2023-Q1-00286, amendment 0"
fed_grant-0b9369ae5a5c,Town of Springdale,town of springdale [bn 108129933],town of springdale,fed_grant,12936.00,True,"https://search.open.canada.ca/grants/record/esdc-edsc,141-2022-2023-Q2-31708,current",federal/grants_NL.jsonl,"agreement 141-2022-2023-Q2-31708, amendment 0"
fed_grant-0c1b79123d40,Nunatsiavut Government,nunatsiavut government [bn 883239766],nunatsiavut government,fed_grant,1977268.00,True,"https://search.open.canada.ca/grants/record/esdc-edsc,141-2019-2020-Q4-00227,current",federal/grants_NL.jsonl,"agreement 141-2019-2020-Q4-00227, amendment 2"
fed_grant-0cc464990ae0,Point Lance Community Council,point lance community council [bn 107850448],point lance community council,fed_grant,7500.00,True,"https://search.open.canada.ca/grants/record/esdc-edsc,014-2024-2025-Q4-00144,current",federal/grants_NL.jsonl,"agreement 014-2024-2025-Q4-00144, amendment 0"
fed_grant-0cd255d0ba36,Nunatsiavut Government,nunatsiavut government [bn 122259609],nunatsiavut government,fed_grant,9375.00,True,"https://search.open.canada.ca/grants/record/esdc-edsc,141-2018-2019-Q1-26404,current",federal/grants_NL.jsonl,"agreement 141-2018-2019-Q1-26404, amendment 0"
fed_grant-0ce339857be8,Kinden's Bakery & Cafe Inc.,kindens bakery and cafe [bn 790605901],kindens bakery and cafe,fed_grant,4368.00,True,"https://search.open.canada.ca/grants/record/esdc-edsc,141-2024-2025-Q2-04136,current",federal/grants_NL.jsonl,"agreement 141-2024-2025-Q2-04136, amendment 0"
fed_grant-0d18d9369873,Loyal Orange Lodge No. 26,loyal orange lodge no 26 [bn 868235540],loyal orange lodge no 26,fed_grant,3973.00,True,"https://search.open.canada.ca/grants/record/esdc-edsc,141-2021-2022-Q2-01933,current",federal/grants_NL.jsonl,"agreement 141-2021-2022-Q2-01933, amendment 0"
fed_grant-0d225f3434af,Town of Forteau,town of forteau [bn 107394033],town of forteau,fed_grant,2855.00,True,"https://search.open.canada.ca/grants/record/esdc-edsc,141-2020-2021-Q4-04599,current",federal/grants_NL.jsonl,"agreement 141-2020-2021-Q4-04599, amendment 0"
fed_grant-0d33246fb9c0,Twillingate Lions Club,twillingate lions club [bn 108145996],twillingate lions club,fed_grant,4633.00,True,"https://search.open.canada.ca/grants/record/esdc-edsc,141-2023-2024-Q2-02362,current",federal/grants_NL.jsonl,"agreement 141-2023-2024-Q2-02362, amendment 0"
fed_grant-0d33e4091358,Wonderbolt Productions Inc.,wonderbolt productions [bn 127748101],wonderbolt productions,fed_grant,30000.00,True,"https://search.open.canada.ca/grants/record/acoa-apeca,276-2023-2024-Q3-00161,current",federal/grants_NL.jsonl,"agreement 276-2023-2024-Q3-00161, amendment 0"
fed_grant-0dc53e348304,TOYOTA PLAZA,toyota plaza [bn 775115819],toyota plaza,fed_grant,10000.00,True,"https://search.open.canada.ca/grants/record/tc,217-2023-2024-QX-92006,current",federal/grants_NL.jsonl,"agreement 217-2023-2024-QX-92006, amendment 0"
fed_grant-0dfd28893370,Marble Zip Tours inc,marble zip tours [bn 831818166],marble zip tours,fed_grant,1005.00,True,"https://search.open.canada.ca/grants/record/esdc-edsc,141-2018-2019-Q1-18037,current",federal/grants_NL.jsonl,"agreement 141-2018-2019-Q1-18037, amendment 0"
fed_grant-10292d46666e,The Lions Club of Channel-Port aux Basques,lions club of channel port aux basques [bn 894052976],lions club of channel port aux basques,fed_grant,302050.00,True,"https://search.open.canada.ca/grants/record/acoa-apeca,276-2023-2024-Q3-00336,current",federal/grants_NL.jsonl,"agreement 276-2023-2024-Q3-00336, amendment 0"
fed_grant-107e659c25a6,BreatheSuite Inc.,breathesuite [bn 744497710],breathesuite,fed_grant,49293.00,True,"https://search.open.canada.ca/grants/record/nrc-cnrc,172-2018-2019-Q2-910492,current",federal/grants_NL.jsonl,"agreement 172-2018-2019-Q2-910492, amendment 1"
fed_grant-10d1f8e53104,Town of Hants Harbour,town of hants harbour [bn 130639982],town of hants harbour,fed_grant,23500.00,True,"https://search.open.canada.ca/grants/record/esdc-edsc,141-2020-2021-Q2-01291,current",federal/grants_NL.jsonl,"agreement 141-2020-2021-Q2-01291, amendment 0"
fed_grant-10eac8cd928d,Heritage Bay de Verde,heritage bay de verde [bn 891674731],heritage bay de verde,fed_grant,6469.00,True,"https://search.open.canada.ca/grants/record/esdc-edsc,141-2020-2021-Q4-04125,current",federal/grants_NL.jsonl,"agreement 141-2020-2021-Q4-04125, amendment 0"
fed_grant-1192409da6bd,BreatheSuite Inc.,breathesuite [bn 754404283],breathesuite,fed_grant,500000.00,True,"https://search.open.canada.ca/grants/record/acoa-apeca,276-2024-2025-Q3-00001,current",federal/grants_NL.jsonl,"agreement 276-2024-2025-Q3-00001, amendment 0"
fed_grant-11c78adbb69b,Joy Around Enterprises Ltd.,joy around enterprises [bn 705529105],joy around enterprises,fed_grant,2184.00,True,"https://search.open.canada.ca/grants/record/esdc-edsc,141-2024-2025-Q2-04039,current",federal/grants_NL.jsonl,"agreement 141-2024-2025-Q2-04039, amendment 0"
fed_grant-11d083d5d42e,The Parish of Upper Island Cove,parish of upper island cove [bn 805989555],parish of upper island cove,fed_grant,4206.00,True,"https://search.open.canada.ca/grants/record/esdc-edsc,141-2022-2023-Q2-13303,current",federal/grants_NL.jsonl,"agreement 141-2022-2023-Q2-13303, amendment 0"
fed_grant-11e2e1b735ea,The Parish of Upper Island Cove,parish of upper island cove [bn 805989555],parish of upper island cove,fed_grant,4987.00,True,"https://search.open.canada.ca/grants/record/esdc-edsc,141-2024-2025-Q2-02203,current",federal/grants_NL.jsonl,"agreement 141-2024-2025-Q2-02203, amendment 0"
fed_grant-11f9c9e9a1dd,West Coast Cycling Association,west coast cycling association [bn 788023505],west coast cycling association,fed_grant,5113.00,True,"https://search.open.canada.ca/grants/record/esdc-edsc,014-2025-2026-Q2-01165,current",federal/grants_NL.jsonl,"agreement 014-2025-2026-Q2-01165, amendment 0"
fed_grant-13264adbb341,Ocean Choice International,ocean choice international [bn 851568618],ocean choice international,fed_grant,560577.00,True,"https://search.open.canada.ca/grants/record/acoa-apeca,276-2020-2021-Q2-00262,current",federal/grants_NL.jsonl,"agreement 276-2020-2021-Q2-00262, amendment 0"
fed_grant-136f1efc6266,St. Anthony and Area Chamber of Commerce Inc,st anthony and area chamber of commerce [bn 783565294],st anthony and area chamber of commerce,fed_grant,3973.00,True,"https://search.open.canada.ca/grants/record/esdc-edsc,141-2021-2022-Q2-01909,current",federal/grants_NL.jsonl,"agreement 141-2021-2022-Q2-01909, amendment 0"
fed_grant-13b62645dd16,Lord's Cove Recreation Inc.,lords cove recreation [bn 794087114],lords cove recreation,fed_grant,4474.00,True,"https://search.open.canada.ca/grants/record/esdc-edsc,014-2025-2026-Q2-04230,current",federal/grants_NL.jsonl,"agreement 014-2025-2026-Q2-04230, amendment 0"
fed_grant-13d06c6cd58c,S.W. Moores Memorial Park and Committee,s w moores memorial park and committee,s w moores memorial park committee,fed_grant,4987.00,True,"https://search.open.canada.ca/grants/record/esdc-edsc,141-2024-2025-Q2-02226,current",federal/grants_NL.jsonl,"agreement 141-2024-2025-Q2-02226, amendment 0"
fed_grant-13f5be22f0f9,Town of Irishtown-Summerside,town of irishtown summerside [bn 129789277],town of irishtown summerside,fed_grant,4368.00,True,"https://search.open.canada.ca/grants/record/esdc-edsc,141-2024-2025-Q2-00086,current",federal/grants_NL.jsonl,"agreement 141-2024-2025-Q2-00086, amendment 0"
fed_grant-14b6c6985bec,Placentia Area Theatre d'Heritage Inc.,placentia area theatre dheritage [bn 896149481],placentia area theatre dheritage,fed_grant,18482.00,True,"https://search.open.canada.ca/grants/record/esdc-edsc,141-2020-2021-Q4-00019,current",federal/grants_NL.jsonl,"agreement 141-2020-2021-Q4-00019, amendment 1"
fed_grant-14c92cd4ad75,Tourism Bell Island Inc.,tourism bell island [bn 848672606],tourism bell island,fed_grant,55447.00,True,"https://search.open.canada.ca/grants/record/esdc-edsc,141-2020-2021-Q4-03015,current",federal/grants_NL.jsonl,"agreement 141-2020-2021-Q4-03015, amendment 0"
fed_grant-15618c6fe105,Reidville 50+ Club,reidville 50 club [bn 137071916],reidville 50 club,fed_grant,5113.00,True,"https://search.open.canada.ca/grants/record/esdc-edsc,014-2025-2026-Q2-02573,current",federal/grants_NL.jsonl,"agreement 014-2025-2026-Q2-02573, amendment 0"
fed_grant-15bb7fcc6f7f,S.W. Moores Memorial Park and Committee,s w moores memorial park and committee,s w moores memorial park committee,fed_grant,4206.00,True,"https://search.open.canada.ca/grants/record/esdc-edsc,141-2022-2023-Q2-31212,current",federal/grants_NL.jsonl,"agreement 141-2022-2023-Q2-31212, amendment 0"
fed_grant-15d5fbc9075c,Gander and Area SPCA,gander and area spca [bn 887860500],gander and area spca,fed_grant,2986.00,True,"https://search.open.canada.ca/grants/record/esdc-edsc,141-2018-2019-Q1-17867,current",federal/grants_NL.jsonl,"agreement 141-2018-2019-Q1-17867, amendment 0"
fed_grant-167666c88982,Nunatsiavut Government,nunatsiavut government [bn 122259609],nunatsiavut government,fed_grant,44649.00,True,"https://search.open.canada.ca/grants/record/esdc-edsc,141-2021-2022-Q2-00929,current",federal/grants_NL.jsonl,"agreement 141-2021-2022-Q2-00929, amendment 1"
fed_grant-16d913bda2c0,Marble Zip Tours Inc.,marble zip tours [bn 849866793],marble zip tours,fed_grant,60000.00,True,"https://search.open.canada.ca/grants/record/acoa-apeca,276-2026-2027-Q1-00049,current",federal/grants_NL.jsonl,"agreement 276-2026-2027-Q1-00049, amendment 0"
fed_grant-16de4f28e0a4,Newfoundland and Labrador Folk Arts Society Inc.,newfoundland and labrador folk arts society [bn 803212612],newfoundland and labrador folk arts society,fed_grant,6174.00,True,"https://search.open.canada.ca/grants/record/esdc-edsc,141-2019-2020-Q1-01152,current",federal/grants_NL.jsonl,"agreement 141-2019-2020-Q1-01152, amendment 1"
fed_grant-16f4debe66d0,Eastern Gate Church Inc.,eastern gate church [bn 894885359],eastern gate church,fed_grant,4633.00,True,"https://search.open.canada.ca/grants/record/esdc-edsc,141-2023-2024-Q2-03980,current",federal/grants_NL.jsonl,"agreement 141-2023-2024-Q2-03980, amendment 0"
fed_grant-17368b6dbfef,"Eastern Gate Church, Inc.",eastern gate church [bn 855725008],eastern gate church,fed_grant,4206.00,True,"https://search.open.canada.ca/grants/record/esdc-edsc,141-2022-2023-Q2-34750,current",federal/grants_NL.jsonl,"agreement 141-2022-2023-Q2-34750, amendment 0"
fed_grant-17c1458aca19,Reidville 50+ Club,reidville 50 club [bn 137071916],reidville 50 club,fed_grant,4206.00,True,"https://search.open.canada.ca/grants/record/esdc-edsc,141-2022-2023-Q2-31163,current",federal/grants_NL.jsonl,"agreement 141-2022-2023-Q2-31163, amendment 0"
fed_grant-17f4a3e86024,Phocalux International Inc,phocalux international [bn 812746196],phocalux international,fed_grant,1005.00,True,"https://search.open.canada.ca/grants/record/esdc-edsc,141-2018-2019-Q1-28763,current",federal/grants_NL.jsonl,"agreement 141-2018-2019-Q1-28763, amendment 0"
fed_grant-180c74fcc1de,Nunatsiavut Government,nunatsiavut government [bn 122259609],nunatsiavut government,fed_grant,784988.00,True,"https://search.open.canada.ca/grants/record/acoa-apeca,276-2026-2027-Q1-00195,current",federal/grants_NL.jsonl,"agreement 276-2026-2027-Q1-00195, amendment 0"
fed_grant-181912023588,Indigenous Tourism Cultural Heritage Association,indigenous tourism cultural heritage association,indigenous tourism culture heritage association,fed_grant,4633.00,True,"https://search.open.canada.ca/grants/record/esdc-edsc,141-2023-2024-Q2-04389,current",federal/grants_NL.jsonl,"agreement 141-2023-2024-Q2-04389, amendment 0"
fed_grant-182854919086,Arnold's Cove Heritage Foundation,arnolds cove heritage foundation [bn 769440140],arnolds cove heritage foundation,fed_grant,12617.00,True,"https://search.open.canada.ca/grants/record/esdc-edsc,141-2022-2023-Q2-11318,current",federal/grants_NL.jsonl,"agreement 141-2022-2023-Q2-11318, amendment 0"
fed_grant-1841fdab4544,Town Of Springdale,town of springdale [bn 108129933],town of springdale,fed_grant,13440.00,True,"https://search.open.canada.ca/grants/record/esdc-edsc,014-2025-2026-Q2-01364,current",federal/grants_NL.jsonl,"agreement 014-2025-2026-Q2-01364, amendment 0"
fed_grant-185aa812e2f1,Burin Peninsula Health Care Foundation Inc.,burin peninsula health care foundation [bn 106818610RR0001],burin peninsula health care foundation,fed_grant,3973.00,True,"https://search.open.canada.ca/grants/record/esdc-edsc,141-2021-2022-Q2-01470,current",federal/grants_NL.jsonl,"agreement 141-2021-2022-Q2-01470, amendment 0"
fed_grant-18777b777382,Growler Energy Inc.,growler energy [bn 741422091],growler energy,fed_grant,48499.00,True,"https://search.open.canada.ca/grants/record/nrc-cnrc,172-2023-2024-Q2-1007213,current",federal/grants_NL.jsonl,"agreement 172-2023-2024-Q2-1007213, amendment 0"
fed_grant-18918876ede5,North East United Soccer Club,north east united soccer club [bn 857468805],north east united soccer club,fed_grant,27813.00,True,"https://search.open.canada.ca/grants/record/esdc-edsc,141-2021-2022-Q2-04008,current",federal/grants_NL.jsonl,"agreement 141-2021-2022-Q2-04008, amendment 0"
fed_grant-18d436d862b7,Nunatsiavut Government,nunatsiavut government [bn 883239766],nunatsiavut government,fed_grant,348644.00,True,"https://search.open.canada.ca/grants/record/esdc-edsc,141-2020-2021-Q3-00134,current",federal/grants_NL.jsonl,"agreement 141-2020-2021-Q3-00134, amendment 0"
fed_grant-18e285001796,Mazol Shriners Charitable Trust Inc.,mazol shriners charitable trust [bn 897090387],mazol shriners charitable trust,fed_grant,4633.00,True,"https://search.open.canada.ca/grants/record/esdc-edsc,141-2023-2024-Q2-00768,current",federal/grants_NL.jsonl,"agreement 141-2023-2024-Q2-00768, amendment 0"
fed_grant-18f15bac58f6,BreatheSuite Inc.,breathesuite [bn 744497710],breathesuite,fed_grant,81312.00,True,"https://search.open.canada.ca/grants/record/nrc-cnrc,172-2020-2021-Q1-949648,current",federal/grants_NL.jsonl,"agreement 172-2020-2021-Q1-949648, amendment 0"
fed_grant-191be0ff87bd,Sheaves Cove Recreation Committee Corporation,sheaves cove recreation committee [bn 762290278],sheaves cove recreation committee,fed_grant,25000.00,True,"https://search.open.canada.ca/grants/record/esdc-edsc,141-2023-2024-Q4-00202,current",federal/grants_NL.jsonl,"agreement 141-2023-2024-Q4-00202, amendment 0"
fed_grant-19f83a677d6c,Twillingate Island Tourism Association,twillingate islands tourism association [bn 895956514],twillingate islands tourism association,fed_grant,5971.00,True,"https://search.open.canada.ca/grants/record/esdc-edsc,141-2018-2019-Q1-25989,current",federal/grants_NL.jsonl,"agreement 141-2018-2019-Q1-25989, amendment 0"
fed_grant-1a2accef96b0,Humber Tumblers,humber tumblers [bn 728204520],humber tumblers,fed_grant,12618.00,True,"https://search.open.canada.ca/grants/record/esdc-edsc,141-2022-2023-Q2-16473,current",federal/grants_NL.jsonl,"agreement 141-2022-2023-Q2-16473, amendment 0"
fed_grant-1a57c9429327,Nunatsiavut Government,nunatsiavut government [bn 122259609],nunatsiavut government,fed_grant,187000.00,True,"https://search.open.canada.ca/grants/record/dfo-mpo,086-2019-2020-Q1-00216,current",federal/grants_NL.jsonl,"agreement 086-2019-2020-Q1-00216, amendment 3"
fed_grant-1a9a264c847d,Reidville 50+ Club,reidville 50 club [bn 137071916],reidville 50 club,fed_grant,2674.00,True,"https://search.open.canada.ca/grants/record/esdc-edsc,141-2019-2020-Q1-13878,current",federal/grants_NL.jsonl,"agreement 141-2019-2020-Q1-13878, amendment 0"
fed_grant-1b2148b83abe,Marystown Recreation Committee,marystown recreation committee [bn 108128067],marystown recreation committee,fed_grant,3696.00,True,"https://search.open.canada.ca/grants/record/esdc-edsc,141-2022-2023-Q2-11598,current",federal/grants_NL.jsonl,"agreement 141-2022-2023-Q2-11598, amendment 0"
fed_grant-1b4c9172b089,Twillingate Lions Club,twillingate lions club [bn 108145996],twillingate lions club,fed_grant,4206.00,True,"https://search.open.canada.ca/grants/record/esdc-edsc,141-2022-2023-Q2-14143,current",federal/grants_NL.jsonl,"agreement 141-2022-2023-Q2-14143, amendment 0"
fed_grant-1b77c5397c70,Loyal Orange Lodge No. 26,loyal orange lodge no 26 [bn 868235540],loyal orange lodge no 26,fed_grant,3055.00,True,"https://search.open.canada.ca/grants/record/esdc-edsc,141-2019-2020-Q1-10662,current",federal/grants_NL.jsonl,"agreement 141-2019-2020-Q1-10662, amendment 0"
fed_grant-1bb235c771b0,Angler Solutions Inc.,angler solutions [bn 788755940],angler solutions,fed_grant,50000.00,True,"https://search.open.canada.ca/grants/record/acoa-apeca,276-2022-2023-Q3-00139,current",federal/grants_NL.jsonl,"agreement 276-2022-2023-Q3-00139, amendment 0"
fed_grant-1bf0fb20ba19,Riverwood Holdings INC,riverwood holdings [bn 824904270],riverwood holdings,fed_grant,3696.00,True,"https://search.open.canada.ca/grants/record/esdc-edsc,141-2022-2023-Q2-24729,current",federal/grants_NL.jsonl,"agreement 141-2022-2023-Q2-24729, amendment 0"
fed_grant-1c379d02db90,Growler Energy Inc.,growler energy [bn 740506324],growler energy,fed_grant,50000.00,True,"https://search.open.canada.ca/grants/record/acoa-apeca,276-2024-2025-Q1-00071,current",federal/grants_NL.jsonl,"agreement 276-2024-2025-Q1-00071, amendment 0"
fed_grant-1c9271a4640a,Town of Springdale,town of springdale [bn 108129933],town of springdale,fed_grant,15759.00,True,"https://search.open.canada.ca/grants/record/esdc-edsc,141-2021-2022-Q2-07295,current",federal/grants_NL.jsonl,"agreement 141-2021-2022-Q2-07295, amendment 0"
fed_grant-1ca38faa2467,NUNATSIAVUT GOVERNMENT,nunatsiavut government [bn 122259609],nunatsiavut government,fed_grant,298000.00,True,"https://search.open.canada.ca/grants/record/nrcan-rncan,115-2021-2022-Q1-10921,current",federal/grants_NL.jsonl,"agreement 115-2021-2022-Q1-10921, amendment 0"
fed_grant-1d63659a3a76,TOYOTA PLAZA,toyota plaza [bn 775115819],toyota plaza,fed_grant,25000.00,True,"https://search.open.canada.ca/grants/record/tc,217-2023-2024-Q1-91599,current",federal/grants_NL.jsonl,"agreement 217-2023-2024-Q1-91599, amendment 0"
fed_grant-1d70cd52c268,Nunatsiavut Government,nunatsiavut government [bn 122259609],nunatsiavut government,fed_grant,621350.00,True,"https://search.open.canada.ca/grants/record/dnd-mdn,018-2025-2026-Q4-15-31,current",federal/grants_NL.jsonl,"agreement 018-2025-2026-Q4-15-31, amendment 2"
fed_grant-1dbeede442c7,TOYOTA PLAZA,toyota plaza [bn 736259722],toyota plaza,fed_grant,5000.00,True,"https://search.open.canada.ca/grants/record/tc,217-2019-2020-Q3-91157,current",federal/grants_NL.jsonl,"agreement 217-2019-2020-Q3-91157, amendment 0"
fed_grant-1dbfe1120853,City of Corner Brook,city of corner brook [bn 122333271],city of corner brook,fed_grant,12180.00,True,"https://search.open.canada.ca/grants/record/esdc-edsc,141-2023-2024-Q2-03675,current",federal/grants_NL.jsonl,"agreement 141-2023-2024-Q2-03675, amendment 0"
fed_grant-1e016be9ecef,West Coast Cycling Association,west coast cycling association [bn 881574818],west coast cycling association,fed_grant,4987.00,True,"https://search.open.canada.ca/grants/record/esdc-edsc,141-2024-2025-Q2-02366,current",federal/grants_NL.jsonl,"agreement 141-2024-2025-Q2-02366, amendment 0"
fed_grant-1e28b49a53d3,Sir Thomas Roddick Hospital Auxiliary,sir thomas roddick hospital auxiliary [bn 889411468],sir thomas roddick hospital auxiliary,fed_grant,3973.00,True,"https://search.open.canada.ca/grants/record/esdc-edsc,141-2021-2022-Q2-03797,current",federal/grants_NL.jsonl,"agreement 141-2021-2022-Q2-03797, amendment 0"
fed_grant-1fa4c60ff03f,Wonderbolt Productions Inc,wonderbolt productions [bn 873023063],wonderbolt productions,fed_grant,5347.00,True,"https://search.open.canada.ca/grants/record/esdc-edsc,141-2019-2020-Q1-14728,current",federal/grants_NL.jsonl,"agreement 141-2019-2020-Q1-14728, amendment 0"
fed_grant-1fef84764d70,Newfoundland & Labrador Folk Arts Society Inc.,newfoundland and labrador folk arts society [bn 803212612],newfoundland and labrador folk arts society,fed_grant,13001.00,True,"https://search.open.canada.ca/grants/record/esdc-edsc,141-2024-2025-Q2-02368,current",federal/grants_NL.jsonl,"agreement 141-2024-2025-Q2-02368, amendment 1"
fed_grant-2081c0e634f9,Loyal Orange Lodge No. 26,loyal orange lodge no 26 [bn 868235540],loyal orange lodge no 26,fed_grant,3971.00,True,"https://search.open.canada.ca/grants/record/esdc-edsc,141-2023-2024-Q2-01425,current",federal/grants_NL.jsonl,"agreement 141-2023-2024-Q2-01425, amendment 0"
fed_grant-208d7f46832f,Riverwood Holdings Inc.,riverwood holdings [bn 824900427],riverwood holdings,fed_grant,100000.00,True,"https://search.open.canada.ca/grants/record/acoa-apeca,276-2021-2022-Q3-00047,current",federal/grants_NL.jsonl,"agreement 276-2021-2022-Q3-00047, amendment 0"
fed_grant-20ac079587ad,Placentia Area Theatre d'Heritage Committee,placentia area theatre dheritage [bn 896149481],placentia area theatre dheritage,fed_grant,15674.00,True,"https://search.open.canada.ca/grants/record/esdc-edsc,141-2018-2019-Q1-09406,current",federal/grants_NL.jsonl,"agreement 141-2018-2019-Q1-09406, amendment 1"
fed_grant-211505c6f599,TOYOTA PLAZA,toyota plaza [bn 775115819],toyota plaza,fed_grant,70000.00,True,"https://search.open.canada.ca/grants/record/tc,217-2024-2025-Q1-92103,current",federal/grants_NL.jsonl,"agreement 217-2024-2025-Q1-92103, amendment 0"
fed_grant-213c7a7741fc,Bauline Community Committee Inc,bauline community committee [bn 754200608],bauline community committee,fed_grant,40905.00,True,"https://search.open.canada.ca/grants/record/esdc-edsc,014-2025-2026-Q2-01287,current",federal/grants_NL.jsonl,"agreement 014-2025-2026-Q2-01287, amendment 1"
fed_grant-23398905d5d4,Sheaves Cove Recreation Committee Corporation,sheaves cove recreation committee [bn 762290278],sheaves cove recreation committee,fed_grant,7946.00,True,"https://search.open.canada.ca/grants/record/esdc-edsc,141-2021-2022-Q2-02780,current",federal/grants_NL.jsonl,"agreement 141-2021-2022-Q2-02780, amendment 0"
fed_grant-235483e53c3e,Wonderbolt Productions Inc.,wonderbolt productions [bn 873023063],wonderbolt productions,fed_grant,3168.00,True,"https://search.open.canada.ca/grants/record/esdc-edsc,141-2020-2021-Q4-04395,current",federal/grants_NL.jsonl,"agreement 141-2020-2021-Q4-04395, amendment 0"
fed_grant-238634424ade,Nunatsiavut Government,nunatsiavut government [bn 883239766],nunatsiavut government,fed_grant,1153636.00,True,"https://search.open.canada.ca/grants/record/esdc-edsc,141-2020-2021-Q3-00226,current",federal/grants_NL.jsonl,"agreement 141-2020-2021-Q3-00226, amendment 2"
fed_grant-23b190e72f15,Nicole Keats,nicole keats [bn 889837803],nicole keats,fed_grant,2627.00,True,"https://search.open.canada.ca/grants/record/esdc-edsc,141-2021-2022-Q2-05019,current",federal/grants_NL.jsonl,"agreement 141-2021-2022-Q2-05019, amendment 0"
fed_grant-2489b5d68830,POINT LEAMINGTON PARKS AND RECREATION COMMITTEE,point leamington parks and recreation committee,point leamington parks and recreation,fed_grant,1670.00,True,"https://search.open.canada.ca/grants/record/pch,016-2025-2026-Q1-1373423,current",federal/grants_NL.jsonl,"agreement 016-2025-2026-Q1-1373423, amendment 0"
fed_grant-24dbab076ffc,Point Leamington Parks and Recreation,point leamington parks and recreation [bn 792826828],point leamington parks and recreation,fed_grant,9973.00,True,"https://search.open.canada.ca/grants/record/esdc-edsc,141-2024-2025-Q2-02502,current",federal/grants_NL.jsonl,"agreement 141-2024-2025-Q2-02502, amendment 1"
fed_grant-2503d01ae15c,Sheaves Cove Recreation Committee Corporation,sheaves cove recreation committee [bn 762290278],sheaves cove recreation committee,fed_grant,3200.00,True,"https://search.open.canada.ca/grants/record/esdc-edsc,141-2020-2021-Q4-04899,current",federal/grants_NL.jsonl,"agreement 141-2020-2021-Q4-04899, amendment 0"
fed_grant-25b36b254ca8,Riverwood Holdings INC,riverwood holdings [bn 824904270],riverwood holdings,fed_grant,5253.00,True,"https://search.open.canada.ca/grants/record/esdc-edsc,141-2021-2022-Q2-05211,current",federal/grants_NL.jsonl,"agreement 141-2021-2022-Q2-05211, amendment 0"
fed_grant-26abc3bedecf,Lord's Cove Recreation Inc.,lords cove recreation [bn 867574394],lords cove recreation,fed_grant,3055.00,True,"https://search.open.canada.ca/grants/record/esdc-edsc,141-2019-2020-Q1-12635,current",federal/grants_NL.jsonl,"agreement 141-2019-2020-Q1-12635, amendment 0"
fed_grant-2776575401dd,Ocean Choice International,ocean choice international [bn 851568618],ocean choice international,fed_grant,50000.00,True,"https://search.open.canada.ca/grants/record/acoa-apeca,276-2024-2025-Q4-00045,current",federal/grants_NL.jsonl,"agreement 276-2024-2025-Q4-00045, amendment 0"
fed_grant-28ba67559831,Summerford Age Friendly,summerford age friendly [bn 108130261],summerford age friendly,fed_grant,3696.00,True,"https://search.open.canada.ca/grants/record/esdc-edsc,141-2020-2021-Q4-03660,current",federal/grants_NL.jsonl,"agreement 141-2020-2021-Q4-03660, amendment 0"
fed_grant-29d2a69f7214,Women in Resource Development Inc.,women in resource development [bn 886291624],women in resource development,fed_grant,45000.00,True,"https://search.open.canada.ca/grants/record/nrc-cnrc,172-2026-2027-Q1-1042494,current",federal/grants_NL.jsonl,"agreement 172-2026-2027-Q1-1042494, amendment 0"
fed_grant-2b167f10e701,Angler Solutions Inc.,angler solutions [bn 788755940],angler solutions,fed_grant,267675.00,True,"https://search.open.canada.ca/grants/record/acoa-apeca,276-2025-2026-Q4-00055,current",federal/grants_NL.jsonl,"agreement 276-2025-2026-Q4-00055, amendment 0"
fed_grant-2b638899e44b,Angler Solutions Inc.,angler solutions [bn 788372142],angler solutions,fed_grant,7762.50,True,"https://search.open.canada.ca/grants/record/ic,033-2024-2025-Q1-FR-23616,current",federal/grants_NL.jsonl,"agreement 033-2024-2025-Q1-FR-23616, amendment 0"
fed_grant-2b73ceec681a,St. John's Women Centre Inc.,st johns womens centre [bn 880779699],st johns womens centre,fed_grant,862695.00,True,"https://search.open.canada.ca/grants/record/hc-sc,271-2022-2023-Q4-00116,current",federal/grants_NL.jsonl,"agreement 271-2022-2023-Q4-00116, amendment 2"
fed_grant-2c685a2b15f6,TOYOTA PLAZA,toyota plaza [bn 736259722],toyota plaza,fed_grant,2500.00,True,"https://search.open.canada.ca/grants/record/tc,217-2022-2023-Q2-91358,current",federal/grants_NL.jsonl,"agreement 217-2022-2023-Q2-91358, amendment 0"
fed_grant-2d36f055025e,Labrador Hunting and Fishing Association Inc.,labrador hunting and fishing association [bn 823296884],labrador hunting and fishing association,fed_grant,204547.00,True,"https://search.open.canada.ca/grants/record/acoa-apeca,276-2019-2020-Q2-00492,current",federal/grants_NL.jsonl,"agreement 276-2019-2020-Q2-00492, amendment 1"
fed_grant-2dd0b39424cc,Marble Zip Tours Inc,marble zip tours [bn 831818166],marble zip tours,fed_grant,2627.00,True,"https://search.open.canada.ca/grants/record/esdc-edsc,141-2021-2022-Q2-04693,current",federal/grants_NL.jsonl,"agreement 141-2021-2022-Q2-04693, amendment 0"
fed_grant-2dde57e9c196,Loyal Orange Lodge No. 26,loyal orange lodge no 26 [bn 868235540],loyal orange lodge no 26,fed_grant,5113.00,True,"https://search.open.canada.ca/grants/record/esdc-edsc,014-2025-2026-Q2-01769,current",federal/grants_NL.jsonl,"agreement 014-2025-2026-Q2-01769, amendment 0"
fed_grant-2ed0c9327451,Placentia Area Theatre D'Heritage Corporation,placentia area theatre dheritage [bn 896149481],placentia area theatre dheritage,fed_grant,109293.00,True,"https://search.open.canada.ca/grants/record/acoa-apeca,276-2019-2020-Q2-00512,current",federal/grants_NL.jsonl,"agreement 276-2019-2020-Q2-00512, amendment 1"
fed_grant-2f28d3fbbf7d,Town of Forteau,town of forteau [bn 821385556],town of forteau,fed_grant,250000.00,True,"https://search.open.canada.ca/grants/record/acoa-apeca,276-2024-2025-Q2-00020,current",federal/grants_NL.jsonl,"agreement 276-2024-2025-Q2-00020, amendment 0"
fed_grant-2f9f12875a12,Gander and Area SPCA Inc.,gander and area spca [bn 718911910],gander and area spca,fed_grant,4633.00,True,"https://search.open.canada.ca/grants/record/esdc-edsc,141-2023-2024-Q2-02145,current",federal/grants_NL.jsonl,"agreement 141-2023-2024-Q2-02145, amendment 0"
fed_grant-3029ab83d5f4,Eastern Destination Management Organization Inc,eastern destination management organization [bn 847696804],eastern destination management organization,fed_grant,4206.00,True,"https://search.open.canada.ca/grants/record/esdc-edsc,141-2022-2023-Q2-25631,current",federal/grants_NL.jsonl,"agreement 141-2022-2023-Q2-25631, amendment 0"
fed_grant-30b6a76cd401,Angler Solutions Inc.,angler solutions [bn 788755940],angler solutions,fed_grant,50000.00,True,"https://search.open.canada.ca/grants/record/acoa-apeca,276-2024-2025-Q1-00125,current",federal/grants_NL.jsonl,"agreement 276-2024-2025-Q1-00125, amendment 0"
fed_grant-31c0bf6a3598,Nunatsiavut Government,nunatsiavut government [bn 122259609],nunatsiavut government,fed_grant,2000000.00,True,"https://search.open.canada.ca/grants/record/acoa-apeca,276-2012-2013-Q2-00065,current",federal/grants_NL.jsonl,"agreement 276-2012-2013-Q2-00065, amendment 1"
fed_grant-32007b47ce5c,TOYOTA PLAZA,toyota plaza [bn 736259722],toyota plaza,fed_grant,7500.00,True,"https://search.open.canada.ca/grants/record/tc,217-2019-2020-Q4-90723,current",federal/grants_NL.jsonl,"agreement 217-2019-2020-Q4-90723, amendment 0"
fed_grant-3269177bc3cc,Northeast United Soccer Club,northeast united soccer club,north east united soccer club,fed_grant,7841.00,True,"https://search.open.canada.ca/grants/record/esdc-edsc,141-2018-2019-Q1-23418,current",federal/grants_NL.jsonl,"agreement 141-2018-2019-Q1-23418, amendment 0"
fed_grant-32a1b615478e,BreatheSuite Inc.,breathesuite [bn 754404283],breathesuite,fed_grant,50000.00,True,"https://search.open.canada.ca/grants/record/acoa-apeca,276-2023-2024-Q2-00278,current",federal/grants_NL.jsonl,"agreement 276-2023-2024-Q2-00278, amendment 0"
fed_grant-32a64bb53adc,Coley's Point-Grace United Pastoral Charge,coleys point grace united pastoral charge [bn 802373589],coleys point grace united pastoral charge,fed_grant,4274.00,True,"https://search.open.canada.ca/grants/record/esdc-edsc,141-2024-2025-Q2-00208,current",federal/grants_NL.jsonl,"agreement 141-2024-2025-Q2-00208, amendment 0"
fed_grant-33381d504cce,Fédération des parents francophones de Terre-Neuve et du Labrador,federation des parents francophones de terre neuve et du labrador [bn 131159477],federation des parents francophones de terre neuve et du labrador,fed_grant,3055.00,True,"https://search.open.canada.ca/grants/record/esdc-edsc,141-2019-2020-Q1-14979,current",federal/grants_NL.jsonl,"agreement 141-2019-2020-Q1-14979, amendment 0"
fed_grant-33733ad3843f,Newfoundland & Labrador Folk Arts Society Inc.,newfoundland and labrador folk arts society [bn 803212612],newfoundland and labrador folk arts society,fed_grant,7946.00,True,"https://search.open.canada.ca/grants/record/esdc-edsc,141-2021-2022-Q2-03927,current",federal/grants_NL.jsonl,"agreement 141-2021-2022-Q2-03927, amendment 0"
fed_grant-33c0c729c7a6,PELMO International Incorporated,pelmo international [bn 742113871],pelmo international,fed_grant,22000.00,True,"https://search.open.canada.ca/grants/record/nrc-cnrc,172-2023-2024-Q2-1008920,current",federal/grants_NL.jsonl,"agreement 172-2023-2024-Q2-1008920, amendment 0"
fed_grant-342395f885a3,Sheaves Cove Recreation Committee Corporation,sheaves cove recreation committee [bn 762290278],sheaves cove recreation committee,fed_grant,513706.00,True,"https://search.open.canada.ca/grants/record/esdc-edsc,141-2023-2024-Q2-19937,current",federal/grants_NL.jsonl,"agreement 141-2023-2024-Q2-19937, amendment 1"
fed_grant-344ab01fefaf,Eastern Destination Management Organization Inc.,eastern destination management organization [bn 847696804],eastern destination management organization,fed_grant,296610.00,True,"https://search.open.canada.ca/grants/record/acoa-apeca,276-2019-2020-Q2-00546,current",federal/grants_NL.jsonl,"agreement 276-2019-2020-Q2-00546, amendment 1"
fed_grant-3473e00afbe7,Heritage Bay de Verde,heritage bay de verde [bn 891674731],heritage bay de verde,fed_grant,12617.00,True,"https://search.open.canada.ca/grants/record/esdc-edsc,141-2022-2023-Q2-22697,current",federal/grants_NL.jsonl,"agreement 141-2022-2023-Q2-22697, amendment 0"
fed_grant-34cfc71db5f2,Twillingate Lions Club,twillingate lions club [bn 108145996],twillingate lions club,fed_grant,5113.00,True,"https://search.open.canada.ca/grants/record/esdc-edsc,014-2025-2026-Q2-04093,current",federal/grants_NL.jsonl,"agreement 014-2025-2026-Q2-04093, amendment 0"
fed_grant-35a418a79b73,Town of Springdale,town of springdale [bn 108129933],town of springdale,fed_grant,12312.00,True,"https://search.open.canada.ca/grants/record/esdc-edsc,141-2019-2020-Q1-14542,current",federal/grants_NL.jsonl,"agreement 141-2019-2020-Q1-14542, amendment 0"
fed_grant-35ba85e19f77,Riverwood Holdings Inc,riverwood holdings [bn 824904270],riverwood holdings,fed_grant,1005.00,True,"https://search.open.canada.ca/grants/record/esdc-edsc,141-2018-2019-Q1-24155,current",federal/grants_NL.jsonl,"agreement 141-2018-2019-Q1-24155, amendment 0"
fed_grant-35f2e4fc3f74,POINT LEAMINGTON PARKS AND RECREATION COMMITTEE,point leamington parks and recreation committee,point leamington parks and recreation,fed_grant,1920.00,True,"https://search.open.canada.ca/grants/record/pch,016-2022-2023-Q4-1356319,current",federal/grants_NL.jsonl,"agreement 016-2022-2023-Q4-1356319, amendment 0"
fed_grant-36cb93a790e0,City of Corner Brook,city of corner brook [bn 122333271],city of corner brook,fed_grant,2627.00,True,"https://search.open.canada.ca/grants/record/esdc-edsc,141-2021-2022-Q2-07315,current",federal/grants_NL.jsonl,"agreement 141-2021-2022-Q2-07315, amendment 0"
fed_grant-36d93f2bf711,City of Corner Brook,city of corner brook [bn 122333271],city of corner brook,fed_grant,6552.00,True,"https://search.open.canada.ca/grants/record/esdc-edsc,141-2024-2025-Q2-03331,current",federal/grants_NL.jsonl,"agreement 141-2024-2025-Q2-03331, amendment 0"
fed_grant-380baecad170,Joy Around Enterprises Ltd.,joy around enterprises [bn 705529105],joy around enterprises,fed_grant,2240.00,True,"https://search.open.canada.ca/grants/record/esdc-edsc,014-2025-2026-Q2-00663,current",federal/grants_NL.jsonl,"agreement 014-2025-2026-Q2-00663, amendment 0"
fed_grant-38a867c6d7bb,NUNATSIAVUT GOVERNMENT,nunatsiavut government [bn 122259609],nunatsiavut government,fed_grant,1197434.00,True,"https://search.open.canada.ca/grants/record/jus,119-2024-2025-Q4-00114,current",federal/grants_NL.jsonl,"agreement 119-2024-2025-Q4-00114, amendment 2"
fed_grant-392e9c4942e9,St. Anthony and Area Chamber of Commerce Inc.,st anthony and area chamber of commerce [bn 783565294],st anthony and area chamber of commerce,fed_grant,125125.00,True,"https://search.open.canada.ca/grants/record/acoa-apeca,276-2024-2025-Q2-00263,current",federal/grants_NL.jsonl,"agreement 276-2024-2025-Q2-00263, amendment 0"
fed_grant-3ab863241c32,Summerford Age Friendly,summerford age friendly [bn 793049073],summerford age friendly,fed_grant,8412.00,True,"https://search.open.canada.ca/grants/record/esdc-edsc,141-2022-2023-Q2-00455,current",federal/grants_NL.jsonl,"agreement 141-2022-2023-Q2-00455, amendment 0"
fed_grant-3b5d279617f7,Nunatsiavut Government,nunatsiavut government [bn 883239766],nunatsiavut government,fed_grant,1128632.00,True,"https://search.open.canada.ca/grants/record/esdc-edsc,141-2019-2020-Q3-00060,current",federal/grants_NL.jsonl,"agreement 141-2019-2020-Q3-00060, amendment 3"
fed_grant-3b7b19407981,Harbour Breton Beautification Committee,harbour breton beautification committee [bn 869841635],harbour breton beautification committee,fed_grant,5113.00,True,"https://search.open.canada.ca/grants/record/esdc-edsc,014-2025-2026-Q2-00458,current",federal/grants_NL.jsonl,"agreement 014-2025-2026-Q2-00458, amendment 0"
fed_grant-3bb4293608d2,Scouts Canada,scouts canada [bn 107761694RR0028],scouts canada,fed_grant,9357.00,True,"https://search.open.canada.ca/grants/record/esdc-edsc,141-2019-2020-Q1-00010,current",federal/grants_NL.jsonl,"agreement 141-2019-2020-Q1-00010, amendment 1"
fed_grant-3c909a93acc1,Flat Bay Band Incorporated,flat bay band [bn 864815857],flat bay band,fed_grant,800000.00,True,"https://search.open.canada.ca/grants/record/acoa-apeca,276-2024-2025-Q3-00139,current",federal/grants_NL.jsonl,"agreement 276-2024-2025-Q3-00139, amendment 0"
fed_grant-3cabeb2da44a,Labrador Hunting and Fishing Association,labrador hunting and fishing association [bn 823296884],labrador hunting and fishing association,fed_grant,6966.00,True,"https://search.open.canada.ca/grants/record/esdc-edsc,141-2018-2019-Q1-32019,current",federal/grants_NL.jsonl,"agreement 141-2018-2019-Q1-32019, amendment 0"
fed_grant-3e96f85b52c1,West Coast Cycling Association,west coast cycling association [bn 881574818],west coast cycling association,fed_grant,3055.00,True,"https://search.open.canada.ca/grants/record/esdc-edsc,141-2019-2020-Q1-10614,current",federal/grants_NL.jsonl,"agreement 141-2019-2020-Q1-10614, amendment 0"
fed_grant-3eb974602e3d,Sir Thomas Roddick Hospital Auxiliary,sir thomas roddick hospital auxiliary [bn 889411468],sir thomas roddick hospital auxiliary,fed_grant,4633.00,True,"https://search.open.canada.ca/grants/record/esdc-edsc,141-2023-2024-Q2-04311,current",federal/grants_NL.jsonl,"agreement 141-2023-2024-Q2-04311, amendment 0"
fed_grant-3ef0a357b5ca,Newfoundland and Labrador Folk Arts Society Inc.,newfoundland and labrador folk arts society [bn 803212612],newfoundland and labrador folk arts society,fed_grant,7393.00,True,"https://search.open.canada.ca/grants/record/esdc-edsc,141-2020-2021-Q4-00006,current",federal/grants_NL.jsonl,"agreement 141-2020-2021-Q4-00006, amendment 1"
fed_grant-3f417fb5f6c7,Tourism Bell Island Inc.,tourism bell island [bn 249515578],tourism bell island,fed_grant,35824.00,True,"https://search.open.canada.ca/grants/record/esdc-edsc,141-2018-2019-Q1-06894,current",federal/grants_NL.jsonl,"agreement 141-2018-2019-Q1-06894, amendment 0"
fed_grant-3fc4cefd69b5,ANGLER SOLUTIONS INC.,angler solutions [bn 788372142],angler solutions,fed_grant,497215.00,True,"https://search.open.canada.ca/grants/record/nrcan-rncan,115-2025-2026-Q4-18420,current",federal/grants_NL.jsonl,"agreement 115-2025-2026-Q4-18420, amendment 0"
fed_grant-3fe6fb317e0b,Burgeo Recreation Commission,burgeo recreation commission [bn 862754702],burgeo recreation commission,fed_grant,11320.00,True,"https://search.open.canada.ca/grants/record/esdc-edsc,141-2018-2019-Q1-12692,current",federal/grants_NL.jsonl,"agreement 141-2018-2019-Q1-12692, amendment 0"
fed_grant-40f28d8f0138,SaltWater Community Association Inc.,saltwater community association [bn 720457928],saltwater community association,fed_grant,4987.00,True,"https://search.open.canada.ca/grants/record/esdc-edsc,141-2024-2025-Q2-02020,current",federal/grants_NL.jsonl,"agreement 141-2024-2025-Q2-02020, amendment 0"
fed_grant-4143447d3392,Tourism Bell Island Inc.,tourism bell island [bn 848672606],tourism bell island,fed_grant,25000.00,True,"https://search.open.canada.ca/grants/record/esdc-edsc,141-2022-2023-Q4-00221,current",federal/grants_NL.jsonl,"agreement 141-2022-2023-Q4-00221, amendment 0"
fed_grant-420f9d276043,POINT LEAMINGTON PARKS AND RECREATION COMMITTEE,point leamington parks and recreation committee,point leamington parks and recreation,fed_grant,1680.00,True,"https://search.open.canada.ca/grants/record/pch,016-2021-2022-Q4-1345795,current",federal/grants_NL.jsonl,"agreement 016-2021-2022-Q4-1345795, amendment 0"
fed_grant-42147b09c212,Spirit of Newfoundland Productions Ltd.,spirit of newfoundland productions [bn 885008243],spirit of newfoundland productions,fed_grant,32500.00,True,"https://search.open.canada.ca/grants/record/acoa-apeca,276-2021-2022-Q4-00806,current",federal/grants_NL.jsonl,"agreement 276-2021-2022-Q4-00806, amendment 1"
fed_grant-421ba58c117e,Labrador Hunting and Fishing Association Inc.,labrador hunting and fishing association [bn 823296884],labrador hunting and fishing association,fed_grant,7947.00,True,"https://search.open.canada.ca/grants/record/esdc-edsc,141-2021-2022-Q2-02386,current",federal/grants_NL.jsonl,"agreement 141-2021-2022-Q2-02386, amendment 0"
fed_grant-4351796ea64f,Flat Bay Band Inc.,flat bay band [bn 864815857],flat bay band,fed_grant,4206.00,True,"https://search.open.canada.ca/grants/record/esdc-edsc,141-2022-2023-Q2-26035,current",federal/grants_NL.jsonl,"agreement 141-2022-2023-Q2-26035, amendment 0"
fed_grant-43a13a57d6e2,Wonderbolt Productions Inc.,wonderbolt productions [bn 873023063],wonderbolt productions,fed_grant,5224.00,True,"https://search.open.canada.ca/grants/record/esdc-edsc,141-2018-2019-Q1-15294,current",federal/grants_NL.jsonl,"agreement 141-2018-2019-Q1-15294, amendment 0"
fed_grant-43fd583a0d87,City of Corner Brook,city of corner brook [bn 122333271],city of corner brook,fed_grant,9786.00,True,"https://search.open.canada.ca/grants/record/esdc-edsc,141-2020-2021-Q4-02447,current",federal/grants_NL.jsonl,"agreement 141-2020-2021-Q4-02447, amendment 0"
fed_grant-44b5454f736f,Reidville 50+ Club Corporation,reidville 50 club [bn 767192552],reidville 50 club,fed_grant,4987.00,True,"https://search.open.canada.ca/grants/record/esdc-edsc,141-2024-2025-Q2-00343,current",federal/grants_NL.jsonl,"agreement 141-2024-2025-Q2-00343, amendment 0"
fed_grant-44ca120057ea,Loyal Orange Lodge No.26,loyal orange lodge no 26 [bn 868235540],loyal orange lodge no 26,fed_grant,3605.00,True,"https://search.open.canada.ca/grants/record/esdc-edsc,141-2022-2023-Q2-13374,current",federal/grants_NL.jsonl,"agreement 141-2022-2023-Q2-13374, amendment 0"
fed_grant-455b248d5b21,Marble Zip Tours Inc,marble zip tours [bn 831818166],marble zip tours,fed_grant,2030.00,True,"https://search.open.canada.ca/grants/record/esdc-edsc,141-2023-2024-Q2-02643,current",federal/grants_NL.jsonl,"agreement 141-2023-2024-Q2-02643, amendment 0"
fed_grant-458e26295346,Eastern Gate Church Inc.,eastern gate church [bn 894885359],eastern gate church,fed_grant,10000.00,True,"https://search.open.canada.ca/grants/record/esdc-edsc,141-2019-2020-Q4-00017,current",federal/grants_NL.jsonl,"agreement 141-2019-2020-Q4-00017, amendment 1"
fed_grant-45d793b96532,Conche Recreation Committee,conche recreation committee [bn 795011600],conche recreation committee,fed_grant,3406.00,True,"https://search.open.canada.ca/grants/record/esdc-edsc,141-2021-2022-Q2-03266,current",federal/grants_NL.jsonl,"agreement 141-2021-2022-Q2-03266, amendment 0"
fed_grant-464ded0fdb84,Eastern Gate Church Inc.,eastern gate church [bn 894885359],eastern gate church,fed_grant,4987.00,True,"https://search.open.canada.ca/grants/record/esdc-edsc,141-2024-2025-Q2-02495,current",federal/grants_NL.jsonl,"agreement 141-2024-2025-Q2-02495, amendment 0"
fed_grant-4a3e09f024b0,Women in Resource Development Committee,women in resource development [bn 886291624],women in resource development,fed_grant,2980969.00,True,"https://search.open.canada.ca/grants/record/esdc-edsc,141-2022-2023-Q1-00041,current",federal/grants_NL.jsonl,"agreement 141-2022-2023-Q1-00041, amendment 1"
fed_grant-4a4eea867acf,Loyal Orange Lodge No. 26,loyal orange lodge no 26 [bn 868235540],loyal orange lodge no 26,fed_grant,4987.00,True,"https://search.open.canada.ca/grants/record/esdc-edsc,141-2024-2025-Q2-01461,current",federal/grants_NL.jsonl,"agreement 141-2024-2025-Q2-01461, amendment 0"
fed_grant-4a60beff55ce,Town of Forteau,town of forteau [bn 107394033],town of forteau,fed_grant,2299.00,True,"https://search.open.canada.ca/grants/record/esdc-edsc,141-2021-2022-Q2-07296,current",federal/grants_NL.jsonl,"agreement 141-2021-2022-Q2-07296, amendment 0"
fed_grant-4afd36e83fdf,Port Rexton Community Council,port rexton community council [bn 107853772],port rexton community council,fed_grant,3262.00,True,"https://search.open.canada.ca/grants/record/esdc-edsc,141-2020-2021-Q4-00370,current",federal/grants_NL.jsonl,"agreement 141-2020-2021-Q4-00370, amendment 1"
fed_grant-4ce21b8ad3b8,St. Anthony and Area Chamber of Commerce Inc.,st anthony and area chamber of commerce [bn 870346483],st anthony and area chamber of commerce,fed_grant,3055.00,True,"https://search.open.canada.ca/grants/record/esdc-edsc,141-2019-2020-Q1-14629,current",federal/grants_NL.jsonl,"agreement 141-2019-2020-Q1-14629, amendment 0"
fed_grant-4d29832ef771,City of Corner Brook,city of corner brook [bn 122333271],city of corner brook,fed_grant,2736.00,True,"https://search.open.canada.ca/grants/record/esdc-edsc,141-2019-2020-Q1-10587,current",federal/grants_NL.jsonl,"agreement 141-2019-2020-Q1-10587, amendment 0"
fed_grant-4d44d7c968c4,North East United Soccer Club,north east united soccer club [bn 857468805],north east united soccer club,fed_grant,12166.00,True,"https://search.open.canada.ca/grants/record/esdc-edsc,141-2022-2023-Q2-22916,current",federal/grants_NL.jsonl,"agreement 141-2022-2023-Q2-22916, amendment 0"
fed_grant-4de262bb248b,The Glynmill Inn Incorporated,glynmill inn [bn 725766281],glynmill inn,fed_grant,1848.00,True,"https://search.open.canada.ca/grants/record/esdc-edsc,141-2022-2023-Q2-03600,current",federal/grants_NL.jsonl,"agreement 141-2022-2023-Q2-03600, amendment 0"
fed_grant-4f3a5886d6fe,Bluedrop Performance Learning Inc,bluedrop performance learning [bn 826355976],bluedrop performance learning,fed_grant,7610920.00,True,"https://search.open.canada.ca/grants/record/ic,033-2018-2019-Q1-511451,current",federal/grants_NL.jsonl,"agreement 033-2018-2019-Q1-511451, amendment 0"
fed_grant-4f3a79641c7e,West Coast Cycling Association Inc.,west coast cycling association [bn 881574818],west coast cycling association,fed_grant,32707.00,True,"https://search.open.canada.ca/grants/record/acoa-apeca,276-2017-2018-Q2-00133,current",federal/grants_NL.jsonl,"agreement 276-2017-2018-Q2-00133, amendment 0"
fed_grant-4f4bb4d30be9,St. Anthony and Area Chamber of Commerce Inc.,st anthony and area chamber of commerce [bn 870346483],st anthony and area chamber of commerce,fed_grant,3696.00,True,"https://search.open.canada.ca/grants/record/esdc-edsc,141-2020-2021-Q4-02817,current",federal/grants_NL.jsonl,"agreement 141-2020-2021-Q4-02817, amendment 0"
fed_grant-4fecafb13c11,Westside Asphalt & Concrete Inc.,westside asphalt and concrete [bn 854625613],westside asphalt and concrete,fed_grant,180000.00,True,"https://search.open.canada.ca/grants/record/acoa-apeca,276-2020-2021-Q3-00177,current",federal/grants_NL.jsonl,"agreement 276-2020-2021-Q3-00177, amendment 0"
fed_grant-50b466f74ffa,St Johns Women's Centre Inc,st johns womens centre [bn 880779699],st johns womens centre,fed_grant,4987.00,True,"https://search.open.canada.ca/grants/record/esdc-edsc,141-2024-2025-Q2-01869,current",federal/grants_NL.jsonl,"agreement 141-2024-2025-Q2-01869, amendment 0"
fed_grant-511c17627334,Summerford Recreation Committee,summerford recreation committee [bn 793354473],summerford recreation committee,fed_grant,16822.00,True,"https://search.open.canada.ca/grants/record/esdc-edsc,141-2022-2023-Q2-08274,current",federal/grants_NL.jsonl,"agreement 141-2022-2023-Q2-08274, amendment 0"
fed_grant-51bafa24c43f,Breakwater Farm and Market Inc.,breakwater farm and market [bn 790688873],breakwater farm and market,fed_grant,90000.00,True,"https://search.open.canada.ca/grants/record/acoa-apeca,276-2022-2023-Q2-00240,current",federal/grants_NL.jsonl,"agreement 276-2022-2023-Q2-00240, amendment 0"
fed_grant-51f29e34f4ec,TOYOTA PLAZA,toyota plaza [bn 736259722],toyota plaza,fed_grant,5000.00,True,"https://search.open.canada.ca/grants/record/tc,217-2020-2021-Q2-90888,current",federal/grants_NL.jsonl,"agreement 217-2020-2021-Q2-90888, amendment 0"
fed_grant-52839fb04f59,Kinden's Bakery and Cafe,kindens bakery and cafe [bn 771352879],kindens bakery and cafe,fed_grant,2796.00,True,"https://search.open.canada.ca/grants/record/esdc-edsc,141-2020-2021-Q4-01926,current",federal/grants_NL.jsonl,"agreement 141-2020-2021-Q4-01926, amendment 0"
fed_grant-52979f8b3c6e,Momma's Ice Cream Inc.,mommas ice cream [bn 707236758],mommas ice cream,fed_grant,2796.00,True,"https://search.open.canada.ca/grants/record/esdc-edsc,141-2020-2021-Q4-01844,current",federal/grants_NL.jsonl,"agreement 141-2020-2021-Q4-01844, amendment 0"
fed_grant-52b0f6919987,City of Corner Brook,city of corner brook [bn 829388883],city of corner brook,fed_grant,116949.00,True,"https://search.open.canada.ca/grants/record/acoa-apeca,276-2024-2025-Q3-00200,current",federal/grants_NL.jsonl,"agreement 276-2024-2025-Q3-00200, amendment 0"
fed_grant-52b7e7170533,Women in Resource Development Committee,women in resource development [bn 886291624],women in resource development,fed_grant,4987.00,True,"https://search.open.canada.ca/grants/record/esdc-edsc,141-2024-2025-Q2-01404,current",federal/grants_NL.jsonl,"agreement 141-2024-2025-Q2-01404, amendment 0"
fed_grant-533073f03229,Nunatsiavut Government,nunatsiavut government [bn 122259609],nunatsiavut government,fed_grant,459069.00,True,"https://search.open.canada.ca/grants/record/acoa-apeca,276-2017-2018-Q1-00084,current",federal/grants_NL.jsonl,"agreement 276-2017-2018-Q1-00084, amendment 0"
fed_grant-5477dda6f79f,Nunatsiavut Government,nunatsiavut government [bn 122259609],nunatsiavut government,fed_grant,26390.00,True,"https://search.open.canada.ca/grants/record/esdc-edsc,141-2023-2024-Q2-03274,current",federal/grants_NL.jsonl,"agreement 141-2023-2024-Q2-03274, amendment 0"
fed_grant-54a70b1581fa,NUNATSIAVUT GOVERNMENT,nunatsiavut government [bn 122259609],nunatsiavut government,fed_grant,995555.00,True,"https://search.open.canada.ca/grants/record/jus,119-2024-2025-Q4-00449,current",federal/grants_NL.jsonl,"agreement 119-2024-2025-Q4-00449, amendment 0"
fed_grant-55a8fd645437,Arnold's Cove Heritage Foundation,arnolds cove heritage foundation [bn 769440140],arnolds cove heritage foundation,fed_grant,10431.00,True,"https://search.open.canada.ca/grants/record/esdc-edsc,141-2021-2022-Q2-02006,current",federal/grants_NL.jsonl,"agreement 141-2021-2022-Q2-02006, amendment 0"
fed_grant-5637f0ee605e,Eastern Destination Management Organization Inc.,eastern destination management organization [bn 847696804],eastern destination management organization,fed_grant,330000.00,True,"https://search.open.canada.ca/grants/record/acoa-apeca,276-2024-2025-Q2-00204,current",federal/grants_NL.jsonl,"agreement 276-2024-2025-Q2-00204, amendment 0"
fed_grant-569a3ef363d3,Nunatsiavut Government,nunatsiavut government [bn 122259609],nunatsiavut government,fed_grant,12480.00,True,"https://search.open.canada.ca/grants/record/esdc-edsc,014-2025-2026-Q2-04443,current",federal/grants_NL.jsonl,"agreement 014-2025-2026-Q2-04443, amendment 0"
fed_grant-575f3a5498b9,Bauline Community Committee Inc,bauline community committee [bn 129778775],bauline community committee,fed_grant,19511.00,True,"https://search.open.canada.ca/grants/record/esdc-edsc,141-2021-2022-Q2-07048,current",federal/grants_NL.jsonl,"agreement 141-2021-2022-Q2-07048, amendment 0"
fed_grant-58c09452bf0f,79726 Newfoundland and Labrador Inc.,79726 newfoundland and labrador [bn 743489312],79726 newfoundland and labrador,fed_grant,2030.00,True,"https://search.open.canada.ca/grants/record/esdc-edsc,141-2023-2024-Q2-00924,current",federal/grants_NL.jsonl,"agreement 141-2023-2024-Q2-00924, amendment 0"
fed_grant-5a4d2b1706fa,Bauline Community Committee Inc.,bauline community committee [bn 129778775],bauline community committee,fed_grant,29572.00,True,"https://search.open.canada.ca/grants/record/esdc-edsc,141-2020-2021-Q4-00596,current",federal/grants_NL.jsonl,"agreement 141-2020-2021-Q4-00596, amendment 1"
fed_grant-5ac315b1d751,Wonderbolt Productions Inc.,wonderbolt productions [bn 873023063],wonderbolt productions,fed_grant,4633.00,True,"https://search.open.canada.ca/grants/record/esdc-edsc,141-2023-2024-Q2-04559,current",federal/grants_NL.jsonl,"agreement 141-2023-2024-Q2-04559, amendment 0"
fed_grant-5b450ff9478d,Town of North West River,town of north west river [bn 132633579],town of north west river,fed_grant,164925.00,True,"https://search.open.canada.ca/grants/record/acoa-apeca,276-2021-2022-Q2-00263,current",federal/grants_NL.jsonl,"agreement 276-2021-2022-Q2-00263, amendment 0"
fed_grant-5c203e68367b,"The Oat Company, Inc.",oat [bn 766828669],oat,fed_grant,32500.00,True,"https://search.open.canada.ca/grants/record/acoa-apeca,276-2023-2024-Q4-00298,current",federal/grants_NL.jsonl,"agreement 276-2023-2024-Q4-00298, amendment 0"
fed_grant-5d51933d726b,TOYOTA PLAZA,toyota plaza [bn 736259722],toyota plaza,fed_grant,15000.00,True,"https://search.open.canada.ca/grants/record/tc,217-2022-2023-Q4-91632,current",federal/grants_NL.jsonl,"agreement 217-2022-2023-Q4-91632, amendment 0"
fed_grant-5dc8c089d38d,The Lions Club of Channel Port aux Basques,lions club of channel port aux basques [bn 892475666],lions club of channel port aux basques,fed_grant,3055.00,True,"https://search.open.canada.ca/grants/record/esdc-edsc,141-2019-2020-Q1-13751,current",federal/grants_NL.jsonl,"agreement 141-2019-2020-Q1-13751, amendment 0"
fed_grant-5dfdbbf65949,Phocalux International Inc.,phocalux international [bn 812746196],phocalux international,fed_grant,100000.00,True,"https://search.open.canada.ca/grants/record/acoa-apeca,276-2020-2021-Q4-00207,current",federal/grants_NL.jsonl,"agreement 276-2020-2021-Q4-00207, amendment 0"
fed_grant-5ee249432061,BreatheSuite Inc.,breathesuite [bn 754404283],breathesuite,fed_grant,860000.00,True,"https://search.open.canada.ca/grants/record/nrc-cnrc,172-2024-2025-Q2-1021669,current",federal/grants_NL.jsonl,"agreement 172-2024-2025-Q2-1021669, amendment 1"
fed_grant-5f1fab5f9943,TOYOTA PLAZA,toyota plaza [bn 736259722],toyota plaza,fed_grant,5000.00,True,"https://search.open.canada.ca/grants/record/tc,217-2020-2021-Q4-91150,current",federal/grants_NL.jsonl,"agreement 217-2020-2021-Q4-91150, amendment 0"
fed_grant-5f50f0fec832,St. John's Women's Centre,st johns womens centre [bn 880779699],st johns womens centre,fed_grant,8958.00,True,"https://search.open.canada.ca/grants/record/esdc-edsc,141-2018-2019-Q1-01141,current",federal/grants_NL.jsonl,"agreement 141-2018-2019-Q1-01141, amendment 0"
fed_grant-5f56f386910c,Newfoundland & Labrador Folk Arts Society Inc.,newfoundland and labrador folk arts society [bn 893249680],newfoundland and labrador folk arts society,fed_grant,19950.00,True,"https://search.open.canada.ca/grants/record/acoa-apeca,276-2024-2025-Q2-00106,current",federal/grants_NL.jsonl,"agreement 276-2024-2025-Q2-00106, amendment 0"
fed_grant-5ff9837fa0da,Angler Solutions Inc.,angler solutions [bn 788372142],angler solutions,fed_grant,29952.00,True,"https://search.open.canada.ca/grants/record/nrc-cnrc,172-2025-2026-Q4-1039246,current",federal/grants_NL.jsonl,"agreement 172-2025-2026-Q4-1039246, amendment 0"
fed_grant-60387e11e1d9,Nunatsiavut Government,nunatsiavut government [bn 122259609],nunatsiavut government,fed_grant,650000.00,True,"https://search.open.canada.ca/grants/record/acoa-apeca,276-2016-2017-Q1-00071,current",federal/grants_NL.jsonl,"agreement 276-2016-2017-Q1-00071, amendment 0"
fed_grant-60632a291003,Reidville 50+ Club Corp.,reidville 50 club [bn 996126439],reidville 50 club,fed_grant,18480.00,True,"https://search.open.canada.ca/grants/record/esdc-edsc,014-2025-2026-Q4-00324,current",federal/grants_NL.jsonl,"agreement 014-2025-2026-Q4-00324, amendment 0"
fed_grant-60ed7b0a0bff,Burin Peninsula Health Care Foundation Inc.,burin peninsula health care foundation [bn 106818610RR1068],burin peninsula health care foundation,fed_grant,3119.00,True,"https://search.open.canada.ca/grants/record/esdc-edsc,141-2019-2020-Q1-10024,current",federal/grants_NL.jsonl,"agreement 141-2019-2020-Q1-10024, amendment 0"
fed_grant-61ad17fd3007,Saltwater Community Association Inc.,saltwater community association [bn 726933732],saltwater community association,fed_grant,120332.00,True,"https://search.open.canada.ca/grants/record/acoa-apeca,276-2024-2025-Q2-00159,current",federal/grants_NL.jsonl,"agreement 276-2024-2025-Q2-00159, amendment 0"
fed_grant-61d3f35be3c7,Burin Peninsula Health Care Foundation,burin peninsula health care foundation [bn 106818610RR0001],burin peninsula health care foundation,fed_grant,4987.00,True,"https://search.open.canada.ca/grants/record/esdc-edsc,141-2024-2025-Q2-01763,current",federal/grants_NL.jsonl,"agreement 141-2024-2025-Q2-01763, amendment 0"
fed_grant-64576d248033,S W Moores Memorial Park Committee,s w moores memorial park committee [bn 890827975],s w moores memorial park committee,fed_grant,2986.00,True,"https://search.open.canada.ca/grants/record/esdc-edsc,141-2018-2019-Q1-18364,current",federal/grants_NL.jsonl,"agreement 141-2018-2019-Q1-18364, amendment 0"
fed_grant-6529e8923012,Growler Energy Inc.,growler energy [bn 740506324],growler energy,fed_grant,50000.00,True,"https://search.open.canada.ca/grants/record/acoa-apeca,276-2022-2023-Q3-00140,current",federal/grants_NL.jsonl,"agreement 276-2022-2023-Q3-00140, amendment 0"
fed_grant-6557ef119c3a,Monica Crocker,monica crocker [bn 819683186],monica crocker,fed_grant,1848.00,True,"https://search.open.canada.ca/grants/record/esdc-edsc,141-2022-2023-Q2-10349,current",federal/grants_NL.jsonl,"agreement 141-2022-2023-Q2-10349, amendment 0"
fed_grant-6601bd897e74,Flat Bay Band Inc.,flat bay band [bn 864815857],flat bay band,fed_grant,17407.00,True,"https://search.open.canada.ca/grants/record/esdc-edsc,141-2021-2022-Q4-02490,current",federal/grants_NL.jsonl,"agreement 141-2021-2022-Q4-02490, amendment 0"
fed_grant-66170a3c70f9,Bauline Community Committee Inc,bauline community committee [bn 754200608],bauline community committee,fed_grant,32432.00,True,"https://search.open.canada.ca/grants/record/esdc-edsc,141-2023-2024-Q2-02997,current",federal/grants_NL.jsonl,"agreement 141-2023-2024-Q2-02997, amendment 0"
fed_grant-662ddba5116c,Hare Bay Dover Lions Club,hare bay dover lions club [bn 870550282],hare bay dover lions club,fed_grant,3696.00,True,"https://search.open.canada.ca/grants/record/esdc-edsc,141-2020-2021-Q4-03575,current",federal/grants_NL.jsonl,"agreement 141-2020-2021-Q4-03575, amendment 0"
fed_grant-6701293b219d,Burin Minor Soccer Parents Association,burin minor soccer parents association [bn 893083469],burin minor soccer parents association,fed_grant,19011.00,True,"https://search.open.canada.ca/grants/record/esdc-edsc,141-2020-2021-Q4-00026,current",federal/grants_NL.jsonl,"agreement 141-2020-2021-Q4-00026, amendment 1"
fed_grant-67358cae0e74,St Anthony and Area Chamber of Commerce Inc.,st anthony and area chamber of commerce [bn 783565294],st anthony and area chamber of commerce,fed_grant,4206.00,True,"https://search.open.canada.ca/grants/record/esdc-edsc,141-2022-2023-Q2-18400,current",federal/grants_NL.jsonl,"agreement 141-2022-2023-Q2-18400, amendment 0"
fed_grant-67410e1ac8c5,BreatheSuite Inc.,breathesuite [bn 744497710],breathesuite,fed_grant,115408.00,True,"https://search.open.canada.ca/grants/record/nrc-cnrc,172-2020-2021-Q4-960277,current",federal/grants_NL.jsonl,"agreement 172-2020-2021-Q4-960277, amendment 0"
fed_grant-67879e68aa20,Harbour Breton Beautification Committee,harbour breton beautification committee [bn 869841635],harbour breton beautification committee,fed_grant,4987.00,True,"https://search.open.canada.ca/grants/record/esdc-edsc,141-2024-2025-Q2-01066,current",federal/grants_NL.jsonl,"agreement 141-2024-2025-Q2-01066, amendment 0"
fed_grant-67e539bcdcf1,NUNATSIAVUT GOVERNMENT,nunatsiavut government [bn 122259609],nunatsiavut government,fed_grant,16135.00,True,"https://search.open.canada.ca/grants/record/jus,119-2025-2026-Q3-00059,current",federal/grants_NL.jsonl,"agreement 119-2025-2026-Q3-00059, amendment 0"
fed_grant-690f754f46ea,The Parish of All Saints,parish of all saints [bn 806166559],parish of all saints,fed_grant,25000.00,True,"https://search.open.canada.ca/grants/record/esdc-edsc,014-2024-2025-Q4-00362,current",federal/grants_NL.jsonl,"agreement 014-2024-2025-Q4-00362, amendment 0"
fed_grant-69c85a48b996,Burin Peninsula Health Care Foundation Inc.,burin peninsula health care foundation [bn 106818610RR1068],burin peninsula health care foundation,fed_grant,2985.00,True,"https://search.open.canada.ca/grants/record/esdc-edsc,141-2018-2019-Q1-17569,current",federal/grants_NL.jsonl,"agreement 141-2018-2019-Q1-17569, amendment 0"
fed_grant-6a51f914779d,Nunatsiavut Government,nunatsiavut government [bn 122259609],nunatsiavut government,fed_grant,32635503.00,True,"https://search.open.canada.ca/grants/record/ic,033-2023-2024-Q2-819294,current",federal/grants_NL.jsonl,"agreement 033-2023-2024-Q2-819294, amendment 0"
fed_grant-6bb7190b9470,BreatheSuite Inc.,breathesuite [bn 754404283],breathesuite,fed_grant,500000.00,True,"https://search.open.canada.ca/grants/record/acoa-apeca,276-2026-2027-Q1-00012,current",federal/grants_NL.jsonl,"agreement 276-2026-2027-Q1-00012, amendment 0"
fed_grant-6bc6813a8aec,Marble Zip Tours Inc,marble zip tours [bn 831818166],marble zip tours,fed_grant,2240.00,True,"https://search.open.canada.ca/grants/record/esdc-edsc,014-2025-2026-Q2-01738,current",federal/grants_NL.jsonl,"agreement 014-2025-2026-Q2-01738, amendment 0"
fed_grant-6d8bce7cc948,Lord's Cove Recreation INC.,lords cove recreation [bn 794087114],lords cove recreation,fed_grant,3972.00,True,"https://search.open.canada.ca/grants/record/esdc-edsc,141-2023-2024-Q2-01481,current",federal/grants_NL.jsonl,"agreement 141-2023-2024-Q2-01481, amendment 0"
fed_grant-6e6f96f6c040,BreatheSuite Inc.,breathesuite [bn 744497710],breathesuite,fed_grant,361672.00,True,"https://search.open.canada.ca/grants/record/nrc-cnrc,172-2019-2020-Q4-943053,current",federal/grants_NL.jsonl,"agreement 172-2019-2020-Q4-943053, amendment 1"
fed_grant-6ef8b622acfc,Sheaves Cove Recreation Committee Corporation,sheaves cove recreation committee [bn 762290278],sheaves cove recreation committee,fed_grant,18133.00,True,"https://search.open.canada.ca/grants/record/esdc-edsc,141-2021-2022-Q4-02463,current",federal/grants_NL.jsonl,"agreement 141-2021-2022-Q4-02463, amendment 0"
fed_grant-6f56fd99a129,TOYOTA PLAZA,toyota plaza [bn 736259722],toyota plaza,fed_grant,10000.00,True,"https://search.open.canada.ca/grants/record/tc,217-2022-2023-Q1-91315,current",federal/grants_NL.jsonl,"agreement 217-2022-2023-Q1-91315, amendment 0"
fed_grant-6f971b7faca3,Summerford Recreation Committee,summerford recreation committee [bn 793354473],summerford recreation committee,fed_grant,11920.00,True,"https://search.open.canada.ca/grants/record/esdc-edsc,141-2021-2022-Q2-01790,current",federal/grants_NL.jsonl,"agreement 141-2021-2022-Q2-01790, amendment 0"
fed_grant-6f9e014d2a0b,Scouts Canada,scouts canada [bn 107761694RR0028],scouts canada,fed_grant,7392.00,True,"https://search.open.canada.ca/grants/record/esdc-edsc,141-2020-2021-Q4-00711,current",federal/grants_NL.jsonl,"agreement 141-2020-2021-Q4-00711, amendment 1"
fed_grant-6fa6ada70e8b,TOYOTA PLAZA,toyota plaza [bn 775115819],toyota plaza,fed_grant,15000.00,True,"https://search.open.canada.ca/grants/record/tc,217-2024-2025-Q2-92267,current",federal/grants_NL.jsonl,"agreement 217-2024-2025-Q2-92267, amendment 0"
fed_grant-7028893c8aa2,MONICA CROCKER,monica crocker [bn 819683186],monica crocker,fed_grant,2627.00,True,"https://search.open.canada.ca/grants/record/esdc-edsc,141-2021-2022-Q2-04482,current",federal/grants_NL.jsonl,"agreement 141-2021-2022-Q2-04482, amendment 0"
fed_grant-705309b793a8,Nunatsiavut Government,nunatsiavut government [bn 122259609],nunatsiavut government,fed_grant,23999.00,True,"https://search.open.canada.ca/grants/record/esdc-edsc,141-2020-2021-Q4-00456,current",federal/grants_NL.jsonl,"agreement 141-2020-2021-Q4-00456, amendment 1"
fed_grant-7068ef014003,Eastern Destination Management Organization Inc.,eastern destination management organization [bn 843657297],eastern destination management organization,fed_grant,4987.00,True,"https://search.open.canada.ca/grants/record/esdc-edsc,141-2024-2025-Q2-04479,current",federal/grants_NL.jsonl,"agreement 141-2024-2025-Q2-04479, amendment 0"
fed_grant-71ef3ad57a1b,BreatheSuite Inc.,breathesuite [bn 744497710],breathesuite,fed_grant,43353.00,True,"https://search.open.canada.ca/grants/record/nrc-cnrc,172-2020-2021-Q4-966728,current",federal/grants_NL.jsonl,"agreement 172-2020-2021-Q4-966728, amendment 0"
fed_grant-720addaf9d78,Point Leamington Parks and Recreation,point leamington parks and recreation committee,point leamington parks and recreation,fed_grant,8411.00,True,"https://search.open.canada.ca/grants/record/esdc-edsc,141-2022-2023-Q2-19752,current",federal/grants_NL.jsonl,"agreement 141-2022-2023-Q2-19752, amendment 0"
fed_grant-723967daee26,Westside Asphalt and Concrete Inc.,westside asphalt and concrete [bn 103682530],westside asphalt and concrete,fed_grant,2240.00,True,"https://search.open.canada.ca/grants/record/esdc-edsc,014-2025-2026-Q2-02770,current",federal/grants_NL.jsonl,"agreement 014-2025-2026-Q2-02770, amendment 0"
fed_grant-72672123e166,FLAT BAY BAND INCORPORATED,flat bay band [bn 864815857],flat bay band,fed_grant,300000.00,True,"https://search.open.canada.ca/grants/record/jus,119-2025-2026-Q4-00151,current",federal/grants_NL.jsonl,"agreement 119-2025-2026-Q4-00151, amendment 0"
fed_grant-7321026f8653,Flat Bay Band Inc.,flat bay band [bn 864815857],flat bay band,fed_grant,5113.00,True,"https://search.open.canada.ca/grants/record/esdc-edsc,014-2025-2026-Q2-00792,current",federal/grants_NL.jsonl,"agreement 014-2025-2026-Q2-00792, amendment 0"
fed_grant-732a642c01d3,Eastern Destination Management Organization Inc.,eastern destination management organization [bn 847696804],eastern destination management organization,fed_grant,90550.00,True,"https://search.open.canada.ca/grants/record/acoa-apeca,276-2026-2027-Q1-00155,current",federal/grants_NL.jsonl,"agreement 276-2026-2027-Q1-00155, amendment 0"
fed_grant-7379be21be99,TOYOTA PLAZA,toyota plaza [bn 775115819],toyota plaza,fed_grant,40000.00,True,"https://search.open.canada.ca/grants/record/tc,217-2023-2024-Q3-91946,current",federal/grants_NL.jsonl,"agreement 217-2023-2024-Q3-91946, amendment 0"
fed_grant-746ff670623d,Humber Tumblers,humber tumblers [bn 896115581],humber tumblers,fed_grant,8958.00,True,"https://search.open.canada.ca/grants/record/esdc-edsc,141-2018-2019-Q1-32084,current",federal/grants_NL.jsonl,"agreement 141-2018-2019-Q1-32084, amendment 0"
fed_grant-747048d52dec,Angler Solutions Inc.,angler solutions [bn 788372142],angler solutions,fed_grant,49961.00,True,"https://search.open.canada.ca/grants/record/nrc-cnrc,172-2024-2025-Q2-1019925,current",federal/grants_NL.jsonl,"agreement 172-2024-2025-Q2-1019925, amendment 1"
fed_grant-74b14fa73770,Bay de Verde Heritage Committee,bay de verde heritage committee,heritage bay de verde,fed_grant,9266.00,True,"https://search.open.canada.ca/grants/record/esdc-edsc,141-2023-2024-Q2-00913,current",federal/grants_NL.jsonl,"agreement 141-2023-2024-Q2-00913, amendment 0"
fed_grant-74c2a1808d36,Reidville 50+ Club,reidville 50 club [bn 137071916],reidville 50 club,fed_grant,25000.00,True,"https://search.open.canada.ca/grants/record/esdc-edsc,141-2020-2021-Q4-05002,current",federal/grants_NL.jsonl,"agreement 141-2020-2021-Q4-05002, amendment 0"
fed_grant-75dd86c0ef40,Mazol Shriners Charitable Trust Inc.,mazol shriners charitable trust [bn 837845528],mazol shriners charitable trust,fed_grant,70000.00,True,"https://search.open.canada.ca/grants/record/acoa-apeca,276-2021-2022-Q3-00256,current",federal/grants_NL.jsonl,"agreement 276-2021-2022-Q3-00256, amendment 1"
fed_grant-77e5eaae9c23,Phocalux International Inc.,phocalux international [bn 812746196],phocalux international,fed_grant,1848.00,True,"https://search.open.canada.ca/grants/record/esdc-edsc,141-2022-2023-Q2-09347,current",federal/grants_NL.jsonl,"agreement 141-2022-2023-Q2-09347, amendment 0"
fed_grant-77e92aa56509,Hare Bay/Dover Lions,hare bay dover lions club [bn 711861930],hare bay dover lions club,fed_grant,4633.00,True,"https://search.open.canada.ca/grants/record/esdc-edsc,141-2023-2024-Q2-01601,current",federal/grants_NL.jsonl,"agreement 141-2023-2024-Q2-01601, amendment 0"
fed_grant-787673f57f83,Placentia Area Theatre d'Heritage INc,placentia area theatre dheritage [bn 896149481],placentia area theatre dheritage,fed_grant,19867.00,True,"https://search.open.canada.ca/grants/record/esdc-edsc,141-2021-2022-Q2-03730,current",federal/grants_NL.jsonl,"agreement 141-2021-2022-Q2-03730, amendment 0"
fed_grant-78beed65daa0,Fédération des parents francophones de Terre-Neuve et du Labrador,federation des parents francophones de terre neuve et du labrador [bn 131159477],federation des parents francophones de terre neuve et du labrador,fed_grant,3832.00,True,"https://search.open.canada.ca/grants/record/esdc-edsc,141-2021-2022-Q2-03787,current",federal/grants_NL.jsonl,"agreement 141-2021-2022-Q2-03787, amendment 0"
fed_grant-78e1af6abc29,POINT LEAMINGTON PARKS AND RECREATION COMMITTEE,point leamington parks and recreation committee,point leamington parks and recreation,fed_grant,2410.00,True,"https://search.open.canada.ca/grants/record/pch,016-2025-2026-Q4-1380277,current",federal/grants_NL.jsonl,"agreement 016-2025-2026-Q4-1380277, amendment 0"
fed_grant-78f4baaee7cf,The Parish of Upper Island Cove,parish of upper island cove [bn 805989555],parish of upper island cove,fed_grant,3696.00,True,"https://search.open.canada.ca/grants/record/esdc-edsc,141-2020-2021-Q4-04806,current",federal/grants_NL.jsonl,"agreement 141-2020-2021-Q4-04806, amendment 0"
fed_grant-79e1e9e13af2,Twillingate Lions Club,twillingate lions club [bn 108145996],twillingate lions club,fed_grant,3406.00,True,"https://search.open.canada.ca/grants/record/esdc-edsc,141-2021-2022-Q2-04363,current",federal/grants_NL.jsonl,"agreement 141-2021-2022-Q2-04363, amendment 0"
fed_grant-7afb8d45e6b6,Phocalux International Inc,phocalux international [bn 873016190],phocalux international,fed_grant,1368.00,True,"https://search.open.canada.ca/grants/record/esdc-edsc,141-2019-2020-Q1-11154,current",federal/grants_NL.jsonl,"agreement 141-2019-2020-Q1-11154, amendment 0"
fed_grant-7b4da797a6d9,Tourism Bell Island Inc.,tourism bell island [bn 848672606],tourism bell island,fed_grant,39892.00,True,"https://search.open.canada.ca/grants/record/esdc-edsc,141-2024-2025-Q2-01443,current",federal/grants_NL.jsonl,"agreement 141-2024-2025-Q2-01443, amendment 0"
fed_grant-7bb001390dff,Eastern Destination Management Organization Inc.,eastern destination management organization [bn 847696804],eastern destination management organization,fed_grant,381235.00,True,"https://search.open.canada.ca/grants/record/acoa-apeca,276-2017-2018-Q1-00441,current",federal/grants_NL.jsonl,"agreement 276-2017-2018-Q1-00441, amendment 2"
fed_grant-7be67406d931,Sheaves Cove Recreation Committee,sheaves cove recreation committee [bn 732618293],sheaves cove recreation committee,fed_grant,6110.00,True,"https://search.open.canada.ca/grants/record/esdc-edsc,141-2019-2020-Q1-14371,current",federal/grants_NL.jsonl,"agreement 141-2019-2020-Q1-14371, amendment 0"
fed_grant-7c46a8849188,Monica Crocker,monica crocker [bn 740955539],monica crocker,fed_grant,2627.00,True,"https://search.open.canada.ca/grants/record/esdc-edsc,141-2021-2022-Q2-04484,current",federal/grants_NL.jsonl,"agreement 141-2021-2022-Q2-04484, amendment 0"
fed_grant-7ca8568e0968,Nicole Keats,nicole keats [bn 889837803],nicole keats,fed_grant,2030.00,True,"https://search.open.canada.ca/grants/record/esdc-edsc,141-2023-2024-Q2-02062,current",federal/grants_NL.jsonl,"agreement 141-2023-2024-Q2-02062, amendment 0"
fed_grant-7cfeb1e23ea0,West Coast Cycling Association Inc.,west coast cycling association [bn 881574818],west coast cycling association,fed_grant,162567.00,True,"https://search.open.canada.ca/grants/record/acoa-apeca,276-2024-2025-Q2-00095,current",federal/grants_NL.jsonl,"agreement 276-2024-2025-Q2-00095, amendment 0"
fed_grant-7d498902ce45,TOYOTA PLAZA,toyota plaza [bn 736259722],toyota plaza,fed_grant,15000.00,True,"https://search.open.canada.ca/grants/record/tc,217-2021-2022-Q3-91104,current",federal/grants_NL.jsonl,"agreement 217-2021-2022-Q3-91104, amendment 0"
fed_grant-7e5766b7da1b,Sir Thomas Roddick Hospital Auxiliary,sir thomas roddick hospital auxiliary [bn 894775147],sir thomas roddick hospital auxiliary,fed_grant,2830.00,True,"https://search.open.canada.ca/grants/record/esdc-edsc,141-2018-2019-Q1-18137,current",federal/grants_NL.jsonl,"agreement 141-2018-2019-Q1-18137, amendment 0"
fed_grant-7e63d6152c64,Growler Energy Inc.,growler energy [bn 740506324],growler energy,fed_grant,50000.00,True,"https://search.open.canada.ca/grants/record/acoa-apeca,276-2021-2022-Q1-00023,current",federal/grants_NL.jsonl,"agreement 276-2021-2022-Q1-00023, amendment 0"
fed_grant-8182b2fbeb24,BreatheSuite Inc.,breathesuite [bn 754404283],breathesuite,fed_grant,608500.00,True,"https://search.open.canada.ca/grants/record/nrc-cnrc,172-2025-2026-Q4-1038655,current",federal/grants_NL.jsonl,"agreement 172-2025-2026-Q4-1038655, amendment 2"
fed_grant-81b752be7146,Learning Disabilities Association CBS Chapter,learning disabilities association cbs chapter [bn 892833062],learning disabilities association cbs chapter,fed_grant,5971.00,True,"https://search.open.canada.ca/grants/record/esdc-edsc,141-2018-2019-Q1-17349,current",federal/grants_NL.jsonl,"agreement 141-2018-2019-Q1-17349, amendment 0"
fed_grant-81df21cdaae3,Parish of All Saints,parish of all saints [bn 119229896],parish of all saints,fed_grant,4383.00,True,"https://search.open.canada.ca/grants/record/esdc-edsc,014-2025-2026-Q2-00662,current",federal/grants_NL.jsonl,"agreement 014-2025-2026-Q2-00662, amendment 0"
fed_grant-82059efbf3a5,Marystown Recreation Committee,marystown recreation committee [bn 814865820],marystown recreation committee,fed_grant,4104.00,True,"https://search.open.canada.ca/grants/record/esdc-edsc,141-2019-2020-Q1-12796,current",federal/grants_NL.jsonl,"agreement 141-2019-2020-Q1-12796, amendment 0"
fed_grant-8234c8a80c80,Arnold's Cove Heritage Foundation,arnolds cove heritage foundation [bn 108101221],arnolds cove heritage foundation,fed_grant,1172.00,True,"https://search.open.canada.ca/grants/record/esdc-edsc,141-2018-2019-Q1-24138,current",federal/grants_NL.jsonl,"agreement 141-2018-2019-Q1-24138, amendment 0"
fed_grant-824fcd37135a,City of Corner Brook,city of corner brook [bn 122333271],city of corner brook,fed_grant,7392.00,True,"https://search.open.canada.ca/grants/record/esdc-edsc,141-2022-2023-Q2-22012,current",federal/grants_NL.jsonl,"agreement 141-2022-2023-Q2-22012, amendment 0"
fed_grant-82eb32e4ec30,Conche Recreation Committee,conche recreation committee [bn 795011600],conche recreation committee,fed_grant,3971.00,True,"https://search.open.canada.ca/grants/record/esdc-edsc,141-2023-2024-Q2-01514,current",federal/grants_NL.jsonl,"agreement 141-2023-2024-Q2-01514, amendment 0"
fed_grant-831e76050a68,North East United Soccer Club,north east united soccer club [bn 857468805],north east united soccer club,fed_grant,3565.00,True,"https://search.open.canada.ca/grants/record/esdc-edsc,141-2020-2021-Q4-04236,current",federal/grants_NL.jsonl,"agreement 141-2020-2021-Q4-04236, amendment 0"
fed_grant-833b32b0bbcd,City of Corner Brook,city of corner brook [bn 829388883],city of corner brook,fed_grant,388738.00,True,"https://search.open.canada.ca/grants/record/acoa-apeca,276-2025-2026-Q2-00042,current",federal/grants_NL.jsonl,"agreement 276-2025-2026-Q2-00042, amendment 0"
fed_grant-839868a10958,Angler Solutions Inc.,angler solutions [bn 788755940],angler solutions,fed_grant,50000.00,True,"https://search.open.canada.ca/grants/record/acoa-apeca,276-2025-2026-Q2-00129,current",federal/grants_NL.jsonl,"agreement 276-2025-2026-Q2-00129, amendment 0"
fed_grant-84ee970b00e3,The Lions Club of Channel-Port-aux-Basques,lions club of channel port aux basques [bn 892475666],lions club of channel port aux basques,fed_grant,3732.00,True,"https://search.open.canada.ca/grants/record/esdc-edsc,141-2018-2019-Q1-32194,current",federal/grants_NL.jsonl,"agreement 141-2018-2019-Q1-32194, amendment 0"
fed_grant-856aafb84249,Summerford Age Friendly,summerford age friendly [bn 793049073],summerford age friendly,fed_grant,3055.00,True,"https://search.open.canada.ca/grants/record/esdc-edsc,141-2019-2020-Q1-15106,current",federal/grants_NL.jsonl,"agreement 141-2019-2020-Q1-15106, amendment 0"
fed_grant-858712b4e52c,Sheaves Cove Recreation Committee Corporation,sheaves cove recreation committee [bn 762290278],sheaves cove recreation committee,fed_grant,13899.00,True,"https://search.open.canada.ca/grants/record/esdc-edsc,141-2023-2024-Q2-03546,current",federal/grants_NL.jsonl,"agreement 141-2023-2024-Q2-03546, amendment 0"
fed_grant-85f069173af0,Town Of Springdale,town of springdale [bn 108129933],town of springdale,fed_grant,13104.00,True,"https://search.open.canada.ca/grants/record/esdc-edsc,141-2024-2025-Q2-01355,current",federal/grants_NL.jsonl,"agreement 141-2024-2025-Q2-01355, amendment 0"
fed_grant-86badbcdc5b0,North East United Soccer Club Inc.,north east united soccer club [bn 779746551],north east united soccer club,fed_grant,25645.00,True,"https://search.open.canada.ca/grants/record/esdc-edsc,141-2024-2025-Q2-01877,current",federal/grants_NL.jsonl,"agreement 141-2024-2025-Q2-01877, amendment 1"
fed_grant-86df00625c6d,Wonderbolt Productions Inc.,wonderbolt productions [bn 873023063],wonderbolt productions,fed_grant,50000.00,True,"https://search.open.canada.ca/grants/record/acoa-apeca,276-2024-2025-Q3-00201,current",federal/grants_NL.jsonl,"agreement 276-2024-2025-Q3-00201, amendment 0"
fed_grant-86e5c12a7753,Kinden's Bakery & Cafe Inc,kindens bakery and cafe [bn 790605901],kindens bakery and cafe,fed_grant,4060.00,True,"https://search.open.canada.ca/grants/record/esdc-edsc,141-2023-2024-Q2-04232,current",federal/grants_NL.jsonl,"agreement 141-2023-2024-Q2-04232, amendment 0"
fed_grant-871b4f63f3d7,Angler Solutions Inc.,angler solutions [bn 788755940],angler solutions,fed_grant,188730.00,True,"https://search.open.canada.ca/grants/record/acoa-apeca,276-2024-2025-Q3-00256,current",federal/grants_NL.jsonl,"agreement 276-2024-2025-Q3-00256, amendment 0"
fed_grant-87c2109e9666,Riverwood Holdings Inc,riverwood holdings [bn 824904270],riverwood holdings,fed_grant,1368.00,True,"https://search.open.canada.ca/grants/record/esdc-edsc,141-2019-2020-Q1-14541,current",federal/grants_NL.jsonl,"agreement 141-2019-2020-Q1-14541, amendment 0"
fed_grant-87eba18ec05b,Point Lance Community Council,point lance community council [bn 727420325],point lance community council,fed_grant,12191.00,True,"https://search.open.canada.ca/grants/record/esdc-edsc,141-2018-2019-Q1-06851,current",federal/grants_NL.jsonl,"agreement 141-2018-2019-Q1-06851, amendment 0"
fed_grant-88a75dafbee9,Summerford Recreation,summerford recreation committee [bn 793354473],summerford recreation committee,fed_grant,7392.00,True,"https://search.open.canada.ca/grants/record/esdc-edsc,141-2020-2021-Q4-03868,current",federal/grants_NL.jsonl,"agreement 141-2020-2021-Q4-03868, amendment 0"
fed_grant-88e467663036,Twillingate Islands Tourism Association Inc.,twillingate islands tourism association [bn 894144195],twillingate islands tourism association,fed_grant,115718.00,True,"https://search.open.canada.ca/grants/record/acoa-apeca,276-2021-2022-Q2-00236,current",federal/grants_NL.jsonl,"agreement 276-2021-2022-Q2-00236, amendment 0"
fed_grant-8945eb49bc8d,Angler Solutions Inc.,angler solutions [bn 788372142],angler solutions,fed_grant,340000.00,True,"https://search.open.canada.ca/grants/record/nrc-cnrc,172-2024-2025-Q1-1018907,current",federal/grants_NL.jsonl,"agreement 172-2024-2025-Q1-1018907, amendment 4"
fed_grant-8a4c4e572a37,Women in Resource Development Inc.,women in resource development [bn 886291624],women in resource development,fed_grant,50000.00,True,"https://search.open.canada.ca/grants/record/nrc-cnrc,172-2025-2026-Q2-1032213,current",federal/grants_NL.jsonl,"agreement 172-2025-2026-Q2-1032213, amendment 0"
fed_grant-8b3b6da14a73,Placentia Area Theatre d' Heritage,placentia area theatre d heritage,placentia area theatre dheritage,fed_grant,42055.00,True,"https://search.open.canada.ca/grants/record/esdc-edsc,141-2022-2023-Q2-35506,current",federal/grants_NL.jsonl,"agreement 141-2022-2023-Q2-35506, amendment 0"
fed_grant-8b908726ae9a,Summerford Age Friendly,summerford age friendly [bn 793049073],summerford age friendly,fed_grant,25000.00,True,"https://search.open.canada.ca/grants/record/esdc-edsc,141-2020-2021-Q2-01152,current",federal/grants_NL.jsonl,"agreement 141-2020-2021-Q2-01152, amendment 0"
fed_grant-8c55b59bb479,NUNATSIAVUT GOVERNMENT,nunatsiavut government [bn 122259609],nunatsiavut government,fed_grant,373040.00,True,"https://search.open.canada.ca/grants/record/jus,119-2024-2025-Q4-00448,current",federal/grants_NL.jsonl,"agreement 119-2024-2025-Q4-00448, amendment 0"
fed_grant-8c8f9a7543cc,Flat Bay Band Inc.,flat bay band [bn 864815857],flat bay band,fed_grant,3048.00,True,"https://search.open.canada.ca/grants/record/esdc-edsc,141-2018-2019-Q1-16094,current",federal/grants_NL.jsonl,"agreement 141-2018-2019-Q1-16094, amendment 0"
fed_grant-8cb077d8e0d6,Twillingate Lions Club,twillingate lions club [bn 108145996],twillingate lions club,fed_grant,4987.00,True,"https://search.open.canada.ca/grants/record/esdc-edsc,141-2024-2025-Q2-03404,current",federal/grants_NL.jsonl,"agreement 141-2024-2025-Q2-03404, amendment 0"
fed_grant-8d18125b9d63,Twillingate Islands Tourism Association Inc.,twillingate islands tourism association [bn 895956514],twillingate islands tourism association,fed_grant,81619.00,True,"https://search.open.canada.ca/grants/record/acoa-apeca,276-2025-2026-Q1-00147,current",federal/grants_NL.jsonl,"agreement 276-2025-2026-Q1-00147, amendment 0"
fed_grant-8d282ebe4ddc,St. Michael's Roman Catholic Parish,st michaels roman catholic parish [bn 749105003],st michaels roman catholic parish,fed_grant,5113.00,True,"https://search.open.canada.ca/grants/record/esdc-edsc,014-2025-2026-Q2-01297,current",federal/grants_NL.jsonl,"agreement 014-2025-2026-Q2-01297, amendment 0"
fed_grant-8d564058f27c,Hare Bay Dover Lions Club,hare bay dover lions club [bn 870550282],hare bay dover lions club,fed_grant,2985.00,True,"https://search.open.canada.ca/grants/record/esdc-edsc,141-2018-2019-Q1-03249,current",federal/grants_NL.jsonl,"agreement 141-2018-2019-Q1-03249, amendment 0"
fed_grant-8d81afac1187,Coley's Point-Grace United Pastoral Charge,coleys point grace united pastoral charge [bn 802373589],coleys point grace united pastoral charge,fed_grant,3971.00,True,"https://search.open.canada.ca/grants/record/esdc-edsc,141-2023-2024-Q2-00893,current",federal/grants_NL.jsonl,"agreement 141-2023-2024-Q2-00893, amendment 0"
fed_grant-8d85b66a58ae,Nunatsiavut Government,nunatsiavut government [bn 122259609],nunatsiavut government,fed_grant,94600.00,True,"https://search.open.canada.ca/grants/record/dfo-mpo,086-2020-2021-Q4-00014,current",federal/grants_NL.jsonl,"agreement 086-2020-2021-Q4-00014, amendment 0"
fed_grant-8e501332a68d,Heritage Bay de Verde,heritage bay de verde [bn 891674731],heritage bay de verde,fed_grant,6954.00,True,"https://search.open.canada.ca/grants/record/esdc-edsc,141-2021-2022-Q2-02899,current",federal/grants_NL.jsonl,"agreement 141-2021-2022-Q2-02899, amendment 0"
fed_grant-8fd036b31eb2,Marble Zip Tours Inc,marble zip tours [bn 831818166],marble zip tours,fed_grant,1848.00,True,"https://search.open.canada.ca/grants/record/esdc-edsc,141-2022-2023-Q2-11650,current",federal/grants_NL.jsonl,"agreement 141-2022-2023-Q2-11650, amendment 0"
fed_grant-90116450c356,Twillingate Islands Tourism Association Inc.,twillingate islands tourism association [bn 895956514],twillingate islands tourism association,fed_grant,3832.00,True,"https://search.open.canada.ca/grants/record/esdc-edsc,141-2021-2022-Q2-02888,current",federal/grants_NL.jsonl,"agreement 141-2021-2022-Q2-02888, amendment 0"
fed_grant-9058e104fd3e,Riverwood Holdings Inc.,riverwood holdings [bn 824900427],riverwood holdings,fed_grant,50000.00,True,"https://search.open.canada.ca/grants/record/acoa-apeca,276-2020-2021-Q1-00259,current",federal/grants_NL.jsonl,"agreement 276-2020-2021-Q1-00259, amendment 0"
fed_grant-906172074158,Labrador Hunting and Fishing Association,labrador hunting and fishing association [bn 823164405],labrador hunting and fishing association,fed_grant,84000.00,True,"https://search.open.canada.ca/grants/record/tc,217-2021-2022-Q1-03859,current",federal/grants_NL.jsonl,"agreement 217-2021-2022-Q1-03859, amendment 0"
fed_grant-907c2e9043cd,POINT LEAMINGTON PARKS AND RECREATION COMMITTEE,point leamington parks and recreation committee,point leamington parks and recreation,fed_grant,1500.00,True,"https://search.open.canada.ca/grants/record/pch,016-2019-2020-Q4-1330564,current",federal/grants_NL.jsonl,"agreement 016-2019-2020-Q4-1330564, amendment 0"
fed_grant-907e55e477b3,Sheaves Cove Recreation Committee Corporation,sheaves cove recreation committee [bn 762290278],sheaves cove recreation committee,fed_grant,15339.00,True,"https://search.open.canada.ca/grants/record/esdc-edsc,014-2025-2026-Q2-03690,current",federal/grants_NL.jsonl,"agreement 014-2025-2026-Q2-03690, amendment 1"
fed_grant-90d033352fee,Point Lance Community Council,point lance community council [bn 707217311],point lance community council,fed_grant,12476.00,True,"https://search.open.canada.ca/grants/record/esdc-edsc,141-2019-2020-Q1-13707,current",federal/grants_NL.jsonl,"agreement 141-2019-2020-Q1-13707, amendment 0"
fed_grant-9142cc414d70,Eastern Destination Management Organization Inc.,eastern destination management organization [bn 843657297],eastern destination management organization,fed_grant,7530.00,True,"https://search.open.canada.ca/grants/record/esdc-edsc,141-2023-2024-Q2-02410,current",federal/grants_NL.jsonl,"agreement 141-2023-2024-Q2-02410, amendment 0"
fed_grant-918f3eedbc0e,Momma's Ice Cream Inc.,mommas ice cream [bn 707236725],mommas ice cream,fed_grant,1690.00,True,"https://search.open.canada.ca/grants/record/esdc-edsc,141-2022-2023-Q2-13765,current",federal/grants_NL.jsonl,"agreement 141-2022-2023-Q2-13765, amendment 0"
fed_grant-91a2fb9e7f82,Sheaves Cove Recreation Committee Corporation,sheaves cove recreation committee [bn 762290278],sheaves cove recreation committee,fed_grant,7392.00,True,"https://search.open.canada.ca/grants/record/esdc-edsc,141-2020-2021-Q4-03577,current",federal/grants_NL.jsonl,"agreement 141-2020-2021-Q4-03577, amendment 0"
fed_grant-91e31d88de18,Bauline Community Committee,bauline community committee [bn 754200608],bauline community committee,fed_grant,29439.00,True,"https://search.open.canada.ca/grants/record/esdc-edsc,141-2022-2023-Q2-14524,current",federal/grants_NL.jsonl,"agreement 141-2022-2023-Q2-14524, amendment 0"
fed_grant-923f1a30649f,Flat Bay Band Inc.,flat bay band [bn 864815857],flat bay band,fed_grant,25000.00,True,"https://search.open.canada.ca/grants/record/esdc-edsc,014-2024-2025-Q4-00382,current",federal/grants_NL.jsonl,"agreement 014-2024-2025-Q4-00382, amendment 0"
fed_grant-9246ec843440,St. Michael's Roman Catholic Parish,st michaels roman catholic parish [bn 107910176],st michaels roman catholic parish,fed_grant,13623.00,True,"https://search.open.canada.ca/grants/record/esdc-edsc,141-2021-2022-Q2-01306,current",federal/grants_NL.jsonl,"agreement 141-2021-2022-Q2-01306, amendment 0"
fed_grant-930147e4dded,Point Leamington Parks and Recreation,point leamington parks and recreation committee,point leamington parks and recreation,fed_grant,8955.00,True,"https://search.open.canada.ca/grants/record/esdc-edsc,141-2018-2019-Q1-15122,current",federal/grants_NL.jsonl,"agreement 141-2018-2019-Q1-15122, amendment 0"
fed_grant-937f3bb3bb24,City of Corner Brook,city of corner brook [bn 829388883],city of corner brook,fed_grant,32500.00,True,"https://search.open.canada.ca/grants/record/acoa-apeca,276-2024-2025-Q1-00144,current",federal/grants_NL.jsonl,"agreement 276-2024-2025-Q1-00144, amendment 0"
fed_grant-93e261b7d919,Sheaves Cove Recreation Committee Corporation,sheaves cove recreation committee [bn 762290278],sheaves cove recreation committee,fed_grant,25000.00,True,"https://search.open.canada.ca/grants/record/esdc-edsc,014-2024-2025-Q4-00373,current",federal/grants_NL.jsonl,"agreement 014-2024-2025-Q4-00373, amendment 0"
fed_grant-93f9096291cf,Point Lance Community Council,point lance community council [bn 107850448],point lance community council,fed_grant,6000.00,True,"https://search.open.canada.ca/grants/record/esdc-edsc,141-2018-2019-Q4-00793,current",federal/grants_NL.jsonl,"agreement 141-2018-2019-Q4-00793, amendment 0"
fed_grant-945555e047e9,Point Leamington Parks and Recreation,point leamington parks and recreation committee,point leamington parks and recreation,fed_grant,9266.00,True,"https://search.open.canada.ca/grants/record/esdc-edsc,141-2023-2024-Q2-02836,current",federal/grants_NL.jsonl,"agreement 141-2023-2024-Q2-02836, amendment 0"
fed_grant-94879e1e09da,Harbour Breton Beautification Committee,harbour breton beautification committee [bn 869884163],harbour breton beautification committee,fed_grant,6110.00,True,"https://search.open.canada.ca/grants/record/esdc-edsc,141-2019-2020-Q1-12114,current",federal/grants_NL.jsonl,"agreement 141-2019-2020-Q1-12114, amendment 0"
fed_grant-94d4f176a708,PELMO International Incorporated,pelmo international [bn 742113871],pelmo international,fed_grant,21000.00,True,"https://search.open.canada.ca/grants/record/nrc-cnrc,172-2025-2026-Q1-1030311,current",federal/grants_NL.jsonl,"agreement 172-2025-2026-Q1-1030311, amendment 0"
fed_grant-951ad77639d4,Eastern Destination Management Organization,eastern destination management organization [bn 847696804],eastern destination management organization,fed_grant,3055.00,True,"https://search.open.canada.ca/grants/record/esdc-edsc,141-2019-2020-Q1-10183,current",federal/grants_NL.jsonl,"agreement 141-2019-2020-Q1-10183, amendment 0"
fed_grant-9566abcc3517,Westside Asphalt and Concrete Inc.,westside asphalt and concrete [bn 103682530],westside asphalt and concrete,fed_grant,6524.00,True,"https://search.open.canada.ca/grants/record/esdc-edsc,141-2020-2021-Q4-01426,current",federal/grants_NL.jsonl,"agreement 141-2020-2021-Q4-01426, amendment 0"
fed_grant-95acc82fdefe,The Parish of Upper Island Cove,parish of upper island cove [bn 805989555],parish of upper island cove,fed_grant,7947.00,True,"https://search.open.canada.ca/grants/record/esdc-edsc,141-2021-2022-Q2-04307,current",federal/grants_NL.jsonl,"agreement 141-2021-2022-Q2-04307, amendment 0"
fed_grant-95cd994a96b2,St. John's Women's Centre,st johns womens centre [bn 880779699],st johns womens centre,fed_grant,7946.00,True,"https://search.open.canada.ca/grants/record/esdc-edsc,141-2021-2022-Q2-01547,current",federal/grants_NL.jsonl,"agreement 141-2021-2022-Q2-01547, amendment 0"
fed_grant-975c85466d27,Town of Springdale,town of springdale [bn 818402877],town of springdale,fed_grant,7392.00,True,"https://search.open.canada.ca/grants/record/esdc-edsc,141-2020-2021-Q4-03944,current",federal/grants_NL.jsonl,"agreement 141-2020-2021-Q4-03944, amendment 0"
fed_grant-97d764f4649f,TOYOTA PLAZA,toyota plaza [bn 775115819],toyota plaza,fed_grant,105000.00,True,"https://search.open.canada.ca/grants/record/tc,217-2024-2025-Q4-92550,current",federal/grants_NL.jsonl,"agreement 217-2024-2025-Q4-92550, amendment 0"
fed_grant-97feeae31273,Burin Minor Soccer Parents Association,burin minor soccer parents association [bn 890330582],burin minor soccer parents association,fed_grant,23884.00,True,"https://search.open.canada.ca/grants/record/esdc-edsc,141-2018-2019-Q1-24367,current",federal/grants_NL.jsonl,"agreement 141-2018-2019-Q1-24367, amendment 0"
fed_grant-985c8d9ddb49,Tourism Bell Island Inc.,tourism bell island [bn 848672606],tourism bell island,fed_grant,25000.00,True,"https://search.open.canada.ca/grants/record/esdc-edsc,014-2025-2026-Q4-00297,current",federal/grants_NL.jsonl,"agreement 014-2025-2026-Q4-00297, amendment 0"
fed_grant-989424b3e6a7,Burin Peninsula Health Care Foundation,burin peninsula health care foundation [bn 106818610RR0001],burin peninsula health care foundation,fed_grant,5113.00,True,"https://search.open.canada.ca/grants/record/esdc-edsc,014-2025-2026-Q2-02064,current",federal/grants_NL.jsonl,"agreement 014-2025-2026-Q2-02064, amendment 0"
fed_grant-99289195bd12,The Newfoundland & Labrador Pharmacy Museum Inc.,newfoundland and labrador pharmacy museum [bn 887547594],newfoundland and labrador pharmacy museum,fed_grant,4808.00,True,"https://search.open.canada.ca/grants/record/esdc-edsc,141-2024-2025-Q2-02876,current",federal/grants_NL.jsonl,"agreement 141-2024-2025-Q2-02876, amendment 0"
fed_grant-998b680c1c92,Town of Springdale,town of springdale [bn 108129933],town of springdale,fed_grant,12053.00,True,"https://search.open.canada.ca/grants/record/esdc-edsc,141-2018-2019-Q1-02990,current",federal/grants_NL.jsonl,"agreement 141-2018-2019-Q1-02990, amendment 0"
fed_grant-99967e44b149,Flat Bay Band Inc.,flat bay band [bn 864815857],flat bay band,fed_grant,3696.00,True,"https://search.open.canada.ca/grants/record/esdc-edsc,141-2020-2021-Q4-03299,current",federal/grants_NL.jsonl,"agreement 141-2020-2021-Q4-03299, amendment 0"
fed_grant-9a5fc4950095,Westside Asphalt and Concrete Inc.,westside asphalt and concrete [bn 103682530],westside asphalt and concrete,fed_grant,2030.00,True,"https://search.open.canada.ca/grants/record/esdc-edsc,141-2023-2024-Q2-02670,current",federal/grants_NL.jsonl,"agreement 141-2023-2024-Q2-02670, amendment 0"
fed_grant-9aca464f8b2b,Nunatsiavut Government,nunatsiavut government [bn 122259609],nunatsiavut government,fed_grant,25311.00,True,"https://search.open.canada.ca/grants/record/esdc-edsc,141-2022-2023-Q2-02022,current",federal/grants_NL.jsonl,"agreement 141-2022-2023-Q2-02022, amendment 0"
fed_grant-9af60722f80e,The Oat Company,oat [bn 732177274],oat,fed_grant,0.00,True,"https://search.open.canada.ca/grants/record/esdc-edsc,141-2021-2022-Q2-06078,current",federal/grants_NL.jsonl,"agreement 141-2021-2022-Q2-06078, amendment 1"
fed_grant-9bb3536ece29,Angler Solutions Inc.,angler solutions [bn 788372142],angler solutions,fed_grant,44677.50,True,"https://search.open.canada.ca/grants/record/nrc-cnrc,172-2025-2026-Q1-1030086,current",federal/grants_NL.jsonl,"agreement 172-2025-2026-Q1-1030086, amendment 0"
fed_grant-9c8eccc41488,Tourism Bell Island Inc.,tourism bell island [bn 848672606],tourism bell island,fed_grant,37066.00,True,"https://search.open.canada.ca/grants/record/esdc-edsc,141-2023-2024-Q2-01648,current",federal/grants_NL.jsonl,"agreement 141-2023-2024-Q2-01648, amendment 0"
fed_grant-9d07d8bc3361,Fédération des parents francophones de Terre-Neuve et du Labrador,federation des parents francophones de terre neuve et du labrador [bn 131159477],federation des parents francophones de terre neuve et du labrador,fed_grant,5227.00,True,"https://search.open.canada.ca/grants/record/esdc-edsc,141-2018-2019-Q1-28768,current",federal/grants_NL.jsonl,"agreement 141-2018-2019-Q1-28768, amendment 0"
fed_grant-9df978c086da,Nicole Keats,nicole keats [bn 889837803],nicole keats,fed_grant,3262.00,True,"https://search.open.canada.ca/grants/record/esdc-edsc,141-2020-2021-Q4-01357,current",federal/grants_NL.jsonl,"agreement 141-2020-2021-Q4-01357, amendment 0"
fed_grant-9e1fdbbf0628,Nunatsiavut Government,nunatsiavut government [bn 122259609],nunatsiavut government,fed_grant,621350.00,True,"https://search.open.canada.ca/grants/record/dnd-mdn,018-2025-2026-Q4-15-43,current",federal/grants_NL.jsonl,"agreement 018-2025-2026-Q4-15-43, amendment 2"
fed_grant-9e6c3b446bf0,West Coast Cycling Association,west coast cycling association [bn 881574818],west coast cycling association,fed_grant,0.00,True,"https://search.open.canada.ca/grants/record/esdc-edsc,141-2018-2019-Q1-16491,current",federal/grants_NL.jsonl,"agreement 141-2018-2019-Q1-16491, amendment 1"
fed_grant-9e875b3b244d,Town of Hants Harbour,town of hants harbour [bn 130639982],town of hants harbour,fed_grant,25000.00,True,"https://search.open.canada.ca/grants/record/esdc-edsc,014-2025-2026-Q4-00090,current",federal/grants_NL.jsonl,"agreement 014-2025-2026-Q4-00090, amendment 0"
fed_grant-9f3193b207e4,Westside Asphalt and Concrete Inc.,westside asphalt and concrete [bn 103682530],westside asphalt and concrete,fed_grant,1848.00,True,"https://search.open.canada.ca/grants/record/esdc-edsc,141-2022-2023-Q2-12593,current",federal/grants_NL.jsonl,"agreement 141-2022-2023-Q2-12593, amendment 0"
fed_grant-a1aaaac04725,The Conception Bay South Main Street Business Improvement Association Inc.,conception bay south main street business improvement association [bn 126481977],conception bay south main street business improvement association,fed_grant,98400.00,True,"https://search.open.canada.ca/grants/record/acoa-apeca,276-2022-2023-Q2-00361,current",federal/grants_NL.jsonl,"agreement 276-2022-2023-Q2-00361, amendment 0"
fed_grant-a25b7d13a7ee,St John's Women Centre Inc,st johns womens centre [bn 880779699],st johns womens centre,fed_grant,363575.00,True,"https://search.open.canada.ca/grants/record/wage,001-2021-2022-Q3-00101,current",federal/grants_NL.jsonl,"agreement 001-2021-2022-Q3-00101, amendment 0"
fed_grant-a26af0862a42,Nunatsiavut Government,nunatsiavut government [bn 122259609],nunatsiavut government,fed_grant,96000.00,True,"https://search.open.canada.ca/grants/record/acoa-apeca,276-2021-2022-Q4-00736,current",federal/grants_NL.jsonl,"agreement 276-2021-2022-Q4-00736, amendment 0"
fed_grant-a2819160d951,S.W. Moores Memorial Park Committee,s w moores memorial park committee [bn 890827975],s w moores memorial park committee,fed_grant,3696.00,True,"https://search.open.canada.ca/grants/record/esdc-edsc,141-2020-2021-Q4-03638,current",federal/grants_NL.jsonl,"agreement 141-2020-2021-Q4-03638, amendment 0"
fed_grant-a293d375cba8,BreatheSuite Inc.,breathesuite [bn 744497710],breathesuite,fed_grant,30000.00,True,"https://search.open.canada.ca/grants/record/nrc-cnrc,172-2020-2021-Q1-952904,current",federal/grants_NL.jsonl,"agreement 172-2020-2021-Q1-952904, amendment 0"
fed_grant-a29f427dd016,Labrador Hunting & Fishing Association Inc.,labrador hunting and fishing association [bn 823296884],labrador hunting and fishing association,fed_grant,7129.00,True,"https://search.open.canada.ca/grants/record/esdc-edsc,141-2019-2020-Q1-12102,current",federal/grants_NL.jsonl,"agreement 141-2019-2020-Q1-12102, amendment 0"
fed_grant-a3980f7b8a6b,Women In Resource Development Corporation (WRDC),women in resource development [bn 862870318],women in resource development,fed_grant,3406.00,True,"https://search.open.canada.ca/grants/record/esdc-edsc,141-2021-2022-Q2-01143,current",federal/grants_NL.jsonl,"agreement 141-2021-2022-Q2-01143, amendment 1"
fed_grant-a39fb1aa2b23,SaltWater Community Association Inc.,saltwater community association [bn 726933732],saltwater community association,fed_grant,5113.00,True,"https://search.open.canada.ca/grants/record/esdc-edsc,014-2025-2026-Q2-00183,current",federal/grants_NL.jsonl,"agreement 014-2025-2026-Q2-00183, amendment 0"
fed_grant-a469d8646111,Lord's Cove Recreation Incorporated,lords cove recreation [bn 867574394],lords cove recreation,fed_grant,2613.00,True,"https://search.open.canada.ca/grants/record/esdc-edsc,141-2018-2019-Q1-31996,current",federal/grants_NL.jsonl,"agreement 141-2018-2019-Q1-31996, amendment 0"
fed_grant-a4c8b6d2a2e4,Town of North West River,town of north west river [bn 132633579],town of north west river,fed_grant,3262.00,True,"https://search.open.canada.ca/grants/record/esdc-edsc,141-2020-2021-Q4-02238,current",federal/grants_NL.jsonl,"agreement 141-2020-2021-Q4-02238, amendment 0"
fed_grant-a4dd0361f7ec,Tourism Bell Island Inc.,tourism bell island [bn 848672606],tourism bell island,fed_grant,24667.00,True,"https://search.open.canada.ca/grants/record/esdc-edsc,014-2024-2025-Q4-00170,current",federal/grants_NL.jsonl,"agreement 014-2024-2025-Q4-00170, amendment 1"
fed_grant-a4e91e66b7ef,Point Leamington Parks and Recreation,point leamington parks and recreation [bn 792826828],point leamington parks and recreation,fed_grant,15340.00,True,"https://search.open.canada.ca/grants/record/esdc-edsc,014-2025-2026-Q2-01728,current",federal/grants_NL.jsonl,"agreement 014-2025-2026-Q2-01728, amendment 0"
fed_grant-a5019eb195a4,Tourism Bell Island Inc.,tourism bell island [bn 848672606],tourism bell island,fed_grant,63083.00,True,"https://search.open.canada.ca/grants/record/esdc-edsc,141-2022-2023-Q2-09383,current",federal/grants_NL.jsonl,"agreement 141-2022-2023-Q2-09383, amendment 0"
fed_grant-a58ee245d2d8,Momma's Ice Cream Inc.,mommas ice cream [bn 707236725],mommas ice cream,fed_grant,1368.00,True,"https://search.open.canada.ca/grants/record/esdc-edsc,141-2019-2020-Q1-15737,current",federal/grants_NL.jsonl,"agreement 141-2019-2020-Q1-15737, amendment 0"
fed_grant-a5d52c9cb241,Phocalux International Inc.,phocalux international [bn 812746196],phocalux international,fed_grant,3402.00,True,"https://search.open.canada.ca/grants/record/esdc-edsc,141-2020-2021-Q4-01851,current",federal/grants_NL.jsonl,"agreement 141-2020-2021-Q4-01851, amendment 0"
fed_grant-a6205298f566,Eastern Destination Management Organization Inc.,eastern destination management organization [bn 847696804],eastern destination management organization,fed_grant,117577.00,True,"https://search.open.canada.ca/grants/record/acoa-apeca,276-2022-2023-Q1-00509,current",federal/grants_NL.jsonl,"agreement 276-2022-2023-Q1-00509, amendment 0"
fed_grant-a62f28f54520,Eastern Destination Management Organization Inc.,eastern destination management organization [bn 847696804],eastern destination management organization,fed_grant,110000.00,True,"https://search.open.canada.ca/grants/record/acoa-apeca,276-2023-2024-Q2-00134,current",federal/grants_NL.jsonl,"agreement 276-2023-2024-Q2-00134, amendment 0"
fed_grant-a64878ccaa87,BreatheSuite Inc.,breathesuite [bn 754404283],breathesuite,fed_grant,500000.00,True,"https://search.open.canada.ca/grants/record/acoa-apeca,276-2023-2024-Q3-00172,current",federal/grants_NL.jsonl,"agreement 276-2023-2024-Q3-00172, amendment 0"
fed_grant-a6eefac7daf0,Twillingate Lions Club,twillingate lions club [bn 898662853],twillingate lions club,fed_grant,5972.00,True,"https://search.open.canada.ca/grants/record/esdc-edsc,141-2018-2019-Q1-09475,current",federal/grants_NL.jsonl,"agreement 141-2018-2019-Q1-09475, amendment 0"
fed_grant-a6f3a8b19588,Point Lance Community Council,point lance community council [bn 107850448],point lance community council,fed_grant,8500.00,True,"https://search.open.canada.ca/grants/record/esdc-edsc,014-2025-2026-Q4-00075,current",federal/grants_NL.jsonl,"agreement 014-2025-2026-Q4-00075, amendment 0"
fed_grant-a73e432ba057,Conche Recreation Committee,conche recreation committee [bn 891508731],conche recreation committee,fed_grant,3055.00,True,"https://search.open.canada.ca/grants/record/esdc-edsc,141-2019-2020-Q1-10551,current",federal/grants_NL.jsonl,"agreement 141-2019-2020-Q1-10551, amendment 0"
fed_grant-a78f33d80176,Mazol Shriners Charitable Trust Inc.,mazol shriners charitable trust [bn 837845528],mazol shriners charitable trust,fed_grant,30000.00,True,"https://search.open.canada.ca/grants/record/acoa-apeca,276-2024-2025-Q2-00242,current",federal/grants_NL.jsonl,"agreement 276-2024-2025-Q2-00242, amendment 0"
fed_grant-a88d3ec8ff10,Newfoundland and Labrador Folk Arts Society Inc.,newfoundland and labrador folk arts society [bn 803212612],newfoundland and labrador folk arts society,fed_grant,5227.00,True,"https://search.open.canada.ca/grants/record/esdc-edsc,141-2018-2019-Q1-23330,current",federal/grants_NL.jsonl,"agreement 141-2018-2019-Q1-23330, amendment 0"
fed_grant-a91fe028fa48,Marystown Recreation Committee,marystown recreation committee [bn 814865820],marystown recreation committee,fed_grant,5970.00,True,"https://search.open.canada.ca/grants/record/esdc-edsc,141-2018-2019-Q1-07028,current",federal/grants_NL.jsonl,"agreement 141-2018-2019-Q1-07028, amendment 0"
fed_grant-a95cf1aa20d4,Kinden's Bakery & Cafe,kindens bakery and cafe [bn 771352879],kindens bakery and cafe,fed_grant,2627.00,True,"https://search.open.canada.ca/grants/record/esdc-edsc,141-2021-2022-Q2-05571,current",federal/grants_NL.jsonl,"agreement 141-2021-2022-Q2-05571, amendment 0"
fed_grant-a9917bf362c5,Angler Solutions Inc.,angler solutions [bn 788372142],angler solutions,fed_grant,74404.00,True,"https://search.open.canada.ca/grants/record/nrc-cnrc,172-2022-2023-Q4-1000469,current",federal/grants_NL.jsonl,"agreement 172-2022-2023-Q4-1000469, amendment 1"
fed_grant-a998d7350e92,Growler Energy Inc.,growler energy [bn 741422091],growler energy,fed_grant,30000.00,True,"https://search.open.canada.ca/grants/record/nrc-cnrc,172-2022-2023-Q2-990413,current",federal/grants_NL.jsonl,"agreement 172-2022-2023-Q2-990413, amendment 0"
fed_grant-a9d2b33cec62,Nicole Keats,nicole keats [bn 889837803],nicole keats,fed_grant,3696.00,True,"https://search.open.canada.ca/grants/record/esdc-edsc,141-2022-2023-Q2-05106,current",federal/grants_NL.jsonl,"agreement 141-2022-2023-Q2-05106, amendment 0"
fed_grant-aa20395d9866,Fédération des parents francophones de Terre-Neuve et du Labrador,federation des parents francophones de terre neuve et du labrador [bn 876788878],federation des parents francophones de terre neuve et du labrador,fed_grant,9616.00,True,"https://search.open.canada.ca/grants/record/esdc-edsc,141-2024-2025-Q2-04360,current",federal/grants_NL.jsonl,"agreement 141-2024-2025-Q2-04360, amendment 0"
fed_grant-aa21f459e3d3,Flat Bay Band Inc.,flat bay band [bn 892390063],flat bay band,fed_grant,25000.00,True,"https://search.open.canada.ca/grants/record/esdc-edsc,141-2019-2020-Q4-00360,current",federal/grants_NL.jsonl,"agreement 141-2019-2020-Q4-00360, amendment 0"
fed_grant-aa411eb1fb48,Placentia Area Theatre d'Heritage,placentia area theatre dheritage [bn 896149481],placentia area theatre dheritage,fed_grant,21386.00,True,"https://search.open.canada.ca/grants/record/esdc-edsc,141-2019-2020-Q1-13677,current",federal/grants_NL.jsonl,"agreement 141-2019-2020-Q1-13677, amendment 0"
fed_grant-aa66b2f01e5a,Flat Bay Band Inc.,flat bay band [bn 864815857],flat bay band,fed_grant,25000.00,True,"https://search.open.canada.ca/grants/record/esdc-edsc,141-2020-2021-Q4-04958,current",federal/grants_NL.jsonl,"agreement 141-2020-2021-Q4-04958, amendment 0"
fed_grant-aac3d0131d5f,Burgeo Recreation Commission,burgeo recreation commission [bn 892236233],burgeo recreation commission,fed_grant,6954.00,True,"https://search.open.canada.ca/grants/record/esdc-edsc,141-2021-2022-Q2-03245,current",federal/grants_NL.jsonl,"agreement 141-2021-2022-Q2-03245, amendment 0"
fed_grant-ab071ed242f5,Summerford Recreation Committee,summerford recreation committee [bn 108130261],summerford recreation committee,fed_grant,8210.00,True,"https://search.open.canada.ca/grants/record/esdc-edsc,141-2018-2019-Q1-14692,current",federal/grants_NL.jsonl,"agreement 141-2018-2019-Q1-14692, amendment 0"
fed_grant-ab13c3b2e4e7,Port Rexton Community Council,port rexton community council [bn 107853772],port rexton community council,fed_grant,2627.00,True,"https://search.open.canada.ca/grants/record/esdc-edsc,141-2021-2022-Q2-07352,current",federal/grants_NL.jsonl,"agreement 141-2021-2022-Q2-07352, amendment 0"
fed_grant-ac2c209a9361,Spirit of Newfoundland Productions,spirit of newfoundland productions [bn 872031992],spirit of newfoundland productions,fed_grant,2679.00,True,"https://search.open.canada.ca/grants/record/esdc-edsc,141-2018-2019-Q1-02120,current",federal/grants_NL.jsonl,"agreement 141-2018-2019-Q1-02120, amendment 0"
fed_grant-acc1262e72db,City of Corner Brook,city of corner brook [bn 122333271],city of corner brook,fed_grant,8320.00,True,"https://search.open.canada.ca/grants/record/esdc-edsc,014-2025-2026-Q2-03267,current",federal/grants_NL.jsonl,"agreement 014-2025-2026-Q2-03267, amendment 2"
fed_grant-acdd677a21ad,The Conception Bay South Main Street Business Improvement Association Inc.,conception bay south main street business improvement association [bn 798940524],conception bay south main street business improvement association,fed_grant,3605.00,True,"https://search.open.canada.ca/grants/record/esdc-edsc,141-2022-2023-Q2-34563,current",federal/grants_NL.jsonl,"agreement 141-2022-2023-Q2-34563, amendment 0"
fed_grant-ad3dc8d91b2f,Flat Bay Band Inc.,flat bay band [bn 864815857],flat bay band,fed_grant,1203465.00,True,"https://search.open.canada.ca/grants/record/esdc-edsc,141-2020-2021-Q1-00119,current",federal/grants_NL.jsonl,"agreement 141-2020-2021-Q1-00119, amendment 3"
fed_grant-ad515267c65b,Flat Bay Band Inc.,flat bay band [bn 864815857],flat bay band,fed_grant,644614.00,True,"https://search.open.canada.ca/grants/record/esdc-edsc,141-2024-2025-Q2-00431,current",federal/grants_NL.jsonl,"agreement 141-2024-2025-Q2-00431, amendment 0"
fed_grant-ae1ff22591f8,Point Leamington Parks and Recreation,point leamington parks and recreation committee,point leamington parks and recreation,fed_grant,9165.00,True,"https://search.open.canada.ca/grants/record/esdc-edsc,141-2019-2020-Q1-13710,current",federal/grants_NL.jsonl,"agreement 141-2019-2020-Q1-13710, amendment 0"
fed_grant-ae3315eb91e7,Flat Bay Band Inc.,flat bay band [bn 864815857],flat bay band,fed_grant,17387.00,True,"https://search.open.canada.ca/grants/record/esdc-edsc,141-2022-2023-Q4-00295,current",federal/grants_NL.jsonl,"agreement 141-2022-2023-Q4-00295, amendment 0"
fed_grant-ae5601fb3b9e,Breakwater Farm and Market Inc.,breakwater farm and market [bn 729268284],breakwater farm and market,fed_grant,3055.00,True,"https://search.open.canada.ca/grants/record/esdc-edsc,141-2019-2020-Q1-10975,current",federal/grants_NL.jsonl,"agreement 141-2019-2020-Q1-10975, amendment 0"
fed_grant-aea4e6f64c4e,The Glynmill Inn Inc.,glynmill inn [bn 100325125],glynmill inn,fed_grant,395000.00,True,"https://search.open.canada.ca/grants/record/acoa-apeca,276-2020-2021-Q2-00564,current",federal/grants_NL.jsonl,"agreement 276-2020-2021-Q2-00564, amendment 1"
fed_grant-aea76dbf0beb,Harbour Breton Beautification Committee,harbour breton beautification committee [bn 869841635],harbour breton beautification committee,fed_grant,3973.00,True,"https://search.open.canada.ca/grants/record/esdc-edsc,141-2021-2022-Q2-02297,current",federal/grants_NL.jsonl,"agreement 141-2021-2022-Q2-02297, amendment 0"
fed_grant-aec5b991b689,BreatheSuite Inc.,breathesuite [bn 744497710],breathesuite,fed_grant,30000.00,True,"https://search.open.canada.ca/grants/record/nrc-cnrc,172-2021-2022-Q1-972773,current",federal/grants_NL.jsonl,"agreement 172-2021-2022-Q1-972773, amendment 0"
fed_grant-aef95060bd91,Hare Bay/Dover Lions,hare bay dover lions club [bn 711861930],hare bay dover lions club,fed_grant,3973.00,True,"https://search.open.canada.ca/grants/record/esdc-edsc,141-2021-2022-Q2-02394,current",federal/grants_NL.jsonl,"agreement 141-2021-2022-Q2-02394, amendment 0"
fed_grant-afad4abd596d,Town of Heart's Delight Islington Municpal Library,town of hearts delight islington municpal library,town of hearts delight islington municipal library,fed_grant,2291.00,True,"https://search.open.canada.ca/grants/record/esdc-edsc,141-2019-2020-Q1-12181,current",federal/grants_NL.jsonl,"agreement 141-2019-2020-Q1-12181, amendment 0"
fed_grant-b0548e319a96,Angler Solutions Inc.,angler solutions [bn 788372142],angler solutions,fed_grant,30000.00,True,"https://search.open.canada.ca/grants/record/nrc-cnrc,172-2025-2026-Q4-1040527,current",federal/grants_NL.jsonl,"agreement 172-2025-2026-Q4-1040527, amendment 0"
fed_grant-b173232e881d,Wonderbolt Productions Inc.,wonderbolt productions [bn 873023063],wonderbolt productions,fed_grant,4206.00,True,"https://search.open.canada.ca/grants/record/esdc-edsc,141-2022-2023-Q2-13447,current",federal/grants_NL.jsonl,"agreement 141-2022-2023-Q2-13447, amendment 0"
fed_grant-b1ab66106aaf,Sheaves Cove Recreation Committee Corporation,sheaves cove recreation committee [bn 762290278],sheaves cove recreation committee,fed_grant,9974.00,True,"https://search.open.canada.ca/grants/record/esdc-edsc,141-2024-2025-Q2-01481,current",federal/grants_NL.jsonl,"agreement 141-2024-2025-Q2-01481, amendment 0"
fed_grant-b1c59a6a9ac3,BreatheSuite Inc.,breathesuite [bn 754404283],breathesuite,fed_grant,710553.00,True,"https://search.open.canada.ca/grants/record/nrc-cnrc,172-2021-2022-Q2-974939,current",federal/grants_NL.jsonl,"agreement 172-2021-2022-Q2-974939, amendment 2"
fed_grant-b1c9f347b067,TOYOTA PLAZA,toyota plaza [bn 775115819],toyota plaza,fed_grant,50000.00,True,"https://search.open.canada.ca/grants/record/tc,217-2024-2025-Q3-91464,current",federal/grants_NL.jsonl,"agreement 217-2024-2025-Q3-91464, amendment 0"
fed_grant-b2bbfe139371,Flat Bay Band Inc.,flat bay band [bn 892390063],flat bay band,fed_grant,25000.00,True,"https://search.open.canada.ca/grants/record/esdc-edsc,141-2019-2020-Q1-23877,current",federal/grants_NL.jsonl,"agreement 141-2019-2020-Q1-23877, amendment 0"
fed_grant-b2d95fc50c29,Women in Resource Development Corporation,women in resource development [bn 886291624],women in resource development,fed_grant,2986.00,True,"https://search.open.canada.ca/grants/record/esdc-edsc,141-2018-2019-Q1-16160,current",federal/grants_NL.jsonl,"agreement 141-2018-2019-Q1-16160, amendment 0"
fed_grant-b36246fd8f04,Westside Asphalt and Concrete Inc.,westside asphalt and concrete [bn 103682530],westside asphalt and concrete,fed_grant,2627.00,True,"https://search.open.canada.ca/grants/record/esdc-edsc,141-2021-2022-Q2-05427,current",federal/grants_NL.jsonl,"agreement 141-2021-2022-Q2-05427, amendment 0"
fed_grant-b367b9d83c70,Burin Minor Soccer Parents Association,burin minor soccer parents association [bn 893083469],burin minor soccer parents association,fed_grant,14420.00,True,"https://search.open.canada.ca/grants/record/esdc-edsc,141-2022-2023-Q2-09316,current",federal/grants_NL.jsonl,"agreement 141-2022-2023-Q2-09316, amendment 0"
fed_grant-b36fbf9e56c9,St. John's Women's Centre Inc.,st johns womens centre [bn 899867907],st johns womens centre,fed_grant,5113.00,True,"https://search.open.canada.ca/grants/record/esdc-edsc,014-2025-2026-Q2-00854,current",federal/grants_NL.jsonl,"agreement 014-2025-2026-Q2-00854, amendment 0"
fed_grant-b3c99d1b4526,Labrador Hunting and Fishing Association Inc.,labrador hunting and fishing association [bn 823296884],labrador hunting and fishing association,fed_grant,176600.00,True,"https://search.open.canada.ca/grants/record/acoa-apeca,276-2022-2023-Q4-00071,current",federal/grants_NL.jsonl,"agreement 276-2022-2023-Q4-00071, amendment 0"
fed_grant-b412439d9cf4,Nunatsiavut Government,nunatsiavut government [bn 122259609],nunatsiavut government,fed_grant,10140.00,True,"https://search.open.canada.ca/grants/record/esdc-edsc,141-2024-2025-Q2-01375,current",federal/grants_NL.jsonl,"agreement 141-2024-2025-Q2-01375, amendment 1"
fed_grant-b436a99719d4,Town of Hant's Harbour,town of hants harbour [bn 882656374],town of hants harbour,fed_grant,64734.00,True,"https://search.open.canada.ca/grants/record/acoa-apeca,276-2021-2022-Q4-00158,current",federal/grants_NL.jsonl,"agreement 276-2021-2022-Q4-00158, amendment 0"
fed_grant-b446718e2af1,Harbour Breton Beautification Committee,harbour breton beautification committee [bn 869841635],harbour breton beautification committee,fed_grant,3696.00,True,"https://search.open.canada.ca/grants/record/esdc-edsc,141-2020-2021-Q4-03452,current",federal/grants_NL.jsonl,"agreement 141-2020-2021-Q4-03452, amendment 0"
fed_grant-b4e6dac73646,S.W. Moores Memorial Park and Committee,s w moores memorial park and committee,s w moores memorial park committee,fed_grant,4633.00,True,"https://search.open.canada.ca/grants/record/esdc-edsc,141-2023-2024-Q2-00792,current",federal/grants_NL.jsonl,"agreement 141-2023-2024-Q2-00792, amendment 0"
fed_grant-b56cfeeddfb7,Sheaves Cove Recreation Committee Corporation,sheaves cove recreation committee [bn 762290278],sheaves cove recreation committee,fed_grant,12617.00,True,"https://search.open.canada.ca/grants/record/esdc-edsc,141-2022-2023-Q2-15481,current",federal/grants_NL.jsonl,"agreement 141-2022-2023-Q2-15481, amendment 0"
fed_grant-b6be80ed9c1e,BURIN MINOR SOCCER PARENTS ASSOCIATION,burin minor soccer parents association [bn 893083469],burin minor soccer parents association,fed_grant,13624.00,True,"https://search.open.canada.ca/grants/record/esdc-edsc,141-2021-2022-Q2-03464,current",federal/grants_NL.jsonl,"agreement 141-2021-2022-Q2-03464, amendment 0"
fed_grant-b7a844ff714e,Kinden's Bakery & Cafe Inc.,kindens bakery and cafe [bn 790605901],kindens bakery and cafe,fed_grant,1920.00,True,"https://search.open.canada.ca/grants/record/esdc-edsc,014-2025-2026-Q2-04465,current",federal/grants_NL.jsonl,"agreement 014-2025-2026-Q2-04465, amendment 1"
fed_grant-b7d14abf298f,Point Leamington Parks and Recreation,point leamington parks and recreation committee,point leamington parks and recreation,fed_grant,6812.00,True,"https://search.open.canada.ca/grants/record/esdc-edsc,141-2021-2022-Q2-03655,current",federal/grants_NL.jsonl,"agreement 141-2021-2022-Q2-03655, amendment 0"
fed_grant-b8d59b13c987,TOYOTA PLAZA,toyota plaza [bn 736259722],toyota plaza,fed_grant,10000.00,True,"https://search.open.canada.ca/grants/record/tc,217-2021-2022-Q4-91109,current",federal/grants_NL.jsonl,"agreement 217-2021-2022-Q4-91109, amendment 0"
fed_grant-b960846a7f44,Town of Irishtown-Summerside,town of irishtown summerside [bn 129789277],town of irishtown summerside,fed_grant,3696.00,True,"https://search.open.canada.ca/grants/record/esdc-edsc,141-2022-2023-Q2-11625,current",federal/grants_NL.jsonl,"agreement 141-2022-2023-Q2-11625, amendment 0"
fed_grant-b9d590714d4d,BreatheSuite Inc.,breathesuite [bn 754404283],breathesuite,fed_grant,500000.00,True,"https://search.open.canada.ca/grants/record/acoa-apeca,276-2022-2023-Q1-00446,current",federal/grants_NL.jsonl,"agreement 276-2022-2023-Q1-00446, amendment 0"
fed_grant-ba0b2ee262c6,Town of Heart's Delight Islington Municpal Library,town of hearts delight islington municpal library,town of hearts delight islington municipal library,fed_grant,2238.00,True,"https://search.open.canada.ca/grants/record/esdc-edsc,141-2018-2019-Q1-16577,current",federal/grants_NL.jsonl,"agreement 141-2018-2019-Q1-16577, amendment 0"
fed_grant-ba2817c566ef,St Anthony and Area Chamber of Commerce,st anthony and area chamber of commerce [bn 870346483],st anthony and area chamber of commerce,fed_grant,2830.00,True,"https://search.open.canada.ca/grants/record/esdc-edsc,141-2018-2019-Q1-13195,current",federal/grants_NL.jsonl,"agreement 141-2018-2019-Q1-13195, amendment 0"
fed_grant-ba796050442e,NCS Enterprises Ltd.,ncs enterprises,ncs enterprise,fed_grant,2627.00,True,"https://search.open.canada.ca/grants/record/esdc-edsc,141-2021-2022-Q2-05562,current",federal/grants_NL.jsonl,"agreement 141-2021-2022-Q2-05562, amendment 0"
fed_grant-baf19c4370ff,Humber Tumblers,humber tumblers [bn 896115581],humber tumblers,fed_grant,9165.00,True,"https://search.open.canada.ca/grants/record/esdc-edsc,141-2019-2020-Q1-10561,current",federal/grants_NL.jsonl,"agreement 141-2019-2020-Q1-10561, amendment 0"
fed_grant-bb7be0d7d092,Port Rexton Community Council,port rexton community council [bn 891381576],port rexton community council,fed_grant,0.00,True,"https://search.open.canada.ca/grants/record/esdc-edsc,141-2021-2022-Q2-03768,current",federal/grants_NL.jsonl,"agreement 141-2021-2022-Q2-03768, amendment 1"
fed_grant-bb8e6cd055fd,Riverwood Holdings Inc.,riverwood holdings [bn 824900427],riverwood holdings,fed_grant,11250.00,True,"https://search.open.canada.ca/grants/record/acoa-apeca,276-2021-2022-Q3-00046,current",federal/grants_NL.jsonl,"agreement 276-2021-2022-Q3-00046, amendment 0"
fed_grant-bbca0612e000,Town of Hants Harbour,town of hants harbour [bn 130639982],town of hants harbour,fed_grant,20717.00,True,"https://search.open.canada.ca/grants/record/esdc-edsc,141-2022-2023-Q4-00159,current",federal/grants_NL.jsonl,"agreement 141-2022-2023-Q4-00159, amendment 0"
fed_grant-bc45b0861565,Town of North West River,town of north west river [bn 788294130],town of north west river,fed_grant,2291.00,True,"https://search.open.canada.ca/grants/record/esdc-edsc,141-2019-2020-Q1-13468,current",federal/grants_NL.jsonl,"agreement 141-2019-2020-Q1-13468, amendment 0"
fed_grant-bd349533af7c,Labrador Hunting and Fishing Association Inc.,labrador hunting and fishing association [bn 823296884],labrador hunting and fishing association,fed_grant,528957.00,True,"https://search.open.canada.ca/grants/record/acoa-apeca,276-2024-2025-Q2-00248,current",federal/grants_NL.jsonl,"agreement 276-2024-2025-Q2-00248, amendment 0"
fed_grant-bd980ca7af82,Nunatsiavut Government,nunatsiavut government [bn 122259609],nunatsiavut government,fed_grant,199395.00,True,"https://search.open.canada.ca/grants/record/acoa-apeca,276-2019-2020-Q2-00341,current",federal/grants_NL.jsonl,"agreement 276-2019-2020-Q2-00341, amendment 0"
fed_grant-bdccecdd1584,Eastern Destination Management Organization Inc.,eastern destination management organization [bn 847696804],eastern destination management organization,fed_grant,227700.00,True,"https://search.open.canada.ca/grants/record/acoa-apeca,276-2014-2015-Q2-00101,current",federal/grants_NL.jsonl,"agreement 276-2014-2015-Q2-00101, amendment 1"
fed_grant-be05b964d4a1,BreatheSuite Inc.,breathesuite [bn 754404283],breathesuite,fed_grant,50000.00,True,"https://search.open.canada.ca/grants/record/acoa-apeca,276-2020-2021-Q3-00001,current",federal/grants_NL.jsonl,"agreement 276-2020-2021-Q3-00001, amendment 0"
fed_grant-be2a85d00325,Flat Bay Band Inc.,flat bay band [bn 864815857],flat bay band,fed_grant,3973.00,True,"https://search.open.canada.ca/grants/record/esdc-edsc,141-2021-2022-Q2-04281,current",federal/grants_NL.jsonl,"agreement 141-2021-2022-Q2-04281, amendment 0"
fed_grant-be7251115b18,Johnson GEO CENTRE,johnson geo centre [bn 107690273],johnson geo centre [bn 107690273RR0001],fed_grant,8208.00,True,"https://search.open.canada.ca/grants/record/esdc-edsc,141-2019-2020-Q1-14775,current",federal/grants_NL.jsonl,"agreement 141-2019-2020-Q1-14775, amendment 0"
fed_grant-bfc13e551798,Twillingate Lions Club,twillingate lions club [bn 108145996],twillingate lions club,fed_grant,3055.00,True,"https://search.open.canada.ca/grants/record/esdc-edsc,141-2019-2020-Q1-15582,current",federal/grants_NL.jsonl,"agreement 141-2019-2020-Q1-15582, amendment 0"
fed_grant-c15698378b00,North East United Soccer Club,north east united soccer club [bn 857468805],north east united soccer club,fed_grant,9165.00,True,"https://search.open.canada.ca/grants/record/esdc-edsc,141-2019-2020-Q1-15421,current",federal/grants_NL.jsonl,"agreement 141-2019-2020-Q1-15421, amendment 0"
fed_grant-c1797897289e,Summerford Recreation,summerford recreation committee [bn 793354473],summerford recreation committee,fed_grant,8147.00,True,"https://search.open.canada.ca/grants/record/esdc-edsc,141-2019-2020-Q1-15103,current",federal/grants_NL.jsonl,"agreement 141-2019-2020-Q1-15103, amendment 0"
fed_grant-c22491093b43,BreatheSuite Inc.,breathesuite [bn 754404283],breathesuite,fed_grant,425000.00,True,"https://search.open.canada.ca/grants/record/nrc-cnrc,172-2023-2024-Q1-1007152,current",federal/grants_NL.jsonl,"agreement 172-2023-2024-Q1-1007152, amendment 2"
fed_grant-c27fc0dee4ff,Eastern Destination Management Organization Inc.,eastern destination management organization [bn 847696804],eastern destination management organization,fed_grant,276074.00,True,"https://search.open.canada.ca/grants/record/acoa-apeca,276-2021-2022-Q3-00243,current",federal/grants_NL.jsonl,"agreement 276-2021-2022-Q3-00243, amendment 1"
fed_grant-c2bf1776cd83,Phocalux International Inc.,phocalux international [bn 812746196],phocalux international,fed_grant,2664.00,True,"https://search.open.canada.ca/grants/record/esdc-edsc,141-2021-2022-Q2-05543,current",federal/grants_NL.jsonl,"agreement 141-2021-2022-Q2-05543, amendment 1"
fed_grant-c2e91debe8c1,Lord's Cove Recreation Inc,lords cove recreation [bn 794087114],lords cove recreation,fed_grant,3605.00,True,"https://search.open.canada.ca/grants/record/esdc-edsc,141-2022-2023-Q2-21806,current",federal/grants_NL.jsonl,"agreement 141-2022-2023-Q2-21806, amendment 0"
fed_grant-c3aba5df35fb,Reidville 50+ Club,reidville 50 club [bn 137071916],reidville 50 club,fed_grant,2980.00,True,"https://search.open.canada.ca/grants/record/esdc-edsc,141-2021-2022-Q2-02376,current",federal/grants_NL.jsonl,"agreement 141-2021-2022-Q2-02376, amendment 0"
fed_grant-c581577f4aa3,Riverwood Holdings Inc,riverwood holdings [bn 824904270],riverwood holdings,fed_grant,2240.00,True,"https://search.open.canada.ca/grants/record/esdc-edsc,014-2025-2026-Q2-02792,current",federal/grants_NL.jsonl,"agreement 014-2025-2026-Q2-02792, amendment 0"
fed_grant-c6f797fa0286,Arnold's Cove Heritage Foundation,arnolds cove heritage foundation [bn 769440140],arnolds cove heritage foundation,fed_grant,9703.00,True,"https://search.open.canada.ca/grants/record/esdc-edsc,141-2020-2021-Q4-02748,current",federal/grants_NL.jsonl,"agreement 141-2020-2021-Q4-02748, amendment 0"
fed_grant-c7dfda763a46,Eastern Destination Management Organization Inc.,eastern destination management organization [bn 847696804],eastern destination management organization,fed_grant,82193.00,True,"https://search.open.canada.ca/grants/record/acoa-apeca,276-2023-2024-Q3-00409,current",federal/grants_NL.jsonl,"agreement 276-2023-2024-Q3-00409, amendment 1"
fed_grant-c7fdeee18194,Port Rexton Community Council,port rexton community council [bn 107853772],port rexton community council,fed_grant,2184.00,True,"https://search.open.canada.ca/grants/record/esdc-edsc,141-2024-2025-Q2-02929,current",federal/grants_NL.jsonl,"agreement 141-2024-2025-Q2-02929, amendment 0"
fed_grant-c9781f77d494,Ocean Choice International Inc,ocean choice international [bn 864365796],ocean choice international,fed_grant,64750.00,True,"https://search.open.canada.ca/grants/record/dfo-mpo,086-2019-2020-Q2-00064,current",federal/grants_NL.jsonl,"agreement 086-2019-2020-Q2-00064, amendment 0"
fed_grant-c99219a275b7,S.W. Moores Memorial Park Committee,s w moores memorial park and committee,s w moores memorial park committee,fed_grant,3973.00,True,"https://search.open.canada.ca/grants/record/esdc-edsc,141-2021-2022-Q2-00924,current",federal/grants_NL.jsonl,"agreement 141-2021-2022-Q2-00924, amendment 1"
fed_grant-c9cf3603060c,Wonderbolt Productions Inc.,wonderbolt productions [bn 873023063],wonderbolt productions,fed_grant,10000.00,True,"https://search.open.canada.ca/grants/record/esdc-edsc,141-2021-2022-Q1-00259,current",federal/grants_NL.jsonl,"agreement 141-2021-2022-Q1-00259, amendment 0"
fed_grant-c9d403a294fc,Growler Energy Inc.,growler energy [bn 741422091],growler energy,fed_grant,50000.00,True,"https://search.open.canada.ca/grants/record/nrc-cnrc,172-2020-2021-Q4-969068,current",federal/grants_NL.jsonl,"agreement 172-2020-2021-Q4-969068, amendment 1"
fed_grant-ca2d23130aee,Point Lance Community Council,point lance community council [bn 107850448],point lance community council,fed_grant,6000.00,True,"https://search.open.canada.ca/grants/record/esdc-edsc,141-2024-2025-Q1-00071,current",federal/grants_NL.jsonl,"agreement 141-2024-2025-Q1-00071, amendment 0"
fed_grant-ca8328035e35,Lords Cove Recreation Inc,lords cove recreation [bn 794087114],lords cove recreation,fed_grant,3406.00,True,"https://search.open.canada.ca/grants/record/esdc-edsc,141-2021-2022-Q2-02139,current",federal/grants_NL.jsonl,"agreement 141-2021-2022-Q2-02139, amendment 0"
fed_grant-ca989317313a,Newfoundland & Labrador Pharmacy Museum Inc.,newfoundland and labrador pharmacy museum [bn 768787301],newfoundland and labrador pharmacy museum,fed_grant,4468.00,True,"https://search.open.canada.ca/grants/record/esdc-edsc,141-2023-2024-Q2-02996,current",federal/grants_NL.jsonl,"agreement 141-2023-2024-Q2-02996, amendment 0"
fed_grant-cae9367b3712,The Newfoundland and Labrador Pharmacy Museum Inc.,newfoundland and labrador pharmacy museum [bn 768787301],newfoundland and labrador pharmacy museum,fed_grant,5113.00,True,"https://search.open.canada.ca/grants/record/esdc-edsc,014-2025-2026-Q2-01957,current",federal/grants_NL.jsonl,"agreement 014-2025-2026-Q2-01957, amendment 0"
fed_grant-cb0d021a7394,Hare Bay/Dover Lions Club,hare bay dover lions club [bn 711861930],hare bay dover lions club,fed_grant,4987.00,True,"https://search.open.canada.ca/grants/record/esdc-edsc,141-2024-2025-Q2-03649,current",federal/grants_NL.jsonl,"agreement 141-2024-2025-Q2-03649, amendment 0"
fed_grant-cb4262fe2a79,St. Anthony and Area Chamber of Commerce,st anthony and area chamber of commerce [bn 783565294],st anthony and area chamber of commerce,fed_grant,4987.00,True,"https://search.open.canada.ca/grants/record/esdc-edsc,141-2024-2025-Q2-02240,current",federal/grants_NL.jsonl,"agreement 141-2024-2025-Q2-02240, amendment 0"
fed_grant-cbc61c458b8d,Flat Bay Band Inc.,flat bay band [bn 864815857],flat bay band,fed_grant,4987.00,True,"https://search.open.canada.ca/grants/record/esdc-edsc,141-2024-2025-Q2-00782,current",federal/grants_NL.jsonl,"agreement 141-2024-2025-Q2-00782, amendment 0"
fed_grant-cc908eed31ee,Town of Springdale,town of springdale [bn 108129933],town of springdale,fed_grant,19572.00,True,"https://search.open.canada.ca/grants/record/esdc-edsc,141-2020-2021-Q4-02453,current",federal/grants_NL.jsonl,"agreement 141-2020-2021-Q4-02453, amendment 0"
fed_grant-cdba4bf18e6b,Eastern Destination Management Organization Inc.,eastern destination management organization [bn 847696804],eastern destination management organization,fed_grant,10484.00,True,"https://search.open.canada.ca/grants/record/acoa-apeca,276-2019-2020-Q1-00114,current",federal/grants_NL.jsonl,"agreement 276-2019-2020-Q1-00114, amendment 0"
fed_grant-ce8aab4aec84,Heritage Bay de Verde,bay de verde heritage committee,heritage bay de verde,fed_grant,10227.00,True,"https://search.open.canada.ca/grants/record/esdc-edsc,014-2025-2026-Q2-03514,current",federal/grants_NL.jsonl,"agreement 014-2025-2026-Q2-03514, amendment 0"
fed_grant-cebc82f4cf3f,St. Michael's Roman Catholic Parish,st michaels roman catholic parish [bn 107910176],st michaels roman catholic parish,fed_grant,3055.00,True,"https://search.open.canada.ca/grants/record/esdc-edsc,141-2019-2020-Q1-09766,current",federal/grants_NL.jsonl,"agreement 141-2019-2020-Q1-09766, amendment 0"
fed_grant-cf8d53f72368,Conche Recreation Committee,conche recreation committee [bn 795011600],conche recreation committee,fed_grant,3740.00,True,"https://search.open.canada.ca/grants/record/esdc-edsc,141-2024-2025-Q2-00851,current",federal/grants_NL.jsonl,"agreement 141-2024-2025-Q2-00851, amendment 0"
fed_grant-cf92653eaeda,Riverwood Holdings Inc.,riverwood holdings [bn 824900427],riverwood holdings,fed_grant,43000.00,True,"https://search.open.canada.ca/grants/record/acoa-apeca,276-2022-2023-Q1-00040,current",federal/grants_NL.jsonl,"agreement 276-2022-2023-Q1-00040, amendment 0"
fed_grant-cfb85652b694,Scouts Canada,scouts canada [bn 107761694RR0186],scouts canada,fed_grant,8956.00,True,"https://search.open.canada.ca/grants/record/esdc-edsc,141-2018-2019-Q1-03275,current",federal/grants_NL.jsonl,"agreement 141-2018-2019-Q1-03275, amendment 0"
fed_grant-d051e787edf0,Point Lance Community Council,point lance community council [bn 107850448],point lance community council,fed_grant,4500.00,True,"https://search.open.canada.ca/grants/record/esdc-edsc,141-2021-2022-Q4-02719,current",federal/grants_NL.jsonl,"agreement 141-2021-2022-Q4-02719, amendment 0"
fed_grant-d101b73a7238,Harbour Breton Beautification Committee,harbour breton beautification committee [bn 869884163],harbour breton beautification committee,fed_grant,5972.00,True,"https://search.open.canada.ca/grants/record/esdc-edsc,141-2018-2019-Q1-13811,current",federal/grants_NL.jsonl,"agreement 141-2018-2019-Q1-13811, amendment 0"
fed_grant-d139c7dda13c,Eastern Destination Management Organization Inc.,eastern destination management organization [bn 847696804],eastern destination management organization,fed_grant,11850.00,True,"https://search.open.canada.ca/grants/record/acoa-apeca,276-2018-2019-Q2-00109,current",federal/grants_NL.jsonl,"agreement 276-2018-2019-Q2-00109, amendment 0"
fed_grant-d14ca31c6a4a,Flat Bay Band Inc.,flat bay band [bn 864815857],flat bay band,fed_grant,4633.00,True,"https://search.open.canada.ca/grants/record/esdc-edsc,141-2023-2024-Q2-04296,current",federal/grants_NL.jsonl,"agreement 141-2023-2024-Q2-04296, amendment 0"
fed_grant-d1823317b33f,Eastern Destination Management Organization Inc.,eastern destination management organization [bn 847696804],eastern destination management organization,fed_grant,2986.00,True,"https://search.open.canada.ca/grants/record/esdc-edsc,141-2018-2019-Q1-32082,current",federal/grants_NL.jsonl,"agreement 141-2018-2019-Q1-32082, amendment 0"
fed_grant-d1a76f35ae96,St. Anthony and Area Chamber of Commerce Inc.,st anthony and area chamber of commerce [bn 783565294],st anthony and area chamber of commerce,fed_grant,5113.00,True,"https://search.open.canada.ca/grants/record/esdc-edsc,014-2025-2026-Q2-01558,current",federal/grants_NL.jsonl,"agreement 014-2025-2026-Q2-01558, amendment 0"
fed_grant-d1d17e1f110a,Point Lance Community Council,point lance community council [bn 107850448],point lance community council,fed_grant,5000.00,True,"https://search.open.canada.ca/grants/record/esdc-edsc,141-2022-2023-Q4-00012,current",federal/grants_NL.jsonl,"agreement 141-2022-2023-Q4-00012, amendment 0"
fed_grant-d1e2fff129a1,Joy Around Enterprises Ltd.,joy around enterprises [bn 793126913],joy around enterprises,fed_grant,50000.00,True,"https://search.open.canada.ca/grants/record/acoa-apeca,276-2022-2023-Q3-00112,current",federal/grants_NL.jsonl,"agreement 276-2022-2023-Q3-00112, amendment 0"
fed_grant-d1f807236512,Labrador Hunting & Fishing Association Inc.,labrador hunting and fishing association [bn 823164405],labrador hunting and fishing association,fed_grant,7393.00,True,"https://search.open.canada.ca/grants/record/esdc-edsc,141-2020-2021-Q4-04405,current",federal/grants_NL.jsonl,"agreement 141-2020-2021-Q4-04405, amendment 0"
fed_grant-d3717691a875,Bay de Verde Heritage Committee,bay de verde heritage committee,heritage bay de verde,fed_grant,5660.00,True,"https://search.open.canada.ca/grants/record/esdc-edsc,141-2018-2019-Q1-10372,current",federal/grants_NL.jsonl,"agreement 141-2018-2019-Q1-10372, amendment 0"
fed_grant-d41a8590f6cf,TOYOTA PLAZA,toyota plaza [bn 736259722],toyota plaza,fed_grant,32500.00,True,"https://search.open.canada.ca/grants/record/tc,217-2021-2022-Q2-91006,current",federal/grants_NL.jsonl,"agreement 217-2021-2022-Q2-91006, amendment 0"
fed_grant-d464a8d3acf7,North East United Soccer Club,north east united soccer club [bn 857468805],north east united soccer club,fed_grant,22339.00,True,"https://search.open.canada.ca/grants/record/esdc-edsc,141-2023-2024-Q2-04127,current",federal/grants_NL.jsonl,"agreement 141-2023-2024-Q2-04127, amendment 0"
fed_grant-d48aa995b3a9,Saltwater Community Association Inc.,saltwater community association [bn 726933732],saltwater community association,fed_grant,4633.00,True,"https://search.open.canada.ca/grants/record/esdc-edsc,141-2023-2024-Q2-00782,current",federal/grants_NL.jsonl,"agreement 141-2023-2024-Q2-00782, amendment 0"
fed_grant-d5d577ba2fe2,Angler Solutions Inc.,angler solutions [bn 788755940],angler solutions,fed_grant,50000.00,True,"https://search.open.canada.ca/grants/record/acoa-apeca,276-2021-2022-Q2-00049,current",federal/grants_NL.jsonl,"agreement 276-2021-2022-Q2-00049, amendment 0"
fed_grant-d6ac1933c564,Coley's Point-Grace United Pastoral Charge,coleys point grace united pastoral charge [bn 802373589],coleys point grace united pastoral charge,fed_grant,4383.00,True,"https://search.open.canada.ca/grants/record/esdc-edsc,014-2025-2026-Q2-02490,current",federal/grants_NL.jsonl,"agreement 014-2025-2026-Q2-02490, amendment 0"
fed_grant-d6c06df18d2b,Nicole Keats,nicole keats [bn 804230738],nicole keats,fed_grant,2009.00,True,"https://search.open.canada.ca/grants/record/esdc-edsc,141-2018-2019-Q1-24285,current",federal/grants_NL.jsonl,"agreement 141-2018-2019-Q1-24285, amendment 0"
fed_grant-d6d7720be149,Town of Irishtown-Summerside,town of irishtown summerside [bn 129789277],town of irishtown summerside,fed_grant,6720.00,True,"https://search.open.canada.ca/grants/record/esdc-edsc,014-2025-2026-Q2-00758,current",federal/grants_NL.jsonl,"agreement 014-2025-2026-Q2-00758, amendment 0"
fed_grant-d71962b55655,Placentia Area Theatre d'Heritage,placentia area theatre dheritage [bn 892113325],placentia area theatre dheritage,fed_grant,35793.00,True,"https://search.open.canada.ca/grants/record/esdc-edsc,014-2025-2026-Q2-02786,current",federal/grants_NL.jsonl,"agreement 014-2025-2026-Q2-02786, amendment 0"
fed_grant-d7afea2d2761,Parish of All Saints,parish of all saints [bn 119229896],parish of all saints,fed_grant,4987.00,True,"https://search.open.canada.ca/grants/record/esdc-edsc,141-2024-2025-Q2-01716,current",federal/grants_NL.jsonl,"agreement 141-2024-2025-Q2-01716, amendment 0"
fed_grant-d7dc79c3df0d,North East United Soccer Club Inc.,north east united soccer club [bn 779746551],north east united soccer club,fed_grant,24654.00,True,"https://search.open.canada.ca/grants/record/esdc-edsc,014-2025-2026-Q2-03341,current",federal/grants_NL.jsonl,"agreement 014-2025-2026-Q2-03341, amendment 0"
fed_grant-d83986d48975,"Learning Disabilities Association, CBS Chapter",learning disabilities association cbs chapter [bn 892866062],learning disabilities association cbs chapter,fed_grant,6110.00,True,"https://search.open.canada.ca/grants/record/esdc-edsc,141-2019-2020-Q1-10222,current",federal/grants_NL.jsonl,"agreement 141-2019-2020-Q1-10222, amendment 0"
fed_grant-d8eefaed29b2,CONCHE RECREATION COMMITTEE,conche recreation committee [bn 795011600],conche recreation committee,fed_grant,3835.00,True,"https://search.open.canada.ca/grants/record/esdc-edsc,014-2025-2026-Q2-02273,current",federal/grants_NL.jsonl,"agreement 014-2025-2026-Q2-02273, amendment 0"
fed_grant-da229c4c6af4,Point Lance Community Council,point lance community council [bn 107850448],point lance community council,fed_grant,10500.00,True,"https://search.open.canada.ca/grants/record/esdc-edsc,141-2020-2021-Q2-01140,current",federal/grants_NL.jsonl,"agreement 141-2020-2021-Q2-01140, amendment 0"
fed_grant-db578c1b9d2a,St Anthony and Area Chamber of Commerce Inc.,st anthony and area chamber of commerce [bn 783565294],st anthony and area chamber of commerce,fed_grant,4633.00,True,"https://search.open.canada.ca/grants/record/esdc-edsc,141-2023-2024-Q2-02565,current",federal/grants_NL.jsonl,"agreement 141-2023-2024-Q2-02565, amendment 0"
fed_grant-dba00a146ea9,Women in Resource Development Inc.,women in resource development [bn 886291624],women in resource development,fed_grant,50000.00,True,"https://search.open.canada.ca/grants/record/nrc-cnrc,172-2024-2025-Q3-1019992,current",federal/grants_NL.jsonl,"agreement 172-2024-2025-Q3-1019992, amendment 0"
fed_grant-dc2e5bcbff6f,TOYOTA PLAZA,toyota plaza [bn 775115819],toyota plaza,fed_grant,20000.00,True,"https://search.open.canada.ca/grants/record/tc,217-2023-2024-Q4-91917,current",federal/grants_NL.jsonl,"agreement 217-2023-2024-Q4-91917, amendment 0"
fed_grant-dd0320340a3b,Fédération des parents francophone de Terre-Neuve et du Labrador,federation des parents francophones de terre neuve et du labrador [bn 131159477],federation des parents francophones de terre neuve et du labrador,fed_grant,10000.00,True,"https://search.open.canada.ca/grants/record/esdc-edsc,141-2021-2022-Q1-00110,current",federal/grants_NL.jsonl,"agreement 141-2021-2022-Q1-00110, amendment 0"
fed_grant-de19f546e0df,Sir Thomas Roddick Hospital Auxiliary,sir thomas roddick hospital auxiliary [bn 889411468],sir thomas roddick hospital auxiliary,fed_grant,3055.00,True,"https://search.open.canada.ca/grants/record/esdc-edsc,141-2019-2020-Q1-10619,current",federal/grants_NL.jsonl,"agreement 141-2019-2020-Q1-10619, amendment 0"
fed_grant-de308e093e06,Angler Solutions Inc.,angler solutions [bn 788372142],angler solutions,fed_grant,75000.00,True,"https://search.open.canada.ca/grants/record/nrc-cnrc,172-2025-2026-Q1-1029863,current",federal/grants_NL.jsonl,"agreement 172-2025-2026-Q1-1029863, amendment 1"
fed_grant-ded50c182029,Tourism Bell Island Inc.,tourism bell island [bn 848672606],tourism bell island,fed_grant,36661.00,True,"https://search.open.canada.ca/grants/record/esdc-edsc,141-2019-2020-Q1-09764,current",federal/grants_NL.jsonl,"agreement 141-2019-2020-Q1-09764, amendment 0"
fed_grant-dee1e184b202,Loyal Orange Lodge No. 26,loyal orange lodge no 26 [bn 868235540],loyal orange lodge no 26,fed_grant,2986.00,True,"https://search.open.canada.ca/grants/record/esdc-edsc,141-2018-2019-Q1-15206,current",federal/grants_NL.jsonl,"agreement 141-2018-2019-Q1-15206, amendment 0"
fed_grant-defbb325ec4b,Women in Resource Development Committee,women in resource development [bn 886291624],women in resource development,fed_grant,4633.00,True,"https://search.open.canada.ca/grants/record/esdc-edsc,141-2023-2024-Q2-04141,current",federal/grants_NL.jsonl,"agreement 141-2023-2024-Q2-04141, amendment 0"
fed_grant-df22b4e639e0,Lords cove recreation Inc,lords cove recreation [bn 867574394],lords cove recreation,fed_grant,3168.00,True,"https://search.open.canada.ca/grants/record/esdc-edsc,141-2020-2021-Q4-03084,current",federal/grants_NL.jsonl,"agreement 141-2020-2021-Q4-03084, amendment 0"
fed_grant-df37737d0962,Twillingate Island Tourism Association,twillingate islands tourism association [bn 895956514],twillingate islands tourism association,fed_grant,9266.00,True,"https://search.open.canada.ca/grants/record/esdc-edsc,141-2023-2024-Q2-00843,current",federal/grants_NL.jsonl,"agreement 141-2023-2024-Q2-00843, amendment 0"
fed_grant-dfcb00229487,Town of Springdale,town of springdale [bn 108129933],town of springdale,fed_grant,106648.00,True,"https://search.open.canada.ca/grants/record/acoa-apeca,276-2021-2022-Q1-00150,current",federal/grants_NL.jsonl,"agreement 276-2021-2022-Q1-00150, amendment 0"
fed_grant-e0dc564cdbc4,Nunatsiavut Government,nunatsiavut government [bn 122259609],nunatsiavut government,fed_grant,15191.00,True,"https://search.open.canada.ca/grants/record/esdc-edsc,141-2019-2020-Q1-13275,current",federal/grants_NL.jsonl,"agreement 141-2019-2020-Q1-13275, amendment 0"
fed_grant-e10bd90b34f9,Spaniard's Bay Tourism Advisory Committee Inc,spaniards bay tourism advisory committee [bn 108101510],spaniards bay tourism advisory committee,fed_grant,3169.00,True,"https://search.open.canada.ca/grants/record/esdc-edsc,141-2020-2021-Q4-02726,current",federal/grants_NL.jsonl,"agreement 141-2020-2021-Q4-02726, amendment 0"
fed_grant-e16e5af32887,POINT LEAMINGTON PARKS AND RECREATION COMMITTEE,point leamington parks and recreation committee,point leamington parks and recreation,fed_grant,1600.00,True,"https://search.open.canada.ca/grants/record/pch,016-2020-2021-Q4-1336923,current",federal/grants_NL.jsonl,"agreement 016-2020-2021-Q4-1336923, amendment 0"
fed_grant-e2366ae76f70,Flat Bay Band Inc.,flat bay band [bn 864815857],flat bay band,fed_grant,3819.00,True,"https://search.open.canada.ca/grants/record/esdc-edsc,141-2019-2020-Q1-11144,current",federal/grants_NL.jsonl,"agreement 141-2019-2020-Q1-11144, amendment 0"
fed_grant-e326edaa2649,Placentia Area Theatre d'Heritage,placentia area theatre dheritage [bn 892113325],placentia area theatre dheritage,fed_grant,37066.00,True,"https://search.open.canada.ca/grants/record/esdc-edsc,141-2023-2024-Q2-00901,current",federal/grants_NL.jsonl,"agreement 141-2023-2024-Q2-00901, amendment 0"
fed_grant-e46a748585b4,S.W. Moores Memorial Park Committee,s w moores memorial park committee [bn 890827975],s w moores memorial park committee,fed_grant,3564.00,True,"https://search.open.canada.ca/grants/record/esdc-edsc,141-2019-2020-Q1-12123,current",federal/grants_NL.jsonl,"agreement 141-2019-2020-Q1-12123, amendment 0"
fed_grant-e4c0c96e1e36,St. Michael's Roman Catholic Parish,st michaels roman catholic parish [bn 749105003],st michaels roman catholic parish,fed_grant,4274.00,True,"https://search.open.canada.ca/grants/record/esdc-edsc,141-2024-2025-Q2-01400,current",federal/grants_NL.jsonl,"agreement 141-2024-2025-Q2-01400, amendment 0"
fed_grant-e4ef886b105a,TOYOTA PLAZA,toyota plaza [bn 736259722],toyota plaza,fed_grant,10000.00,True,"https://search.open.canada.ca/grants/record/tc,217-2022-2023-Q3-91662,current",federal/grants_NL.jsonl,"agreement 217-2022-2023-Q3-91662, amendment 0"
fed_grant-e6101d2f0b6d,Bluedrop Performance Learning Inc.,bluedrop performance learning [bn 888761822],bluedrop performance learning,fed_grant,50000.00,True,"https://search.open.canada.ca/grants/record/acoa-apeca,276-2019-2020-Q4-00142,current",federal/grants_NL.jsonl,"agreement 276-2019-2020-Q4-00142, amendment 0"
fed_grant-e643ccfc999c,Wonderbolt Productions Inc.,wonderbolt productions [bn 873023063],wonderbolt productions,fed_grant,4987.00,True,"https://search.open.canada.ca/grants/record/esdc-edsc,141-2024-2025-Q2-02922,current",federal/grants_NL.jsonl,"agreement 141-2024-2025-Q2-02922, amendment 0"
fed_grant-e6cf54080f2e,Burin Peninsula Health Care Foundation Inc.,burin peninsula health care foundation [bn 106818610RR0001],burin peninsula health care foundation,fed_grant,4206.00,True,"https://search.open.canada.ca/grants/record/esdc-edsc,141-2022-2023-Q2-04867,current",federal/grants_NL.jsonl,"agreement 141-2022-2023-Q2-04867, amendment 0"
fed_grant-e6eebf288ecc,Placentia Area Theatre d'Heritage,placentia area theatre dheritage [bn 892113325],placentia area theatre dheritage,fed_grant,34906.00,True,"https://search.open.canada.ca/grants/record/esdc-edsc,141-2024-2025-Q2-00364,current",federal/grants_NL.jsonl,"agreement 141-2024-2025-Q2-00364, amendment 0"
fed_grant-e74b06bd4891,Tourism Bell Island Inc.,tourism bell island [bn 848672606],tourism bell island,fed_grant,59601.00,True,"https://search.open.canada.ca/grants/record/esdc-edsc,141-2021-2022-Q2-01637,current",federal/grants_NL.jsonl,"agreement 141-2021-2022-Q2-01637, amendment 0"
fed_grant-ea1b979da866,Angler Solutions Inc.,angler solutions [bn 788372142],angler solutions,fed_grant,29952.00,True,"https://search.open.canada.ca/grants/record/nrc-cnrc,172-2025-2026-Q4-1039247,current",federal/grants_NL.jsonl,"agreement 172-2025-2026-Q4-1039247, amendment 0"
fed_grant-ea921d282dcc,Sheaves Cove Recreation Committee,sheaves cove recreation committee [bn 732618293],sheaves cove recreation committee,fed_grant,6096.00,True,"https://search.open.canada.ca/grants/record/esdc-edsc,141-2018-2019-Q1-00493,current",federal/grants_NL.jsonl,"agreement 141-2018-2019-Q1-00493, amendment 0"
fed_grant-eb76c2ffe55c,Hare Bay/Dover Lions Club,hare bay dover lions club [bn 711861930],hare bay dover lions club,fed_grant,4206.00,True,"https://search.open.canada.ca/grants/record/esdc-edsc,141-2022-2023-Q2-20541,current",federal/grants_NL.jsonl,"agreement 141-2022-2023-Q2-20541, amendment 0"
fed_grant-ec687f433f62,PELMO International Incorporated,pelmo international [bn 742113871],pelmo international,fed_grant,14000.00,True,"https://search.open.canada.ca/grants/record/nrc-cnrc,172-2022-2023-Q3-997672,current",federal/grants_NL.jsonl,"agreement 172-2022-2023-Q3-997672, amendment 0"
fed_grant-ecc59408b5c1,Bauline Community Committee Inc.,bauline community committee [bn 754200608],bauline community committee,fed_grant,34907.00,True,"https://search.open.canada.ca/grants/record/esdc-edsc,141-2024-2025-Q2-03488,current",federal/grants_NL.jsonl,"agreement 141-2024-2025-Q2-03488, amendment 0"
fed_grant-ed27b7be79da,City of Corner Brook,city of corner brook [bn 122333271],city of corner brook,fed_grant,25000.00,True,"https://search.open.canada.ca/grants/record/esdc-edsc,141-2021-2022-Q4-02677,current",federal/grants_NL.jsonl,"agreement 141-2021-2022-Q4-02677, amendment 0"
fed_grant-ed4625ea22f4,NUNATSIAVUT GOVERNMENT,nunatsiavut government [bn 122259609],nunatsiavut government,fed_grant,1315220.00,True,"https://search.open.canada.ca/grants/record/nrcan-rncan,115-2021-2022-Q4-12011,current",federal/grants_NL.jsonl,"agreement 115-2021-2022-Q4-12011, amendment 3"
fed_grant-edbe5cd5d532,Bay de Verde Heritage Committee,bay de verde heritage committee,heritage bay de verde,fed_grant,6110.00,True,"https://search.open.canada.ca/grants/record/esdc-edsc,141-2019-2020-Q1-09683,current",federal/grants_NL.jsonl,"agreement 141-2019-2020-Q1-09683, amendment 0"
fed_grant-edd52d42fb2e,Town of Springdale,town of springdale [bn 108129933],town of springdale,fed_grant,5837.00,True,"https://search.open.canada.ca/grants/record/esdc-edsc,141-2023-2024-Q2-00163,current",federal/grants_NL.jsonl,"agreement 141-2023-2024-Q2-00163, amendment 1"
fed_grant-ee1ebc5b385a,Coley's Point-Grace United Pastoral Charge,coleys point grace united pastoral charge [bn 106777014],coleys point grace united pastoral charge,fed_grant,2376.00,True,"https://search.open.canada.ca/grants/record/esdc-edsc,141-2020-2021-Q4-03236,current",federal/grants_NL.jsonl,"agreement 141-2020-2021-Q4-03236, amendment 0"
fed_grant-ee74644948ec,79726 Newfoundland & Labrador,79726 newfoundland and labrador [bn 787421080],79726 newfoundland and labrador,fed_grant,1848.00,True,"https://search.open.canada.ca/grants/record/esdc-edsc,141-2022-2023-Q2-21078,current",federal/grants_NL.jsonl,"agreement 141-2022-2023-Q2-21078, amendment 0"
fed_grant-ee7a0a742438,Burin Peninsula Health Care Foundation Inc.,burin peninsula health care foundation [bn 106818610RR0001],burin peninsula health care foundation,fed_grant,4633.00,True,"https://search.open.canada.ca/grants/record/esdc-edsc,141-2023-2024-Q2-02164,current",federal/grants_NL.jsonl,"agreement 141-2023-2024-Q2-02164, amendment 0"
fed_grant-eed3298306d8,Johnson GEO CENTRE,johnson geo centre [bn 892350612],johnson geo centre [bn 892350612RR0001],fed_grant,17912.00,True,"https://search.open.canada.ca/grants/record/esdc-edsc,141-2018-2019-Q1-13169,current",federal/grants_NL.jsonl,"agreement 141-2018-2019-Q1-13169, amendment 0"
fed_grant-eeff7da75b72,City of Corner Brook,city of corner brook [bn 829388883],city of corner brook,fed_grant,19500.00,True,"https://search.open.canada.ca/grants/record/acoa-apeca,276-2024-2025-Q3-00027,current",federal/grants_NL.jsonl,"agreement 276-2024-2025-Q3-00027, amendment 0"
fed_grant-efc0888ad788,Town of Irishtown-Summerside,town of irishtown summerside [bn 837151646],town of irishtown summerside,fed_grant,4060.00,True,"https://search.open.canada.ca/grants/record/esdc-edsc,141-2023-2024-Q2-02608,current",federal/grants_NL.jsonl,"agreement 141-2023-2024-Q2-02608, amendment 0"
fed_grant-efe4e5d88fdc,Eastern Gate Church Inc.,eastern gate church [bn 894885359],eastern gate church,fed_grant,2219.00,True,"https://search.open.canada.ca/grants/record/esdc-edsc,141-2020-2021-Q4-00437,current",federal/grants_NL.jsonl,"agreement 141-2020-2021-Q4-00437, amendment 1"
fed_grant-f0f760e5e14e,The Parish of Upper Island Cove,parish of upper island cove [bn 119229896],parish of upper island cove,fed_grant,5113.00,True,"https://search.open.canada.ca/grants/record/esdc-edsc,014-2025-2026-Q2-03887,current",federal/grants_NL.jsonl,"agreement 014-2025-2026-Q2-03887, amendment 0"
fed_grant-f2172cb35782,Newfoundland & Labrador Folk Arts Society Inc.,newfoundland and labrador folk arts society [bn 803212612],newfoundland and labrador folk arts society,fed_grant,9266.00,True,"https://search.open.canada.ca/grants/record/esdc-edsc,141-2023-2024-Q2-02823,current",federal/grants_NL.jsonl,"agreement 141-2023-2024-Q2-02823, amendment 0"
fed_grant-f350f6447d92,Tourism Bell Island Inc.,tourism bell island [bn 848672606],tourism bell island,fed_grant,24990.00,True,"https://search.open.canada.ca/grants/record/esdc-edsc,141-2019-2020-Q1-23854,current",federal/grants_NL.jsonl,"agreement 141-2019-2020-Q1-23854, amendment 0"
fed_grant-f3712850e91f,The Newfoundland & Labrador Folk Arts Society INC.,newfoundland and labrador folk arts society [bn 803212612],newfoundland and labrador folk arts society,fed_grant,10226.00,True,"https://search.open.canada.ca/grants/record/esdc-edsc,014-2025-2026-Q2-03202,current",federal/grants_NL.jsonl,"agreement 014-2025-2026-Q2-03202, amendment 0"
fed_grant-f51c57c8742f,Sheaves Cove Recreation Committee Corporation,sheaves cove recreation committee [bn 762290278],sheaves cove recreation committee,fed_grant,25000.00,True,"https://search.open.canada.ca/grants/record/esdc-edsc,141-2022-2023-Q4-00065,current",federal/grants_NL.jsonl,"agreement 141-2022-2023-Q4-00065, amendment 0"
fed_grant-f53b7e7b56bc,Eastern Destination Management Organization Inc.,eastern destination management organization [bn 847696804],eastern destination management organization,fed_grant,507701.00,True,"https://search.open.canada.ca/grants/record/acoa-apeca,276-2021-2022-Q1-00231,current",federal/grants_NL.jsonl,"agreement 276-2021-2022-Q1-00231, amendment 0"
fed_grant-f53dbda13552,St. John's Women's Centre,st johns womens centre [bn 880779699],st johns womens centre,fed_grant,25000.00,True,"https://search.open.canada.ca/grants/record/esdc-edsc,141-2019-2020-Q4-00353,current",federal/grants_NL.jsonl,"agreement 141-2019-2020-Q4-00353, amendment 1"
fed_grant-f65eaeab6202,Heritage Bay de Verde,bay de verde heritage committee,heritage bay de verde,fed_grant,4987.00,True,"https://search.open.canada.ca/grants/record/esdc-edsc,141-2024-2025-Q2-01974,current",federal/grants_NL.jsonl,"agreement 141-2024-2025-Q2-01974, amendment 0"
fed_grant-f77337541e4f,TOYOTA PLAZA,toyota plaza [bn 736259722],toyota plaza,fed_grant,5000.00,True,"https://search.open.canada.ca/grants/record/tc,217-2020-2021-Q1-90890,current",federal/grants_NL.jsonl,"agreement 217-2020-2021-Q1-90890, amendment 0"
fed_grant-f7f5720b3fba,City of Corner Brook,city of corner brook [bn 122333271],city of corner brook,fed_grant,2679.00,True,"https://search.open.canada.ca/grants/record/esdc-edsc,141-2018-2019-Q1-21225,current",federal/grants_NL.jsonl,"agreement 141-2018-2019-Q1-21225, amendment 0"
fed_grant-f8379c082a14,Flat Bay Band Inc.,flat bay band [bn 864815857],flat bay band,fed_grant,1557594.00,True,"https://search.open.canada.ca/grants/record/esdc-edsc,141-2023-2024-Q2-19980,current",federal/grants_NL.jsonl,"agreement 141-2023-2024-Q2-19980, amendment 1"
fed_grant-f8b655ff1585,Kinden's Bakery & Cafe Inc.,kindens bakery and cafe [bn 790605901],kindens bakery and cafe,fed_grant,3696.00,True,"https://search.open.canada.ca/grants/record/esdc-edsc,141-2022-2023-Q2-23352,current",federal/grants_NL.jsonl,"agreement 141-2022-2023-Q2-23352, amendment 0"
fed_grant-f8d39efcea28,Arnold's Cove Heritage Foundation,arnolds cove heritage foundation [bn 108101221],arnolds cove heritage foundation,fed_grant,4190.00,True,"https://search.open.canada.ca/grants/record/esdc-edsc,141-2019-2020-Q1-09490,current",federal/grants_NL.jsonl,"agreement 141-2019-2020-Q1-09490, amendment 0"
fed_grant-f928c984ef71,City of Corner Brook,city of corner brook [bn 122333271],city of corner brook,fed_grant,10211.00,True,"https://search.open.canada.ca/grants/record/esdc-edsc,141-2019-2020-Q1-24403,current",federal/grants_NL.jsonl,"agreement 141-2019-2020-Q1-24403, amendment 0"
fed_grant-f9ecb51a9fa1,Wonderbolt Productions Inc.,wonderbolt productions [bn 873023063],wonderbolt productions,fed_grant,4383.00,True,"https://search.open.canada.ca/grants/record/esdc-edsc,014-2025-2026-Q2-01368,current",federal/grants_NL.jsonl,"agreement 014-2025-2026-Q2-01368, amendment 0"
fed_grant-fa25d7863389,West Coast Cycling Association Inc.,west coast cycling association [bn 881574818],west coast cycling association,fed_grant,222409.00,True,"https://search.open.canada.ca/grants/record/acoa-apeca,276-2025-2026-Q1-00260,current",federal/grants_NL.jsonl,"agreement 276-2025-2026-Q1-00260, amendment 1"
fed_grant-fab802814a15,Reidville 50+ Club,reidville 50 club [bn 137071916],reidville 50 club,fed_grant,4633.00,True,"https://search.open.canada.ca/grants/record/esdc-edsc,141-2023-2024-Q2-01383,current",federal/grants_NL.jsonl,"agreement 141-2023-2024-Q2-01383, amendment 0"
fed_grant-fb7f1086eccd,Flat Bay Band Inc.,flat bay band [bn 864815857],flat bay band,fed_grant,50000.00,True,"https://search.open.canada.ca/grants/record/dnd-mdn,018-2026-2027-Q1-00010,current",federal/grants_NL.jsonl,"agreement 018-2026-2027-Q1-00010, amendment 0"
fed_grant-fbb0100f54d5,Momma's Ice Cream Incorporated,mommas ice cream [bn 707236725],mommas ice cream,fed_grant,0.00,True,"https://search.open.canada.ca/grants/record/esdc-edsc,141-2018-2019-Q1-11347,current",federal/grants_NL.jsonl,"agreement 141-2018-2019-Q1-11347, amendment 1"
fed_grant-fc8784f8eebf,The Glynmill Inn Incorporated,glynmill inn [bn 100325125],glynmill inn,fed_grant,1005.00,True,"https://search.open.canada.ca/grants/record/esdc-edsc,141-2018-2019-Q1-09335,current",federal/grants_NL.jsonl,"agreement 141-2018-2019-Q1-09335, amendment 0"
fed_grant-fccfab1c24cc,Town of Grand Falls-Windsor,town of grand falls windsor,town of grand falls windsor [bn 108126749],fed_grant,1069538.00,True,"https://search.open.canada.ca/grants/record/esdc-edsc,GC-2014-Q1-00235,current",federal/grants_NL.jsonl,"agreement GC-2014-Q1-00235, amendment 0"
fed_grant-fd1ed40f4867,Flat Bay Band Inc.,flat bay band [bn 892390063],flat bay band,fed_grant,10000.00,True,"https://search.open.canada.ca/grants/record/esdc-edsc,141-2018-2019-Q4-00493,current",federal/grants_NL.jsonl,"agreement 141-2018-2019-Q4-00493, amendment 0"
fed_grant-fd39718058c6,All Saints Parish,parish of all saints [bn 119229896],parish of all saints,fed_grant,3971.00,True,"https://search.open.canada.ca/grants/record/esdc-edsc,141-2023-2024-Q2-00834,current",federal/grants_NL.jsonl,"agreement 141-2023-2024-Q2-00834, amendment 0"
fed_grant-fd5d1aa8eecc,Labrador Hunting and Fishing Association,labrador hunting and fishing association [bn 823296884],labrador hunting and fishing association,fed_grant,8411.00,True,"https://search.open.canada.ca/grants/record/esdc-edsc,141-2022-2023-Q2-22423,current",federal/grants_NL.jsonl,"agreement 141-2022-2023-Q2-22423, amendment 0"
fed_grant-fd89ae3690a4,TOYOTA PLAZA,toyota plaza [bn 736259722],toyota plaza,fed_grant,17500.00,True,"https://search.open.canada.ca/grants/record/tc,217-2021-2022-Q1-91119,current",federal/grants_NL.jsonl,"agreement 217-2021-2022-Q1-91119, amendment 0"
fed_grant-fe5115d5fc90,"Learning Disabilities Association, CBS Chapter",learning disabilities association cbs chapter [bn 892866062],learning disabilities association cbs chapter,fed_grant,3973.00,True,"https://search.open.canada.ca/grants/record/esdc-edsc,141-2021-2022-Q2-03860,current",federal/grants_NL.jsonl,"agreement 141-2021-2022-Q2-03860, amendment 0"
fed_grant-fe8b25f9ac09,Labrador Hunting and Fishing Association Inc.,labrador hunting and fishing association [bn 823296884],labrador hunting and fishing association,fed_grant,9266.00,True,"https://search.open.canada.ca/grants/record/esdc-edsc,141-2023-2024-Q2-00864,current",federal/grants_NL.jsonl,"agreement 141-2023-2024-Q2-00864, amendment 0"
fed_grant-ff3dca762027,Town of Hants Harbour,town of hants harbour [bn 130639982],town of hants harbour,fed_grant,17733.00,True,"https://search.open.canada.ca/grants/record/esdc-edsc,141-2018-2019-Q4-00889,current",federal/grants_NL.jsonl,"agreement 141-2018-2019-Q4-00889, amendment 0"
fed_grant-ffbd370a013c,City of Corner Brook,city of corner brook [bn 829388883],city of corner brook,fed_grant,245475.00,True,"https://search.open.canada.ca/grants/record/acoa-apeca,276-2024-2025-Q2-00193,current",federal/grants_NL.jsonl,"agreement 276-2024-2025-Q2-00193, amendment 0"
fed_grant-ffd2cee6e2c5,Conche Recreation Committee,conche recreation committee [bn 891508731],conche recreation committee,fed_grant,2986.00,True,"https://search.open.canada.ca/grants/record/esdc-edsc,141-2018-2019-Q1-18236,current",federal/grants_NL.jsonl,"agreement 141-2018-2019-Q1-18236, amendment 0"
mha-7c99419f4c13,NORTHEAST UNITED SOCCER CLUB INC,northeast united soccer club,north east united soccer club,mha,250.00,True,https://www.assembly.nl.ca/Members/Expenses/Reports/Apr2024-Mar2025/WallJoedyDet2024-25.pdf,mha/Apr2024-Mar2025/WallJoedyDet2024-25.pdf,"page 4, line 11 (document 2024-001)"
mha-a93f3cbdccb7,NORTH EAST UNITED SOCCER CLUB,northeast united soccer club,north east united soccer club,mha,1000.00,True,https://www.assembly.nl.ca/Members/Expenses/Reports/Apr2023-Mar2024/WallJoedyDet2023-24.pdf,mha/Apr2023-Mar2024/WallJoedyDet2023-24.pdf,"page 4, line 9 (document 2023-001)"
pa_tp-44c8396f8c76,Town of Grand Falls-Windsor,town of grand falls windsor,town of grand falls windsor [bn 108126749],pa_tp,126854.00,False,https://donnees-data.tpsgc-pwgsc.gc.ca/ba1/pt-tp/pt-tp-2025.csv,federal/tp-2025.csv,CSV line 5699
pa_tp-6cc5417a2e4c,Town of Grand Falls-Windsor,town of grand falls windsor,town of grand falls windsor [bn 108126749],pa_tp,1748330.00,False,https://donnees-data.tpsgc-pwgsc.gc.ca/ba1/pt-tp/pt-tp-2023.csv,federal/tp-2023.csv,CSV line 10586
pa_tp-a1fb0bffbae5,Town of Grand Falls-Windsor,town of grand falls windsor,town of grand falls windsor [bn 108126749],pa_tp,1870761.00,False,https://donnees-data.tpsgc-pwgsc.gc.ca/ba1/pt-tp/pt-tp-2025.csv,federal/tp-2025.csv,CSV line 17307
pa_tp-a7b59ebcb5c4,Town of Grand Falls-Windsor,town of grand falls windsor,town of grand falls windsor [bn 108126749],pa_tp,1748330.00,False,https://donnees-data.tpsgc-pwgsc.gc.ca/ba1/pt-tp/pt-tp-2024.csv,federal/tp-2024.csv,CSV line 18196
pa_tp-b3fdb74495ec,Town of Grand Falls-Windsor,town of grand falls windsor,town of grand falls windsor [bn 108126749],pa_tp,300037.00,False,https://donnees-data.tpsgc-pwgsc.gc.ca/ba1/pt-tp/pt-tp-2024.csv,federal/tp-2024.csv,CSV line 18148
pa_tp-e45ce725454b,Town of Grand Falls-Windsor,town of grand falls windsor,town of grand falls windsor [bn 108126749],pa_tp,409423.00,False,https://donnees-data.tpsgc-pwgsc.gc.ca/ba1/pt-tp/pt-tp-2023.csv,federal/tp-2023.csv,CSV line 5109
pa_tp-ecff8bb3104c,Town of Grand Falls-Windsor,town of grand falls windsor,town of grand falls windsor [bn 108126749],pa_tp,153159.00,False,https://donnees-data.tpsgc-pwgsc.gc.ca/ba1/pt-tp/pt-tp-2022.csv,federal/tp-2022.csv,CSV line 6050
pa_tp-f1632a3ada63,Town of Grand Falls-Windsor,town of grand falls windsor,town of grand falls windsor [bn 108126749],pa_tp,1304474.00,False,https://donnees-data.tpsgc-pwgsc.gc.ca/ba1/pt-tp/pt-tp-2022.csv,federal/tp-2022.csv,CSV line 3606
pa_tp-fcfda5e2a141,Town of Grand Falls-Windsor,town of grand falls windsor,town of grand falls windsor [bn 108126749],pa_tp,896473.00,False,https://donnees-data.tpsgc-pwgsc.gc.ca/ba1/pt-tp/pt-tp-2022.csv,federal/tp-2022.csv,CSV line 16790
